20170103	33.47	33.69	32.69	32.89	1688700
20170104	33.25	35.88	32.80	35.72	2352400
20170105	35.90	35.93	34.56	35.16	1206800
20170106	35.24	36.24	34.89	36.00	1538800
20170109	36.05	38.13	35.60	37.91	1893200
20170110	38.06	38.90	37.16	37.50	1310700
20170111	37.59	38.53	37.32	37.99	1003200
20170112	37.88	38.37	37.38	38.00	858600
20170113	37.93	38.38	37.73	37.95	715600
20170117	37.57	38.67	37.42	38.03	924000
20170118	38.20	39.02	37.71	39.00	1083700
20170119	39.09	39.49	38.07	38.19	1072300
20170120	38.13	38.67	37.75	38.47	838100
20170123	38.20	38.89	37.85	38.54	985800
20170124	38.69	39.56	38.23	39.40	1940000
20170125	39.47	40.40	39.18	39.93	1857600
20170126	39.81	40.11	38.69	39.02	739200
20170127	38.30	38.65	37.78	38.39	649600
20170130	38.38	38.38	37.24	38.00	666800
20170131	38.12	38.71	37.57	38.37	550200
20170201	38.71	39.18	38.19	38.49	962800
20170202	38.54	38.77	38.02	38.30	844600
20170203	38.60	39.25	38.29	38.80	709700
20170206	38.90	38.95	38.12	38.18	464600
20170207	38.34	38.66	38.02	38.28	653300
20170208	38.21	38.63	37.44	38.47	598000
20170209	38.38	38.95	38.30	38.92	627000
20170210	38.95	39.19	38.54	38.88	614600
20170213	39.32	39.43	38.31	39.35	926400
20170214	39.31	40.29	38.91	40.24	968000
20170215	40.19	42.13	40.09	41.76	1391100
20170216	41.60	42.27	41.53	41.92	1295600
20170217	41.74	42.64	41.30	42.59	1147400
20170221	42.92	43.70	42.68	43.07	1019500
20170222	43.00	43.19	42.24	42.64	972200
20170223	42.48	43.43	42.43	43.24	1248400
20170224	44.99	47.39	44.29	44.94	3100600
20170227	45.04	45.07	44.03	44.79	1689400
20170228	44.86	44.93	43.77	44.72	1518900
20170301	45.04	45.43	44.29	44.90	1361600
20170302	44.68	45.01	44.20	44.53	1011200
20170303	44.58	45.61	44.06	45.53	1321700
20170306	44.92	45.51	43.89	44.35	1267500
20170307	43.97	44.09	43.30	43.49	1039600
20170308	43.57	44.20	42.84	43.60	785300
20170309	43.40	43.88	42.88	43.09	1283300
20170310	43.17	43.34	42.46	42.69	1183700
20170313	42.75	42.97	42.01	42.81	1130900
20170314	42.55	42.86	42.00	42.77	1500900
20170315	42.91	43.08	41.82	42.11	1037800
20170316	42.19	42.50	41.76	42.00	1736100
20170317	42.14	42.20	41.56	41.63	1379500
20170320	41.50	41.62	40.46	40.78	1334400
20170321	40.72	41.31	39.63	39.74	1272900
20170322	39.59	39.59	38.69	39.47	1679600
20170323	39.58	40.06	39.25	39.57	975300
20170324	39.53	42.01	39.53	41.93	1770300
20170327	41.76	44.90	41.56	44.04	2677100
20170328	43.83	44.49	42.59	43.59	1573700
20170329	43.54	44.19	43.08	43.65	1392000
20170330	43.69	44.05	43.40	43.78	585300
20170331	43.64	44.06	42.21	43.60	802900
20170403	43.41	43.98	42.61	42.86	1565400
20170404	44.79	45.00	43.12	43.87	4990200
20170405	44.28	44.70	43.66	44.12	15600500
20170406	44.06	44.34	43.57	43.97	1929100
20170407	43.71	43.94	42.95	43.46	1355000
20170410	43.34	44.23	43.33	44.13	1197000
20170411	43.98	44.42	42.89	43.31	1299800
20170412	43.18	43.36	42.65	43.00	1099500
20170413	42.87	44.03	42.50	42.61	1054900
20170417	42.49	42.94	42.20	42.90	1175500
20170418	42.60	42.96	42.30	42.78	1782000
20170419	42.93	43.23	42.50	42.73	1859700
20170420	42.83	43.15	41.56	42.84	1701100
20170421	42.61	43.36	42.00	43.08	1091200
20170424	43.66	43.92	43.13	43.56	1056900
20170425	43.93	43.93	42.81	43.58	2749600
20170426	46.76	46.76	40.37	42.19	4428200
20170427	42.26	42.63	41.74	42.41	1587400
20170428	42.42	43.65	42.37	43.58	1529700
20170501	43.51	44.14	43.51	43.94	1805500
20170502	44.09	45.49	44.09	45.39	1771900
20170503	45.14	45.80	45.00	45.27	1823500
20170504	45.13	46.03	44.67	45.76	1582100
20170505	45.95	46.02	44.88	44.99	1048500
20170508	45.02	45.02	43.80	43.86	1030300
20170509	43.90	44.10	43.20	43.37	1275700
20170510	43.42	44.43	43.24	44.29	1269600
20170511	44.19	44.55	43.68	44.40	697400
20170512	44.36	44.68	43.81	44.66	502100
20170515	43.73	44.34	43.72	43.83	1037900
20170516	44.03	44.61	43.46	43.52	889400
20170517	42.92	43.42	42.48	42.54	860600
20170518	42.49	42.87	41.89	42.53	740800
20170519	42.73	43.74	42.52	43.56	691900
20170522	43.58	43.95	43.42	43.70	593300
20170523	43.83	43.94	43.12	43.16	832000
20170524	43.29	43.34	42.05	42.64	1098100
20170525	42.78	42.98	42.21	42.52	634600
20170526	42.45	42.45	41.89	42.14	525400
20170530	42.05	42.29	41.25	41.31	831800
20170531	41.43	41.62	40.84	41.34	672500
20170601	41.75	44.11	41.55	43.74	1291100
20170602	44.10	44.34	42.54	43.69	1173900
20170605	43.55	43.99	43.30	43.51	1046800
20170606	43.39	43.61	42.82	43.06	593700
20170607	43.24	43.61	43.00	43.57	862700
20170608	43.51	44.23	43.37	44.01	1004500
20170609	44.08	45.28	43.79	45.04	1107100
20170612	44.89	45.39	44.53	45.09	702700
20170613	45.35	46.06	45.13	45.40	790400
20170614	45.52	46.22	45.32	46.19	758300
20170615	45.70	46.94	45.63	46.00	1145300
20170616	45.90	46.41	45.20	45.26	1512100
20170619	45.40	46.64	45.21	46.14	867900
20170620	45.96	46.42	45.30	45.42	1059500
20170621	45.52	45.94	44.85	45.39	852600
20170622	45.50	47.95	45.16	47.56	1254200
20170623	47.71	48.24	47.38	48.03	1608800
20170626	48.07	48.81	47.79	47.84	986800
20170627	47.97	48.41	47.57	47.58	816300
20170628	47.95	49.54	47.17	49.35	1428900
20170629	49.35	49.99	49.12	49.60	798100
20170630	49.60	49.75	48.75	49.38	795700
20170703	49.48	49.57	48.02	49.08	336500
20170705	49.26	50.61	49.00	50.50	888300
20170706	50.22	50.22	47.50	47.77	1958800
20170707	47.74	49.20	47.38	48.98	775300
20170710	49.12	49.88	48.65	49.66	1225800
20170711	49.73	50.06	48.90	49.00	1142900
20170712	49.37	49.58	48.52	48.75	1099000
20170713	48.65	49.38	48.33	49.06	584200
20170714	49.03	49.60	48.95	49.36	595100
20170717	49.60	49.63	48.76	49.14	332800
20170718	49.41	50.05	48.78	49.84	788500
20170719	49.96	50.95	49.86	50.43	780600
20170720	50.48	51.18	49.97	50.90	849300
20170721	50.86	51.18	50.60	50.89	695500
20170724	50.90	51.84	50.87	51.25	824800
20170725	51.15	51.42	50.51	51.29	1032600
20170726	49.04	49.80	48.16	49.26	1517100
20170727	49.28	49.96	48.48	49.23	1283900
20170728	51.50	54.34	50.96	53.00	2266300
20170731	53.74	53.74	52.28	52.93	1066100
20170801	52.94	53.65	51.91	52.09	2244600
20170802	52.11	52.29	50.92	51.48	1218100
20170803	51.21	52.82	51.21	52.57	1306100
20170804	52.80	53.00	52.40	52.58	745000
20170807	52.59	53.09	52.06	52.58	865000
20170808	52.45	52.79	51.87	52.27	798400
20170809	52.11	52.30	51.31	51.50	790000
20170810	51.07	51.35	50.65	50.97	653300
20170811	51.15	52.62	50.88	52.38	1219400
20170814	52.65	52.75	51.96	52.17	667800
20170815	52.33	52.33	51.26	52.01	717100
20170816	52.04	52.83	51.59	51.68	638600
20170817	50.00	50.03	46.90	46.99	4988200
20170818	47.16	47.55	46.31	46.90	2127400
20170821	46.97	47.88	46.97	47.66	1239700
20170822	47.68	48.12	47.49	47.62	797300
20170823	47.27	48.03	46.93	47.43	827800
20170824	47.52	47.95	45.52	45.55	1267900
20170825	45.67	46.10	45.35	45.57	1076500
20170828	45.86	46.13	45.44	45.79	684500
20170829	45.45	45.92	45.08	45.83	729100
20170830	45.87	46.00	45.60	45.81	545500
20170831	46.06	47.59	46.01	46.94	903600
20170901	46.96	47.63	46.42	47.03	566800
20170905	46.66	47.50	46.44	46.82	821500
20170906	46.90	47.08	45.65	46.29	1040300
20170907	46.22	47.01	46.22	46.48	588900
20170908	46.49	47.21	46.23	46.85	713500
20170911	46.96	47.81	46.96	47.28	716600
20170912	47.57	47.80	47.22	47.47	691400
20170913	47.46	48.01	47.09	47.65	759900
20170914	47.74	48.83	47.26	48.76	1347900
20170915	48.75	49.05	46.65	46.78	1813900
20170918	46.69	47.38	45.68	45.74	916100
20170919	45.71	45.79	44.26	44.84	975500
20170920	44.82	45.87	44.37	45.69	712600
20170921	45.62	46.32	45.53	45.60	444800
20170922	45.59	46.30	45.29	46.02	602000
20170925	46.06	46.48	45.83	46.26	563700
20170926	46.47	46.98	46.22	46.35	663700
20170927	46.53	47.07	46.51	46.74	619100
20170928	46.75	47.47	46.41	47.43	457000
20170929	47.62	48.06	47.59	47.76	588400
20171002	47.80	48.35	47.23	47.61	601800
20171003	47.80	48.24	47.40	47.50	610800
20171004	47.65	47.78	46.67	46.94	520900
20171005	46.96	47.52	46.41	46.48	450600
20171006	46.52	46.57	45.45	45.63	967100
20171009	45.73	45.74	43.45	44.02	1081700
20171010	44.05	44.32	41.99	42.96	1875400
20171011	43.04	43.85	42.81	43.62	1046600
20171012	43.65	44.02	42.82	43.30	1044500
20171013	42.71	42.71	41.68	41.72	1874900
20171016	41.66	42.32	41.47	41.56	677400
20171017	41.86	43.85	41.44	41.81	927500
20171018	42.18	42.65	41.75	42.27	1082200
20171019	42.10	44.23	42.10	44.16	1327700
20171020	44.00	45.27	43.78	44.45	988000
20171023	44.43	45.21	42.50	44.69	1001900
20171024	44.71	45.09	43.94	44.12	1171100
20171025	32.26	34.24	30.91	32.68	19847500
20171026	32.03	32.96	31.76	32.42	4943500
20171027	32.66	33.65	31.90	33.25	2443900
20171030	32.20	33.44	30.76	31.33	2523400
20171031	31.08	32.11	30.69	31.36	2215700
20171101	31.33	31.54	29.92	30.47	2886300
20171102	30.59	31.19	30.16	30.52	1861700
20171103	30.13	30.41	28.96	29.95	1945300
20171106	29.97	30.36	29.69	29.99	1240100
20171107	30.22	30.29	29.21	29.35	1180600
20171108	29.35	29.87	28.82	29.14	1125500
20171109	29.12	29.37	28.46	28.63	1053000
20171110	28.60	28.98	27.88	28.23	1420300
20171113	28.23	28.52	27.56	28.42	1009200
20171114	28.16	28.24	27.44	27.79	1509200
20171115	27.75	28.26	26.92	28.15	2068500
20171116	28.32	29.68	28.07	29.50	2029000
20171117	29.37	30.03	29.21	29.84	2031400
20171120	29.83	29.92	28.82	29.01	1363800
20171121	29.23	29.89	28.68	29.81	1166300
20171122	29.75	31.50	29.74	30.96	1425100
20171124	30.96	31.07	29.86	30.36	536700
20171127	30.38	31.14	30.28	31.04	1106600
20171128	31.09	31.98	30.95	31.78	1381400
20171129	31.88	33.10	31.76	32.90	1197400
20171130	32.90	33.68	31.71	31.83	1787400
20171201	31.75	32.57	30.83	32.26	1461500
20171204	32.64	32.96	31.56	31.66	1275900
20171205	31.51	32.08	30.85	31.36	1177900
20171206	31.45	31.59	30.75	31.09	1264700
20171207	31.06	32.14	31.00	31.78	1332700
20171208	31.96	32.42	31.68	32.31	598200
20171211	32.39	32.95	32.07	32.10	1342200
20171212	32.28	32.98	32.28	32.48	940900
20171213	32.52	33.02	31.99	32.78	1099000
20171214	32.52	32.55	31.39	31.41	1220700
20171215	31.57	32.52	31.52	31.74	2242600
20171218	31.88	32.75	31.61	31.86	1100900
20171219	32.09	32.87	31.85	32.52	1520600
20171220	32.65	32.65	31.64	31.85	1213000
20171221	31.83	32.36	31.50	32.09	1507500
20171222	31.93	32.41	31.64	32.25	957300
20171226	32.35	33.00	32.08	32.20	1080500
20171227	32.20	32.67	31.93	32.45	712500
20171228	32.49	32.87	32.33	32.63	642300
20171229	32.68	33.20	32.49	32.63	763800
20180102	32.67	34.04	32.67	33.81	1214800
20180103	33.95	33.95	32.75	33.43	1177700
20180104	33.62	33.84	33.18	33.46	2943000
20180105	33.66	33.66	32.79	33.11	1000800
20180108	32.96	32.96	32.06	32.39	1786900
20180109	32.18	33.19	32.13	33.07	1383300
20180110	32.97	33.50	32.68	33.00	1048800
20180111	33.02	34.42	33.02	34.38	845100
20180112	34.43	34.80	34.35	34.63	871400
20180116	34.82	34.82	33.40	33.45	1687400
20180117	33.71	33.78	32.47	33.22	1588700
20180118	33.22	33.31	32.70	33.22	1272900
20180119	33.18	34.07	33.07	34.01	1463300
20180122	33.87	34.50	33.69	34.23	748300
20180123	34.11	34.19	33.49	33.70	1317100
20180124	33.98	34.21	33.25	33.55	846900
20180125	33.76	34.10	33.42	33.95	1420600
20180126	34.02	34.37	33.61	34.32	492200
20180129	34.27	34.75	34.00	34.29	749300
20180130	34.18	34.88	33.87	34.26	547200
20180131	34.54	34.84	33.77	34.08	775200
20180201	33.87	35.37	33.59	35.23	1358200
20180202	34.96	35.05	34.16	34.61	999500
20180205	34.16	34.71	33.02	33.10	2120100
20180206	32.44	34.39	32.22	34.26	1739300
20180207	34.15	34.77	34.09	34.29	1122600
20180208	34.43	35.50	33.83	34.02	1429800
20180209	34.25	34.43	32.58	33.72	2133000
20180212	33.87	34.00	32.97	33.74	1736800
20180213	33.55	34.38	32.98	34.24	1694300
20180214	34.10	35.77	33.80	35.66	800500
20180215	35.96	36.36	34.53	36.27	1826800
20180216	36.33	37.04	36.24	36.32	2088300
20180220	36.23	36.71	36.07	36.12	996200
20180221	36.23	37.63	35.64	36.23	1395000
20180222	37.32	40.70	37.27	39.18	2693700
20180223	39.27	39.43	37.45	38.55	1173300
20180226	38.57	38.80	37.65	38.57	766200
20180227	38.51	39.20	37.91	38.06	952000
20180228	38.33	38.74	37.81	38.10	965600
20180301	37.99	38.85	37.13	37.85	1200500
20180302	37.45	39.96	36.90	39.76	1155500
20180305	39.71	39.95	39.25	39.75	923000
20180306	40.00	40.80	39.55	40.71	1278200
20180307	40.25	41.62	40.25	41.14	1010600
20180308	41.20	41.72	40.06	40.75	1023000
20180309	40.87	41.21	40.31	41.10	1164600
20180312	41.20	42.07	41.17	42.00	1074400
20180313	42.27	42.27	41.38	41.65	822900
20180314	41.63	41.97	41.07	41.59	708800
20180315	41.68	42.16	41.56	41.71	534500
20180316	41.63	41.79	40.61	41.16	1310500
20180319	41.18	41.18	40.28	40.79	658900
20180320	40.85	41.22	40.41	41.11	1198100
20180321	41.28	41.84	41.20	41.36	838000
20180322	41.18	41.80	40.51	40.54	699300
20180323	40.64	41.13	39.13	39.16	798000
20180326	39.81	39.81	38.50	39.40	1537600
20180327	39.95	40.13	38.94	39.07	967000
20180328	38.92	39.75	38.77	39.06	1170300
20180329	39.39	39.39	38.85	39.18	874700
20180402	38.76	39.23	37.95	38.35	751200
20180403	38.54	39.43	38.20	39.23	670400
20180404	38.66	40.12	38.66	40.00	948300
20180405	40.22	41.08	39.79	40.71	577700
20180406	40.43	40.83	38.88	39.46	435500
20180409	39.70	40.08	39.23	39.28	564700
20180410	39.89	40.19	39.33	39.74	541300
20180411	39.61	40.23	38.98	39.74	836000
20180412	39.74	39.99	39.41	39.64	866800
20180413	39.82	39.92	38.58	38.80	736200
20180416	39.04	39.04	38.60	38.80	2653500
20180417	39.23	39.37	38.45	38.90	1613300
20180418	39.04	39.76	37.83	39.25	718500
20180419	39.14	39.48	38.98	39.16	557100
20180420	39.20	39.60	37.89	37.98	706000
20180423	37.91	38.06	37.45	37.76	811900
20180424	38.02	38.41	37.38	37.68	945000
20180425	37.68	37.90	37.29	37.70	961800
20180426	37.49	38.83	35.84	35.99	1665300
20180427	36.00	36.68	35.69	36.15	2176900
20180430	36.24	36.51	35.26	35.58	1235800
20180501	35.70	36.28	35.19	35.78	1409400
20180502	37.52	39.76	37.52	38.79	2776800
20180503	38.62	39.32	38.03	39.01	1609800
20180504	39.11	40.00	38.61	39.75	1055500
20180507	40.02	41.14	39.77	40.80	1099400
20180508	40.79	41.51	40.79	41.25	1189800
20180509	41.48	42.62	41.33	42.06	1152400
20180510	42.03	42.49	41.43	42.06	757400
20180511	42.19	42.39	41.39	41.71	855100
20180514	41.82	42.24	41.49	41.56	636900
20180515	41.48	41.83	41.46	41.58	851700
20180516	41.77	42.37	41.21	42.00	1050400
20180517	41.83	42.41	41.78	42.05	463700
20180518	42.02	42.37	41.70	42.18	889400
20180521	42.26	42.66	42.19	42.38	2477300
20180522	42.47	42.81	42.25	42.27	754900
20180523	42.20	42.38	41.77	42.26	1164600
20180524	42.09	42.35	41.61	42.01	736700
20180525	41.86	42.11	41.35	41.46	751300
20180529	41.09	41.39	40.31	40.67	901900
20180530	40.77	41.07	40.57	40.87	563100
20180531	40.92	41.14	40.10	40.19	849600
20180601	40.40	41.28	39.76	39.83	847900
20180604	39.91	40.09	39.62	39.96	689800
20180605	39.97	40.27	39.22	39.30	1190100
20180606	39.22	40.24	39.02	39.62	1551200
20180607	39.85	39.96	38.89	39.13	583000
20180608	39.21	39.84	38.97	39.69	1230600
20180611	39.79	40.74	39.79	40.67	803500
20180612	40.73	41.89	40.66	41.38	1107400
20180613	41.41	41.80	40.97	41.12	614500
20180614	40.78	41.36	40.42	41.16	1159000
20180615	41.03	42.26	41.03	41.81	1096000
20180618	41.48	42.37	41.25	42.20	712400
20180619	41.87	42.76	41.64	42.69	615800
20180620	42.94	44.08	42.34	43.92	1017200
20180621	44.08	44.73	43.69	43.98	1123500
20180622	44.10	44.34	42.50	42.61	1943300
20180625	42.45	42.92	41.97	42.66	938700
20180626	42.73	43.62	42.63	43.39	827800
20180627	43.30	43.38	41.46	41.51	730800
20180628	40.29	41.42	40.01	40.85	1001200
20180629	40.86	41.39	40.35	40.91	836000
20180702	40.71	41.37	40.21	41.28	604600
20180703	41.34	42.46	41.34	41.82	328600
20180705	42.11	42.43	41.57	41.89	612000
20180706	41.94	42.46	41.94	42.25	524900
20180709	42.29	43.09	42.29	42.95	433200
20180710	43.00	43.48	42.63	43.09	687700
20180711	42.98	43.49	42.65	42.94	540400
20180712	43.07	43.52	42.91	43.31	667300
20180713	43.43	43.72	43.10	43.45	357400
20180716	43.38	43.68	42.84	42.90	501800
20180717	42.90	43.23	42.67	43.16	781200
20180718	43.06	43.06	42.36	42.50	503900
20180719	42.36	42.67	41.93	42.40	522100
20180720	42.45	42.70	42.16	42.25	489200
20180723	42.44	43.81	42.44	43.30	588600
20180724	43.31	43.31	42.41	42.73	344500
20180725	42.81	43.80	42.81	43.77	506000
20180726	43.76	45.02	43.66	44.94	650100
20180727	44.82	44.84	43.96	44.17	627000
20180730	43.92	44.72	43.02	43.10	1488700
20180731	38.26	40.15	36.50	39.48	5056300
20180801	39.26	41.76	38.58	40.38	2117400
20180802	40.53	41.09	39.65	39.99	1415900
20180803	39.72	40.97	39.72	40.88	760300
20180806	41.06	41.88	40.72	40.90	814100
20180807	40.74	40.99	39.88	40.21	710000
20180808	40.23	40.51	39.35	39.51	725500
20180809	39.62	39.95	38.74	38.81	725200
20180810	38.73	38.80	38.26	38.47	682900
20180813	38.43	38.89	38.07	38.55	483000
20180814	38.65	39.18	38.50	38.88	1081300
20180815	38.67	38.72	37.90	38.35	448500
20180816	38.52	39.23	38.14	38.80	423100
20180817	38.64	39.30	38.56	39.19	364000
20180820	39.14	39.25	38.52	38.97	420300
20180821	39.10	39.49	38.92	39.10	526200
20180822	38.98	39.63	38.83	39.50	263800
20180823	39.60	39.83	39.26	39.80	454000
20180824	39.92	40.24	39.73	39.94	387000
20180827	39.99	40.59	39.99	40.43	409000
20180828	40.55	40.75	40.10	40.52	397500
20180829	40.58	40.83	40.21	40.62	698600
20180830	40.47	40.70	40.13	40.63	452000
20180831	40.50	41.59	40.21	41.53	605500
20180904	41.69	42.48	41.48	42.23	651200
20180905	42.19	42.19	39.97	40.00	1090700
20180906	40.01	40.21	39.51	39.88	1026300
20180907	39.85	40.11	38.78	38.89	701300
20180910	39.03	39.15	37.84	37.96	741200
20180911	37.80	38.49	37.22	37.30	1241600
20180912	37.37	37.64	36.63	36.72	880800
20180913	36.23	36.81	35.54	36.28	1341200
20180914	36.48	36.53	35.92	35.95	1014400
20180917	36.01	36.17	35.45	35.53	1157100
20180918	35.54	36.20	35.20	35.45	704300
20180919	35.51	35.87	34.91	35.11	665100
20180920	35.13	36.10	35.02	36.00	1504700
20180921	35.93	36.23	35.45	35.69	2186400
20180924	35.69	36.04	34.99	36.00	985700
20180925	36.11	36.12	35.42	35.50	813000
20180926	35.35	35.65	34.48	34.56	996100
20180927	34.52	35.03	34.34	34.53	844600
20180928	34.51	35.31	34.51	35.20	732200
20181001	35.44	35.49	34.45	34.81	677200
20181002	34.83	35.15	34.47	34.61	1363200
20181003	34.59	35.84	34.38	35.17	1547400
20181004	35.05	37.55	35.04	35.55	2879300
20181005	35.80	36.83	35.20	35.70	1997800
20181008	35.82	38.24	35.24	36.98	2504800
20181009	37.02	39.27	36.49	38.69	2217200
20181010	38.41	38.48	36.22	36.55	2844400
20181011	36.28	36.49	33.58	34.69	4129900
20181012	35.23	35.50	32.37	33.30	3285400
20181015	34.00	36.01	33.62	35.94	5342400
20181016	36.29	36.57	35.16	35.48	2497700
20181017	33.67	36.29	32.82	35.77	3366900
20181018	39.35	39.50	38.10	38.57	8379100
20181019	38.49	39.32	38.08	38.40	1869600
20181022	38.33	39.34	38.33	38.83	1760500
20181023	38.12	40.68	37.88	40.62	3734000
20181024	41.07	42.49	38.68	38.74	2881100
20181025	38.82	39.83	38.49	38.58	1809200
20181026	38.30	40.20	37.80	39.50	2904700
20181029	40.32	41.90	39.46	40.60	3819400
20181030	40.83	41.95	40.05	41.19	3157300
20181031	41.14	42.02	39.48	41.50	4057200
20181101	43.42	45.13	42.23	44.75	4189200
20181102	44.66	45.35	44.05	44.75	2255700
20181105	44.72	44.75	38.73	40.58	8529800
20181106	41.07	41.74	38.00	39.00	11092300
20181107	39.00	41.81	38.77	40.91	5060700
20181108	40.81	42.15	40.39	41.72	4274100
20181109	42.03	43.22	42.00	42.50	4261000
20181112	42.17	43.30	41.74	41.94	1923800
20181113	42.17	42.97	33.53	36.01	15190800
20181114	36.28	38.08	36.14	37.49	3627400
20181115	37.06	37.99	36.34	37.86	1769800
20181116	37.61	39.31	28.02	32.55	11578500
20181119	32.41	33.30	31.48	32.05	2894300
20181120	33.13	33.48	28.63	31.58	4093400
20181121	31.28	32.34	30.74	32.05	1172100
20181123	31.76	31.91	30.88	31.65	695000
20181126	31.44	33.82	31.44	32.99	1737600
20181127	32.77	33.05	32.26	32.61	2119700
20181128	32.98	33.60	32.26	33.38	1041000
20181129	33.04	33.85	32.81	33.80	921800
20181130	33.80	34.43	33.02	33.97	1178000
20181203	34.63	35.22	33.29	33.89	1735600
20181204	33.94	34.27	33.03	33.10	952800
20181206	32.84	32.84	31.26	32.01	2465500
20181207	31.93	32.51	31.04	31.66	2217200
20181210	31.60	31.60	30.51	31.20	1447300
20181211	31.68	31.89	30.85	31.19	2408200
20181212	31.79	32.00	31.08	31.24	1836500
20181213	31.28	31.52	30.38	31.06	1136700
20181214	30.45	30.90	28.84	28.93	3040100
20181217	27.85	28.17	26.68	27.60	3334600
20181218	27.35	28.38	27.21	27.84	2651000
20181219	27.86	28.21	26.97	27.19	1894300
20181220	27.22	27.43	26.43	26.78	1791000
20181221	26.96	27.22	25.04	25.19	2372500
20181224	24.62	25.34	24.27	24.75	808900
20181226	25.05	25.92	24.31	25.91	823100
20181227	25.68	25.80	24.73	25.80	988200
20181228	25.86	26.01	25.23	25.56	822000
20181231	25.78	25.97	25.26	25.71	909800
20190102	25.42	26.10	25.13	25.86	796800
20190103	25.70	26.27	25.19	25.40	1172600
20190104	25.62	26.43	25.42	26.14	2271900
20190107	25.99	26.82	25.79	26.30	809700
20190108	26.61	27.03	26.19	26.99	713800
20190109	27.18	27.91	27.03	27.50	1079200
20190110	27.40	28.72	27.32	28.67	867000
20190111	28.44	29.31	27.81	29.03	2197900
20190114	28.80	29.35	28.09	28.14	793800
20190115	28.26	29.00	28.17	28.77	764600
20190116	28.83	29.47	28.82	29.05	744100
20190117	28.98	29.47	28.92	29.20	664300
20190118	29.20	29.41	28.91	28.99	683900
20190122	28.70	28.76	28.14	28.32	1313900
20190123	28.68	29.16	27.81	27.89	887000
20190124	27.84	28.52	27.65	27.78	841300
20190125	27.82	28.21	27.55	27.56	891300
20190128	27.49	28.48	27.06	27.49	876700
20190129	27.59	27.91	27.33	27.48	928800
20190130	27.65	27.96	27.41	27.77	1672400
20190131	27.71	27.96	27.29	27.36	1073000
20190201	27.50	28.13	27.05	27.77	923200
20190204	27.70	27.94	27.01	27.79	689100
20190205	27.86	28.74	27.69	27.79	1481800
20190206	27.65	28.11	27.26	27.72	619900
20190207	27.50	27.78	27.31	27.61	642700
20190208	27.48	27.75	25.91	26.40	1850700
20190211	26.50	26.86	26.06	26.76	1301700
20190212	27.00	27.57	26.80	27.16	815400
20190213	27.19	27.52	26.69	27.13	998100
20190214	26.98	27.40	26.72	27.18	867200
20190215	27.43	28.42	27.10	28.41	922800
20190219	28.20	28.64	28.01	28.09	743300
20190220	28.02	28.22	27.47	27.54	835500
20190221	27.58	28.10	27.52	27.72	872900
20190222	27.81	28.01	27.40	27.70	948000
20190225	27.69	28.52	27.65	27.85	1179300
20190226	28.06	28.12	27.20	27.43	1416000
20190227	27.33	27.39	26.16	26.23	1102900
20190228	26.30	26.53	25.85	26.29	1584600
20190301	26.38	31.10	26.38	30.41	3740000
20190304	30.15	30.60	29.32	30.17	1690700
20190305	30.53	30.68	28.97	29.29	1551100
20190306	29.22	29.32	28.17	28.25	1904200
20190307	28.30	28.67	27.47	28.49	1209300
20190308	28.15	29.01	27.83	28.98	1151700
20190311	28.98	29.89	28.73	29.68	1328600
20190312	29.62	30.35	29.52	29.70	1120000
20190313	29.76	30.56	29.61	30.06	974400
20190314	30.18	30.92	30.08	30.59	1454900
20190315	30.71	31.05	29.95	30.12	1353500
20190318	30.13	30.79	29.79	30.46	907800
20190319	30.55	31.27	30.26	30.94	704000
20190320	30.93	31.17	30.10	30.27	713300
20190321	30.09	31.29	30.08	31.22	970700
20190322	31.13	31.13	30.02	30.06	475600
20190325	29.97	30.24	29.30	29.48	691600
20190326	29.72	29.92	29.07	29.65	854100
20190327	29.64	29.95	29.15	29.20	886400
20190328	29.16	29.64	28.95	29.42	1421700
20190329	29.69	29.74	29.25	29.31	723100
20190401	29.49	30.19	29.27	29.66	823200
20190402	29.59	30.01	28.89	29.65	739800
20190403	29.65	30.00	29.28	29.57	3517300
20190404	29.60	30.53	29.50	30.43	608800
20190405	30.52	31.20	30.40	31.04	854900
20190408	30.97	30.97	30.20	30.40	764300
20190409	30.31	30.61	29.90	30.03	612800
20190410	30.05	30.13	29.85	29.91	825500
20190411	30.04	30.20	29.09	29.30	499600
20190412	29.48	29.63	29.21	29.34	834300
20190415	29.38	29.40	28.90	29.31	1151700
20190416	29.56	29.75	28.95	28.99	1138600
20190417	29.20	29.20	28.08	28.38	1274900
20190418	28.40	29.76	28.17	29.51	1172500
20190422	29.37	29.96	29.09	29.64	587000
20190423	29.86	31.54	29.59	31.22	946300
20190424	31.08	32.26	30.87	31.86	818100
20190425	31.71	32.31	31.57	32.09	819300
20190426	31.98	32.48	31.65	32.29	560000
20190429	32.40	32.56	31.98	32.37	490700
20190430	32.52	32.85	31.28	32.02	879300
20190501	33.43	34.09	32.32	32.37	1453700
20190502	32.12	32.27	31.48	32.26	760600
20190503	32.41	33.53	32.37	33.42	583200
20190506	32.75	34.50	32.56	33.82	945500
20190507	33.53	33.89	32.38	32.60	602700
20190508	32.49	33.19	32.29	32.56	669000
20190509	32.12	32.60	31.70	32.36	454100
20190510	32.34	32.69	31.60	32.52	608500
20190513	31.80	32.35	31.60	32.17	478400
20190514	32.25	33.00	32.25	32.80	629100
20190515	32.65	33.53	32.53	33.11	338900
20190516	33.10	33.59	32.68	32.76	360800
20190517	32.50	33.53	32.49	32.92	787000
20190520	32.68	32.96	32.53	32.78	727800
20190521	32.90	33.49	32.62	33.43	939100
20190522	33.17	33.71	33.17	33.51	514000
20190523	33.22	33.22	32.10	32.24	457900
20190524	32.50	32.96	32.08	32.71	632900
20190528	32.76	33.15	32.48	32.61	1584300
20190529	32.36	32.44	31.58	32.05	986700
20190530	31.80	33.12	31.69	32.82	904800
20190531	32.49	32.64	31.89	32.22	690000
20190603	32.26	33.23	32.18	33.00	675200
20190604	33.32	33.93	32.97	33.72	768700
20190605	33.81	33.82	32.95	33.30	484800
20190606	33.25	33.99	32.99	33.20	313200
20190607	33.12	34.07	32.88	33.91	663300
20190610	34.03	34.45	33.66	33.81	870000
20190611	34.00	34.06	33.56	33.92	1060700
20190612	33.80	33.88	32.96	33.78	656000
20190613	34.14	34.24	33.62	33.85	718200
20190614	33.84	33.84	32.75	33.03	435900
20190617	33.12	34.15	32.75	34.00	917900
20190618	34.19	34.33	33.53	34.20	1101600
20190619	34.20	34.51	33.62	34.04	783000
20190620	34.60	34.85	34.10	34.52	761400
20190621	34.58	34.77	33.95	34.72	905800
20190624	34.65	34.96	34.38	34.67	661800
20190625	34.54	34.82	34.13	34.45	930600
20190626	34.45	34.77	34.19	34.31	601500
20190627	34.47	34.73	33.82	34.33	569400
20190628	34.33	35.15	34.20	34.95	850800
20190701	35.19	35.40	34.00	34.31	728900
20190702	34.40	34.44	33.94	34.19	581000
20190703	34.35	34.69	33.98	34.30	246000
20190705	34.18	34.84	34.07	34.62	232000
20190708	34.56	34.65	34.00	34.17	727200
20190709	33.89	34.24	33.11	33.62	412100
20190710	33.75	33.93	33.24	33.67	501100
20190711	33.80	34.11	33.10	33.62	571700
20190712	33.60	34.00	33.20	33.51	643100
20190715	33.53	33.69	33.02	33.34	261500
20190716	33.29	33.51	32.72	32.76	579400
20190717	32.74	32.87	32.28	32.29	456900
20190718	32.22	32.34	31.86	31.92	398900
20190719	31.94	32.01	31.59	31.68	457000
20190722	31.83	32.19	31.31	31.34	521100
20190723	31.37	31.53	30.95	31.00	512500
20190724	31.06	32.32	30.71	32.24	1772600
20190725	32.08	33.00	31.52	32.14	938700
20190726	32.37	33.53	32.37	33.20	649800
20190729	33.27	33.42	32.86	33.02	631300
20190730	32.58	32.92	31.71	32.89	1135800
20190731	31.72	32.17	30.66	31.94	1591500
20190801	31.78	31.93	29.53	29.64	1258000
20190802	29.70	30.36	28.98	29.07	510600
20190805	28.51	28.86	28.18	28.58	551000
20190806	28.73	29.39	28.47	29.23	872600
20190807	28.92	29.62	28.68	29.40	602000
20190808	29.56	29.87	28.99	29.27	772500
20190809	29.24	29.52	28.01	28.77	487600
20190812	28.61	28.61	28.05	28.26	301700
20190813	28.26	29.44	28.09	29.02	363300
20190814	28.44	28.44	27.82	27.92	954500
20190815	28.01	28.20	27.14	27.36	729700
20190816	27.61	27.70	27.29	27.52	416200
20190819	27.89	28.00	27.39	27.43	704300
20190820	27.40	27.56	27.11	27.21	462400
20190821	27.38	27.51	27.02	27.33	491500
20190822	27.46	27.80	27.18	27.33	231000
20190823	27.22	27.55	26.37	26.43	460000
20190826	26.73	26.84	26.38	26.57	356800
20190827	26.66	26.88	25.80	25.95	556700
20190828	25.94	26.22	25.53	26.19	498600
20190829	26.38	26.90	26.33	26.54	297000
20190830	26.66	26.74	26.28	26.46	408000
20190903	26.26	26.45	25.76	25.79	419300
20190904	26.05	26.32	25.62	26.11	787600
20190905	26.44	27.01	26.15	26.32	819600
20190906	26.49	27.22	26.25	27.06	2702700
20190909	28.09	29.08	26.83	28.89	2129600
20190910	28.87	30.50	28.82	30.43	1799900
20190911	30.61	32.00	30.12	31.94	1881700
20190912	31.94	32.15	31.36	31.58	848600
20190913	31.61	32.14	31.61	31.97	674600
20190916	31.86	32.99	31.83	32.79	736700
20190917	32.78	32.78	31.57	31.99	740600
20190918	32.35	32.99	31.90	32.29	1293500
20190919	32.39	33.25	32.16	32.31	1050300
20190920	32.43	33.02	32.39	32.76	1645600
20190923	32.46	33.20	32.46	32.87	803400
20190924	32.77	33.04	31.51	31.96	579800
20190925	31.94	32.27	31.63	32.16	599700
20190926	32.06	32.06	30.88	30.93	663800
20190927	31.00	31.39	30.16	30.36	634500
20190930	30.45	31.27	30.29	31.08	465100
20191001	30.91	31.67	29.37	29.58	552600
20191002	29.33	29.65	28.36	29.50	714400
20191003	29.50	29.76	29.19	29.61	497500
20191004	29.71	29.97	29.41	29.86	326500
20191007	29.75	30.01	29.54	29.67	411900
20191008	29.47	29.67	29.10	29.17	412700
20191009	29.39	29.48	29.07	29.19	298200
20191010	28.58	29.23	28.51	28.92	403800
20191011	29.32	30.30	28.88	29.61	991000
20191014	29.53	29.75	28.73	28.93	267900
20191015	29.06	30.30	28.82	29.60	572900
20191016	29.63	30.61	29.58	30.41	574500
20191017	30.63	31.15	29.98	30.38	1064000
20191018	30.47	30.76	30.04	30.57	675600
20191021	30.89	31.50	30.71	30.88	500100
20191022	31.15	31.72	30.74	31.50	668200
20191023	31.58	31.70	31.27	31.50	524100
20191024	31.58	31.70	30.80	31.37	381900
20191025	31.06	31.14	30.39	30.59	905500
20191028	30.89	31.35	30.54	30.62	912800
20191029	30.63	31.06	30.62	30.69	900600
20191030	30.59	30.92	29.95	30.28	613300
20191031	30.18	30.25	29.47	29.99	577000
20191101	30.13	31.36	30.13	30.86	534500
20191104	31.16	31.68	30.91	31.36	705300
20191105	31.75	32.35	31.30	31.37	980100
20191106	31.52	31.87	29.60	30.28	1630600
20191107	30.56	30.91	30.20	30.40	698600
20191108	30.21	30.75	30.16	30.74	631800
20191111	30.37	30.76	30.23	30.50	638700
20191112	30.50	31.25	30.40	30.72	527200
20191113	30.50	31.08	30.47	30.85	387500
20191114	30.33	31.11	30.20	30.92	1418000
20191115	31.12	31.53	30.83	31.50	1187700
20191118	31.54	31.99	31.44	31.77	1139500
20191119	31.70	32.03	31.52	31.82	731900
20191120	31.81	32.25	31.41	32.00	1035200
20191121	32.04	32.17	31.42	32.02	870400
20191122	32.26	32.83	32.12	32.36	638000
20191125	32.37	33.08	32.29	32.79	698700
20191126	32.66	32.67	32.19	32.23	521500
20191127	32.34	32.81	32.34	32.60	611300
20191129	32.61	32.61	32.14	32.16	246700
20191202	32.09	32.36	31.90	32.06	445800
20191203	31.61	32.22	31.42	31.90	730700
20191204	32.15	32.39	31.76	31.85	704800
20191205	31.98	32.26	31.84	32.15	546800
20191206	32.32	32.86	31.99	32.58	719900
20191209	32.46	32.66	31.97	31.99	540700
20191210	32.07	32.27	31.81	32.06	645200
20191211	31.83	32.01	31.46	31.53	749500
20191212	31.61	32.51	31.48	32.46	595100
20191213	32.27	32.70	31.84	32.08	488600
20191216	32.17	32.90	32.17	32.47	680700
20191217	32.41	33.05	32.33	32.98	1046300
20191218	33.08	33.48	32.82	33.33	1076200
20191219	33.46	33.69	33.15	33.24	762400
20191220	33.33	33.35	32.84	32.97	973100
20191223	33.16	33.39	32.73	33.18	488000
20191224	33.21	33.44	32.83	32.88	102000
20191226	33.00	33.27	32.73	32.86	184900
20191227	32.92	33.03	32.68	32.96	317700
20191230	33.08	33.27	32.80	33.05	336600
20191231	33.01	33.40	32.99	33.22	364600
20200102	33.42	33.42	32.71	33.15	460100
20200103	32.80	33.28	32.56	33.09	458200
20200106	33.01	33.86	33.01	33.71	574000
20200107	33.63	33.78	33.19	33.65	336600
20200108	33.58	33.92	33.18	33.46	583000
20200109	33.48	33.62	33.15	33.41	376200
20200110	33.35	33.45	32.98	33.26	272200
20200113	33.14	33.33	33.00	33.30	276100
20200114	33.25	33.74	33.20	33.52	632900
20200115	33.44	33.90	33.39	33.48	438800
20200116	33.75	33.81	33.43	33.75	577800
20200117	33.76	33.77	33.38	33.48	278600
20200121	33.32	33.37	32.22	32.30	699100
20200122	32.35	32.87	32.30	32.72	776500
20200123	32.56	32.82	32.20	32.75	444900
20200124	32.69	32.69	32.08	32.45	455900
20200127	32.03	32.63	32.03	32.30	430900
20200128	32.40	33.00	32.37	32.49	317000
20200129	32.44	32.80	32.21	32.41	541400
20200130	32.18	32.65	32.12	32.63	527100
20200131	32.48	32.55	32.01	32.13	880400
20200203	32.41	32.84	32.28	32.53	626700
20200204	32.81	33.84	32.75	33.40	689900
20200205	33.72	34.58	33.60	34.02	780900
20200206	33.85	33.93	33.46	33.58	906300
20200207	33.52	33.52	32.86	33.03	521700
20200210	32.95	33.38	32.91	33.29	752600
20200211	33.41	33.82	33.40	33.67	454900
20200212	33.85	34.16	33.48	33.56	394500
20200213	33.58	33.99	33.46	33.77	533200
20200214	33.76	33.80	33.45	33.55	308500
20200218	33.76	34.20	33.45	34.07	1179900
20200219	34.12	34.89	34.03	34.79	434000
20200220	34.70	35.30	34.47	35.04	543700
20200221	34.85	35.14	34.59	35.00	521300
20200224	34.05	34.09	33.45	33.72	1065300
20200225	33.79	34.24	32.31	32.35	687500
20200226	32.62	32.76	31.27	31.47	675200
20200227	30.93	32.20	30.26	31.43	1183000
20200228	32.58	32.58	28.13	29.60	1673300
20200302	29.81	30.08	29.05	29.93	1204400
20200303	30.03	31.28	29.34	29.38	733300
20200304	30.09	31.43	29.93	30.98	834100
20200305	30.32	31.42	30.03	30.63	803900
20200306	29.59	30.47	28.53	29.48	774300
20200309	27.46	28.17	26.55	26.78	1148300
20200310	27.50	28.05	25.28	26.26	736000
20200311	25.60	26.14	23.22	23.40	1494100
20200312	21.85	21.87	19.03	19.58	1871800
20200313	20.79	21.90	18.60	21.82	1474300
20200316	18.34	19.79	17.03	17.18	1827600
20200317	17.47	17.73	13.72	14.20	2349400
20200318	13.41	13.56	11.09	11.84	1679800
20200319	11.82	14.99	11.22	14.68	1739800
20200320	14.86	16.21	12.49	12.59	2975700
20200323	12.76	12.96	11.70	11.78	1216000
20200324	12.41	12.97	11.88	12.55	2023800
20200325	12.65	14.81	11.90	13.79	2949500
20200326	14.03	18.28	14.01	18.06	1931800
20200327	17.30	18.60	16.88	18.03	2089900
20200330	18.60	18.60	17.25	18.44	1139300
20200331	18.80	18.93	17.97	18.35	1647700
20200401	16.89	17.94	16.81	17.16	1381100
20200402	17.10	18.16	16.57	17.68	1476100
20200403	17.58	17.97	15.12	15.53	3505300
20200406	15.82	17.75	15.82	17.68	863900
20200407	18.74	19.98	17.99	18.64	2021100
20200408	19.35	22.03	18.88	21.91	1066500
20200409	23.21	24.19	22.54	22.99	1347000
20200413	22.91	23.08	21.08	21.82	1286600
20200414	22.52	23.69	22.15	23.46	1245000
20200415	22.02	23.02	21.84	22.69	809900
20200416	22.65	22.94	21.66	22.44	728100
20200417	23.64	24.06	23.18	23.74	664100
20200420	23.01	24.00	22.41	23.10	554400
20200421	22.01	22.85	21.55	22.33	771600
20200422	23.05	23.37	21.60	21.63	494000
20200423	21.84	22.32	21.36	21.83	575100
20200424	22.13	22.63	21.47	22.29	808800
20200427	22.64	24.65	22.64	24.55	425900
20200428	25.29	25.42	23.52	24.16	527900
20200429	24.83	25.47	24.06	24.70	1819800
20200430	24.26	24.61	23.40	24.01	850600
20200501	22.92	23.71	21.68	22.47	619300
20200504	22.24	22.44	21.27	21.58	896000
20200505	24.10	27.14	23.01	26.23	2129600
20200506	26.18	26.18	24.14	24.21	1135100
20200507	24.16	25.51	24.14	24.70	739100
20200508	25.22	26.70	24.92	26.55	656400
20200511	26.30	27.24	25.76	26.69	732300
20200512	26.87	27.20	26.06	26.14	856200
20200513	25.78	25.78	23.13	24.32	1371000
20200514	23.81	25.09	23.35	24.47	746900
20200515	24.10	24.84	24.09	24.72	552700
20200518	25.49	26.53	25.00	25.90	913700
20200519	25.73	26.64	24.81	25.98	851300
20200520	26.62	27.16	26.22	26.91	892800
20200521	27.12	27.91	27.07	27.73	943300
20200522	27.81	27.85	26.78	27.52	506400
20200526	28.50	29.25	28.03	28.62	538800
20200527	29.43	29.43	27.58	28.80	573000
20200528	29.09	30.03	27.96	29.36	950600
20200529	29.01	29.06	27.85	28.61	676000
20200601	28.69	29.58	28.60	28.79	421900
20200602	28.85	29.44	28.63	28.74	391100
20200603	28.89	29.56	28.34	28.46	616600
20200604	28.31	29.09	28.02	28.84	468500
20200605	30.04	31.18	29.97	30.12	625300
20200608	30.40	31.50	29.87	31.39	656100
20200609	30.76	30.79	28.92	29.32	876100
20200610	29.52	29.52	28.01	28.20	608700
20200611	26.76	27.53	25.38	25.81	796200
20200612	26.95	27.34	25.32	26.15	906100
20200615	25.07	27.34	24.60	27.31	819700
20200616	28.73	29.30	27.26	28.02	855300
20200617	28.20	28.29	27.02	27.09	614500
20200618	26.73	27.16	26.45	26.50	715100
20200619	27.08	27.67	26.15	26.46	1034700
20200622	26.37	26.37	24.95	25.66	734200
20200623	26.11	26.42	25.42	25.87	827600
20200624	25.57	25.72	23.87	24.31	534500
20200625	24.05	24.98	23.63	24.95	1035200
20200626	24.78	24.94	24.23	24.61	851500
20200629	25.10	25.27	24.57	24.92	688100
20200630	24.75	25.22	24.39	25.12	892500
20200701	25.11	25.94	24.97	25.49	430700
20200702	26.07	26.53	25.40	25.57	400300
20200706	26.14	26.65	25.71	26.27	878700
20200707	26.09	26.21	25.07	25.19	755100
20200708	25.05	25.47	24.65	25.31	318300
20200709	25.14	25.33	24.01	24.10	523700
20200710	24.28	25.44	24.06	25.42	757500
20200713	25.70	26.29	25.13	25.21	388800
20200714	25.35	25.59	24.84	25.54	684100
20200715	26.32	27.74	25.83	27.63	475200
20200716	27.66	28.10	26.34	27.73	553000
20200717	27.99	28.00	27.25	27.52	245800
20200720	27.63	27.63	26.78	26.84	290100
20200721	27.12	28.04	26.89	27.80	518500
20200722	27.94	29.15	27.68	28.60	600000
20200723	28.65	29.51	28.42	28.97	655300
20200724	28.90	29.18	28.41	28.91	400900
20200727	28.44	29.90	28.40	29.24	431300
20200728	29.08	29.76	29.05	29.17	516200
20200729	29.36	30.64	29.18	30.09	613700
20200730	29.43	30.52	29.29	30.41	536900
20200731	30.28	30.51	29.30	29.81	518400
20200803	29.91	30.33	29.28	30.22	523100
20200804	30.29	30.73	29.65	30.31	632700
20200805	30.96	32.89	30.58	30.91	893900
20200806	30.89	31.50	30.64	30.86	476000
20200807	30.74	31.11	30.51	31.05	325100
20200810	31.28	31.95	31.28	31.75	394400
20200811	32.23	32.95	31.41	31.49	449000
20200812	31.78	32.16	30.63	30.97	447100
20200813	30.79	30.90	30.10	30.65	392600
20200814	30.40	30.91	30.07	30.82	641000
20200817	30.94	31.17	30.41	30.56	307900
20200818	30.37	30.55	29.79	30.01	332000
20200819	30.23	30.59	29.87	30.01	380800
20200820	29.74	30.12	29.59	29.77	376000
20200821	29.65	29.77	29.04	29.61	380300
20200824	29.91	30.21	29.54	30.16	327200
20200825	30.11	30.32	29.49	30.20	251700
20200826	30.32	30.40	29.67	29.94	277400
20200827	30.02	31.10	29.61	30.81	364800
20200828	31.17	31.27	30.42	31.23	221400
20200831	31.13	31.42	30.60	30.91	385700
20200901	29.73	30.99	29.73	30.57	226500
20200902	30.76	31.20	30.41	31.12	379300
20200903	31.15	31.50	29.92	30.18	411200
20200904	30.70	30.82	29.20	29.81	459500
20200908	29.61	29.61	28.49	28.59	466200
20200909	28.96	29.36	28.36	29.08	566900
20200910	29.32	29.70	28.83	28.84	543300
20200911	28.92	29.96	28.63	29.90	649700
20200914	30.25	31.05	30.14	30.72	528600
20200915	31.00	31.44	30.13	30.24	346100
20200916	30.48	31.08	30.03	30.10	504900
20200917	29.64	30.06	29.36	29.94	502400
20200918	29.95	30.54	29.36	29.44	973200
20200921	28.03	29.04	27.14	28.88	974100
20200922	28.83	29.15	28.18	28.48	462200
20200923	28.61	29.25	27.34	27.56	510500
20200924	27.36	28.05	27.07	27.48	273100
20200925	27.21	28.36	27.21	28.26	233800
20200928	28.65	29.25	27.92	28.04	377300
20200929	28.52	29.24	27.97	28.22	553900
20200930	30.18	30.64	29.21	29.48	625800
20201001	29.48	30.17	29.44	29.97	654000
20201002	29.61	31.29	29.50	30.95	574100
20201005	31.23	32.05	31.05	31.88	479600
20201006	32.06	32.46	31.30	31.37	426500
20201007	31.82	32.30	31.18	31.23	286200
20201008	31.50	32.12	31.13	32.12	267800
20201009	32.69	32.98	31.80	32.41	467200
20201012	32.33	32.75	32.00	32.71	477500
20201013	32.43	33.30	31.95	33.08	443900
20201014	33.00	33.80	33.00	33.34	415400
20201015	32.81	34.00	32.67	33.82	427200
20201016	33.98	34.10	33.09	33.21	323800
20201019	33.18	33.70	32.78	32.95	284900
20201020	33.10	33.69	32.69	33.01	316200
20201021	33.08	33.21	32.13	32.15	348400
20201022	32.20	32.93	31.00	31.11	1226300
20201023	31.16	31.76	30.42	31.19	485500
20201026	30.68	30.69	29.66	30.65	401800
20201027	30.69	31.47	30.18	30.23	268800
20201028	29.60	30.24	28.82	28.97	409300
20201029	28.82	29.11	27.96	28.98	456400
20201030	33.63	35.76	32.94	35.65	2185700
20201102	35.65	35.73	34.01	34.96	688200
20201103	35.85	37.57	35.73	37.27	569100
20201104	36.62	37.51	36.11	36.64	536300
20201105	37.00	39.35	36.97	38.57	891800
20201106	38.41	39.03	38.04	38.29	437700
20201109	39.99	41.75	39.42	39.78	618600
20201110	40.93	40.93	39.00	40.65	646900
20201111	41.17	41.27	39.50	40.51	450000
20201112	40.19	41.74	39.73	39.98	423400
20201113	40.35	42.10	40.35	41.79	499400
20201116	42.75	43.13	41.25	41.87	472700
20201117	42.76	44.25	42.23	43.22	690800
20201118	43.15	44.04	42.71	42.86	350700
20201119	42.59	42.98	41.77	42.93	446100
20201120	42.99	43.72	42.63	43.11	463300
20201123	43.38	44.26	42.96	43.85	503400
20201124	44.43	44.75	43.47	43.82	946700
20201125	43.80	43.99	43.18	43.29	379900
20201127	43.41	43.64	42.93	43.18	248300
20201130	43.16	43.16	42.05	42.45	723100
20201201	43.08	43.60	41.88	41.98	463300
20201202	41.96	42.42	41.68	42.28	769400
20201203	42.27	43.43	41.70	41.88	639700
20201204	42.07	43.47	42.07	42.92	563200
20201207	42.86	43.48	42.12	42.24	275100
20201208	41.95	43.64	41.72	43.51	866300
20201209	44.00	46.42	43.90	46.18	834000
20201210	46.07	47.71	45.54	47.48	848900
20201211	47.31	47.50	45.85	47.02	674300
20201214	47.48	48.04	47.08	47.39	883400
20201215	47.85	48.46	47.48	47.95	596500
20201216	48.27	48.75	47.72	48.38	492000
20201217	48.60	50.04	46.91	49.96	794100
20201218	50.19	50.41	48.43	48.94	1942200
20201221	48.42	48.92	47.50	48.59	687900
20201222	48.75	49.09	48.05	48.44	584500
20201223	48.92	49.84	48.76	48.98	398600
20201224	49.38	49.38	48.51	49.27	113000
20201228	49.53	49.53	48.30	48.42	248400
20201229	48.43	48.69	47.92	48.56	207100
20201230	50.00	50.99	48.89	50.30	970900
20201231	49.26	50.83	49.26	50.26	531600
20210104	50.34	50.79	49.00	50.49	735600
20210105	50.02	51.62	49.67	50.50	638400
20210106	50.79	52.93	50.79	52.51	1027500
20210107	52.45	53.52	52.07	52.98	512000
20210108	52.45	52.96	51.80	52.01	522100
20210111	51.73	52.49	51.04	51.62	330000
20210112	51.74	52.47	51.30	51.99	416900
20210113	52.06	52.37	51.26	51.49	256200
20210114	51.78	52.49	50.67	50.85	314200
20210115	50.62	51.72	50.31	50.74	464700
20210119	51.58	51.77	50.09	50.99	507500
20210120	51.22	52.37	50.69	52.11	499600
20210121	52.48	52.48	51.52	51.59	364800
20210122	51.51	52.36	51.13	52.01	463500
20210125	51.90	52.36	51.23	51.66	347700
20210126	51.84	51.99	51.00	51.08	333300
20210127	50.66	50.85	48.62	49.54	351900
20210128	50.16	51.97	49.64	50.89	621300
20210129	50.94	51.96	49.78	50.68	488200
20210201	51.11	53.08	51.00	52.99	494400
20210202	53.50	54.04	52.45	53.36	447300
20210203	53.36	54.58	52.75	54.43	511700
20210204	54.98	55.17	54.26	54.89	528000
20210205	55.18	55.18	53.44	54.40	332100
20210208	54.73	54.89	53.44	53.66	326600
20210209	53.62	54.00	52.43	53.83	440400
20210210	54.40	54.71	52.93	53.17	573800
20210211	53.58	53.79	52.43	53.18	1606000
20210212	53.25	53.93	52.15	53.13	414300
20210216	53.46	53.46	51.61	52.06	470400
20210217	51.66	52.35	51.15	51.85	748800
20210218	51.49	51.85	49.88	50.65	443700
20210219	50.90	52.25	50.54	51.81	876700
20210222	51.18	52.69	51.01	52.15	645800
20210223	51.53	52.69	50.84	52.50	575500
20210224	52.62	54.75	52.28	54.44	818600
20210225	54.19	54.27	50.70	51.36	717700
20210226	52.51	57.03	52.04	55.24	2036500
20210301	56.01	57.50	54.84	56.04	1144800
20210302	55.16	56.41	54.51	55.80	1077800
20210303	55.75	55.98	54.45	55.04	529000
20210304	55.06	55.73	53.14	54.30	585800
20210305	54.99	55.25	52.75	54.98	652400
20210308	54.57	57.32	54.57	56.79	681000
20210309	57.03	58.57	56.45	57.32	894900
20210310	57.59	58.50	56.75	57.24	519900
20210311	57.49	58.93	57.25	58.85	560300
20210312	58.52	59.82	58.09	59.72	865400
20210315	59.84	61.00	59.49	60.97	568800
20210316	60.22	60.27	58.85	59.43	499200
20210317	58.79	60.00	58.26	59.24	909000
20210318	59.02	59.99	58.52	58.69	822500
20210319	57.99	58.85	57.07	57.20	790600
20210322	57.61	57.61	55.94	56.81	377600
20210323	56.50	57.05	54.69	55.02	619900
20210324	55.25	57.25	54.72	55.02	638800
20210325	54.72	57.62	54.61	57.40	639500
20210326	58.09	58.33	56.71	57.71	396300
20210329	57.36	59.04	56.58	56.66	459200
20210330	56.83	58.55	55.93	58.44	490800
20210331	58.38	60.04	56.94	57.14	1273500
20210401	57.02	57.47	55.55	56.80	394300
20210405	57.35	58.27	56.73	57.91	382800
20210406	58.03	59.47	57.49	58.60	539800
20210407	58.68	59.76	57.42	57.71	371400
20210408	57.68	59.02	57.33	58.93	313800
20210409	58.71	59.86	58.45	59.71	424600
20210412	60.00	60.14	59.08	59.43	258800
20210413	59.50	59.50	57.84	58.90	364600
20210414	59.06	60.04	58.44	58.87	349000
20210415	59.46	60.32	58.41	60.28	308100
20210416	60.71	62.24	60.17	62.12	518400
20210419	62.30	62.71	60.32	60.84	704100
20210420	60.34	61.44	59.21	60.70	457800
20210421	60.51	62.66	60.29	62.55	416400
20210422	62.92	63.00	61.02	61.52	476800
20210423	61.88	62.78	60.65	62.19	331900
20210426	62.72	62.84	61.63	61.68	345600
20210427	61.39	62.49	60.86	61.36	410900
20210428	61.27	61.97	60.49	61.62	448200
20210429	61.55	63.06	60.17	61.41	570100
20210430	61.32	62.87	60.22	60.92	736600
20210503	62.11	62.64	60.65	62.09	719800
20210504	61.52	62.39	61.11	62.28	311600
20210505	62.50	62.88	61.33	62.76	333300
20210506	62.74	63.91	62.22	63.83	386900
20210507	63.76	64.59	63.69	63.98	291000
20210510	64.16	64.72	63.41	63.42	292200
20210511	62.48	63.61	62.21	62.92	322200
20210512	62.55	63.39	61.44	61.67	370500
20210513	61.69	63.94	61.69	63.52	591200
20210514	63.89	65.85	63.71	65.62	592500
20210517	65.33	65.35	63.46	63.50	448300
20210518	63.35	64.14	61.58	61.60	512000
20210519	61.06	62.14	60.12	62.07	391800
20210520	62.31	62.81	61.53	62.46	309700
20210521	62.90	63.54	62.09	62.14	238800
20210524	62.66	62.97	61.90	62.75	204600
20210525	63.20	63.51	61.87	62.09	372700
20210526	62.50	63.72	62.20	63.53	316800
20210527	64.17	64.50	63.56	63.74	465300
20210528	64.10	64.65	63.39	64.36	212900
20210601	64.50	65.01	64.23	64.60	275200
20210602	65.01	65.48	63.79	64.03	441200
20210603	63.81	65.11	62.91	65.01	314800
20210604	65.34	65.85	64.99	65.60	318600
20210607	65.70	66.34	65.24	65.45	370700
20210608	65.71	66.83	65.00	66.78	366100
20210609	67.00	67.19	65.94	66.17	304300
20210610	66.57	67.33	65.90	67.11	208000
20210611	67.48	67.99	66.86	67.80	214900
20210614	68.00	68.00	66.25	66.75	449200
20210615	66.58	67.44	65.49	65.71	460900
20210616	65.30	65.58	63.93	64.29	487900
20210617	63.78	64.65	62.63	63.13	601600
20210618	62.16	62.48	61.00	61.56	832200
20210621	62.01	64.05	62.01	63.95	340900
20210622	64.09	64.63	63.62	64.47	389900
20210623	64.33	64.58	63.90	64.12	199800
20210624	64.39	64.56	63.72	63.91	182800
20210625	63.86	65.60	63.49	65.56	637700
20210628	65.58	65.58	63.64	64.05	245700
20210629	64.34	64.80	63.10	63.48	256700
20210630	63.20	63.69	62.15	62.75	523700
20210701	62.99	64.16	62.69	63.54	429000
20210702	63.43	63.69	62.66	63.44	338200
20210706	63.59	63.72	61.86	62.58	733200
20210707	62.51	63.68	62.51	63.37	385600
20210708	62.33	62.90	61.67	62.36	327100
20210709	62.94	63.43	62.36	63.23	296900
20210712	62.77	63.65	62.66	63.25	197000
20210713	63.09	64.09	61.33	61.41	311500
20210714	61.86	62.00	60.50	60.64	262300
20210715	60.11	60.82	59.50	60.39	368300
20210716	60.63	61.02	59.07	59.19	310400
20210719	58.14	59.60	57.49	58.33	457000
20210720	59.16	62.07	59.16	61.34	526000
20210721	61.65	62.73	59.91	61.99	405100
20210722	61.75	62.17	60.01	61.13	391200
20210723	61.43	61.91	60.92	61.58	235400
20210726	61.43	62.20	60.42	61.53	205900
20210727	61.76	61.88	60.82	61.46	226800
20210728	61.55	62.35	60.63	61.77	212000
20210729	62.36	62.51	61.53	61.67	401600
20210730	61.34	62.56	60.74	61.72	308800
20210802	61.89	63.14	60.81	61.74	441000
20210803	62.88	63.86	61.13	63.62	572500
20210804	63.11	63.66	61.94	62.50	392000
20210805	62.69	62.87	61.53	62.24	300600
20210806	62.43	62.92	61.90	62.52	219000
20210809	62.21	62.95	61.77	62.90	292500
20210810	62.90	63.69	62.60	63.09	351800
20210811	63.41	64.54	62.06	64.12	474600
20210812	63.27	63.61	62.82	63.20	289900
20210813	63.38	63.78	61.69	61.90	472300
20210816	61.79	63.02	60.94	62.76	392500
20210817	62.02	62.71	61.65	62.56	519300
20210818	62.24	62.65	59.53	59.65	546100
20210819	59.08	60.71	59.08	60.62	410200
20210820	60.68	63.38	60.28	63.22	520200
20210823	63.29	64.28	62.48	63.44	381700
20210824	63.40	64.36	62.10	64.17	189700
20210825	64.19	65.61	64.01	64.34	309800
20210826	64.49	64.53	63.73	64.26	237200
20210827	64.53	66.13	64.36	66.08	325500
20210830	66.24	66.97	65.67	66.30	307900
20210831	66.35	66.93	65.80	66.12	299100
20210901	66.30	66.99	65.22	66.63	280100
20210902	66.87	68.30	66.66	68.26	315500
20210903	67.89	68.65	67.89	68.16	285500
20210907	68.01	68.12	66.60	66.66	252900
20210908	66.28	66.57	64.67	65.93	667500
20210909	66.06	67.43	65.60	65.70	252500
20210910	66.50	66.67	64.56	64.66	256000
20210913	65.33	65.33	64.00	65.02	197500
20210914	65.07	65.67	60.32	60.48	1144200
20210915	56.70	60.87	56.70	59.74	513600
20210916	59.85	60.37	58.74	59.36	651400
20210917	59.47	61.24	59.47	61.22	1489900
20210920	61.36	63.36	59.81	63.21	811900
20210921	63.75	63.98	62.53	63.74	362200
20210922	63.95	66.23	63.54	65.50	564500
20210923	66.13	66.20	64.80	65.15	331200
20210924	65.28	65.93	64.68	65.15	352300
20210927	65.47	66.81	65.23	65.59	390500
20210928	65.11	65.75	64.25	64.57	653900
20210929	64.70	64.87	63.96	64.25	162600
20210930	64.66	64.76	63.43	63.78	502100
20211001	65.49	65.90	63.56	65.49	281800
20211004	65.16	66.77	64.23	64.57	523000
20211005	63.25	63.46	60.52	61.06	1204000
20211006	61.33	61.33	59.35	60.64	427600
20211007	60.61	61.92	59.94	60.14	578000
20211008	60.14	61.17	57.97	58.12	382400
20211011	58.06	58.12	56.23	56.42	413400
20211012	56.76	57.12	56.10	56.22	307400
20211013	56.06	56.36	55.10	55.15	347800
20211014	55.94	56.64	55.38	55.71	318900
20211015	56.09	57.63	56.09	56.89	304700
20211018	56.60	56.92	56.00	56.53	348400
20211019	56.96	57.48	56.40	56.76	290200
20211020	57.04	58.13	56.42	57.19	258200
20211021	57.41	58.05	56.77	57.95	316100
20211022	57.57	58.22	56.66	57.75	322800
20211025	57.49	57.70	56.09	56.23	390000
20211026	55.50	57.17	54.41	55.94	669600
20211027	55.98	56.94	55.62	56.12	560700
20211028	56.57	58.87	56.51	58.38	720600
20211029	60.50	62.46	60.45	62.00	1160500
20211101	61.75	63.39	61.29	63.20	503500
20211102	62.99	63.25	62.19	62.74	649400
20211103	62.19	62.70	61.24	62.18	492300
20211104	62.06	62.49	61.62	62.41	359100
20211105	62.80	65.50	62.76	64.22	475900
20211108	64.04	64.88	63.42	64.30	287600
20211109	64.46	64.71	63.55	64.16	345100
20211110	64.20	65.25	64.11	64.17	378700
20211111	64.10	64.42	63.65	63.94	291900
20211112	64.03	65.22	63.55	64.73	270900
20211115	64.89	65.53	64.53	64.91	375800
20211116	64.74	65.51	64.21	65.15	303700
20211117	64.69	65.48	64.12	65.21	254700
20211118	65.15	65.62	63.68	64.62	323500
20211119	64.22	64.76	61.52	61.92	474000
20211122	62.05	62.78	61.35	61.69	291700
20211123	61.58	61.61	60.43	60.86	323700
20211124	60.64	61.52	60.37	61.25	254600
20211126	59.76	59.95	57.60	57.81	193000
20211129	58.39	58.65	56.50	56.60	359800
20211130	56.36	57.07	55.50	56.17	343000
20211201	56.91	57.56	53.67	53.76	866400
20211202	54.29	57.54	54.29	57.24	441800
20211203	57.19	57.19	55.28	56.19	358800
20211206	57.01	57.92	56.16	56.92	480500
20211207	57.39	59.72	56.90	59.02	570300
20211208	59.17	59.70	58.50	59.45	266000
20211209	59.13	59.71	57.19	58.21	228100
20211210	58.58	59.59	57.83	58.70	323000
20211213	58.51	59.53	57.84	57.97	259500
20211214	57.28	58.07	56.28	56.85	717600
20211215	56.79	57.99	55.70	57.94	456600
20211216	58.23	58.71	56.23	56.25	280300
20211217	56.40	58.92	55.66	57.92	1287300
20211220	56.69	57.57	54.63	56.42	446200
20211221	57.05	58.73	57.05	58.14	289300
20211222	58.24	59.21	55.85	58.76	249600
20211223	59.01	59.54	58.54	59.12	177000
20211227	59.15	59.27	58.37	59.23	221000
20211228	59.33	60.33	58.40	60.05	210400
20211229	60.18	60.68	59.60	59.76	138100
20211230	59.74	61.28	59.74	60.13	164400
20211231	60.30	60.88	60.15	60.70	336300
20220103	60.91	61.67	59.23	60.28	484900
20220104	60.96	61.48	60.18	60.34	379700
20220105	60.13	61.17	58.76	58.87	537700
20220106	60.22	60.22	57.73	57.90	483400
20220107	58.07	59.39	56.34	56.36	761200
20220110	56.25	56.28	54.87	55.61	781100
20220111	55.59	57.35	54.26	57.34	656100
20220112	57.03	57.89	55.00	55.61	479600
20220113	56.20	58.05	55.49	56.98	696300
20220114	56.64	57.69	56.29	57.63	530200
20220118	56.85	57.06	54.39	54.51	469400
20220119	54.87	55.27	53.51	53.80	389700
20220120	54.08	55.64	53.14	53.30	300500
20220121	53.36	54.01	52.32	53.04	394200
20220124	52.27	55.08	51.71	54.79	511800
20220125	54.06	54.20	52.48	53.16	333900
20220126	53.67	54.28	52.08	52.64	318100
20220127	52.70	53.12	50.84	50.85	391300
20220128	50.71	52.37	50.07	52.31	378200
20220131	51.55	52.82	51.37	52.65	535500
20220201	52.74	53.37	52.07	53.04	423100
20220202	53.05	53.68	51.87	53.50	385900
20220203	53.04	54.04	52.27	52.53	385600
20220204	51.93	52.72	50.53	52.14	402400
20220207	51.94	52.26	50.42	50.61	444300
20220208	50.65	52.83	50.23	51.70	581000
20220209	52.44	53.73	52.44	53.38	331800
20220210	52.51	54.49	52.32	52.91	419400
20220211	53.16	53.49	51.35	51.80	320400
20220214	51.94	53.19	51.92	52.41	474700
20220215	53.10	54.83	52.77	54.67	289800
20220216	54.20	54.97	53.75	54.84	388200
20220217	54.30	54.42	53.36	53.81	397100
20220218	53.87	54.64	52.81	52.93	225900
20220222	52.55	53.39	52.16	52.80	256600
20220223	53.11	53.38	52.06	52.53	424900
