20130903	6.14	6.26	6.12	6.17	1269
20130904	6.21	6.28	6.12	6.21	2205
20130905	6.24	6.25	6.15	6.23	3261
20130906	6.25	6.40	6.25	6.36	1138
20130909	6.42	6.61	6.38	6.60	1761
20130910	6.66	6.76	6.63	6.70	1660
20130911	6.75	6.97	6.73	6.88	3125
20130912	6.90	6.93	6.80	6.85	1798
20130913	6.84	6.90	6.78	6.79	1126
20130916	6.87	7.01	6.77	6.99	3875
20130917	7.03	7.12	7.02	7.11	2800
20130918	7.11	7.26	7.04	7.20	3058
20130919	7.25	7.25	7.07	7.10	1785
20130920	7.14	7.14	7.05	7.06	1647
20130923	7.04	7.11	7.03	7.08	1399
20130924	6.90	7.12	6.84	7.09	5566
20130925	7.06	7.27	7.05	7.22	2516
20130926	7.25	7.31	7.20	7.26	2288
20130927	7.19	7.26	7.10	7.11	3737
20130930	7.04	7.14	7.01	7.04	1115
20131001	6.99	7.10	6.92	7.08	2159
20131002	7.03	7.25	7.03	7.19	1661
20131003	7.16	7.20	7.12	7.16	1378
20131004	7.12	7.24	7.12	7.21	1256
20131007	7.18	7.25	7.15	7.20	865
20131008	7.16	7.26	7.13	7.22	3705
20131009	7.17	7.32	7.16	7.29	3957
20131010	7.31	7.42	7.25	7.40	5244
20131011	7.36	7.65	7.36	7.58	4127
20131014	7.50	7.67	7.50	7.64	2905
20131015	7.61	7.75	7.61	7.69	3061
20131016	7.72	7.75	7.50	7.70	1721
20131017	7.71	7.86	7.62	7.84	4138
20131018	7.84	7.85	7.62	7.67	1894
20131021	7.65	7.72	7.60	7.70	2257
20131022	7.72	7.88	7.65	7.84	2214
20131023	7.81	7.91	7.75	7.87	2804
20131024	7.86	7.95	7.82	7.88	2000
20131025	7.88	7.94	7.86	7.88	2561
20131028	7.88	7.99	7.87	7.95	3247
20131029	7.95	7.98	7.71	7.74	1532
20131030	7.73	7.78	7.52	7.67	3273
20131031	7.62	7.66	7.57	7.60	1775
20131101	7.60	7.64	7.52	7.62	2369
20131104	7.66	7.71	7.61	7.65	1244
20131105	7.61	7.69	7.50	7.52	1797
20131106	7.59	7.62	7.57	7.60	1107
20131107	7.59	7.59	7.37	7.43	3705
20131108	7.37	7.40	7.23	7.27	2091
20131111	7.24	7.27	7.15	7.24	1473
20131112	7.22	7.36	7.17	7.33	1182
20131113	7.33	7.43	7.26	7.43	2177
20131114	7.42	7.60	7.38	7.57	1202
20131115	7.56	7.64	7.55	7.61	1242
20131118	7.60	7.60	7.37	7.38	4126
20131119	7.36	7.52	7.29	7.51	3902
20131120	7.51	7.64	7.43	7.48	2099
20131121	7.46	7.54	7.44	7.52	1090
20131122	7.51	7.59	7.50	7.55	1892
20131125	7.60	7.60	7.49	7.50	668
20131126	7.48	7.69	7.45	7.62	1407
20131127	7.63	7.80	7.63	7.80	1804
20131129	7.84	7.98	7.75	7.94	2578
20131202	7.92	7.94	7.78	7.81	1490
20131203	7.75	7.75	7.41	7.51	2240
20131204	7.43	7.57	7.41	7.56	4988
20131205	7.54	7.61	7.47	7.60	1215
20131206	7.62	7.69	7.59	7.66	725
20131209	7.71	7.71	7.62	7.64	522
20131210	7.63	7.74	7.56	7.56	726
20131211	7.55	7.60	7.49	7.55	1454
20131212	7.47	7.52	7.42	7.45	1325
20131213	7.50	7.50	7.33	7.35	2213
20131216	7.36	7.44	7.32	7.37	2284
20131217	7.35	7.44	7.33	7.37	2162
20131218	7.44	7.44	7.25	7.33	2018
20131219	7.34	7.42	7.33	7.36	1704
20131220	7.36	7.59	7.36	7.47	7413
20131223	7.55	7.55	7.34	7.49	3157
20131224	7.50	7.64	7.50	7.62	1018
20131226	7.62	7.62	7.44	7.45	2312
20131227	7.43	7.69	7.41	7.66	2114
20131230	7.66	7.71	7.60	7.60	1544
20131231	7.65	7.75	7.61	7.68	1350
20140102	7.61	7.62	7.47	7.47	1261
20140103	7.44	7.52	7.44	7.47	729
20140106	7.45	7.53	7.42	7.42	1934
20140107	7.42	7.54	7.42	7.47	822
20140108	7.44	7.49	7.34	7.34	1811
20140109	7.36	7.36	7.17	7.25	3047
20140110	7.25	7.31	7.21	7.22	1520
20140113	7.22	7.28	7.16	7.22	2097
20140114	7.19	7.38	7.19	7.36	2253
20140115	7.34	7.42	7.26	7.31	5065
20140116	7.27	7.51	7.22	7.51	1212
20140117	7.53	7.55	7.44	7.52	1610
20140121	7.51	7.59	7.49	7.55	1643
20140122	7.59	7.65	7.56	7.58	1227
20140123	7.69	7.69	7.45	7.47	1141
20140124	7.38	7.55	6.67	6.87	8752
20140127	6.90	7.01	6.69	6.99	2779
20140128	6.99	7.36	6.95	7.32	2671
20140129	7.30	7.30	7.10	7.28	2273
20140130	7.31	7.40	7.23	7.29	951
20140131	7.16	7.21	7.06	7.13	2778
20140203	7.07	7.12	6.64	6.66	2942
20140204	6.66	6.88	6.45	6.78	1976
20140205	6.78	7.08	6.75	7.04	1369
20140206	7.06	7.31	7.06	7.26	2183
20140207	7.28	7.39	7.19	7.21	2718
20140210	7.20	7.38	7.20	7.25	1811
20140211	7.25	7.37	6.85	7.26	3413
20140212	7.26	7.45	7.24	7.36	1819
20140213	7.32	7.44	7.32	7.39	2080
20140214	7.35	7.67	7.35	7.60	1938
20140218	7.59	7.63	7.43	7.43	1456
20140219	7.39	7.45	7.31	7.36	1520
20140220	7.36	7.52	7.36	7.44	1231
20140221	7.54	7.61	7.50	7.55	1262
20140224	7.53	7.63	7.51	7.59	1139
20140225	7.54	7.54	7.29	7.44	1737
20140226	7.40	7.50	7.40	7.44	1130
20140227	7.43	7.50	7.37	7.44	1634
20140228	7.42	7.51	7.42	7.44	1676
20140303	7.39	7.55	7.22	7.29	1950
20140304	7.37	7.51	7.36	7.50	1343
20140305	7.54	7.62	7.51	7.52	1990
20140306	7.51	7.60	7.48	7.54	1280
20140307	7.53	7.68	7.46	7.60	4051
20140310	7.53	7.69	7.50	7.63	1688
20140311	7.63	7.68	7.53	7.57	893
20140312	7.57	7.78	7.52	7.64	2374
20140313	7.64	7.69	7.47	7.48	1502
20140314	7.46	7.60	7.45	7.56	1148
20140317	7.62	7.69	7.55	7.55	1075
20140318	7.57	7.61	7.48	7.57	767
20140319	7.62	7.64	7.44	7.54	984
20140320	7.47	7.54	7.41	7.48	1748
20140321	7.51	7.51	7.31	7.34	2623
20140324	7.32	7.44	7.20	7.38	4217
20140325	7.44	7.64	7.36	7.64	7775
20140326	7.65	7.69	7.54	7.66	2581
20140327	7.67	7.73	7.47	7.51	2733
20140328	7.55	7.69	7.54	7.68	707
20140331	7.69	7.79	7.65	7.75	1396
20140401	7.76	7.81	7.66	7.72	1522
20140402	7.71	7.83	7.69	7.80	2413
20140403	7.82	7.84	7.76	7.81	978
20140404	7.86	7.86	7.72	7.73	997
20140407	7.73	7.81	7.71	7.76	1573
20140408	7.78	7.86	7.71	7.79	1708
20140409	7.79	7.98	7.79	7.93	9688
20140410	7.95	8.08	7.94	8.04	2581
20140411	8.03	8.20	8.03	8.07	1518
20140414	8.19	8.50	8.12	8.45	4273
20140415	8.47	8.54	8.41	8.46	4051
20140416	8.49	8.55	8.45	8.50	2297
20140417	8.55	8.55	8.46	8.50	1188
20140421	8.52	8.54	8.41	8.46	944
20140422	8.46	8.50	8.43	8.45	971
20140423	8.50	8.53	8.45	8.50	1515
20140424	8.55	8.72	8.55	8.68	2638
20140425	8.69	8.78	8.57	8.78	2076
20140428	8.83	8.85	8.70	8.81	2107
20140429	8.80	8.87	8.67	8.67	1806
20140430	8.69	8.69	8.44	8.47	1859
20140501	8.44	8.49	8.30	8.39	1517
20140502	8.40	8.60	8.40	8.55	1267
20140505	8.48	8.48	8.23	8.30	3422
20140506	8.30	8.43	8.22	8.32	1868
20140507	8.33	8.43	8.31	8.40	863
20140508	8.45	8.57	8.38	8.40	1125
20140509	8.39	8.45	8.37	8.38	1614
20140512	8.44	8.57	8.42	8.50	2007
20140513	8.57	8.74	8.49	8.68	1524
20140514	8.74	8.74	8.52	8.60	1311
20140515	8.60	8.66	8.45	8.50	1305
20140516	8.49	8.58	8.41	8.56	1076
20140519	8.50	8.58	8.50	8.57	1334
20140520	8.54	8.69	8.50	8.67	1143
20140521	8.72	8.75	8.68	8.74	951
20140522	8.75	8.79	8.69	8.70	1013
20140523	8.68	8.82	8.67	8.71	570
20140527	8.78	8.81	8.59	8.70	1396
20140528	8.64	8.73	8.57	8.63	1233
20140529	8.63	8.74	8.56	8.66	849
20140530	8.67	8.72	8.59	8.64	1214
20140602	8.91	9.15	8.90	9.00	5664
20140603	8.94	9.15	8.93	9.05	19120
20140604	9.05	9.21	8.96	9.15	3891
20140605	9.11	9.38	9.08	9.30	3084
20140606	9.35	9.47	9.28	9.45	2372
20140609	9.40	9.55	9.40	9.41	1819
20140610	9.35	9.50	9.34	9.43	1224
20140611	9.37	9.53	9.32	9.33	1525
20140612	9.31	9.35	9.27	9.29	1174
20140613	9.23	9.32	9.22	9.22	1144
20140616	9.21	9.25	8.76	8.99	4064
20140617	8.98	9.08	8.97	8.97	1770
20140618	8.82	8.82	8.68	8.77	5854
20140619	8.76	8.89	8.72	8.87	2647
20140620	8.88	9.04	8.83	9.01	2908
20140623	8.97	9.11	8.96	9.03	2149
20140624	9.06	9.10	8.98	8.99	1901
20140625	8.94	8.98	8.75	8.79	2505
20140626	8.76	8.81	8.75	8.76	746
20140627	8.76	9.13	8.76	9.12	1603
20140630	9.08	9.08	8.94	8.96	2203
20140701	9.02	9.06	8.91	8.97	1699
20140702	8.93	9.13	8.93	9.13	908
20140703	9.14	9.14	9.03	9.13	672
20140707	9.16	9.31	9.05	9.28	1401
20140708	9.22	9.23	9.06	9.13	1693
20140709	9.11	9.29	8.95	9.22	2871
20140710	9.15	9.36	9.06	9.31	1818
20140711	9.35	9.54	9.18	9.50	2044
20140714	9.50	9.69	9.47	9.49	2255
20140715	9.45	9.50	9.24	9.47	3646
20140716	9.45	9.60	9.44	9.51	4404
20140717	9.50	9.57	9.39	9.44	1862
20140718	9.45	9.78	9.45	9.54	1340
20140721	9.49	9.54	9.30	9.36	1664
20140722	9.37	9.44	9.29	9.42	1337
20140723	9.42	9.42	9.34	9.35	1325
20140724	9.35	9.51	9.32	9.50	2867
20140725	9.45	9.56	9.40	9.45	1492
20140728	9.45	9.50	9.43	9.48	1007
20140729	9.50	9.51	9.42	9.42	662
20140730	9.48	9.49	9.39	9.47	1006
20140731	9.42	9.51	9.39	9.46	2020
20140801	9.40	9.64	9.40	9.62	2104
20140804	9.62	9.78	9.61	9.63	2486
20140805	9.63	9.63	9.46	9.50	2519
20140806	9.50	9.69	9.47	9.56	5156
20140807	9.59	9.81	9.58	9.69	1688
20140808	9.72	9.74	9.60	9.73	433
20140811	9.73	9.83	9.70	9.73	1671
20140812	9.73	9.73	9.60	9.70	1255
20140813	9.73	9.73	9.54	9.58	1401
20140814	9.61	9.61	9.38	9.40	1711
20140815	9.48	9.55	9.12	9.12	1767
20140818	9.11	9.33	9.09	9.25	3521
20140819	9.28	9.38	9.07	9.09	4155
20140820	9.04	9.13	8.86	8.99	1955
20140821	9.03	9.14	8.89	8.90	1538
20140822	8.87	8.91	8.49	8.88	2654
20140825	8.90	8.95	8.59	8.67	2328
20140826	8.61	8.83	8.60	8.72	1496
20140827	8.67	8.94	8.66	8.93	1676
20140828	8.86	9.05	8.84	8.94	1610
20140829	8.92	9.01	8.88	8.97	2303
20140902	8.68	8.94	8.27	8.49	7849
20140903	8.50	8.73	8.48	8.61	32296
20140904	8.61	8.86	8.61	8.70	3052
20140905	8.66	8.68	8.57	8.60	2540
20140908	8.57	8.74	8.38	8.55	2250
20140909	8.55	8.58	8.53	8.56	1606
20140910	8.55	8.59	8.53	8.56	1420
20140911	8.49	8.60	8.47	8.56	2197
20140912	8.55	8.59	8.50	8.56	1699
20140915	8.55	8.56	8.44	8.44	2098
20140916	8.45	8.61	8.44	8.51	1408
20140917	8.54	8.60	8.49	8.55	1806
20140918	8.55	8.66	8.50	8.61	1846
20140919	8.64	8.66	8.57	8.59	1099
20140922	8.51	8.59	8.45	8.57	2455
20140923	8.55	8.60	8.50	8.56	2311
20140924	8.53	8.64	8.47	8.61	2935
20140925	8.62	8.62	8.39	8.41	2097
20140926	8.43	8.45	8.23	8.43	1996
20140929	8.38	8.49	8.31	8.47	2233
20140930	8.46	8.46	8.30	8.36	2828
20141001	8.33	8.40	8.30	8.36	2362
20141002	8.36	8.40	8.16	8.26	2970
20141003	8.27	8.38	8.24	8.25	1288
20141006	8.24	8.40	8.24	8.40	1268
20141007	8.36	8.48	8.31	8.38	1431
20141008	8.38	8.47	8.27	8.45	1220
20141009	8.45	8.52	8.26	8.30	1230
20141010	8.21	8.27	8.11	8.15	1793
20141013	8.11	8.11	7.90	8.05	1589
20141014	7.98	8.08	7.86	7.98	1844
20141015	7.85	7.94	7.62	7.91	2186
20141016	7.80	8.10	7.77	7.97	1030
20141017	8.03	8.15	8.01	8.07	594
20141020	8.06	8.18	8.04	8.18	3645
20141021	8.12	8.32	8.03	8.24	1995
20141022	8.22	8.33	8.09	8.13	1151
20141023	8.19	8.19	7.92	7.98	1535
20141024	7.97	8.09	7.77	7.78	1674
20141027	7.71	7.90	7.71	7.86	2157
20141028	7.89	8.15	7.89	8.14	1204
20141029	8.12	8.31	8.02	8.24	4382
20141030	8.23	8.29	8.19	8.22	503
20141031	8.21	8.64	8.21	8.61	2775
20141103	8.60	8.67	8.52	8.53	1599
20141104	8.24	8.59	8.11	8.57	1623
20141105	8.65	8.65	8.44	8.48	2293
20141106	8.48	8.57	8.45	8.49	2180
20141107	8.53	8.54	8.38	8.46	1497
20141110	8.44	8.53	8.41	8.45	594
20141111	8.45	8.51	8.41	8.49	725
20141112	8.44	8.51	8.40	8.44	959
20141113	8.42	8.72	8.38	8.64	1098
20141114	8.66	8.76	8.59	8.71	724
20141117	8.67	8.80	8.64	8.78	1126
20141118	8.76	8.76	8.68	8.72	1449
20141119	8.74	8.91	8.71	8.85	1101
20141120	8.85	8.88	8.76	8.86	1365
20141121	8.86	9.02	8.86	8.94	980
20141124	8.94	8.99	8.86	8.93	578
20141125	8.87	9.01	8.87	8.96	1006
20141126	8.94	8.98	8.90	8.91	670
20141128	8.87	8.87	8.39	8.64	1925
20141201	8.58	8.58	8.41	8.49	3205
20141202	8.49	8.59	8.38	8.41	968
20141203	8.40	8.77	8.38	8.64	4293
20141204	8.63	8.68	8.44	8.47	1093
20141205	8.45	8.62	8.36	8.60	11313
20141208	8.55	8.64	8.38	8.40	2547
20141209	8.34	8.74	8.24	8.66	2766
20141210	8.60	8.66	8.14	8.19	2170
20141211	8.17	8.30	8.09	8.10	1445
20141212	8.06	8.17	7.80	7.86	1357
20141215	7.88	7.92	7.41	7.56	1734
20141216	7.44	7.62	7.23	7.44	3779
20141217	7.41	7.57	7.37	7.53	1428
20141218	7.61	7.69	7.44	7.53	1320
20141219	7.55	7.63	7.39	7.44	950
20141222	7.50	7.64	7.47	7.58	873
20141223	7.56	7.69	7.47	7.50	763
20141224	7.44	7.56	7.38	7.50	593
20141226	7.49	7.54	7.45	7.50	222
20141229	7.44	7.59	7.37	7.48	1190
20141230	7.50	7.57	7.41	7.49	601
20141231	7.45	7.65	7.36	7.61	1766
20150102	7.56	7.66	7.55	7.58	1244
20150105	7.55	7.68	7.46	7.50	1324
20150106	7.54	7.62	7.42	7.51	1528
20150107	7.51	7.65	7.49	7.61	2530
20150108	7.65	7.80	7.65	7.74	848
20150109	7.73	7.88	7.73	7.86	781
20150112	7.83	7.87	7.67	7.83	2694
20150113	7.83	7.84	7.43	7.54	3888
20150114	7.59	7.63	7.44	7.62	738
20150115	7.62	7.62	7.45	7.49	2166
20150116	7.53	7.63	7.44	7.54	2202
20150120	7.55	7.63	7.44	7.52	906
20150121	7.49	7.59	7.39	7.44	1164
20150122	7.45	7.61	7.42	7.57	2530
20150123	7.52	7.57	7.39	7.47	678
20150126	7.44	7.51	7.33	7.36	724
20150127	7.30	7.63	7.30	7.60	675
20150128	7.60	7.64	7.42	7.47	1320
20150129	7.45	7.54	7.25	7.50	970
20150130	7.42	7.47	7.25	7.37	1643
20150202	7.41	7.56	7.34	7.55	2937
20150203	7.60	7.81	7.54	7.61	12541
20150204	7.61	7.71	7.54	7.60	2122
20150205	7.64	7.70	7.53	7.68	2232
20150206	7.69	7.77	7.61	7.69	3893
20150209	7.65	7.78	7.65	7.69	2245
20150210	7.73	7.74	7.62	7.67	1203
20150211	7.62	7.67	7.61	7.64	678
20150212	7.63	7.70	7.59	7.63	1854
20150213	7.58	7.66	7.57	7.62	1187
20150217	7.64	7.68	7.57	7.66	1469
20150218	7.64	7.69	7.53	7.63	1080
20150219	7.62	7.68	7.62	7.65	2086
20150220	7.60	7.69	7.60	7.64	1593
20150223	7.62	7.81	7.61	7.80	3099
20150224	7.81	8.00	7.80	7.88	9099
20150225	7.87	8.18	7.87	8.01	7001
20150226	8.07	8.51	8.02	8.47	2145
20150227	8.38	8.61	8.34	8.40	2062
20150302	8.49	8.55	8.38	8.41	1524
20150303	8.38	8.42	8.24	8.29	1387
20150304	8.27	8.36	8.13	8.34	3639
20150305	8.33	8.91	8.33	8.88	5332
20150306	8.90	9.02	8.76	8.87	2244
20150309	8.87	9.47	8.83	9.10	5083
20150310	8.98	9.01	8.66	8.83	2275
20150311	8.87	9.48	8.75	9.38	4413
20150312	9.46	9.48	9.17	9.31	5220
20150313	9.32	9.33	9.14	9.24	2074
20150316	9.21	9.31	9.10	9.23	4537
20150317	9.15	9.34	9.14	9.30	5094
20150318	9.22	9.33	9.15	9.32	2995
20150319	9.35	9.54	9.30	9.51	4520
20150320	9.53	10.27	9.47	10.10	12270
20150323	10.08	10.84	10.08	10.54	4518
20150324	10.52	10.62	10.07	10.25	3766
20150325	10.28	10.38	10.02	10.03	3076
20150326	10.02	10.02	9.69	9.77	3418
20150327	9.79	9.92	9.53	9.57	4770
20150330	9.56	9.76	9.46	9.67	5940
20150331	9.52	9.83	9.50	9.70	2281
20150401	9.69	9.77	9.62	9.65	2229
20150402	9.60	10.12	9.54	9.79	8045
20150406	9.79	10.11	9.74	10.04	2180
20150407	9.97	9.97	9.70	9.76	3113
20150408	9.79	9.87	9.63	9.72	2443
20150409	9.72	9.74	9.61	9.69	5214
20150410	9.71	9.85	9.70	9.83	1916
20150413	9.77	9.83	9.72	9.78	1350
20150414	9.76	9.86	9.73	9.77	2672
20150415	9.81	9.86	9.56	9.59	1689
20150416	9.67	9.72	9.54	9.58	1265
20150417	9.53	9.65	9.47	9.63	3896
20150420	9.66	9.66	9.52	9.55	994
20150421	9.59	9.73	9.54	9.64	2178
20150422	9.67	9.78	9.50	9.70	769
20150423	9.70	9.85	9.54	9.69	1548
20150424	9.70	9.84	9.62	9.66	1280
20150427	9.66	9.86	9.62	9.78	1513
20150428	9.74	9.78	9.63	9.69	1284
20150429	9.69	9.69	9.55	9.60	1146
20150430	9.55	9.64	9.15	9.22	3388
20150501	9.24	9.43	9.20	9.35	1753
20150504	9.35	9.77	9.35	9.65	1676
20150505	9.66	9.68	9.41	9.42	1577
20150506	9.38	9.45	9.26	9.28	905
20150507	9.25	9.34	9.11	9.26	959
20150508	9.31	9.44	9.27	9.31	511
20150511	9.28	9.37	9.20	9.25	1245
20150512	9.22	9.67	9.12	9.66	3995
20150513	9.70	9.86	9.64	9.67	1030
20150514	9.70	9.89	9.70	9.89	2088
20150515	9.97	10.24	9.82	9.95	1054
20150518	9.89	9.97	9.74	9.88	2315
20150519	9.92	9.97	9.50	9.78	2234
20150520	9.77	9.77	9.46	9.69	2074
20150521	9.68	9.71	9.52	9.55	2934
20150522	9.51	9.70	9.38	9.53	2157
20150526	9.49	9.58	9.35	9.38	2001
20150527	9.39	9.39	9.26	9.32	2395
20150528	9.30	9.30	9.18	9.21	1503
20150529	9.18	9.27	9.11	9.17	1642
20150601	9.19	9.19	9.06	9.07	4222
20150602	9.07	9.45	9.06	9.40	6725
20150603	9.43	9.59	9.39	9.53	2254
20150604	9.48	9.75	9.44	9.52	4215
20150605	9.51	9.67	9.45	9.54	1144
20150608	9.56	9.63	9.37	9.52	1508
20150609	9.50	9.50	9.40	9.48	889
20150610	9.48	9.58	9.24	9.39	3278
20150611	9.40	9.46	9.27	9.28	623
20150612	9.27	9.32	9.13	9.30	1208
20150615	9.24	9.29	9.12	9.18	791
20150616	9.19	9.29	9.11	9.14	1179
20150617	9.13	9.13	8.55	8.74	7424
20150618	8.76	8.84	8.64	8.71	708
20150619	8.73	8.93	8.54	8.93	4322
20150622	8.93	9.24	8.82	9.21	3947
20150623	9.24	9.28	9.05	9.12	1358
20150624	9.13	9.13	8.85	8.87	768
20150625	8.91	9.08	8.75	9.02	2469
20150626	9.01	9.05	8.89	9.02	6281
20150629	8.97	9.01	8.76	8.83	1274
20150630	8.86	8.88	8.71	8.76	1243
20150701	8.78	8.87	8.72	8.74	537
20150702	8.79	8.79	8.62	8.76	1458
20150706	8.72	9.05	8.62	8.98	3349
20150707	9.00	9.12	8.83	8.97	2433
20150708	8.92	8.96	8.57	8.71	1175
20150709	8.76	8.92	8.67	8.79	1635
20150710	8.85	8.98	8.73	8.83	1393
20150713	8.89	8.96	8.82	8.88	707
20150714	8.83	9.00	8.80	8.91	2136
20150715	8.91	9.02	8.84	8.93	3075
20150716	8.92	8.99	8.75	8.88	1581
20150717	8.90	8.90	8.74	8.78	4393
20150720	8.79	8.83	8.63	8.67	911
20150721	8.60	8.76	8.39	8.57	2049
20150722	8.50	8.64	8.33	8.38	1175
20150723	8.34	8.40	8.22	8.32	826
20150724	8.30	8.35	8.19	8.33	1206
20150727	8.29	8.41	8.15	8.19	1227
20150728	8.20	8.25	8.14	8.19	7843
20150729	8.20	8.53	8.20	8.46	399
20150730	8.40	8.43	8.32	8.33	185
20150731	8.29	8.55	8.19	8.21	1301
20150803	8.22	8.26	8.07	8.19	816
20150804	8.19	8.27	8.09	8.22	563
20150805	8.25	8.33	8.07	8.17	1512
20150806	8.13	8.19	7.96	8.18	840
20150807	8.17	8.19	8.00	8.00	1514
20150810	8.04	8.21	8.00	8.19	747
20150811	8.15	8.19	8.09	8.11	1161
20150812	8.06	8.10	7.96	8.05	711
20150813	8.04	8.13	7.94	7.99	862
20150814	7.79	8.12	7.66	7.93	2356
20150817	7.91	7.99	7.76	7.91	923
20150818	7.81	7.95	7.73	7.81	1034
20150819	7.80	7.87	7.62	7.74	2189
20150820	7.75	7.80	7.62	7.73	997
20150821	7.67	7.75	7.54	7.65	1733
20150824	7.34	7.51	6.37	7.25	2225
20150825	7.36	7.55	7.24	7.24	1139
20150826	7.21	7.35	7.07	7.21	1652
20150827	7.30	7.73	7.25	7.63	1906
20150828	7.62	7.79	7.61	7.71	507
20150831	7.64	7.76	7.57	7.57	627
20150901	7.48	7.60	7.46	7.47	924
20150902	7.53	7.60	7.28	7.38	1391
20150903	7.39	7.79	7.34	7.65	2631
20150904	7.57	7.71	7.56	7.69	693
20150908	7.79	7.90	7.64	7.75	1888
20150909	7.80	8.05	7.73	7.83	1140
20150910	7.81	7.88	7.69	7.73	597
20150911	7.72	7.83	7.63	7.67	1195
20150914	7.79	8.06	7.79	8.04	1151
20150915	8.01	8.11	7.84	8.00	983
20150916	8.07	8.35	8.00	8.23	3189
20150917	8.20	8.36	8.17	8.24	3694
20150918	8.19	8.25	8.09	8.14	3802
20150921	8.18	8.22	7.96	7.99	780
20150922	7.91	7.94	7.81	7.82	620
20150923	7.86	7.91	7.70	7.81	1552
20150924	7.77	7.90	7.66	7.82	1517
20150925	7.87	7.97	7.71	7.71	1532
20150928	7.82	7.90	7.59	7.62	1167
20150929	7.62	7.72	7.49	7.55	1521
20150930	7.60	7.66	7.52	7.56	1468
20151001	7.52	7.79	7.52	7.70	4526
20151002	7.65	8.00	7.55	7.97	3292
20151005	8.03	8.40	7.93	8.28	1456
20151006	8.20	8.46	8.13	8.29	2214
20151007	8.31	8.76	8.31	8.65	2441
20151008	8.66	8.73	8.64	8.72	987
20151009	8.74	8.99	8.68	8.68	1541
20151012	8.67	8.85	8.65	8.70	697
20151013	8.72	8.76	8.52	8.52	738
20151014	8.54	8.57	8.42	8.45	1139
20151015	8.46	8.67	8.44	8.62	1495
20151016	8.72	8.77	8.55	8.76	4011
20151019	8.75	8.76	8.47	8.56	1106
20151020	8.56	8.67	8.48	8.56	1072
20151021	8.56	8.59	8.36	8.39	980
20151022	8.47	8.64	8.38	8.55	1678
20151023	8.56	8.75	8.49	8.75	3846
20151026	8.94	9.87	8.94	9.37	11323
20151027	9.22	9.32	8.96	9.21	7645
20151028	9.14	9.66	9.05	9.59	4558
20151029	9.62	10.36	9.37	10.05	8193
20151030	9.97	10.42	9.96	10.06	8990
20151102	10.05	10.40	10.04	10.24	4325
20151103	10.21	10.26	9.78	10.07	4270
20151104	10.07	10.66	10.06	10.37	6195
20151105	10.37	10.44	10.16	10.21	4326
20151106	10.13	10.44	9.93	10.44	3054
20151109	10.44	10.53	10.26	10.32	1704
20151110	10.26	10.31	10.10	10.23	1633
20151111	10.19	10.42	10.18	10.28	1388
20151112	10.19	10.71	10.15	10.67	4430
20151113	10.00	10.71	9.73	10.32	5276
20151116	10.26	10.81	10.26	10.66	5582
20151117	10.69	10.78	10.58	10.73	4124
20151118	10.78	10.86	10.50	10.66	5149
20151119	10.70	10.84	10.50	10.50	3927
20151120	10.58	10.67	10.12	10.35	10954
20151123	10.71	10.73	10.35	10.40	21166
20151124	10.38	10.51	10.31	10.38	5545
20151125	10.40	10.49	10.20	10.36	3575
20151127	10.35	10.54	10.29	10.39	2252
20151130	10.44	10.71	10.38	10.68	10859
20151201	10.71	10.71	10.29	10.43	3087
20151202	10.39	10.46	10.18	10.36	2675
20151203	10.37	10.45	10.16	10.26	1834
20151204	10.26	10.44	10.24	10.41	1611
20151207	10.42	10.44	10.25	10.33	2709
20151208	10.24	10.30	9.96	10.06	2485
20151209	10.02	10.26	9.96	10.05	4498
20151210	9.97	10.28	9.88	10.14	2804
20151211	10.07	10.62	10.03	10.11	9354
20151214	10.10	10.77	10.04	10.29	7564
20151215	10.82	11.13	10.65	11.08	22139
20151216	11.12	11.63	11.04	11.48	10825
20151217	11.49	11.92	11.49	11.69	6598
20151218	11.65	11.67	11.21	11.47	6166
20151221	11.58	11.64	11.28	11.36	2031
20151222	11.32	11.42	11.18	11.39	4357
20151223	11.43	11.46	11.27	11.34	4110
20151224	11.32	11.52	11.30	11.42	1787
20151228	11.40	11.77	11.33	11.66	3700
20151229	11.68	11.92	11.67	11.82	3663
20151230	11.80	11.84	11.54	11.56	2922
20151231	11.54	11.88	11.40	11.67	2817
20160104	11.58	11.61	11.25	11.31	2284
20160105	11.30	11.42	11.21	11.24	3955
20160106	11.14	11.31	10.99	11.16	7032
20160107	11.02	11.07	10.83	11.01	5616
20160108	11.09	11.21	10.98	11.11	3645
20160111	11.11	11.24	10.88	11.02	4659
20160112	11.10	11.27	11.10	11.25	2702
20160113	11.25	11.66	11.25	11.40	4900
20160114	11.45	11.49	11.19	11.21	2784
20160115	10.99	11.07	10.54	10.78	3080
20160119	10.82	10.86	10.38	10.53	2153
20160120	10.43	10.53	10.09	10.47	2274
20160121	10.48	10.64	10.38	10.56	1627
20160122	10.66	10.99	10.66	10.98	3282
20160125	10.97	11.12	10.87	10.96	2048
20160126	10.98	11.23	10.92	11.05	2761
20160127	11.02	11.26	10.91	10.98	3909
20160128	11.05	11.21	10.94	11.10	2898
20160129	11.11	11.34	11.08	11.32	3642
20160201	11.27	11.40	11.13	11.37	1432
20160202	11.29	11.34	11.10	11.22	3293
20160203	11.27	11.31	10.70	10.75	2173
20160204	10.77	11.11	10.65	11.04	3143
20160205	11.02	11.22	10.97	11.06	2578
20160208	10.97	11.02	10.81	10.93	1764
20160209	10.82	11.20	10.78	10.97	2286
20160210	11.00	11.02	10.53	10.64	4548
20160211	10.56	10.64	10.47	10.58	4306
20160212	10.65	11.39	10.65	11.31	5418
20160216	11.44	11.72	11.30	11.72	7168
20160217	11.95	12.42	11.77	12.25	7882
20160218	12.25	12.39	12.06	12.38	8336
20160219	12.34	12.39	12.20	12.26	3362
20160222	12.27	12.74	12.23	12.40	7585
20160223	12.39	12.47	12.32	12.34	2964
20160224	12.18	12.31	11.83	12.24	4501
20160225	12.27	12.56	12.15	12.56	2553
20160226	12.58	12.67	12.21	12.25	4255
20160229	12.25	12.58	12.25	12.38	4333
20160301	12.49	12.49	12.36	12.43	4530
20160302	12.43	12.63	12.34	12.55	3880
20160303	12.55	12.63	12.39	12.42	3620
20160304	12.44	12.57	12.28	12.35	4478
20160307	12.28	12.55	12.28	12.53	2759
20160308	12.53	12.53	12.38	12.48	2435
20160309	12.45	12.45	12.10	12.24	3446
20160310	12.29	12.40	12.18	12.22	4954
20160311	12.33	12.60	12.29	12.42	3669
20160314	12.38	12.43	12.20	12.26	3683
20160315	12.20	12.24	11.99	12.08	3130
20160316	12.01	12.23	11.95	12.18	1525
20160317	12.31	12.32	11.88	12.21	3558
20160318	12.20	12.58	11.71	11.79	8343
20160321	11.74	12.04	11.74	11.94	4192
20160322	11.03	11.10	10.73	10.82	38660
20160323	10.78	11.10	10.73	11.02	10294
20160324	10.97	11.11	10.95	11.02	9460
20160328	11.03	11.08	10.93	10.98	4201
20160329	10.98	11.11	10.97	11.01	8869
20160330	11.02	11.12	10.89	11.10	8440
20160331	11.10	11.15	10.93	10.97	6969
20160401	11.00	11.03	10.76	10.87	2572
20160404	10.91	10.92	10.64	10.70	4868
20160405	10.64	10.71	10.36	10.56	9911
20160406	10.56	10.65	10.42	10.45	5594
20160407	10.42	10.57	10.25	10.28	6542
20160408	10.29	10.49	10.26	10.47	5497
20160411	10.52	10.73	10.35	10.35	4221
20160412	10.31	10.64	10.29	10.59	6738
20160413	10.64	10.66	10.50	10.58	8947
20160414	10.59	10.70	10.45	10.66	6045
20160415	10.64	10.83	10.52	10.66	4057
20160418	10.62	10.74	10.46	10.71	5989
20160419	10.78	11.11	10.78	11.01	11807
20160420	10.95	11.06	10.78	10.80	5145
20160421	10.86	10.87	10.58	10.59	4569
20160422	10.53	10.74	10.48	10.69	6565
20160425	10.70	10.73	10.41	10.45	8372
20160426	10.45	10.54	10.31	10.38	23449
20160427	10.40	10.53	10.32	10.35	5580
20160428	10.33	10.49	10.30	10.39	7680
20160429	10.39	10.39	10.07	10.12	5406
20160502	10.12	10.18	9.75	9.89	7923
20160503	9.90	10.02	9.70	9.75	11026
20160504	9.76	9.88	9.69	9.80	3258
20160505	9.81	10.08	9.75	9.97	4688
20160506	9.94	10.10	9.81	10.08	3037
20160509	10.08	10.21	10.04	10.07	3835
20160510	10.12	10.31	10.07	10.26	3940
20160511	10.22	10.57	10.22	10.54	4736
20160512	10.54	10.68	10.48	10.53	5078
20160513	10.53	10.68	10.05	10.06	4625
20160516	10.09	10.18	9.97	10.08	3948
20160517	10.44	10.44	9.82	9.85	2596
20160518	9.91	9.91	9.70	9.89	3485
20160519	9.70	9.77	9.55	9.64	4588
20160520	9.64	9.89	9.64	9.71	5846
20160523	9.71	10.18	9.68	10.15	5014
20160524	10.16	10.42	10.11	10.22	9382
20160525	10.24	10.54	10.19	10.42	8541
20160526	10.45	10.48	10.32	10.45	4318
20160527	10.44	10.55	10.26	10.53	4001
20160531	10.79	10.84	10.57	10.81	14373
20160601	10.79	10.83	10.61	10.75	23414
20160602	10.73	11.08	10.67	11.05	8621
20160603	11.05	11.12	10.83	10.91	6948
20160606	10.88	10.94	10.77	10.83	2282
20160607	10.81	11.02	10.74	10.98	3971
20160608	10.96	11.16	10.89	10.95	6788
20160609	10.92	10.92	10.74	10.84	2375
20160610	10.72	10.72	10.57	10.62	2570
20160613	10.53	10.59	10.47	10.57	2648
20160614	10.50	10.54	10.35	10.41	4345
20160615	10.47	10.83	10.42	10.65	5136
20160616	10.79	11.15	10.64	10.81	7201
20160617	10.86	10.86	10.57	10.66	7005
20160620	10.76	10.92	10.60	10.72	3653
20160621	10.73	10.79	10.58	10.65	2080
20160622	10.63	10.81	10.62	10.62	3267
20160623	10.70	10.77	10.59	10.73	4623
20160624	10.43	10.50	10.21	10.22	4544
20160627	10.19	10.19	9.67	9.90	6574
20160628	10.00	10.08	9.89	9.96	3762
20160629	10.05	10.15	9.96	10.11	5521
20160630	10.14	10.42	10.03	10.42	7374
20160701	10.43	10.62	10.38	10.59	2930
20160705	10.56	10.63	10.45	10.51	3283
20160706	10.51	10.51	10.19	10.21	3082
20160707	10.23	10.32	10.12	10.20	3053
20160708	10.28	10.45	10.25	10.43	3351
20160711	10.46	10.55	10.09	10.27	5545
20160712	10.34	10.53	10.31	10.32	3570
20160713	10.35	10.51	10.26	10.30	2344
20160714	10.31	10.48	10.29	10.41	1822
20160715	10.43	10.52	10.39	10.45	5628
20160718	10.52	10.52	10.27	10.31	3061
20160719	10.28	10.35	10.06	10.17	3198
20160720	10.14	10.34	9.99	10.30	4209
20160721	10.31	10.75	10.26	10.65	5343
20160722	10.64	10.65	10.50	10.63	4020
20160725	10.57	10.69	10.48	10.52	2300
20160726	10.52	10.55	10.39	10.39	1749
20160727	10.44	10.45	10.15	10.27	5062
20160728	10.25	10.26	10.02	10.19	2547
20160729	10.18	10.52	10.18	10.41	3517
20160801	10.37	10.39	10.10	10.10	5022
20160802	10.11	10.24	9.83	9.86	5052
20160803	9.82	9.87	9.64	9.74	4160
20160804	9.78	9.89	9.64	9.82	5061
20160805	9.86	9.95	9.77	9.84	2325
20160808	9.83	9.84	9.70	9.72	2889
20160809	9.74	9.76	9.68	9.68	2055
20160810	9.66	9.71	9.54	9.58	1478
20160811	9.56	9.56	9.23	9.48	6078
20160812	9.25	9.68	9.25	9.63	5700
20160815	9.64	9.80	9.51	9.54	2744
20160816	9.47	9.72	9.43	9.46	2956
20160817	9.43	9.43	9.21	9.30	8293
20160818	9.31	9.44	9.24	9.26	3843
20160819	9.25	9.26	9.15	9.24	3375
20160822	9.21	9.33	9.07	9.28	6403
20160823	9.35	9.43	9.23	9.28	2767
20160824	9.30	9.33	9.11	9.16	3313
20160825	9.18	9.21	9.13	9.14	2828
20160826	9.03	9.18	8.96	9.02	6071
20160829	9.37	9.37	8.91	9.20	5459
20160830	9.26	9.41	9.26	9.37	11921
20160831	9.37	9.56	9.31	9.54	8161
20160901	9.53	9.71	9.49	9.71	5361
20160902	9.71	9.94	9.71	9.85	4731
20160906	9.85	10.07	9.81	10.07	6817
20160907	10.07	10.54	10.04	10.54	11135
20160908	10.54	10.83	10.45	10.64	17886
20160909	10.55	10.63	10.15	10.22	8113
20160912	10.19	10.33	10.06	10.28	4317
20160913	10.15	10.17	9.82	9.95	6423
20160914	9.97	10.13	9.96	10.08	5063
20160915	10.10	10.21	10.01	10.14	5787
20160916	10.08	10.43	10.00	10.22	14873
20160919	10.34	10.48	10.30	10.48	7508
20160920	10.56	10.56	10.35	10.40	7884
20160921	10.38	10.48	10.21	10.30	6638
20160922	10.41	10.55	10.35	10.47	4349
20160923	10.43	10.54	10.36	10.42	2889
20160926	10.42	10.45	10.31	10.33	3093
20160927	10.44	10.47	10.35	10.41	4301
20160928	10.46	10.64	10.38	10.63	3578
20160929	10.57	10.79	10.53	10.63	2625
20160930	10.71	10.90	10.63	10.83	8773
20161003	10.86	10.91	10.80	10.84	6940
20161004	10.91	10.97	10.73	10.75	5625
20161005	10.69	10.80	10.58	10.77	4318
20161006	10.78	10.92	10.71	10.83	4826
20161007	10.87	10.96	10.78	10.92	2334
20161010	10.97	11.12	10.93	11.02	4544
20161011	10.99	11.06	10.81	10.87	3207
20161012	10.91	10.95	10.72	10.80	3452
20161013	10.66	10.83	10.61	10.72	1961
20161014	10.70	10.81	10.65	10.79	2103
20161017	10.77	10.95	10.68	10.78	4041
20161018	10.88	10.92	10.74	10.83	2769
20161019	10.84	10.93	10.75	10.83	2933
20161020	10.78	10.84	10.70	10.73	1815
20161021	10.70	10.84	10.67	10.71	2650
20161024	10.78	10.83	10.67	10.71	1624
20161025	10.73	10.86	10.70	10.80	3025
20161026	10.73	10.78	10.51	10.56	3522
20161027	10.63	10.63	10.49	10.55	1281
20161028	10.51	10.56	10.45	10.46	1881
20161031	10.47	10.52	10.40	10.45	1821
20161101	10.42	10.50	10.10	10.26	3726
20161102	10.21	10.34	10.08	10.10	3434
20161103	10.16	10.19	10.00	10.02	2071
20161104	10.00	10.05	9.88	9.93	2051
20161107	10.06	10.12	10.03	10.10	2535
20161108	10.09	10.15	10.03	10.06	2832
20161109	9.95	10.06	9.76	9.99	2993
20161110	10.02	10.02	9.63	9.70	5239
20161111	9.67	9.70	9.36	9.50	5427
20161114	9.50	9.55	9.24	9.36	4355
20161115	9.53	10.17	9.48	10.14	5916
20161116	10.15	10.43	10.08	10.19	3849
20161117	10.15	10.35	10.04	10.18	2826
20161118	10.24	10.26	10.04	10.08	2876
20161121	10.09	10.23	10.03	10.22	1866
20161122	10.26	10.35	10.20	10.29	3312
20161123	10.26	10.52	10.23	10.39	6327
20161125	10.35	10.56	10.29	10.52	1360
20161128	10.45	10.62	10.30	10.52	2376
20161129	10.51	10.62	10.45	10.50	1871
20161130	10.52	10.56	10.38	10.43	4142
20161201	10.38	10.45	10.17	10.20	5468
20161202	10.25	10.36	10.06	10.07	2989
20161205	10.10	10.24	9.97	9.99	2754
20161206	9.99	10.09	9.89	9.96	2163
20161207	9.95	9.97	9.87	9.87	1390
20161208	9.89	9.93	9.73	9.80	2867
20161209	9.78	9.93	9.65	9.84	2024
20161212	9.77	9.93	9.77	9.80	2054
20161213	9.83	9.86	9.67	9.78	3245
20161214	9.81	9.88	9.58	9.63	4699
20161215	9.62	9.68	9.46	9.67	2304
20161216	9.66	9.70	9.44	9.62	2776
20161219	9.68	9.74	9.48	9.49	4516
20161220	9.56	9.90	9.51	9.78	3795
20161221	9.74	9.92	9.68	9.89	3186
20161222	9.86	9.94	9.64	9.70	4798
20161223	9.63	9.78	9.61	9.63	3223
20161227	9.61	9.74	9.52	9.71	2778
20161228	9.69	9.92	9.61	9.66	4986
20161229	9.66	9.85	9.66	9.77	2590
20161230	9.82	10.00	9.78	9.86	4240
20170103	9.85	10.40	9.85	10.40	5886
20170104	10.40	10.45	10.29	10.37	2984
20170105	10.30	10.45	10.12	10.25	3175
20170106	10.20	10.24	10.01	10.07	4920
20170109	10.06	10.12	9.91	10.08	5349
20170110	10.07	10.33	10.07	10.20	12522
20170111	10.21	10.50	10.21	10.38	9576
20170112	10.38	10.46	10.20	10.21	4223
20170113	10.18	10.47	10.08	10.41	8848
20170117	10.41	10.74	10.36	10.64	8483
20170118	10.64	10.71	10.54	10.55	3451
20170119	10.55	10.62	10.44	10.47	2308
20170120	10.48	10.58	10.36	10.52	3887
20170123	10.48	11.01	10.41	11.00	7640
20170124	10.95	10.96	10.80	10.88	4890
20170125	10.92	11.02	10.84	10.96	8111
20170126	10.95	11.13	10.94	11.11	10314
20170127	11.17	11.32	11.02	11.09	15424
20170130	11.02	11.06	10.78	10.82	3774
20170131	10.91	11.21	10.83	10.99	6858
20170201	10.98	11.43	10.98	11.29	3657
20170202	11.37	12.62	11.37	11.41	8428
20170203	11.44	11.99	11.39	11.93	5835
20170206	11.94	12.08	11.74	12.03	4678
20170207	11.92	12.15	11.88	11.96	3448
20170208	12.01	12.09	11.80	11.87	5703
20170209	11.93	12.05	11.79	11.82	6598
20170210	11.85	11.94	11.75	11.77	5890
20170213	11.83	11.96	11.77	11.88	5050
20170214	11.82	12.07	11.82	12.07	3010
20170215	12.02	12.15	11.97	12.00	4501
20170216	11.99	12.10	11.77	11.82	2475
20170217	11.82	12.11	11.77	12.01	9200
20170221	12.06	12.25	11.93	12.01	6049
20170222	12.06	12.06	11.91	11.94	5666
20170223	11.62	11.66	11.24	11.28	14275
20170224	11.34	11.36	11.15	11.30	7043
20170227	11.25	11.31	11.15	11.22	3928
20170228	11.17	11.33	11.12	11.13	3816
20170301	11.22	11.54	11.22	11.45	6354
20170302	11.41	11.48	11.20	11.29	4499
20170303	11.33	11.45	11.21	11.37	3405
20170306	11.26	11.26	10.88	11.03	6814
20170307	10.98	11.09	10.93	11.05	4750
20170308	11.03	11.04	10.92	11.02	2879
20170309	10.98	11.09	10.94	11.06	3996
20170310	11.11	11.39	11.11	11.32	3959
20170313	11.36	11.40	11.25	11.28	3974
20170314	11.25	11.36	11.21	11.29	3332
20170315	11.29	11.50	11.27	11.50	4508
20170316	11.50	11.65	11.49	11.63	6733
20170317	11.92	11.96	11.11	11.30	8603
20170320	11.31	11.56	11.30	11.48	8985
20170321	11.48	11.55	11.30	11.40	16697
20170322	11.40	11.45	11.08	11.12	9020
20170323	11.16	11.21	11.03	11.11	2995
20170324	11.09	11.24	11.09	11.18	2371
20170327	11.13	11.16	10.90	11.02	11950
20170328	11.02	11.03	10.72	10.77	5676
20170329	10.78	11.08	10.78	10.99	5616
20170330	10.98	11.06	10.87	10.89	5165
20170331	10.85	10.93	10.81	10.88	5645
20170403	10.92	11.08	10.91	10.97	4161
20170404	10.96	10.99	10.87	10.97	3183
20170405	10.83	10.89	10.43	10.43	27735
20170406	10.47	10.62	10.41	10.56	6804
20170407	10.58	11.06	10.58	10.80	17402
20170410	10.84	11.15	10.84	11.11	16396
20170411	11.11	11.21	10.98	11.02	6068
20170412	10.99	11.17	10.94	11.00	4205
20170413	10.98	11.02	10.81	10.90	18964
20170417	10.98	11.11	10.98	11.06	3996
20170418	10.99	11.15	10.91	10.93	3538
20170419	10.98	11.11	10.81	10.84	6861
20170420	10.91	10.92	10.84	10.84	8637
20170421	10.83	10.90	10.63	10.63	4791
20170424	10.68	10.83	10.66	10.66	7571
20170425	10.68	10.73	10.51	10.51	5199
20170426	10.53	10.59	10.47	10.47	4413
20170427	10.47	10.51	10.23	10.25	5950
20170428	10.26	10.63	10.25	10.53	9502
20170501	10.63	10.74	10.51	10.61	3368
20170502	10.59	10.77	10.58	10.69	6031
20170503	10.67	10.80	10.63	10.79	6730
20170504	10.76	10.97	10.70	10.83	23425
20170505	10.87	10.94	10.80	10.83	7554
20170508	10.82	10.83	10.65	10.74	3388
20170509	10.78	10.82	10.63	10.73	3765
20170510	10.75	10.98	10.73	10.97	16594
20170511	10.97	10.97	10.64	10.86	7967
20170512	10.83	11.01	10.75	10.92	6449
20170515	10.92	11.02	10.92	10.94	9974
20170516	10.95	11.32	10.88	11.03	19428
20170517	10.92	11.15	10.83	10.83	12211
20170518	10.81	10.81	10.22	10.22	14360
20170519	10.25	10.60	10.24	10.55	10363
20170522	10.52	10.59	10.44	10.51	4745
20170523	10.57	10.68	10.49	10.67	4333
20170524	10.67	10.82	10.62	10.70	5704
20170525	10.74	10.79	10.63	10.71	4551
20170526	10.73	10.89	10.70	10.82	10162
20170530	10.77	10.85	10.57	10.58	7734
20170531	10.58	10.73	10.45	10.45	9658
20170601	10.47	10.62	10.43	10.54	7869
20170602	10.56	10.56	10.38	10.39	6071
20170605	10.36	10.42	10.01	10.04	9829
20170606	10.05	10.10	9.67	9.93	16923
20170607	9.99	10.15	9.95	10.04	5802
20170608	10.00	10.02	9.56	9.67	6602
20170609	9.65	9.89	9.63	9.81	8023
20170612	9.78	9.79	9.62	9.64	7255
20170613	9.35	9.90	9.32	9.88	9160
20170614	9.93	9.93	9.63	9.65	4420
20170615	9.59	9.59	9.31	9.34	8350
20170616	9.34	9.48	9.16	9.48	19561
20170619	9.46	9.66	9.41	9.63	8419
20170620	9.66	9.91	9.61	9.79	13137
20170621	9.65	9.70	9.24	9.48	14470
20170622	9.49	9.72	9.49	9.52	4991
20170623	9.50	9.54	9.45	9.49	5472
20170626	9.51	9.53	9.42	9.50	4674
20170627	9.47	9.56	9.32	9.32	6025
20170628	9.40	9.62	9.35	9.59	10754
20170629	9.56	9.60	9.28	9.41	9095
20170630	9.41	9.51	9.29	9.49	17108
20170703	9.51	9.71	9.51	9.56	6665
20170705	9.57	9.59	9.26	9.34	10751
20170706	9.38	9.48	9.16	9.19	6586
20170707	9.23	9.25	9.13	9.16	3581
20170710	9.17	9.33	9.17	9.19	2324
20170711	9.20	9.20	9.04	9.09	6577
20170712	9.17	9.61	9.17	9.38	12159
20170713	9.41	9.52	9.30	9.48	7590
20170714	9.48	9.50	9.38	9.46	6882
20170717	9.44	9.51	9.37	9.39	3507
20170718	9.38	9.38	9.22	9.31	8939
20170719	9.31	9.60	9.24	9.48	13928
20170720	9.51	9.56	9.42	9.49	6144
20170721	9.49	10.08	9.44	10.06	20771
20170724	10.04	10.09	9.88	9.89	5655
20170725	9.93	9.99	9.79	9.92	8790
20170726	9.92	10.02	9.77	9.78	8452
20170727	9.77	9.79	9.58	9.59	7152
20170728	9.59	9.63	9.49	9.51	3457
20170731	9.54	9.70	9.52	9.66	5834
20170801	9.67	9.72	9.60	9.62	3095
20170802	9.60	9.67	9.55	9.61	2213
20170803	9.61	9.70	9.55	9.59	4842
20170804	9.59	9.65	9.56	9.60	2113
20170807	9.54	9.64	9.48	9.60	3199
20170808	9.59	9.65	9.50	9.53	6719
20170809	9.53	9.54	9.44	9.51	2690
20170810	9.50	9.51	9.45	9.47	12184
20170811	9.40	9.59	9.25	9.43	5721
20170814	9.50	9.85	9.50	9.82	12881
20170815	9.83	9.92	9.54	9.54	2916
20170816	9.90	9.90	9.49	9.51	8555
20170817	9.47	9.68	9.47	9.55	6636
20170818	9.55	9.56	9.42	9.49	3357
20170821	9.49	9.49	9.25	9.27	4564
20170822	9.27	9.47	9.21	9.37	9444
20170823	9.38	9.70	9.38	9.70	8084
20170824	9.71	9.71	9.57	9.58	2236
20170825	9.51	9.54	9.39	9.39	5330
20170828	9.42	9.43	9.29	9.34	5825
20170829	9.32	9.34	9.14	9.18	11490
20170830	9.21	9.28	9.13	9.15	6915
20170831	9.14	9.24	9.06	9.21	8679
20170901	9.24	9.40	9.24	9.34	2975
20170905	9.35	9.57	9.34	9.47	5704
20170906	9.52	9.64	9.44	9.54	3449
20170907	9.61	9.61	9.31	9.32	2882
20170908	9.31	9.33	9.11	9.17	4216
20170911	9.21	9.33	9.16	9.23	5642
20170912	9.21	9.32	9.21	9.25	2562
20170913	9.25	9.57	9.23	9.56	5013
20170914	9.53	9.70	9.37	9.65	6510
20170915	9.64	9.77	9.63	9.66	9492
20170918	9.65	9.85	9.61	9.63	9191
20170919	9.63	9.67	9.35	9.37	8432
20170920	9.37	9.45	9.30	9.33	3548
20170921	9.34	9.51	9.30	9.46	4634
20170922	9.45	9.67	9.43	9.66	4911
20170925	9.65	9.71	9.49	9.54	4837
20170926	9.53	9.81	9.51	9.75	4590
20170927	9.77	9.79	9.62	9.75	5386
20170928	9.77	9.99	9.76	9.99	9314
20170929	10.02	10.32	9.98	10.26	8617
20171002	10.26	10.49	10.26	10.46	7262
20171003	10.48	10.59	10.29	10.39	6252
20171004	10.45	10.58	10.31	10.35	7397
20171005	10.40	10.48	10.35	10.39	3324
20171006	10.33	10.43	10.07	10.08	4310
20171009	10.11	10.26	9.90	9.91	4496
20171010	9.95	10.06	9.82	9.86	3566
20171011	9.87	9.94	9.77	9.82	4192
20171012	9.84	10.00	9.77	9.95	3156
20171013	9.96	10.07	9.84	9.97	5502
20171016	9.98	10.20	9.98	10.14	5816
20171017	10.09	10.14	9.83	9.92	3911
20171018	9.85	9.93	9.84	9.89	3782
20171019	9.89	9.92	9.81	9.88	3653
20171020	9.89	9.92	9.77	9.82	3903
20171023	9.80	9.89	9.70	9.85	3793
20171024	9.84	10.08	9.82	10.04	7889
20171025	9.98	10.15	9.94	10.08	4472
20171026	10.09	10.36	10.08	10.21	7793
20171027	10.21	10.27	9.88	9.96	5857
20171030	9.91	9.91	9.63	9.71	5914
20171031	9.73	9.87	9.52	9.65	7489
20171101	9.73	9.90	9.68	9.81	6642
20171102	9.84	9.84	9.43	9.46	6880
20171103	9.45	9.53	9.26	9.39	10555
20171106	9.39	9.41	9.13	9.17	7617
20171107	9.20	9.28	9.17	9.21	5960
20171108	9.25	9.32	9.17	9.24	5557
20171109	9.18	9.30	8.85	8.86	8120
20171110	8.85	8.99	8.80	8.87	10200
20171113	8.91	9.01	8.80	8.86	9145
20171114	8.78	8.79	7.98	8.12	36667
20171115	8.02	8.32	7.91	8.19	19541
20171116	8.26	8.82	8.26	8.61	13898
20171117	8.58	8.70	8.50	8.57	8089
20171120	8.56	8.75	8.47	8.57	8080
20171121	8.55	8.76	8.50	8.72	9981
20171122	8.76	9.02	8.76	8.99	7318
20171124	9.02	9.16	8.99	9.12	4167
20171127	9.03	9.30	8.94	9.15	8521
20171128	9.21	9.25	9.09	9.15	6290
20171129	9.18	9.37	9.15	9.33	6855
20171130	9.33	9.44	9.27	9.30	8037
20171201	9.28	9.46	9.26	9.30	4596
20171204	9.35	9.48	9.22	9.26	9296
20171205	9.27	9.39	9.25	9.35	5019
20171206	9.34	9.39	9.19	9.22	2994
20171207	9.16	9.32	9.06	9.28	4460
20171208	9.32	9.53	9.30	9.40	4490
20171211	9.39	9.51	9.39	9.51	4001
20171212	9.54	9.93	9.53	9.70	6631
20171213	9.68	9.90	9.64	9.64	7257
20171214	9.61	9.72	9.48	9.51	4696
20171215	9.56	9.59	9.46	9.49	6165
20171218	9.58	9.70	9.55	9.70	5793
20171219	9.71	9.77	9.63	9.68	2808
20171220	9.73	9.79	9.64	9.76	3626
20171221	9.77	9.80	9.65	9.65	3524
20171222	9.64	9.76	9.64	9.68	2125
20171226	9.70	9.83	9.70	9.81	1861
20171227	9.83	9.86	9.76	9.76	2450
20171228	9.76	9.86	9.70	9.86	2037
20171229	9.83	9.96	9.78	9.82	2781
20180102	9.89	9.90	9.67	9.82	4649
20180103	9.82	10.04	9.80	10.03	2643
20180104	10.03	10.09	9.96	9.98	2995
20180105	9.98	9.98	9.79	9.83	3225
20180108	9.82	9.84	9.55	9.61	6263
20180109	9.66	9.86	9.66	9.80	4371
20180110	9.80	9.80	9.47	9.47	4816
20180111	9.49	9.53	9.36	9.51	3027
20180112	9.55	9.65	9.50	9.61	4369
20180116	9.58	9.60	9.10	9.24	8134
20180117	9.24	9.40	9.20	9.32	5228
20180118	9.32	9.33	9.18	9.32	6149
20180119	9.28	9.32	9.21	9.29	3757
20180122	9.31	9.55	9.30	9.55	7011
20180123	9.57	9.77	9.56	9.67	4867
20180124	9.69	9.76	9.48	9.49	5551
20180125	9.50	9.65	9.49	9.63	2956
20180126	9.65	9.73	9.65	9.71	3331
20180129	9.78	9.78	9.47	9.48	9414
20180130	9.42	9.48	9.21	9.23	5689
20180131	9.25	9.29	9.15	9.20	4655
20180201	9.16	9.41	9.16	9.39	6016
20180202	9.36	9.36	8.92	8.93	4878
20180205	8.87	8.90	8.55	8.59	4958
20180206	8.53	9.08	8.53	8.99	13464
20180207	8.92	9.26	8.91	9.09	9639
20180208	9.13	9.25	8.95	9.01	18387
20180209	9.09	9.11	8.67	8.96	5895
20180212	8.99	9.16	8.82	8.94	4036
20180213	8.86	8.96	8.56	8.56	6206
20180214	8.55	8.97	8.54	8.94	4687
20180215	8.94	8.94	8.66	8.79	3716
20180216	8.78	8.78	8.67	8.75	5044
20180220	8.74	8.86	8.70	8.82	2194
20180221	8.80	9.00	8.69	8.73	3340
20180222	8.75	8.75	8.35	8.38	10176
20180223	8.42	8.65	8.38	8.53	11420
20180226	8.57	8.66	8.45	8.61	3633
20180227	8.64	8.75	8.51	8.52	4885
20180228	8.55	8.60	8.43	8.54	4457
20180301	8.50	8.56	8.33	8.38	4954
20180302	8.33	8.56	8.25	8.47	5817
20180305	8.39	8.50	8.34	8.38	3525
20180306	8.36	8.42	8.14	8.26	4122
20180307	8.18	8.30	8.15	8.24	6749
20180308	8.28	8.29	8.17	8.22	3066
20180309	8.25	8.35	7.83	7.89	8438
20180312	7.93	8.12	7.81	7.88	14901
20180313	7.91	8.05	7.79	7.90	15245
20180314	7.90	8.02	7.90	7.93	11860
20180315	7.94	8.01	7.76	7.83	10186
20180316	7.79	7.90	7.66	7.72	8889
20180319	7.68	7.74	7.33	7.52	11545
20180320	7.52	7.55	7.40	7.53	4347
20180321	7.51	7.53	7.24	7.32	5896
20180322	7.28	7.45	7.19	7.33	7020
20180323	7.33	7.34	7.22	7.22	7713
20180326	7.24	7.49	7.16	7.19	15221
20180327	7.22	7.25	7.06	7.06	7027
20180328	7.06	7.09	6.87	6.96	5958
20180329	6.99	7.19	6.94	7.14	3662
20180402	7.18	7.29	7.00	7.14	6207
20180403	7.16	7.26	7.13	7.23	2987
20180404	7.02	7.50	6.86	7.46	11529
20180405	7.53	7.72	7.50	7.65	8240
20180406	7.62	7.81	7.62	7.68	5991
20180409	7.68	7.82	7.45	7.47	6857
20180410	7.52	7.62	7.48	7.60	5564
20180411	7.54	7.64	7.51	7.62	4186
20180412	7.62	7.73	7.59	7.61	5101
20180413	7.58	7.66	7.52	7.53	4094
20180416	7.55	7.62	7.38	7.47	8849
20180417	7.53	7.69	7.53	7.62	5014
20180418	7.60	7.73	7.60	7.62	2762
20180419	7.64	7.72	7.46	7.51	4265
20180420	7.55	7.62	7.40	7.44	3157
20180423	7.45	7.51	7.31	7.44	5132
20180424	7.51	7.57	7.35	7.40	2726
20180425	7.35	7.43	7.29	7.36	4759
20180426	7.41	7.44	7.28	7.34	4614
20180427	7.39	7.51	7.39	7.44	1960
20180430	7.44	7.44	7.30	7.33	7472
20180501	7.30	7.44	7.16	7.20	3018
20180502	7.23	7.28	7.18	7.20	5334
20180503	7.23	7.23	6.84	6.86	7347
20180504	6.87	7.20	6.87	6.93	21152
20180507	6.93	7.33	6.93	7.25	7535
20180508	7.22	7.30	7.00	7.11	10370
20180509	7.12	7.17	7.01	7.03	4148
20180510	7.00	7.08	6.99	7.06	3990
20180511	7.03	7.19	7.03	7.13	5119
20180514	6.91	7.19	6.90	7.16	4596
20180515	7.31	7.38	7.09	7.37	6076
20180516	7.40	7.93	7.31	7.86	15896
20180517	7.82	7.87	7.60	7.81	8559
20180518	7.78	7.78	7.45	7.69	5976
20180521	7.70	7.79	7.64	7.67	3653
20180522	7.66	7.80	7.63	7.71	5812
20180523	7.72	7.82	7.66	7.77	5383
20180524	7.78	7.79	7.66	7.74	2941
20180525	7.76	7.77	7.56	7.73	6490
20180529	7.73	7.73	7.48	7.51	7721
20180530	7.51	7.62	7.38	7.62	7822
20180531	7.65	7.79	7.54	7.72	22559
20180601	7.79	7.81	7.68	7.74	3195
20180604	7.77	7.83	7.74	7.81	9136
20180605	7.81	8.36	7.80	8.25	12864
20180606	8.21	8.27	8.01	8.07	8098
20180607	8.03	8.06	7.85	7.87	2938
20180608	7.98	7.98	7.83	7.95	2471
20180611	7.98	7.98	7.83	7.88	3109
20180612	7.90	7.93	7.73	7.89	2627
20180613	7.90	7.92	7.81	7.85	2993
20180614	7.87	7.94	7.81	7.83	3704
20180615	7.87	7.90	7.79	7.88	4367
20180618	7.83	7.87	7.68	7.84	10179
20180619	7.82	8.10	7.81	8.03	4016
20180620	8.12	8.19	8.00	8.14	4316
20180621	8.19	8.51	8.05	8.07	4528
20180622	8.04	8.11	7.97	8.09	2968
20180625	8.09	8.15	7.89	7.96	8179
20180626	7.93	8.20	7.88	8.12	4771
20180627	8.15	8.15	7.94	7.98	5626
20180628	8.02	8.02	7.68	7.69	9155
20180629	7.71	7.79	7.46	7.55	13194
20180702	7.59	7.70	7.47	7.62	11564
20180703	7.59	7.83	7.59	7.81	1799
20180705	7.83	7.94	7.77	7.86	2006
20180706	7.91	8.09	7.81	7.99	4185
20180709	7.99	8.19	7.95	8.09	2214
20180710	8.08	8.11	8.00	8.04	1015
20180711	8.01	8.09	7.94	7.97	2602
20180712	7.96	8.01	7.77	7.91	6972
20180713	7.94	7.99	7.89	7.94	5041
20180716	7.94	8.06	7.94	8.00	6007
20180717	8.10	8.17	7.98	8.02	4614
20180718	8.03	8.05	7.96	8.00	3654
20180719	7.94	8.00	7.86	7.91	5513
20180720	7.85	8.00	7.85	7.98	7475
20180723	8.00	8.06	7.85	7.95	4446
20180724	7.92	8.01	7.88	7.93	9406
20180725	7.90	8.19	7.90	8.19	4725
20180726	8.21	8.60	8.19	8.57	3820
20180727	8.23	8.32	8.08	8.20	4225
20180730	8.16	8.23	8.06	8.08	2865
20180731	8.03	8.12	7.96	7.98	5733
20180801	8.00	8.08	7.92	7.97	3898
20180802	7.90	8.01	7.90	7.99	4557
20180803	8.04	8.18	8.01	8.06	2694
20180806	8.06	8.07	7.96	8.00	2649
20180807	7.99	8.02	7.96	7.99	2185
20180808	8.02	8.04	7.92	7.92	2060
20180809	7.90	7.94	7.83	7.91	2739
20180810	7.90	7.93	7.82	7.89	2340
20180813	7.87	7.98	7.82	7.87	6687
20180814	7.86	7.95	7.86	7.89	6912
20180815	7.89	7.91	7.76	7.83	5292
20180816	7.83	7.90	7.80	7.84	3918
20180817	7.88	8.21	7.81	8.04	5974
20180820	8.05	8.14	7.91	8.00	3306
20180821	7.98	8.05	7.98	8.00	2390
20180822	7.98	8.04	7.94	7.99	3668
20180823	7.99	8.04	7.75	7.81	2466
20180824	7.83	7.83	7.72	7.81	3485
20180827	7.81	7.98	7.81	7.94	2787
20180828	7.98	7.98	7.80	7.87	4451
20180829	7.85	7.87	7.69	7.71	4104
20180830	7.71	7.81	7.31	7.40	17813
20180831	7.39	7.67	7.35	7.61	7658
20180904	7.49	7.52	7.05	7.20	16594
20180905	7.17	7.32	7.03	7.06	9379
20180906	7.03	7.15	6.96	7.12	4118
20180907	7.07	7.14	7.06	7.11	2781
20180910	7.13	7.18	6.90	6.91	4870
20180911	6.91	6.92	6.58	6.66	7772
20180912	6.66	6.82	6.66	6.77	7394
20180913	6.76	7.02	6.76	6.94	8628
20180914	6.92	7.11	6.92	7.06	5467
20180917	7.03	7.18	7.01	7.11	7799
20180918	7.09	7.14	6.94	6.98	6325
20180919	6.92	7.03	6.86	6.93	4075
20180920	6.94	7.25	6.93	7.23	3006
20180921	7.25	7.41	7.24	7.39	3145
20180924	7.37	7.43	7.16	7.16	2783
20180925	7.11	7.14	6.92	7.14	4031
20180926	7.21	7.28	7.09	7.10	3460
20180927	7.07	7.08	6.93	7.02	7633
20180928	7.01	7.04	6.96	6.98	3774
20181001	7.03	7.04	6.83	6.91	2607
20181002	6.93	7.03	6.89	6.91	2866
20181003	6.97	7.11	6.97	7.01	5505
20181004	7.01	7.01	6.81	6.86	4460
20181005	6.88	6.94	6.77	6.93	3713
20181008	6.98	7.13	6.92	7.07	3122
20181009	7.03	7.28	6.96	7.18	6466
20181010	7.19	7.19	7.02	7.07	4642
20181011	7.05	7.16	6.91	7.10	2995
20181012	7.10	7.48	7.09	7.36	4977
20181015	7.33	7.64	7.31	7.56	3040
20181016	7.60	7.81	7.56	7.74	3447
20181017	7.79	7.79	7.62	7.63	2008
20181018	7.61	7.66	7.44	7.49	2710
20181019	7.52	7.80	7.52	7.68	2878
20181022	7.71	7.78	7.55	7.76	3299
20181023	7.71	7.74	7.53	7.60	3975
20181024	7.64	7.70	7.33	7.35	3679
20181025	7.38	7.38	7.21	7.31	3898
20181026	7.29	7.42	7.11	7.33	2560
20181029	7.41	7.44	7.25	7.29	2221
20181030	7.31	7.48	7.24	7.31	2553
20181031	7.28	7.76	7.18	7.60	10818
20181101	7.55	7.74	7.47	7.50	3317
20181102	7.55	7.85	7.46	7.77	2538
20181105	7.73	7.80	7.59	7.60	2776
20181106	7.60	7.63	7.44	7.47	2155
20181107	7.47	7.57	7.34	7.35	2041
20181108	7.32	7.36	7.08	7.12	4389
20181109	7.10	7.10	6.80	6.91	4979
20181112	6.89	6.98	6.80	6.91	4410
20181113	6.86	6.92	6.67	6.70	11255
20181114	6.74	6.82	6.59	6.79	7076
20181115	6.81	6.93	6.71	6.78	5155
20181116	6.87	7.04	6.66	6.83	5368
20181119	6.80	6.82	6.51	6.67	8855
20181120	6.66	6.69	6.43	6.48	10770
20181121	6.54	6.68	6.54	6.62	4853
20181123	6.58	6.66	6.57	6.65	943
20181126	6.63	6.73	6.57	6.59	8878
20181127	6.61	6.65	6.51	6.54	1956
20181128	6.53	6.56	6.39	6.55	4887
20181129	6.50	6.69	6.50	6.65	3493
20181130	6.61	6.68	6.58	6.63	3165
20181203	6.76	6.82	6.61	6.65	5494
20181204	6.63	6.78	6.58	6.75	4244
20181206	6.67	6.77	6.43	6.76	5914
20181207	6.76	6.90	6.72	6.73	2597
20181210	6.69	6.76	6.51	6.64	2495
20181211	6.42	6.68	6.42	6.68	4712
20181212	6.70	6.97	6.68	6.77	4483
20181213	6.83	6.89	6.71	6.73	1794
20181214	6.68	6.87	6.66	6.69	3218
20181217	6.68	6.73	6.31	6.37	3875
20181218	6.37	6.48	6.31	6.38	3400
20181219	6.39	6.52	6.31	6.32	3201
20181220	6.33	6.39	6.17	6.31	4253
20181221	6.27	6.46	6.17	6.36	5035
20181224	6.33	6.40	6.15	6.17	1737
20181226	6.17	6.43	6.08	6.42	2036
20181227	6.35	6.48	6.26	6.44	3344
20181228	6.43	6.54	6.38	6.46	1917
20181231	6.51	6.65	6.45	6.61	1792
20190102	6.46	6.86	6.46	6.70	5250
20190103	6.68	6.78	6.57	6.60	965
20190104	6.62	6.91	6.60	6.76	3966
20190107	6.77	6.87	6.76	6.80	2219
20190108	6.81	6.84	6.69	6.72	1496
20190109	6.75	6.88	6.74	6.84	4332
20190110	6.83	6.84	6.57	6.69	3346
20190111	6.65	6.86	6.65	6.81	1930
20190114	6.75	6.93	6.72	6.78	1441
20190115	6.79	6.89	6.74	6.83	3438
20190116	6.54	6.92	6.54	6.85	6554
20190117	6.84	6.98	6.73	6.84	2485
20190118	6.87	6.95	6.79	6.81	2171
20190122	6.79	6.82	6.66	6.76	4201
20190123	6.82	7.04	6.82	7.02	1811
20190124	6.97	7.05	6.88	6.89	2225
20190125	6.90	6.90	6.76	6.81	2989
20190128	6.74	6.87	6.69	6.76	1460
20190129	6.83	6.88	6.68	6.79	4782
20190130	6.86	7.16	6.73	7.11	3746
20190131	7.16	7.42	6.99	7.24	4099
20190201	7.21	7.28	7.02	7.09	1816
20190204	7.06	7.14	6.98	7.06	939
20190205	7.03	7.17	7.03	7.12	1295
20190206	7.06	7.09	6.90	6.93	2500
20190207	6.87	6.93	6.79	6.88	1744
20190208	6.87	6.88	6.79	6.84	3366
20190211	6.84	6.89	6.71	6.73	1986
20190212	6.79	6.92	6.72	6.85	4841
20190213	6.89	7.06	6.85	7.05	1232
20190214	7.03	7.20	6.99	7.15	1995
20190215	7.25	7.35	7.04	7.06	1477
20190219	7.05	7.12	6.95	6.99	4365
20190220	6.98	7.04	6.94	7.00	2200
20190221	6.94	6.94	6.82	6.85	3800
20190222	6.86	6.91	6.78	6.85	2306
20190225	6.85	6.91	6.84	6.86	2117
20190226	6.87	6.89	6.76	6.86	1796
20190227	6.83	6.84	6.70	6.80	1091
20190228	6.80	6.85	6.63	6.75	2349
20190301	6.74	6.81	6.60	6.72	4328
20190304	6.71	6.81	6.69	6.78	3609
20190305	6.75	6.81	6.71	6.73	3480
20190306	6.73	6.74	6.41	6.54	3471
20190307	6.51	6.57	6.38	6.40	5423
20190308	6.44	6.44	6.03	6.13	7165
20190311	6.17	6.30	6.03	6.24	10213
20190312	6.27	6.40	6.25	6.28	3382
20190313	6.30	6.39	6.28	6.35	5974
20190314	6.38	6.41	6.21	6.30	2595
20190315	6.12	6.68	6.07	6.61	17165
20190318	6.65	6.74	6.43	6.66	4477
20190319	6.67	6.87	6.63	6.73	4373
20190320	6.73	6.85	6.65	6.75	2197
20190321	6.72	6.99	6.69	6.92	4767
20190322	6.86	6.88	6.51	6.52	1706
20190325	6.49	6.60	6.40	6.56	3282
20190326	6.59	6.63	6.47	6.58	1859
20190327	6.52	6.56	6.40	6.49	3916
20190328	6.48	6.57	6.40	6.47	3267
20190329	6.49	6.60	6.34	6.54	2865
20190401	6.59	6.59	6.36	6.47	3041
20190402	6.47	6.47	6.24	6.36	3339
20190403	6.33	6.39	6.31	6.36	2591
20190404	6.31	6.48	6.27	6.43	8031
20190405	6.49	6.72	6.43	6.71	15428
20190408	6.72	6.77	6.63	6.77	2755
20190409	6.75	6.89	6.65	6.73	3585
20190410	6.78	6.78	6.68	6.72	1624
20190411	6.71	6.71	6.55	6.59	935
20190412	6.64	6.65	6.52	6.64	1514
20190415	6.62	6.63	6.55	6.58	1269
20190416	6.60	6.63	6.54	6.55	1262
20190417	6.60	6.60	6.49	6.54	930
20190418	6.53	6.57	6.50	6.52	1979
20190422	6.50	6.55	6.39	6.43	1079
20190423	6.47	6.49	6.33	6.45	3026
20190424	6.48	6.48	6.24	6.36	2865
20190425	6.41	6.48	6.17	6.45	5934
20190426	6.41	6.50	6.36	6.49	2522
20190429	6.49	6.52	6.38	6.46	1750
20190430	6.46	6.49	6.33	6.46	4235
20190501	6.45	6.55	6.45	6.51	708
20190502	6.45	6.49	6.33	6.45	4676
20190503	6.47	6.76	6.45	6.70	2931
20190506	6.60	6.71	6.55	6.69	7062
20190507	6.66	6.69	6.39	6.49	2241
20190508	6.53	6.62	6.46	6.49	3733
20190509	6.45	6.58	6.29	6.54	2674
20190510	6.49	6.55	6.38	6.48	3067
20190513	6.33	6.38	6.01	6.30	3253
20190514	6.30	6.42	6.18	6.26	3394
20190515	6.19	6.34	6.19	6.27	1733
20190516	6.26	6.35	6.17	6.25	3799
20190517	6.17	6.31	6.15	6.17	2714
20190520	6.13	6.18	6.02	6.12	5552
20190521	6.00	6.25	6.00	6.17	3161
20190522	6.18	6.25	5.97	6.08	2747
20190523	6.07	6.09	5.86	5.93	5574
20190524	5.98	6.12	5.96	6.03	5541
20190528	6.03	6.38	6.03	6.34	35177
20190529	6.31	6.50	6.11	6.42	9664
20190530	6.45	6.48	6.31	6.39	4010
20190531	6.33	6.33	6.18	6.31	1318
20190603	6.33	6.48	6.28	6.41	3015
20190604	6.44	6.68	6.36	6.68	3660
20190605	6.69	6.76	6.65	6.72	2580
20190606	6.76	6.77	6.60	6.68	4124
20190607	6.71	6.74	6.55	6.62	2280
20190610	6.84	6.92	6.68	6.78	2948
20190611	6.82	6.88	6.60	6.70	4717
20190612	6.68	6.76	6.44	6.66	5526
20190613	6.68	6.68	6.41	6.49	5674
20190614	6.49	6.57	6.37	6.37	2368
20190617	6.38	6.48	6.32	6.40	1541
20190618	6.44	6.61	6.40	6.57	1663
20190619	6.57	6.76	6.49	6.73	3125
20190620	6.79	6.85	6.60	6.68	5053
20190621	6.68	6.68	6.58	6.63	5318
20190624	6.59	6.63	6.58	6.61	1005
20190625	6.57	6.62	6.54	6.55	1143
20190626	6.55	6.59	6.49	6.55	1810
20190627	6.55	6.62	6.50	6.55	3871
20190628	6.61	6.80	6.57	6.78	5423
20190701	6.85	6.90	6.67	6.74	2698
20190702	6.72	6.76	6.59	6.65	3291
20190703	6.63	6.66	6.58	6.64	1062
20190705	6.62	6.69	6.58	6.66	642
20190708	6.64	6.70	6.61	6.67	931
20190709	6.60	6.81	6.54	6.60	1535
20190710	6.63	6.69	6.48	6.68	2226
20190711	6.67	6.73	6.63	6.66	2423
20190712	6.67	6.72	6.59	6.71	1281
20190715	6.65	6.65	6.52	6.54	2149
20190716	6.57	6.62	6.53	6.54	898
20190717	6.51	6.59	6.29	6.42	9798
20190718	6.45	6.49	6.38	6.39	2063
20190719	6.42	6.53	6.42	6.45	1856
20190722	6.49	6.64	6.45	6.62	1754
20190723	6.63	6.64	6.54	6.56	992
20190724	6.49	6.57	6.49	6.51	1057
20190725	6.48	6.51	6.41	6.49	1373
20190726	6.49	6.57	6.49	6.54	1472
20190729	6.50	6.56	6.49	6.52	678
20190730	6.53	6.56	6.38	6.38	1740
20190731	6.35	6.50	6.25	6.41	4752
20190801	6.47	6.62	6.47	6.53	2429
20190802	6.52	6.56	6.41	6.55	682
20190805	6.49	6.49	6.31	6.34	1155
20190806	6.40	6.40	6.26	6.32	1081
20190807	6.30	6.30	6.18	6.26	2616
20190808	6.32	6.55	6.27	6.52	3707
20190809	6.48	6.76	6.48	6.69	3123
20190812	6.24	6.32	5.36	5.62	8076
20190813	5.67	5.69	5.25	5.36	13734
20190814	5.29	5.42	5.24	5.33	4117
20190815	5.29	5.55	5.22	5.53	4648
20190816	5.30	5.84	5.30	5.80	4100
20190819	5.75	5.84	5.22	5.62	3801
20190820	5.60	5.67	5.42	5.45	5398
20190821	5.52	5.61	5.39	5.53	1776
20190822	5.53	5.59	5.52	5.54	2014
20190823	5.52	5.56	5.33	5.43	3119
20190826	5.46	5.55	5.41	5.50	1804
20190827	5.51	5.53	5.41	5.43	5005
20190828	5.39	5.54	5.39	5.41	4050
20190829	5.44	5.45	5.27	5.28	4792
20190830	5.33	5.35	5.16	5.30	4953
20190903	5.24	5.30	5.16	5.17	3500
20190904	5.13	5.33	5.02	5.19	5564
20190905	5.14	5.42	5.12	5.15	3695
20190906	5.14	5.32	5.14	5.24	3019
20190909	5.22	5.36	5.21	5.29	2985
20190910	5.25	5.40	5.25	5.35	3632
20190911	5.40	5.57	5.26	5.54	5085
20190912	5.56	5.64	5.53	5.59	2890
20190913	5.58	5.72	5.56	5.65	4536
20190916	5.63	5.89	5.63	5.84	5575
20190917	5.80	6.06	5.80	5.98	2546
20190918	5.94	5.98	5.79	5.90	3010
20190919	5.92	5.93	5.82	5.90	2942
20190920	5.89	5.96	5.88	5.89	2916
20190923	5.91	5.93	5.86	5.91	4937
20190924	5.92	5.93	5.62	5.70	2202
20190925	5.68	5.74	5.55	5.60	2997
20190926	5.62	5.62	5.31	5.34	3032
20190927	5.36	5.47	5.35	5.42	1564
20190930	5.36	5.55	5.36	5.54	2327
20191001	5.53	5.60	5.48	5.52	2231
20191002	5.52	5.72	5.42	5.60	2253
20191003	5.57	5.57	5.40	5.55	4187
20191004	5.58	5.71	5.51	5.70	2720
20191007	5.58	5.70	5.57	5.65	2277
20191008	5.58	5.61	5.38	5.38	2989
20191009	5.46	5.67	5.46	5.50	4909
20191010	5.44	5.58	5.41	5.51	1376
20191011	5.55	5.77	5.55	5.71	4034
20191014	5.71	5.72	5.57	5.59	1563
20191015	5.55	5.62	5.50	5.55	1627
20191016	5.56	5.62	5.47	5.51	1148
20191017	5.52	5.59	5.47	5.58	3669
20191018	5.60	5.73	5.59	5.68	3435
20191021	5.66	5.71	5.65	5.69	1560
20191022	5.68	5.76	5.65	5.70	2042
20191023	5.71	5.84	5.65	5.75	3773
20191024	5.74	5.93	5.74	5.78	3162
20191025	5.78	5.79	5.69	5.76	2607
20191028	5.74	5.94	5.74	5.89	6727
20191029	5.92	6.07	5.81	5.93	6429
20191030	5.90	5.93	5.55	5.72	4045
20191031	5.72	5.74	5.55	5.63	4844
20191101	5.63	5.68	5.46	5.55	3595
20191104	5.58	5.63	5.51	5.57	2342
20191105	5.54	5.67	5.54	5.63	1572
20191106	5.61	5.72	5.55	5.55	2241
20191107	5.56	5.63	5.21	5.39	6794
20191108	5.38	5.38	5.22	5.35	2609
20191111	5.28	5.41	5.27	5.41	5197
20191112	5.41	5.86	5.36	5.85	20684
20191113	5.82	5.93	5.80	5.88	1208
20191114	5.83	6.12	5.69	6.03	4415
20191115	6.05	6.24	6.02	6.12	3701
20191118	6.08	6.14	5.92	6.03	2290
20191119	5.98	6.16	5.90	6.16	1638
20191120	6.18	6.39	6.06	6.29	2986
20191121	6.27	6.39	6.22	6.37	2325
20191122	6.35	6.47	6.35	6.41	1023
20191125	6.36	6.61	6.32	6.54	1963
20191126	6.52	6.53	6.39	6.51	3603
20191127	6.45	6.57	6.43	6.54	1512
20191129	6.55	6.62	6.42	6.53	910
20191202	6.52	6.60	6.45	6.57	2428
20191203	6.56	6.59	6.48	6.53	3069
20191204	6.57	6.69	6.52	6.57	2218
20191205	6.58	6.86	6.57	6.79	2371
20191206	6.84	7.05	6.82	7.04	2695
20191209	6.98	7.20	6.98	7.13	3503
20191210	7.49	7.64	7.31	7.39	11594
20191211	7.41	7.43	7.23	7.34	4528
20191212	7.28	7.45	7.22	7.38	18562
20191213	7.41	7.55	7.31	7.44	12439
20191216	7.53	7.78	7.48	7.62	8335
20191217	7.69	7.74	7.60	7.70	7701
20191218	7.69	7.81	7.62	7.68	6306
20191219	7.73	8.04	7.63	8.02	6181
20191220	8.03	8.26	8.02	8.19	4888
20191223	8.19	8.19	7.99	8.02	2035
20191224	8.00	8.15	7.93	8.10	776
20191226	8.14	8.25	8.01	8.06	3332
20191227	8.07	8.08	7.90	7.97	2280
20191230	7.97	7.99	7.90	7.93	1849
20191231	7.91	8.02	7.91	7.95	1210
20200102	7.99	7.99	7.71	7.72	1993
20200103	7.67	7.89	7.66	7.87	6691
20200106	7.86	7.97	7.82	7.93	4550
20200107	7.89	8.06	7.89	7.97	1638
20200108	7.98	8.00	7.87	7.95	3613
20200109	8.00	8.08	7.88	8.02	1857
20200110	8.03	8.07	7.93	8.02	3497
20200113	8.02	8.09	7.94	8.06	1452
20200114	8.04	8.04	7.86	7.93	1945
20200115	7.92	7.97	7.62	7.66	1139
20200116	7.66	7.74	7.61	7.61	1618
20200117	7.63	7.73	7.36	7.41	2246
20200121	7.34	7.41	7.29	7.33	2096
20200122	7.32	7.41	7.27	7.30	1472
20200123	7.25	7.27	7.21	7.24	1075
20200124	7.22	7.24	6.99	7.10	2240
20200127	7.02	7.07	6.93	7.02	2206
20200128	7.02	7.16	6.99	7.10	4468
20200129	7.15	7.22	7.11	7.13	1963
20200130	7.36	7.50	7.09	7.15	2482
20200131	7.16	7.23	7.05	7.09	1405
20200203	7.10	7.11	6.97	7.00	800
20200204	7.05	7.16	7.02	7.13	2304
20200205	7.13	7.35	7.13	7.22	2706
20200206	7.27	7.33	7.24	7.29	4613
20200207	7.28	7.47	7.21	7.47	2896
20200210	7.45	7.58	7.34	7.46	3793
20200211	7.58	7.62	7.48	7.54	1325
20200212	7.54	7.85	7.50	7.73	3169
20200213	7.67	7.71	7.46	7.60	1276
20200214	7.62	7.75	7.57	7.74	1730
20200218	7.69	7.69	7.53	7.59	1008
20200219	7.56	7.65	7.54	7.64	1038
20200220	7.64	7.70	7.52	7.55	703
20200221	7.50	7.51	7.29	7.35	1445
20200224	7.20	7.26	7.17	7.19	879
20200225	7.22	7.22	6.86	6.91	837
20200226	6.88	6.94	6.61	6.65	2439
20200227	6.61	6.73	6.36	6.68	3178
20200228	6.54	6.58	6.17	6.21	2886
20200302	6.29	6.90	6.19	6.87	3564
20200303	6.92	7.10	6.67	6.72	2331
20200304	6.81	7.06	6.80	6.95	1963
20200305	6.80	6.87	6.66	6.68	1811
20200306	6.52	6.59	6.34	6.46	4114
20200309	5.84	5.84	4.92	4.98	12919
20200310	5.13	5.22	4.93	5.10	4000
20200311	5.06	5.16	4.67	4.76	8135
20200312	4.62	4.62	3.99	4.23	3657
20200313	5.17	5.17	4.28	4.80	4699
20200316	4.10	4.63	3.93	4.47	4748
20200317	4.57	4.69	4.27	4.33	5994
20200318	4.06	4.11	3.49	3.67	39630
20200319	3.65	3.95	3.40	3.86	19321
20200320	3.89	4.04	3.76	3.87	16473
20200323	3.80	4.11	3.79	3.89	4720
20200324	4.01	4.12	3.67	3.89	5165
20200325	3.91	4.02	3.78	3.90	12553
20200326	3.89	3.97	3.72	3.92	8351
20200327	3.85	4.07	3.75	3.90	5075
20200330	3.89	3.97	3.61	3.69	4955
20200331	3.65	3.79	3.54	3.69	8617
20200401	3.59	3.64	3.36	3.37	6614
20200402	3.32	3.51	3.24	3.38	7282
20200403	3.42	3.44	3.14	3.43	3295
20200406	3.48	3.76	3.41	3.68	3837
20200407	3.71	4.03	3.71	3.93	1819
20200408	3.94	4.08	3.93	4.05	1713
20200409	4.10	4.40	4.06	4.32	2685
20200413	4.32	4.39	3.88	3.94	3897
20200414	3.89	4.05	3.69	3.95	5528
20200415	3.83	3.87	3.67	3.81	2832
20200416	3.77	3.82	3.73	3.79	2018
20200417	3.80	3.87	3.76	3.85	2935
20200420	3.84	3.96	3.74	3.79	3808
20200421	3.80	3.81	3.67	3.71	3469
20200422	3.76	3.84	3.61	3.83	6816
20200423	3.83	3.95	3.79	3.94	1691
20200424	3.95	3.97	3.85	3.87	2551
20200427	3.88	3.89	3.80	3.83	1644
20200428	3.83	3.88	3.78	3.79	5534
20200429	3.83	3.93	3.75	3.78	3878
20200430	3.78	3.80	3.69	3.79	2329
20200501	3.74	3.74	3.50	3.57	3552
20200504	3.56	3.71	3.48	3.70	11056
20200505	3.80	3.88	3.62	3.65	2941
20200506	3.63	3.71	3.45	3.67	4981
20200507	3.71	3.72	3.59	3.67	3473
20200508	3.71	3.76	3.56	3.58	6314
20200511	3.58	3.72	3.54	3.69	4368
20200512	3.69	3.71	3.59	3.63	3416
20200513	3.57	3.60	3.39	3.46	3442
20200514	3.38	3.53	3.32	3.46	3129
20200515	3.44	3.69	3.36	3.45	6346
20200518	3.45	3.62	3.45	3.62	3160
20200519	3.62	3.67	3.55	3.58	2677
20200520	3.61	3.67	3.56	3.64	1730
20200521	3.66	3.72	3.60	3.71	3627
20200522	3.75	3.91	3.67	3.89	2230
20200526	3.94	4.05	3.78	3.81	8363
20200527	3.80	4.06	3.80	4.02	4867
20200528	3.98	4.16	3.90	4.06	5028
20200529	4.03	4.11	3.88	4.09	6121
20200601	4.06	4.27	3.99	4.14	4040
20200602	4.24	4.46	4.22	4.41	4496
20200603	4.44	4.52	4.29	4.30	4768
20200604	4.27	4.46	4.27	4.34	3327
20200605	4.48	4.79	4.42	4.71	7094
20200608	5.18	5.32	4.93	5.01	7694
20200609	5.04	5.08	4.69	4.71	4966
20200610	4.74	4.74	4.44	4.47	3897
20200611	4.18	4.45	4.18	4.31	7859
20200612	4.43	4.56	4.42	4.42	3478
20200615	4.33	4.40	4.23	4.27	9154
20200616	4.46	4.65	4.36	4.61	5820
20200617	4.61	4.65	4.40	4.40	2390
20200618	4.34	4.44	4.30	4.36	2799
20200619	4.44	4.52	4.31	4.36	2619
20200622	4.37	4.38	4.19	4.35	3061
20200623	4.38	4.44	4.25	4.31	1855
20200624	4.27	4.27	4.15	4.19	2080
20200625	4.14	4.24	4.13	4.20	1838
20200626	4.16	4.22	4.09	4.10	1940
20200629	4.10	4.23	4.07	4.10	2638
20200630	4.10	4.16	4.04	4.12	3019
20200701	4.10	4.20	4.10	4.12	2839
20200702	4.19	4.24	4.16	4.21	1826
20200706	4.26	4.36	4.22	4.23	3044
20200707	4.23	4.23	4.11	4.12	1122
20200708	4.10	4.16	4.03	4.12	3377
20200709	4.12	4.17	3.95	3.95	1753
20200710	3.95	4.05	3.92	4.04	1384
20200713	4.11	4.25	3.98	4.10	2147
20200714	4.10	4.17	4.04	4.08	973
20200715	4.11	4.23	4.11	4.15	1803
20200716	4.15	4.15	4.02	4.07	2073
20200717	4.07	4.10	3.99	4.02	1640
20200720	4.00	4.04	3.95	4.01	12896
20200721	4.04	4.26	4.04	4.24	3627
20200722	4.25	4.44	4.25	4.41	2129
20200723	4.44	4.58	4.42	4.55	2591
20200724	4.54	4.54	4.26	4.26	1006
20200727	4.26	4.31	4.16	4.28	1108
20200728	4.26	4.32	4.20	4.28	1372
20200729	4.27	4.28	4.18	4.18	1165
20200730	4.13	4.13	4.00	4.04	1852
20200731	4.02	4.04	3.88	3.97	1852
20200803	3.96	4.12	3.90	4.10	2208
20200804	4.09	4.39	4.04	4.06	5009
20200805	4.09	4.23	4.06	4.08	7724
20200806	4.06	4.26	4.06	4.23	1932
20200807	4.23	4.25	4.10	4.21	683
20200810	4.28	4.46	4.23	4.26	2495
20200811	4.47	4.59	4.39	4.42	2979
20200812	4.45	4.68	4.42	4.64	3410
20200813	4.66	4.83	4.57	4.82	6779
20200814	4.93	4.98	4.64	4.81	3947
20200817	4.78	4.78	4.52	4.60	2561
20200818	4.61	4.73	4.59	4.69	1708
20200819	4.69	4.80	4.66	4.70	2018
20200820	4.65	4.78	4.63	4.71	2196
20200821	4.69	4.84	4.69	4.80	3508
20200824	4.80	4.81	4.69	4.75	2459
20200825	4.79	4.85	4.70	4.83	2458
20200826	4.81	5.00	4.80	4.80	2399
20200827	4.81	4.99	4.75	4.89	1981
20200828	4.91	5.11	4.85	5.09	2285
20200831	5.08	5.08	4.80	4.80	3803
20200901	4.84	4.94	4.77	4.91	1819
20200902	4.99	4.99	4.78	4.82	2284
20200903	4.77	4.99	4.77	4.89	1881
20200904	4.95	5.17	4.81	4.89	2200
20200908	4.81	4.89	4.72	4.81	1712
20200909	4.83	5.02	4.81	4.89	4088
20200910	4.88	5.01	4.80	4.89	4556
20200911	4.93	4.93	4.79	4.85	1844
20200914	4.90	4.90	4.80	4.84	1399
20200915	4.83	4.87	4.71	4.80	1640
20200916	4.85	4.85	4.70	4.75	1584
20200917	4.73	4.80	4.69	4.76	1101
20200918	4.76	4.80	4.58	4.68	4971
20200921	4.61	4.61	4.47	4.51	3304
20200922	4.51	4.57	4.46	4.53	1776
20200923	4.52	4.56	4.42	4.46	3306
20200924	4.46	4.55	4.37	4.47	1830
20200925	4.44	4.44	4.38	4.39	1760
20200928	4.39	4.49	4.39	4.42	1717
20200929	4.38	4.44	4.32	4.34	4336
20200930	4.34	4.45	4.34	4.43	1480
20201001	4.49	4.60	4.43	4.55	2444
20201002	4.47	4.55	4.45	4.53	1577
20201005	4.53	4.61	4.45	4.49	3565
20201006	4.51	4.56	4.43	4.51	2697
20201007	4.55	4.59	4.47	4.51	1988
20201008	4.55	4.69	4.51	4.62	3018
20201009	4.65	4.68	4.57	4.66	1026
20201012	4.65	4.73	4.61	4.70	1704
20201013	4.66	4.72	4.57	4.70	1045
20201014	4.74	4.80	4.68	4.75	1447
20201015	4.73	4.83	4.67	4.73	2119
20201016	4.74	4.77	4.63	4.73	1128
20201019	4.69	4.84	4.65	4.66	2318
20201020	4.68	4.75	4.64	4.68	1344
20201021	4.68	4.73	4.65	4.71	554
20201022	4.72	4.72	4.63	4.71	782
20201023	4.71	4.79	4.66	4.73	1398
20201026	4.70	4.72	4.65	4.69	988
20201027	4.67	4.67	4.47	4.56	1551
20201028	4.49	4.61	4.47	4.51	2095
20201029	4.50	4.51	4.33	4.43	1796
20201030	4.43	4.60	4.34	4.60	1767
20201102	4.61	4.67	4.51	4.61	1517
20201103	4.65	4.69	4.60	4.61	654
20201104	4.60	4.60	4.34	4.37	1143
20201105	4.42	4.60	4.42	4.60	998
20201106	4.55	4.60	4.46	4.48	719
20201109	4.59	4.77	4.54	4.60	1382
20201110	4.63	4.87	4.60	4.82	1475
20201111	4.82	4.94	4.75	4.80	1363
20201112	4.80	4.83	4.61	4.74	1129
20201113	4.82	5.27	4.82	4.97	3189
20201116	5.05	5.21	5.05	5.13	4441
20201117	5.07	5.20	5.01	5.17	4777
20201118	5.17	5.47	5.15	5.32	5186
20201119	5.34	5.49	5.32	5.46	2874
20201120	5.48	5.74	5.48	5.73	8750
20201123	5.72	5.89	5.67	5.81	4808
20201124	5.86	5.88	5.64	5.77	5649
20201125	5.76	5.92	5.65	5.83	2929
20201127	5.77	5.98	5.75	5.91	1104
20201130	5.85	5.89	5.80	5.87	1953
20201201	5.93	5.93	5.73	5.74	1120
20201202	5.72	5.89	5.70	5.83	1338
20201203	5.83	6.00	5.77	5.93	1730
20201204	5.94	6.04	5.90	6.00	2502
20201207	6.02	6.02	5.93	5.94	1164
20201208	5.93	6.11	5.90	6.03	1480
20201209	6.01	6.12	5.96	6.10	2650
20201210	6.09	6.34	6.04	6.23	4113
20201211	6.20	6.23	6.05	6.06	2151
20201214	6.05	6.12	5.80	5.81	1102
20201215	5.78	5.89	5.53	5.87	2288
20201216	5.89	5.98	5.83	5.87	1829
20201217	5.92	5.95	5.78	5.80	1142
20201218	5.79	6.05	5.75	6.00	2946
20201221	5.93	6.10	5.83	6.05	2343
20201222	6.04	6.04	5.81	5.84	1286
20201223	5.83	5.91	5.78	5.85	1050
20201224	5.85	5.85	5.68	5.70	475
20201228	5.71	5.96	5.70	5.95	1555
20201229	5.92	6.24	5.92	6.19	2038
20201230	6.25	6.39	6.19	6.26	2162
20201231	6.27	6.47	6.20	6.46	1382
20210104	6.53	6.74	6.53	6.68	3134
20210105	6.77	6.84	6.63	6.71	2361
20210106	6.74	6.96	6.74	6.82	4470
20210107	6.82	6.98	6.81	6.97	2186
20210108	6.94	6.98	6.87	6.91	1952
20210111	6.92	7.10	6.81	6.98	3169
20210112	7.06	7.19	7.04	7.06	2558
20210113	7.06	7.54	7.06	7.36	10143
20210114	7.38	7.97	7.36	7.47	8678
20210115	7.47	7.66	7.47	7.57	4841
20210119	7.60	7.83	7.52	7.63	3741
20210120	7.69	7.83	7.56	7.63	3404
20210121	7.62	7.65	7.30	7.37	2667
20210122	7.24	7.40	7.10	7.36	3551
20210125	7.36	7.45	7.25	7.41	3815
20210126	7.44	7.44	7.37	7.41	4191
20210127	7.39	7.39	7.01	7.03	4829
20210128	7.00	7.10	6.89	6.97	14402
20210129	6.95	7.21	6.93	7.08	4377
20210201	7.14	7.29	7.06	7.15	2823
20210202	7.19	7.47	7.19	7.46	3112
20210203	7.48	7.57	7.39	7.52	3102
20210204	7.50	7.62	7.48	7.57	3079
20210205	7.62	7.78	7.59	7.66	2918
20210208	7.68	7.93	7.68	7.78	2301
20210209	7.81	7.89	7.71	7.87	3280
20210210	7.91	8.10	7.79	7.82	1951
20210211	7.82	7.90	7.72	7.84	1807
20210212	7.77	7.81	7.68	7.79	2883
20210216	7.84	8.05	7.84	7.96	2580
20210217	8.01	8.01	7.85	7.97	1649
20210218	7.97	8.01	7.77	7.80	1802
20210219	7.80	7.99	7.72	7.92	1947
20210222	7.92	7.97	7.78	7.92	3189
20210223	7.86	7.97	7.69	7.81	1586
20210224	7.81	8.01	7.73	8.00	4007
20210225	8.02	8.17	7.81	7.86	5453
20210226	7.83	7.86	7.57	7.83	9953
20210301	7.94	8.26	7.89	7.92	10802
20210302	7.98	7.98	7.72	7.80	7045
20210303	7.76	7.95	7.71	7.78	4704
20210304	7.75	7.96	7.65	7.78	4772
20210305	7.83	7.96	7.74	7.86	8693
20210308	7.87	8.14	7.82	7.84	3752
20210309	7.83	8.12	7.76	7.98	4126
20210310	8.06	8.66	8.04	8.24	6207
20210311	8.24	8.57	8.24	8.55	9470
20210312	8.55	8.77	8.45	8.56	6696
20210315	8.82	9.15	8.44	8.51	5313
20210316	8.55	8.65	8.35	8.37	10115
20210317	8.40	8.46	8.29	8.36	5657
20210318	8.33	8.43	8.18	8.19	3951
20210319	8.17	8.39	8.12	8.20	8624
20210322	8.23	8.27	8.08	8.15	6506
20210323	8.14	8.15	7.86	7.86	5305
20210324	7.87	7.94	7.71	7.71	4696
20210325	7.64	7.72	7.49	7.59	3436
20210326	7.67	7.69	7.36	7.51	5118
20210329	7.25	7.40	7.15	7.40	8813
20210330	7.42	7.61	7.41	7.50	3231
20210331	7.53	7.62	7.44	7.46	4897
20210401	7.46	7.50	7.39	7.45	2009
20210405	7.51	7.55	7.20	7.36	6001
20210406	7.39	7.82	7.39	7.76	5131
20210407	7.74	7.82	7.62	7.68	7893
20210408	7.71	7.90	7.69	7.84	4390
20210409	7.82	7.82	7.70	7.80	4710
20210412	7.82	7.86	7.80	7.83	3376
20210413	7.82	7.87	7.71	7.74	2238
20210414	7.81	8.26	7.81	8.23	12098
20210415	8.26	8.52	8.23	8.47	9219
20210416	8.49	8.64	8.35	8.57	6337
20210419	8.60	8.62	8.50	8.52	6939
20210420	8.45	8.50	8.17	8.24	4612
20210421	8.30	8.53	8.29	8.48	2960
20210422	8.48	8.50	8.27	8.27	3809
20210423	8.26	8.40	8.24	8.36	2537
20210426	8.36	8.68	8.27	8.65	4823
20210427	8.66	8.92	8.56	8.82	8566
20210428	8.86	9.15	8.86	9.07	7191
20210429	9.11	9.14	8.77	8.94	4479
20210430	8.91	8.95	8.84	8.84	5240
20210503	8.88	8.94	8.79	8.88	3205
20210504	8.88	8.88	8.68	8.73	3137
20210505	8.74	8.89	8.66	8.87	6185
20210506	9.03	9.03	8.78	8.93	5963
20210507	8.91	9.52	8.91	9.38	13326
20210510	9.51	9.69	9.44	9.47	11903
20210511	9.51	9.56	9.12	9.31	8080
20210512	9.36	9.55	9.30	9.33	10778
20210513	9.30	9.35	8.91	9.10	7536
20210514	9.26	9.86	9.18	9.57	20844
20210517	9.64	10.05	9.60	9.86	21807
20210518	9.91	10.24	9.85	10.06	18069
20210519	10.05	10.33	9.89	10.07	14293
20210520	10.09	10.10	9.90	9.91	10225
20210521	9.91	10.25	9.67	9.93	18381
20210524	10.02	10.22	9.97	10.12	11808
20210525	10.12	10.22	9.89	9.95	35507
20210526	9.98	10.16	9.98	10.05	18475
20210527	10.08	10.08	9.63	9.70	112318
20210528	9.67	10.09	9.66	10.09	13411
20210601	10.16	10.57	10.16	10.53	11601
20210602	10.58	10.71	10.40	10.64	21260
20210603	10.52	10.64	10.49	10.61	7911
20210604	10.71	10.82	10.59	10.82	7653
20210607	10.80	11.01	10.80	10.91	8270
20210608	10.89	10.93	10.73	10.82	9996
20210609	10.74	10.93	10.67	10.92	9301
20210610	10.88	10.97	10.83	10.85	10902
20210611	10.87	11.15	10.80	11.15	20051
20210614	11.18	11.18	10.52	10.55	8698
20210615	10.56	10.66	10.24	10.59	11084
20210616	10.57	10.79	10.50	10.66	28096
20210617	10.59	10.61	10.09	10.32	7727
20210618	10.17	10.38	10.17	10.33	9593
20210621	10.41	10.53	10.35	10.50	4142
20210622	10.45	10.60	10.27	10.52	6410
20210623	10.59	10.82	10.54	10.64	5443
20210624	10.65	10.84	10.52	10.80	4569
20210625	10.77	10.78	9.68	9.71	29507
20210628	9.74	9.78	9.14	9.57	16387
20210629	9.57	9.64	9.42	9.53	10545
20210630	9.52	9.72	9.39	9.53	18416
20210701	9.63	9.69	9.44	9.64	9509
20210702	9.63	9.69	9.49	9.55	7559
20210706	9.62	9.62	9.31	9.33	8665
20210707	9.28	9.33	8.79	9.06	17145
20210708	8.94	8.95	8.67	8.81	12551
20210709	8.80	9.15	8.80	9.06	6174
20210712	9.06	9.16	8.94	9.06	6822
20210713	9.10	9.16	8.88	9.09	6555
20210714	9.10	9.23	8.88	8.91	7212
20210715	8.88	9.02	8.83	8.94	7298
20210716	9.02	9.13	8.75	8.78	4266
20210719	8.57	8.61	8.48	8.56	5532
20210720	8.52	8.76	8.50	8.76	8210
20210721	8.84	8.94	8.78	8.85	4733
20210722	8.88	8.96	8.70	8.72	3914
20210723	8.63	8.74	8.58	8.64	7418
20210726	8.70	9.07	8.68	9.05	12863
20210727	8.98	8.98	8.62	8.76	5696
20210728	8.80	9.02	8.71	9.01	4211
20210729	9.10	9.30	9.02	9.16	4624
20210730	9.14	9.35	9.01	9.08	4083
20210802	9.10	9.12	8.82	8.91	7007
20210803	8.91	9.05	8.82	9.04	6196
20210804	9.04	9.11	8.79	8.88	5499
20210805	8.87	9.12	8.87	9.08	3941
20210806	9.11	9.20	9.03	9.19	3849
20210809	9.15	9.22	9.09	9.20	6207
20210810	9.23	9.58	9.22	9.57	5445
20210811	9.67	9.67	9.46	9.50	6661
20210812	9.45	9.84	9.33	9.79	7664
20210813	9.40	9.77	8.50	8.59	15889
20210816	8.56	8.71	8.49	8.66	7561
20210817	8.55	8.70	8.47	8.62	14683
20210818	8.60	8.70	8.49	8.51	6495
20210819	8.46	8.54	8.23	8.32	17050
20210820	8.31	8.35	8.22	8.31	5030
20210823	8.39	8.59	8.39	8.45	8359
20210824	8.50	8.96	8.50	8.85	11090
20210825	8.90	8.94	8.66	8.72	4498
20210826	8.73	8.88	8.67	8.74	6004
20210827	8.76	8.94	8.75	8.93	6787
20210830	8.97	9.00	8.73	8.92	4857
20210831	8.90	9.01	8.82	8.88	9916
20210901	8.94	8.94	8.77	8.85	5195
20210902	8.87	8.93	8.69	8.72	5539
20210903	8.76	8.86	8.61	8.69	4604
20210907	8.72	8.94	8.65	8.91	7848
20210908	8.87	8.96	8.58	8.76	7553
20210909	8.71	8.81	8.50	8.68	8716
20210910	8.78	9.12	8.76	8.76	11253
20210913	8.82	9.15	8.78	9.02	11220
20210914	9.02	9.32	8.89	9.21	10746
20210915	9.12	9.54	8.99	9.54	14631
20210916	9.59	9.97	9.53	9.89	10248
20210917	9.86	9.95	9.62	9.70	14172
20210920	9.45	9.45	8.41	8.57	13020
20210921	8.60	8.73	8.30	8.70	16001
20210922	8.82	8.86	8.66	8.69	5870
20210923	8.73	8.98	8.69	8.83	6144
20210924	8.77	9.02	8.72	8.73	5765
20210927	8.76	8.90	8.69	8.72	4861
20210928	8.74	8.89	8.56	8.58	7677
20210929	8.59	8.63	8.37	8.39	5713
20210930	8.42	8.62	8.39	8.57	5802
20211001	8.53	8.54	8.34	8.48	6985
20211004	8.54	8.57	8.24	8.26	6927
20211005	8.34	8.43	8.09	8.38	9515
20211006	8.26	8.34	8.03	8.25	6168
20211007	8.25	8.42	8.22	8.39	4264
20211008	8.50	8.55	8.28	8.34	5621
20211011	8.35	8.60	8.34	8.41	3510
20211012	8.44	8.55	8.38	8.43	5728
20211013	8.50	8.56	8.19	8.19	5099
20211014	8.27	8.32	8.12	8.17	6188
20211015	8.31	8.53	8.21	8.48	8241
20211018	9.33	9.66	9.07	9.15	17893
20211019	9.16	9.25	8.94	9.02	7138
20211020	8.98	9.19	8.94	9.13	9911
20211021	9.10	9.28	8.72	8.77	6259
20211022	8.68	8.75	8.52	8.62	8594
20211025	8.67	8.69	8.54	8.66	9057
20211026	8.75	8.97	8.61	8.94	13476
20211027	8.94	9.19	8.59	8.65	8122
20211028	8.56	8.57	8.15	8.47	11483
20211029	8.47	8.47	8.24	8.32	8408
20211101	8.32	8.57	8.29	8.38	6621
20211102	8.34	8.37	8.08	8.21	7641
20211103	8.19	8.48	8.09	8.38	4698
20211104	8.45	8.45	8.27	8.44	5032
20211105	8.61	8.73	8.49	8.68	6580
20211108	8.71	8.76	8.61	8.68	6543
20211109	8.63	8.96	8.57	8.93	7389
20211110	8.86	9.17	8.76	8.98	9464
20211111	9.13	9.89	9.13	9.40	26320
20211112	9.31	9.77	9.28	9.73	21534
20211115	9.78	9.79	9.50	9.70	11114
20211116	9.69	9.69	9.26	9.27	14489
20211117	9.27	9.34	8.80	8.87	10207
20211118	8.88	8.94	8.70	8.70	8783
20211119	8.70	8.70	8.29	8.29	9814
20211122	8.26	8.29	7.91	7.91	21075
20211123	8.00	8.01	7.69	7.76	16034
20211124	7.70	7.91	7.59	7.80	22947
20211126	7.60	7.68	7.21	7.26	15777
20211129	7.44	7.47	7.12	7.38	25101
20211130	7.31	7.57	7.07	7.42	149492
20211201	7.66	8.00	7.25	7.27	23854
20211202	7.35	7.64	7.34	7.62	10552
20211203	7.66	7.80	7.38	7.43	12300
20211206	7.45	7.62	7.37	7.54	9593
20211207	7.62	7.82	7.59	7.78	10891
20211208	7.77	7.84	7.62	7.62	7046
20211209	7.60	7.70	7.34	7.34	6291
20211210	7.43	7.46	7.24	7.28	7036
20211213	7.21	7.25	7.01	7.01	6677
20211214	6.97	7.06	6.80	6.81	12096
20211215	6.83	6.98	6.68	6.95	13853
20211216	7.04	7.06	6.80	6.81	9518
20211217	6.73	6.89	6.63	6.77	11770
20211220	6.62	6.65	6.44	6.49	20259
20211221	6.52	6.87	6.52	6.78	9963
20211222	6.77	6.88	6.76	6.81	7569
20211223	6.79	6.94	6.79	6.88	5749
20211227	6.87	7.17	6.82	7.16	6516
20211228	7.11	7.30	7.10	7.25	6596
20211229	7.25	7.28	7.06	7.07	5428
20211230	7.06	7.27	7.05	7.19	6893
20211231	7.20	7.36	7.13	7.29	5201
20220103	7.37	7.63	7.25	7.33	11275
20220104	7.40	7.59	7.27	7.30	6365
20220105	7.35	7.42	7.07	7.07	6900
20220106	7.05	7.16	7.00	7.08	7659
20220107	7.10	7.22	7.07	7.12	17416
20220110	7.12	7.23	6.94	7.11	9550
20220111	7.14	7.29	7.13	7.28	10329
20220112	7.36	7.44	7.16	7.29	15406
20220113	7.35	7.43	7.16	7.16	7162
20220114	7.12	7.26	6.98	7.15	5208
20220118	7.07	7.10	6.91	6.92	4901
20220119	6.93	7.07	6.88	6.90	5951
20220120	6.96	7.25	6.93	7.06	20973
20220121	6.95	7.09	6.79	6.91	14908
20220124	6.79	7.11	6.68	7.09	9242
20220125	6.91	7.19	6.84	7.17	7254
20220126	7.26	7.35	7.10	7.22	7205
20220127	7.29	7.46	7.16	7.33	10091
20220128	7.32	7.59	7.25	7.49	12509
20220131	7.47	7.70	7.42	7.69	5085
20220201	7.69	7.92	7.66	7.81	5192
20220202	7.79	7.90	7.57	7.66	4215
20220203	7.50	7.60	7.43	7.44	7927
20220204	7.46	7.53	7.33	7.51	4528
20220207	7.54	7.69	7.46	7.66	12421
20220208	7.64	7.71	7.48	7.63	9829
20220209	7.78	7.87	7.70	7.80	6300
20220210	7.63	7.88	7.60	7.75	12547
20220211	7.78	7.90	7.67	7.71	3280
20220214	7.74	7.80	7.60	7.69	5059
20220215	7.74	7.93	7.74	7.89	2747
20220216	7.84	8.15	7.83	8.13	4395
20220217	8.08	8.10	7.83	7.86	4445
20220218	7.88	8.27	7.87	7.94	7714
20220222	7.90	8.01	7.68	7.95	6629
20220223	8.04	8.11	7.83	7.91	8515
20220224	7.79	8.68	7.77	8.68	19228
20220225	8.68	8.93	8.60	8.81	18328
20220228	8.83	9.08	8.71	9.08	12026
20220301	9.09	9.69	9.02	9.68	17170
20220302	9.68	10.02	9.45	9.51	13713
20220303	9.50	10.19	9.46	10.18	15825
20220304	10.33	10.33	9.85	9.97	17112
20220307	10.26	10.85	9.98	10.06	24958
20220308	9.97	10.12	9.70	9.93	20182
20220309	9.98	10.25	9.87	10.21	10357
20220310	10.15	11.15	10.15	11.00	43953
20220311	11.20	11.77	10.87	11.57	38585
20220314	11.63	11.75	10.28	10.37	31985
20220315	10.42	10.84	9.79	10.49	13713
20220316	10.53	10.73	10.13	10.61	25481
20220317	10.59	10.91	10.55	10.88	13434
20220318	10.80	10.96	10.68	10.84	13115
20220321	10.90	11.38	10.84	11.34	14757
20220322	11.38	11.58	11.14	11.16	18793
20220323	11.19	11.39	11.06	11.38	17218
20220324	11.40	12.03	11.35	11.84	27416
20220325	11.96	12.03	11.40	11.66	23691
20220328	11.73	11.77	10.99	11.36	22974
20220329	10.99	11.13	10.58	11.02	26405
20220330	11.11	11.51	11.08	11.30	11539
20220331	11.30	11.61	11.30	11.47	20916
20220401	11.65	11.98	11.39	11.72	24058
20220404	11.76	11.81	11.04	11.18	23306
20220405	11.21	11.24	10.87	10.89	19762
20220406	10.70	11.06	10.49	10.80	19546
20220407	10.77	11.29	10.72	11.21	18653
20220408	11.26	11.87	11.26	11.76	21173
20220411	11.64	11.80	11.44	11.51	18026
20220412	11.65	11.99	11.58	11.75	20760
20220413	11.80	12.33	11.80	12.30	22573
20220414	12.34	12.53	12.24	12.39	21978
20220418	12.44	12.87	12.44	12.49	26159
20220419	12.36	12.47	11.70	11.80	23849
20220420	11.84	12.32	11.61	12.21	21332
20220421	12.29	12.38	11.50	11.62	22799
20220422	11.61	11.83	11.12	11.21	20767
20220425	10.96	11.12	10.64	11.04	19244
20220426	11.16	11.23	10.80	10.87	14906
20220427	11.02	11.57	10.91	11.39	29204
20220428	11.54	11.62	10.88	10.94	11736
20220429	10.95	11.23	10.81	10.83	7860
20220502	10.78	10.97	10.71	10.97	8418
20220503	11.07	11.25	10.96	11.24	9195
20220504	11.26	11.46	10.75	11.05	9200
20220505	11.08	11.24	10.71	10.81	7695
20220506	10.76	10.78	10.47	10.52	19601
20220509	10.41	10.45	9.52	9.52	18679
20220510	9.60	9.84	9.46	9.59	9299
20220511	9.58	9.95	9.43	9.53	9399
20220512	9.44	9.84	9.23	9.74	11451
20220513	9.95	10.15	9.68	9.87	12252
20220516	9.86	10.21	9.78	9.89	12240
20220517	10.06	10.55	9.99	10.54	8936
20220518	10.52	10.53	9.85	9.94	5483
20220519	9.89	9.99	9.68	9.85	5586
20220520	9.96	10.01	9.60	9.75	7573
20220523	9.92	10.37	9.80	10.26	5872
20220524	10.16	10.35	10.09	10.32	9757
20220525	10.35	10.44	10.21	10.38	5817
20220526	10.58	10.90	10.40	10.83	9780
20220527	10.85	11.06	10.78	10.83	9465
20220531	10.97	11.07	10.63	10.70	12967
20220601	10.78	10.89	10.02	10.26	24775
20220602	10.33	10.84	10.18	10.63	10862
20220603	10.86	11.03	10.45	10.50	8972
20220606	10.52	10.57	10.15	10.29	6796
20220607	10.17	10.45	10.11	10.41	8196
20220608	10.28	10.39	10.03	10.21	8322
20220609	10.18	10.24	9.99	10.07	8811
20220610	9.83	10.01	9.75	9.83	10998
20220613	9.57	9.64	9.09	9.17	16837
20220614	9.31	9.36	9.04	9.15	6551
20220615	9.24	9.39	9.13	9.28	5260
20220616	9.06	9.12	8.75	8.77	9450
20220617	8.77	8.94	8.51	8.69	12153
20220621	8.77	8.92	8.67	8.67	5943
20220622	8.46	8.53	8.30	8.42	8208
20220623	8.46	8.46	7.91	8.01	11597
20220624	8.12	8.39	7.96	8.33	12078
20220627	8.39	8.55	8.31	8.40	14140
20220628	8.39	8.66	8.31	8.36	9017
20220629	8.36	8.57	8.18	8.30	8292
20220630	8.15	8.28	8.03	8.14	5736
20220701	8.14	8.17	7.78	8.02	9545
20220705	7.88	7.90	7.61	7.83	7918
20220706	7.87	7.89	7.48	7.60	7972
20220707	7.65	7.89	7.61	7.66	9982
20220708	7.69	7.83	7.61	7.64	7432
20220711	7.61	7.66	7.29	7.30	5269
20220712	7.23	7.30	7.01	7.22	8542
20220713	7.17	7.29	7.11	7.18	4783
20220714	6.96	7.07	6.70	6.83	8161
20220715	6.91	7.00	6.76	6.96	19576
20220718	7.08	7.36	7.08	7.12	6657
20220719	7.15	7.32	7.15	7.30	7665
20220720	7.27	7.41	7.27	7.35	9516
20220721	7.29	7.33	7.14	7.25	9231
20220722	7.28	7.35	7.20	7.24	7563
20220725	7.32	7.54	7.31	7.51	4618
20220726	7.50	7.59	7.28	7.29	3764
20220727	7.29	7.55	7.23	7.53	3579
20220728	7.60	7.82	7.46	7.80	8366
20220729	7.86	7.95	7.76	7.89	4834
20220801	7.85	7.86	7.73	7.81	3137
20220802	7.83	7.90	7.74	7.80	2783
20220803	7.87	8.00	7.76	7.88	4376
20220804	7.83	7.92	7.82	7.85	4261
20220805	7.83	8.09	7.83	8.07	4324
20220808	8.14	8.35	8.14	8.32	6473
20220809	8.33	8.41	8.22	8.28	4123
20220810	8.40	8.53	8.38	8.44	3488
20220811	8.59	8.66	8.46	8.57	5353
20220812	8.62	9.28	8.47	9.18	10096
20220815	8.92	9.13	8.73	9.05	5880
20220816	9.05	9.05	8.93	8.99	4323
20220817	9.00	9.10	8.70	8.72	6131
20220818	8.75	8.85	8.67	8.83	2975
20220819	8.74	8.75	8.58	8.63	3685
20220822	8.52	8.73	8.48	8.72	3587
20220823	8.78	9.10	8.78	9.09	5585
20220824	9.03	9.04	8.86	8.96	4905
20220825	9.09	9.21	9.04	9.16	4737
20220826	9.14	9.19	9.02	9.16	5340
20220829	9.10	9.71	9.05	9.67	8630
20220830	9.68	9.68	8.90	9.01	20461
20220831	9.01	9.14	8.88	8.88	5903
20220901	8.75	8.90	8.63	8.66	5864
20220902	8.88	8.88	8.56	8.56	6005
20220906	8.62	8.65	8.39	8.39	5352
20220907	8.39	8.57	8.21	8.46	8004
20220908	8.40	8.61	8.40	8.61	5203
20220909	8.73	8.73	8.57	8.63	2849
20220912	8.76	8.82	8.64	8.69	3215
20220913	8.53	8.73	8.52	8.59	8577
20220914	8.64	8.64	8.39	8.45	5019
20220915	8.39	8.39	7.93	7.93	6970
20220916	7.85	7.88	7.69	7.83	7255
20220919	7.68	8.20	7.68	8.18	5325
20220920	8.12	8.17	7.98	8.11	7151
20220921	8.13	8.28	8.00	8.11	5549
20220922	8.12	8.19	7.85	7.92	3057
20220923	7.72	7.72	7.31	7.36	6181
20220926	7.33	7.47	7.14	7.23	4814
20220927	7.34	7.59	7.31	7.38	4365
20220928	7.43	7.58	7.29	7.52	5122
20220929	7.46	7.46	7.22	7.43	5727
20220930	7.57	8.07	7.39	7.98	14451
20221003	8.10	8.22	7.72	8.02	7855
20221004	8.13	8.41	8.13	8.36	3966
20221005	8.36	8.36	8.13	8.30	4797
20221006	8.30	8.50	8.20	8.23	3630
20221007	8.17	8.25	8.01	8.19	4388
20221010	8.27	8.38	8.15	8.19	3259
20221011	8.18	8.21	7.93	8.04	3036
20221012	8.05	8.05	7.80	7.93	3575
20221013	7.80	8.30	7.70	8.19	4702
20221014	8.13	8.26	7.84	7.86	3672
20221017	7.97	8.23	7.97	8.12	3471
20221018	8.07	8.14	7.90	8.10	10305
20221019	8.04	8.50	7.99	8.40	4429
20221020	8.42	8.52	8.30	8.30	4544
20221021	8.33	8.64	8.19	8.57	4362
20221024	8.62	8.62	8.28	8.35	4486
20221025	8.37	8.57	8.23	8.42	4663
20221026	8.41	8.52	8.23	8.23	4192
20221027	8.29	8.42	8.10	8.17	3884
20221028	8.18	8.22	7.99	8.08	4213
20221031	8.22	8.45	8.01	8.34	11326
20221101	8.45	8.51	8.27	8.43	4452
20221102	8.22	8.27	7.99	8.02	5509
20221103	7.92	8.32	7.82	8.25	6528
20221104	8.42	8.63	8.27	8.34	5724
20221107	8.36	8.72	8.36	8.60	6592
20221108	8.62	8.77	8.48	8.66	4953
20221109	8.59	8.64	8.33	8.34	5083
20221110	8.29	8.33	7.49	7.80	10152
20221111	7.85	8.04	7.55	7.61	9334
20221114	7.66	7.75	7.38	7.67	14157
20221115	7.82	7.95	7.71	7.88	5229
20221116	7.83	7.88	7.61	7.76	6687
20221117	7.67	7.76	7.54	7.62	3819
20221118	7.67	7.85	7.66	7.84	4659
20221121	7.82	7.98	7.67	7.85	5622
20221122	7.86	8.11	7.84	8.02	4710
20221123	8.00	8.12	7.89	8.07	3096
20221125	8.11	8.21	8.03	8.06	2671
20221128	7.97	8.05	7.91	8.02	3801
20221129	8.02	8.12	7.97	8.00	4048
20221130	8.00	8.13	7.93	8.10	5643
20221201	8.09	8.12	7.60	7.63	9726
20221202	7.59	7.87	7.59	7.69	3994
20221205	7.65	7.88	7.59	7.67	6297
20221206	7.60	7.73	7.35	7.40	9262
20221207	7.41	7.81	7.40	7.68	7017
20221208	7.68	7.77	7.55	7.57	5080
20221209	7.53	7.57	7.32	7.36	6709
20221212	7.32	7.46	7.16	7.45	7795
20221213	7.59	7.80	7.43	7.47	5625
20221214	7.29	7.29	6.82	7.05	15901
20221215	6.95	7.22	6.95	7.21	6703
20221216	7.18	7.24	6.93	7.22	8774
20221219	7.19	7.41	7.14	7.34	8907
20221220	7.30	7.79	7.30	7.68	7500
20221221	7.69	7.98	7.55	7.95	12838
20221222	7.91	8.08	7.73	8.06	15445
20221223	8.07	8.34	8.06	8.25	8157
20221227	8.28	8.33	8.07	8.09	4055
20221228	8.10	8.24	8.01	8.16	5718
20221229	8.19	8.19	8.03	8.09	3338
20221230	8.07	8.17	7.99	8.13	3270
20230103	8.09	8.12	7.28	7.41	12746
20230104	7.36	7.48	7.26	7.38	6065
20230105	7.37	7.43	7.26	7.43	6376
20230106	7.57	7.88	7.57	7.86	6618
20230109	7.88	8.01	7.75	7.78	5568
20230110	7.79	7.87	7.67	7.86	3710
20230111	7.90	7.99	7.86	7.89	6071
20230112	7.90	8.19	7.87	8.15	4803
20230113	8.16	8.28	8.07	8.22	3716
20230117	8.27	8.41	8.23	8.29	3229
20230118	8.36	8.43	8.17	8.22	3571
20230119	8.17	8.24	8.02	8.20	4002
20230120	8.23	8.23	8.10	8.14	1724
20230123	8.17	8.24	8.07	8.09	2673
20230124	8.18	8.32	8.15	8.22	3138
20230125	8.12	8.41	8.12	8.37	2605
20230126	8.43	8.46	8.23	8.37	4516
20230127	8.36	8.40	8.17	8.24	4962
20230130	8.22	8.36	8.15	8.20	8373
20230131	8.24	8.32	8.10	8.29	3841
20230201	8.26	8.35	8.16	8.30	4142
20230202	8.29	8.73	8.15	8.60	12234
20230203	8.59	8.71	8.28	8.34	4430
20230206	8.24	8.29	7.95	8.01	8365
20230207	7.67	7.94	7.65	7.92	10426
20230208	7.65	7.89	7.63	7.64	5858
20230209	7.67	7.71	7.41	7.53	5085
20230210	7.51	7.74	7.50	7.59	6718
20230213	7.58	7.87	7.46	7.87	6077
20230214	7.86	7.98	7.75	7.77	5465
20230215	7.72	7.95	7.72	7.95	4126
20230216	8.18	8.23	7.97	7.98	8456
20230217	7.95	8.03	7.87	7.91	4756
20230221	7.88	7.92	7.75	7.76	4197
20230222	7.78	7.96	7.78	7.93	3817
20230223	8.03	8.16	7.98	8.09	4155
20230224	8.05	8.25	8.03	8.08	7338
20230227	8.08	8.22	8.07	8.14	6951
20230228	8.24	8.30	7.75	7.96	10446
20230301	7.95	8.08	7.89	7.99	3683
20230302	7.96	8.03	7.91	7.93	2755
20230303	7.95	8.05	7.89	7.90	4755
20230306	7.90	8.11	7.87	8.00	3415
20230307	7.93	7.99	7.69	7.79	3989
20230308	7.80	7.92	7.73	7.77	7140
20230309	7.76	7.87	7.58	7.58	8016
20230310	7.61	7.97	7.36	7.65	9995
20230313	7.49	7.71	7.42	7.54	5096
20230314	7.67	7.90	7.57	7.73	4101
20230315	7.57	7.57	7.27	7.37	6232
20230316	7.29	7.50	7.28	7.48	3831
20230317	7.39	7.40	7.20	7.22	5805
20230320	7.26	7.44	7.26	7.40	4857
20230321	7.51	7.65	7.47	7.49	3973
20230322	7.49	7.65	7.46	7.50	3200
20230323	7.55	7.67	7.41	7.46	5044
20230324	7.44	7.63	7.32	7.55	3532
20230327	7.58	7.93	7.56	7.87	7679
20230328	7.85	7.98	7.82	7.95	3532
20230329	7.99	8.09	7.97	7.99	2910
20230330	8.04	8.09	7.91	8.03	4752
20230331	8.10	8.12	7.87	7.93	3057
20230403	7.95	8.08	7.95	8.03	2745
20230404	8.06	8.10	7.77	7.90	6559
20230405	7.91	7.91	7.68	7.75	7465
20230406	7.78	7.79	7.67	7.77	4239
20230410	7.74	7.93	7.74	7.89	4059
20230411	7.94	8.42	7.94	8.42	15356
20230412	8.33	8.90	8.33	8.77	9374
20230413	8.83	8.93	8.70	8.73	6813
20230414	8.73	8.89	8.73	8.81	4812
20230417	8.55	8.61	8.10	8.40	10481
20230418	8.31	8.55	8.27	8.42	5260
20230419	8.40	8.40	8.14	8.24	6279
20230420	8.02	8.08	7.84	7.91	7238
20230421	7.93	7.96	7.79	7.89	4974
20230424	7.85	7.97	7.78	7.96	4329
20230425	7.93	8.08	7.89	8.03	4534
20230426	8.05	8.12	7.98	8.11	5282
20230427	8.13	8.30	8.03	8.27	4621
20230428	8.25	8.31	8.10	8.30	5584
20230501	8.30	8.38	8.26	8.32	5398
20230502	8.29	8.29	7.99	8.05	3559
20230503	8.07	8.12	8.02	8.02	4390
20230504	8.02	8.07	7.96	8.03	3786
20230505	8.11	8.41	8.04	8.36	4800
20230508	8.39	8.70	8.39	8.59	5617
20230509	8.52	8.70	8.42	8.66	3357
20230510	8.70	8.73	8.43	8.53	6047
20230511	8.49	8.57	8.33	8.35	16688
20230512	8.46	8.80	8.42	8.70	8382
20230515	8.70	8.90	8.60	8.89	6738
20230516	8.83	8.90	8.59	8.64	5949
20230517	8.68	8.81	8.58	8.72	5411
20230518	8.64	8.75	8.51	8.73	5251
20230519	8.78	8.90	8.71	8.82	4094
20230522	8.82	8.90	8.78	8.81	3771
20230523	8.79	9.10	8.78	8.97	6738
20230524	8.93	9.31	8.93	9.14	8318
20230525	9.17	9.20	8.94	8.95	6332
20230526	9.07	9.51	9.04	9.08	11252
20230530	9.05	9.10	8.54	8.62	10057
20230531	8.58	8.82	8.55	8.74	19600
20230601	8.75	8.84	8.69	8.75	4581
20230602	8.83	9.09	8.82	9.09	6751
20230605	9.07	9.32	9.07	9.22	6814
20230606	9.13	9.66	9.12	9.62	10021
20230607	9.65	9.72	9.49	9.55	5401
20230608	9.48	9.51	9.28	9.45	5894
20230609	9.45	9.60	9.45	9.55	6919
20230612	9.50	9.56	9.38	9.46	3438
20230613	9.49	9.73	9.49	9.67	7701
20230614	9.69	9.75	9.50	9.58	4046
20230615	9.58	9.76	9.57	9.74	4833
20230616	9.74	9.86	9.61	9.84	4615
20230620	9.85	9.94	9.70	9.85	4218
20230621	9.81	10.00	9.81	9.99	4591
20230622	9.92	9.97	9.82	9.83	3060
20230623	9.75	9.86	9.71	9.75	4115
20230626	9.81	9.87	9.69	9.69	3029
20230627	9.66	9.66	9.14	9.18	6576
20230628	9.13	9.24	9.10	9.11	4080
20230629	9.14	9.35	9.14	9.24	2629
20230630	9.27	9.40	9.25	9.36	5626
20230703	9.36	9.52	9.36	9.48	2708
20230705	9.32	9.70	9.32	9.66	5176
20230706	9.57	9.60	9.26	9.37	3310
20230707	9.39	9.65	9.35	9.60	2528
20230710	9.56	9.72	9.56	9.56	4323
20230711	9.66	9.80	9.55	9.72	4065
20230712	9.82	10.05	9.65	9.73	6780
20230713	9.79	9.85	9.67	9.71	4844
20230714	9.72	9.73	9.44	9.54	3187
20230717	10.05	10.52	9.88	10.45	11091
20230718	10.45	10.71	10.42	10.44	5867
20230719	10.69	10.99	10.57	10.63	7141
20230720	10.70	10.86	10.62	10.72	5630
20230721	10.80	10.81	10.58	10.69	5246
20230724	10.68	10.84	10.65	10.69	2554
20230725	10.67	10.79	10.63	10.66	2499
20230726	10.64	10.72	10.44	10.64	7290
20230727	10.70	10.87	10.64	10.68	3821
20230728	10.77	10.84	10.68	10.78	2765
20230731	10.90	11.11	10.90	11.10	5388
20230801	11.01	11.06	10.83	10.90	2776
20230802	10.90	11.01	10.82	10.92	3561
20230803	10.91	11.02	10.80	10.83	3315
20230804	10.85	11.00	10.76	10.77	2913
20230807	10.74	10.79	10.60	10.65	4371
20230808	10.50	10.63	10.39	10.59	3427
20230809	10.61	10.61	10.14	10.18	4837
20230810	10.25	10.42	10.09	10.21	6249
20230811	10.15	10.18	9.75	9.76	6866
20230814	9.82	9.82	9.01	9.46	16759
20230815	9.44	9.83	9.40	9.55	7177
20230816	9.54	9.71	9.43	9.43	4341
20230817	9.57	9.59	9.36	9.42	7692
20230818	9.41	10.40	9.41	10.38	10679
20230821	10.55	10.93	10.54	10.90	7836
20230822	10.93	11.17	10.91	11.04	5487
20230823	11.00	11.51	10.90	11.35	8262
20230824	11.35	11.38	10.81	11.00	7819
20230825	11.02	11.36	11.02	11.32	4150
20230828	11.41	11.51	11.30	11.42	3408
20230829	11.38	11.62	11.32	11.48	6483
20230830	11.48	11.61	11.36	11.52	4606
20230831	11.50	11.57	11.31	11.48	3648
20230901	11.57	11.75	11.53	11.73	5172
20230905	11.69	11.70	11.48	11.55	3313
20230906	11.75	11.98	11.36	11.41	8503
20230907	11.47	11.68	11.41	11.61	4654
20230908	11.64	11.68	11.51	11.63	4103
20230911	11.72	11.85	11.71	11.75	3061
20230912	11.84	11.88	11.63	11.71	3457
20230913	11.76	11.85	11.57	11.68	4496
20230914	11.75	11.90	11.71	11.81	3263
20230915	11.79	11.89	11.72	11.72	4706
20230918	11.78	11.79	11.64	11.68	3654
20230919	11.75	11.77	11.51	11.67	4138
20230920	11.71	11.92	11.63	11.64	4412
20230921	11.60	11.69	11.46	11.46	2482
20230922	11.48	11.61	11.34	11.36	3146
20230925	11.35	11.56	11.30	11.44	2893
20230926	11.36	11.54	11.36	11.49	2745
20230927	11.58	11.64	11.43	11.49	2037
20230928	11.50	11.77	11.41	11.61	4040
