20170103	23.10	23.27	23.03	23.25	5130800
20170104	23.25	23.49	23.25	23.43	4562500
20170105	23.76	24.13	23.70	24.07	5583000
20170106	23.83	23.95	23.77	23.85	6055500
20170109	23.77	23.98	23.72	23.93	4158600
20170110	24.09	24.17	24.00	24.12	5332200
20170111	23.88	24.02	23.46	23.64	7149700
20170112	23.59	23.76	23.51	23.69	8549000
20170113	23.79	23.99	23.66	23.98	5159800
20170117	24.07	24.07	23.81	23.88	7320600
20170118	24.04	24.04	23.85	23.91	6141800
20170119	23.68	23.75	23.33	23.41	3693000
20170120	22.98	23.00	22.54	22.71	10125600
20170123	22.74	22.78	22.54	22.74	5507100
20170124	22.59	22.76	22.36	22.64	9280800
20170125	22.84	22.98	22.74	22.89	4791700
20170126	23.13	23.14	22.35	22.42	10392600
20170127	22.60	22.72	22.49	22.69	7378700
20170130	22.68	22.74	22.61	22.73	6143000
20170131	22.25	22.86	22.24	22.84	10641900
20170201	22.84	23.29	22.84	23.29	10012100
20170202	22.66	23.14	22.63	23.12	11199200
20170203	23.11	23.44	23.11	23.42	10788400
20170206	23.25	23.58	23.25	23.57	6300300
20170207	23.65	23.74	23.57	23.71	6341400
20170208	23.63	24.04	23.63	24.01	5109000
20170209	24.01	24.62	24.01	24.58	7264000
20170210	24.53	24.86	24.50	24.77	8700900
20170213	24.83	24.95	24.77	24.87	5482700
20170214	24.64	24.88	24.61	24.82	5479400
20170215	24.75	25.01	24.72	25.00	3758400
20170216	24.91	25.04	24.84	24.93	4400500
20170217	25.27	25.37	25.08	25.27	4496100
20170221	25.12	25.25	25.02	25.14	4471800
20170222	24.81	25.12	24.80	25.07	5119000
20170223	25.34	25.68	25.33	25.58	5213000
20170224	25.34	25.45	25.31	25.44	3539600
20170227	25.24	25.47	25.23	25.46	3631400
20170228	25.53	25.63	25.29	25.36	3929600
20170301	25.14	25.50	25.09	25.41	6947000
20170302	25.50	25.81	25.47	25.66	6804900
20170303	25.69	25.97	25.66	25.93	5304000
20170306	25.80	25.85	25.66	25.67	3365700
20170307	25.21	25.67	25.16	25.57	3971800
20170308	25.56	25.62	25.42	25.49	4612900
20170309	25.41	25.64	25.40	25.62	3763700
20170310	25.56	25.64	25.46	25.61	3932000
20170313	25.61	26.12	25.61	26.06	3957600
20170314	25.99	26.47	25.99	26.26	7598900
20170315	26.08	26.24	26.01	26.18	5140700
20170316	26.45	26.51	26.34	26.45	3101300
20170317	26.48	26.78	26.44	26.60	4358700
20170320	26.63	26.77	26.60	26.61	3443900
20170321	26.71	26.77	26.31	26.32	3920800
20170322	26.50	26.90	26.44	26.85	6134200
20170323	27.01	27.39	26.99	27.13	11268900
20170324	27.03	27.20	26.97	27.14	3983600
20170327	27.43	27.63	27.42	27.56	4517400
20170328	27.37	27.40	27.16	27.16	4575800
20170329	27.05	27.19	27.04	27.12	3480600
20170330	27.20	27.21	27.01	27.02	2268600
20170331	27.01	27.16	26.98	26.99	2743400
20170403	26.91	27.12	26.90	26.99	2811800
20170404	27.11	27.22	27.05	27.11	2856600
20170405	26.72	26.78	26.38	26.40	5355100
20170406	26.26	26.53	26.22	26.38	3928000
20170407	26.23	26.33	26.12	26.26	7000600
20170410	25.90	26.03	25.86	25.92	3923200
20170411	26.14	26.21	26.00	26.16	2963200
20170412	26.08	26.18	26.05	26.12	2324700
20170413	26.08	26.20	26.04	26.12	2649900
20170417	26.15	26.30	26.11	26.13	2574000
20170418	25.97	25.99	25.71	25.79	4444100
20170419	26.07	26.07	25.78	25.80	3641700
20170420	26.00	26.01	25.89	25.92	3179900
20170421	25.85	25.87	25.68	25.79	2044800
20170424	26.18	26.30	26.12	26.21	2642600
20170425	26.51	26.55	26.41	26.43	3021000
20170426	26.43	26.64	26.41	26.51	4205100
20170427	26.51	26.93	26.46	26.75	4690000
20170428	26.51	26.57	26.18	26.22	4930500
20170501	26.28	26.57	26.22	26.24	2902000
20170502	26.36	26.64	26.21	26.61	4441400
20170503	26.60	26.61	26.37	26.44	3020000
20170504	26.35	26.59	26.34	26.55	3691100
20170505	26.38	26.40	26.28	26.40	2605100
20170508	26.40	26.40	26.18	26.20	2511000
20170509	26.62	26.86	26.57	26.78	4359400
20170510	26.84	26.97	26.79	26.90	2604600
20170511	26.84	27.03	26.77	26.98	2717900
20170512	28.78	29.54	28.75	29.47	19332300
20170515	29.44	29.68	29.33	29.65	6014300
20170516	29.69	29.95	29.57	29.83	4951500
20170517	29.89	30.07	29.62	29.62	5581000
20170518	29.70	29.74	29.31	29.49	3723800
20170519	29.53	29.64	29.31	29.38	3215900
20170522	29.32	29.58	29.31	29.43	4377000
20170523	29.39	29.59	29.36	29.54	3978900
20170524	29.48	29.80	29.48	29.70	4281100
20170525	29.61	29.82	29.59	29.76	2606100
20170526	29.58	29.63	29.31	29.34	2555300
20170530	29.44	29.64	29.38	29.48	2603100
20170531	29.69	29.89	29.63	29.81	3703600
20170601	30.11	30.28	30.09	30.17	4155400
20170602	30.35	30.50	30.28	30.43	5115800
20170605	30.54	30.57	30.22	30.27	4595100
20170606	30.26	30.47	30.21	30.28	3188000
20170607	30.04	30.25	30.03	30.23	5046400
20170608	30.35	30.38	30.02	30.18	3153200
20170609	29.81	29.98	29.48	29.62	6947500
20170612	29.50	29.56	29.38	29.52	3266600
20170613	29.58	29.72	29.43	29.63	3310400
20170614	29.90	29.99	29.71	29.78	2739700
20170615	29.50	29.77	29.43	29.57	3295800
20170616	29.70	29.95	29.67	29.94	2511300
20170619	29.85	30.15	29.85	30.02	3950100
20170620	30.03	30.27	29.96	30.09	5164400
20170621	30.02	30.33	30.00	30.23	3639600
20170622	30.34	30.86	30.32	30.65	4015300
20170623	30.52	30.55	30.28	30.40	3128300
20170626	30.62	30.62	30.32	30.47	2830100
20170627	30.19	30.25	29.93	29.96	2967900
20170628	29.99	30.05	29.76	29.77	3873700
20170629	29.63	29.65	29.36	29.57	3395400
20170630	29.57	29.66	29.36	29.55	2697600
20170703	29.33	29.50	29.31	29.37	1703400
20170705	29.18	29.63	29.16	29.61	2578700
20170706	29.26	29.30	29.04	29.16	3984600
20170707	29.09	29.34	29.08	29.25	2819500
20170710	29.22	29.29	29.09	29.15	2530700
20170711	28.73	28.95	28.71	28.81	3586700
20170712	29.31	29.57	28.52	28.53	9939800
20170713	28.53	29.00	27.96	28.07	21176500
20170714	28.52	29.90	28.37	29.36	11656600
20170717	29.24	29.29	28.86	28.93	4220900
20170718	28.99	29.14	28.92	29.05	3624400
20170719	29.19	29.26	29.04	29.12	4691900
20170720	29.18	29.45	29.18	29.37	3365900
20170721	29.47	29.53	29.37	29.51	3602700
20170724	29.15	29.45	29.06	29.34	4116200
20170725	29.47	29.51	29.15	29.28	3173800
20170726	29.43	29.46	29.22	29.42	4065700
20170727	24.94	25.27	24.64	25.03	27176900
20170728	25.42	26.32	25.41	26.24	13288800
20170731	26.71	26.73	26.16	26.16	10798400
20170801	26.38	26.42	25.89	25.93	6358100
20170802	26.25	26.30	26.07	26.29	5676000
20170803	26.40	26.44	26.22	26.30	4309800
20170804	25.96	26.17	25.92	26.15	5189100
20170807	26.06	26.12	25.87	26.05	3568800
20170808	26.03	26.27	25.78	25.79	7354400
20170809	25.98	25.98	25.76	25.94	4132100
20170810	25.76	25.87	25.55	25.55	5866900
20170811	25.42	25.65	25.40	25.59	3253500
20170814	25.50	25.69	25.50	25.61	2340500
20170815	25.59	25.69	25.53	25.57	2129400
20170816	25.68	25.72	25.56	25.68	2643000
20170817	25.95	26.02	25.57	25.59	4612300
20170818	25.60	25.66	25.42	25.63	4184900
20170821	25.57	25.57	25.33	25.49	3237900
20170822	25.41	25.64	25.38	25.58	3469800
20170823	25.73	25.80	25.59	25.65	2443300
20170824	26.00	26.10	25.86	25.94	2966300
20170825	25.90	25.96	25.70	25.73	2194400
20170828	25.90	26.02	25.87	25.91	1570300
20170829	25.80	26.00	25.74	25.93	2005900
20170830	25.77	25.83	25.65	25.74	1946300
20170831	26.06	26.29	25.99	26.25	4497600
20170901	26.57	26.66	26.45	26.50	2396200
20170905	26.76	26.80	26.38	26.46	4718600
20170906	26.55	26.82	26.55	26.70	9305100
20170907	27.47	28.14	27.39	28.07	10258800
20170908	27.92	28.53	27.91	28.38	5266400
20170911	28.80	29.06	28.75	29.03	12110000
20170912	28.99	29.47	28.96	29.41	7552400
20170913	29.07	29.10	28.56	28.73	6585900
20170914	28.63	28.82	28.61	28.71	3600600
20170915	28.78	28.79	28.59	28.63	3100700
20170918	28.57	28.60	28.37	28.53	4573000
20170919	28.81	28.89	28.70	28.75	4386900
20170920	28.77	29.00	28.68	28.98	8170400
20170921	28.96	29.00	28.83	28.88	3112300
20170922	29.75	29.98	29.63	29.88	10233400
20170925	29.61	29.94	29.59	29.92	6183500
20170926	29.46	29.58	29.24	29.35	5092100
20170927	29.10	29.50	29.07	29.32	4395500
20170928	29.54	29.62	29.42	29.47	2653200
20170929	29.59	29.84	29.56	29.82	2471600
20171002	29.79	30.23	29.79	30.16	5145500
20171003	29.99	30.21	29.98	30.15	3938300
20171004	30.16	30.27	30.11	30.23	2221400
20171005	29.98	30.13	29.91	30.13	4724000
20171006	29.94	30.16	29.93	30.15	2973600
20171009	30.26	30.40	30.09	30.35	2553900
20171010	30.28	30.57	30.27	30.48	3685300
20171011	30.44	30.61	30.28	30.44	2771000
20171012	30.35	30.47	30.33	30.39	5071700
20171013	30.54	30.61	30.41	30.46	2864900
20171016	30.72	30.75	30.46	30.49	3489300
20171017	30.43	30.71	30.35	30.61	6444500
20171018	30.50	30.64	30.45	30.49	3782700
20171019	30.48	30.64	30.38	30.55	2443700
20171020	30.60	30.64	30.39	30.47	2302000
20171023	30.42	30.55	30.23	30.27	2575000
20171024	30.04	30.14	29.78	30.11	4621500
20171025	30.21	30.36	29.91	30.03	3225000
20171026	29.94	29.97	29.35	29.51	3635100
20171027	29.55	29.63	29.39	29.47	2532200
20171030	29.56	29.83	29.50	29.72	2903700
20171031	30.02	30.37	29.71	30.36	5030900
20171101	30.36	30.62	30.35	30.42	3976200
20171102	30.18	30.25	29.95	30.02	3234400
20171103	30.11	30.40	30.08	30.35	2923800
20171106	30.21	30.23	30.03	30.12	3390600
20171107	29.58	29.66	29.38	29.58	4409500
20171108	29.25	29.40	29.10	29.33	4434800
20171109	29.30	29.32	28.98	29.14	3738600
20171110	28.77	29.13	28.70	28.96	4922400
20171113	28.91	28.99	28.82	28.96	2416200
20171114	28.80	29.27	28.75	29.26	2914200
20171115	29.39	29.47	29.34	29.39	2211700
20171116	29.56	29.65	29.48	29.50	1991200
20171117	29.30	29.47	29.29	29.45	2467500
20171120	29.49	29.55	29.31	29.38	1894100
20171121	29.48	29.85	29.47	29.69	1358500
20171122	29.92	29.96	29.65	29.77	1277200
20171124	29.72	29.84	29.61	29.78	955900
20171127	29.98	29.99	29.60	29.64	1644700
20171128	29.51	29.56	29.38	29.50	3352500
20171129	29.54	29.58	29.28	29.32	3594800
20171130	28.98	29.16	28.78	28.93	4315600
20171201	28.87	29.15	28.71	28.91	3306600
20171204	29.01	29.04	28.30	28.31	3113600
20171205	28.27	28.50	28.25	28.34	3356300
20171206	28.27	28.44	28.15	28.24	2676000
20171207	28.26	28.45	28.22	28.36	3479900
20171208	28.58	28.85	28.51	28.81	2421200
20171211	28.91	29.24	28.87	29.15	3937900
20171212	29.34	29.47	29.29	29.41	2216800
20171213	29.34	29.62	29.31	29.54	4972900
20171214	29.48	29.57	29.21	29.30	3176000
20171215	28.99	29.17	28.94	29.16	2256400
20171218	29.31	29.53	29.28	29.34	1656400
20171219	29.24	29.36	29.10	29.17	1858000
20171220	29.33	29.34	28.99	29.05	1509000
20171221	29.30	29.50	29.19	29.43	4171000
20171222	29.53	29.69	29.39	29.58	2948900
20171226	29.44	29.79	29.44	29.61	1712500
20171227	29.73	29.75	29.57	29.68	2566900
20171228	29.91	30.10	29.89	30.02	2445100
20171229	30.60	30.76	30.48	30.54	4096800
20180102	31.01	31.19	30.76	31.14	6107400
20180103	31.00	31.25	30.94	31.20	4195400
20180104	31.25	31.33	31.05	31.24	3870900
20180105	31.31	31.61	31.24	31.57	3336000
20180108	31.44	31.48	31.17	31.35	1826300
20180109	31.23	31.33	31.12	31.22	1761100
20180110	30.91	31.11	30.81	31.04	2150100
20180111	30.92	31.19	30.87	31.15	2762400
20180112	31.32	31.48	31.26	31.37	3017700
20180116	31.23	31.26	30.79	30.79	4756500
20180117	30.93	31.01	30.79	30.87	2844600
20180118	30.84	30.93	30.73	30.86	3102500
20180119	31.30	31.31	31.10	31.19	2527100
20180122	31.37	31.64	31.35	31.63	2277100
20180123	31.73	31.92	31.68	31.74	3529600
20180124	31.55	31.73	31.46	31.56	5419300
20180125	32.11	32.13	31.67	31.81	3579400
20180126	32.27	32.30	32.12	32.24	5028800
20180129	32.01	32.01	31.81	31.88	3680700
20180130	31.75	31.81	31.34	31.46	3901500
20180131	31.34	31.34	30.75	30.86	4888100
20180201	30.93	31.15	30.75	30.93	3930400
20180202	31.39	31.94	31.19	31.59	7475900
20180205	31.08	31.09	29.63	29.73	8558500
20180206	29.35	30.25	29.26	30.19	10560000
20180207	29.59	30.14	29.56	29.83	6619600
20180208	30.29	30.59	29.93	30.01	8095400
20180209	29.67	29.75	28.91	29.58	8803400
20180212	29.74	30.22	29.74	30.00	4868800
20180213	30.10	30.15	29.91	29.98	2671100
20180214	29.79	30.34	29.76	30.31	4727600
20180215	30.64	30.83	30.39	30.79	3489300
20180216	30.42	30.87	30.42	30.71	4257000
20180220	30.35	30.56	30.30	30.45	5542500
20180221	30.43	31.26	30.41	30.62	4971700
20180222	30.71	30.80	30.40	30.49	2593100
20180223	30.52	30.80	30.39	30.78	2803900
20180226	30.80	31.01	30.77	30.94	2739600
20180227	30.74	30.82	30.57	30.64	1982800
20180228	30.68	30.69	30.03	30.04	3592400
20180301	30.17	30.23	29.59	29.84	4684400
20180302	29.94	30.18	29.91	30.01	6761400
20180305	30.21	30.74	30.17	30.68	3889000
20180306	30.86	30.89	30.46	30.57	3072700
20180307	30.40	30.55	30.28	30.51	1528700
20180308	30.59	30.82	30.49	30.57	1913700
20180309	30.54	30.66	30.46	30.58	2299900
20180312	30.75	30.82	30.56	30.64	2527600
20180313	30.74	30.87	30.60	30.61	4037200
20180314	30.64	30.86	30.45	30.63	2721400
20180315	30.90	30.94	30.55	30.61	2193600
20180316	30.90	31.33	30.88	31.31	4318200
20180319	31.52	31.56	31.11	31.29	6252400
20180320	31.38	31.55	31.23	31.47	3495300
20180321	31.45	31.52	31.30	31.32	2619400
20180322	31.16	31.42	31.13	31.20	3683700
20180323	31.11	31.23	30.87	30.93	3967100
20180326	31.56	31.62	31.03	31.46	3749600
20180327	31.58	31.83	31.35	31.38	3938000
20180328	31.69	32.16	31.67	31.79	5121700
20180329	31.60	31.84	31.47	31.65	4010000
20180402	31.58	31.84	31.21	31.40	3709200
20180403	31.91	31.99	31.61	31.88	4806100
20180404	31.47	31.91	31.42	31.88	3138800
20180405	31.79	32.32	31.78	31.99	3742400
20180406	32.21	32.49	31.89	32.06	4298700
20180409	32.36	32.61	32.26	32.49	4310400
20180410	32.85	33.26	32.73	33.21	6668300
20180411	32.94	33.12	32.88	32.98	5384400
20180412	32.96	33.09	32.91	32.91	3596700
20180413	32.87	32.93	32.76	32.87	3158000
20180416	32.55	32.61	32.11	32.36	4385000
20180417	32.36	32.49	32.31	32.45	3080400
20180418	32.45	32.60	32.36	32.56	2801100
20180419	32.42	32.62	32.00	32.04	9807000
20180420	32.05	32.13	31.93	31.98	2488500
20180423	32.20	32.20	32.03	32.15	2833400
20180424	32.01	32.09	31.69	31.79	3621800
20180425	31.84	32.01	31.58	31.94	3351200
20180426	32.02	32.13	31.89	31.95	2841200
20180427	32.01	32.26	31.93	32.21	3070800
20180430	32.15	32.41	32.10	32.16	3082800
20180501	32.30	32.72	32.12	32.71	6419000
20180502	32.43	32.57	32.14	32.17	5403400
20180503	32.41	32.52	32.15	32.42	4985100
20180504	32.14	32.36	32.04	32.20	5477500
20180507	32.37	32.66	32.30	32.55	3168700
20180508	32.41	32.55	32.11	32.27	4682700
20180509	32.29	32.90	32.23	32.73	3930900
20180510	32.59	32.74	32.48	32.59	2629600
20180511	32.81	33.03	32.57	32.94	3441000
20180514	33.00	33.05	32.88	32.96	3362400
20180515	32.69	32.92	32.55	32.80	4401400
20180516	33.02	33.12	32.89	33.03	3442400
20180517	33.15	33.25	32.74	32.98	5134500
20180518	32.07	33.19	32.06	32.88	5758500
20180521	33.39	33.50	33.13	33.30	8240800
20180522	33.60	33.76	33.32	33.53	7644100
20180523	33.33	33.41	33.20	33.34	4918300
20180524	33.50	33.56	33.28	33.38	3520200
20180525	33.32	33.62	33.25	33.52	5445200
20180529	32.98	33.07	32.84	32.93	2745100
20180530	33.14	33.57	33.11	33.36	2470700
20180531	33.49	33.64	33.16	33.51	5900300
20180601	33.23	33.36	33.02	33.31	2730500
20180604	33.50	33.54	33.10	33.26	2193400
20180605	33.18	33.20	32.93	33.01	1537100
20180606	33.06	33.24	32.97	33.13	2738500
20180607	33.16	33.18	32.84	32.91	2039900
20180608	32.97	33.07	32.85	32.96	2640200
20180611	32.89	33.11	32.79	32.92	1601700
20180612	32.84	33.02	32.71	32.73	2377700
20180613	32.95	32.98	32.61	32.74	2476500
20180614	33.21	33.45	32.96	33.02	2870600
20180615	32.99	33.04	32.80	32.95	2072000
20180618	32.65	32.73	32.56	32.67	1900700
20180619	32.33	32.53	32.25	32.53	1991800
20180620	32.70	32.74	32.53	32.70	1731600
20180621	32.23	32.27	31.60	31.81	5349000
20180622	31.70	31.82	31.63	31.73	5372800
20180625	31.91	31.96	31.51	31.65	2818200
20180626	31.84	31.84	31.51	31.57	5032200
20180627	31.48	31.67	31.20	31.27	5176100
20180628	31.16	31.61	31.12	31.59	2941300
20180629	31.86	31.97	31.78	31.78	3455400
20180702	31.24	31.51	31.21	31.51	4119700
20180703	31.52	31.66	31.41	31.46	1909600
20180705	31.13	31.67	31.13	31.61	3715700
20180706	31.59	31.91	31.52	31.84	2736100
20180709	31.97	32.07	31.81	32.00	2062500
20180710	32.33	32.37	32.10	32.22	2407800
20180711	31.98	32.09	31.90	32.07	2717600
20180712	32.84	33.48	32.80	33.45	8103200
20180713	33.22	33.65	33.22	33.63	5218800
20180716	33.24	33.35	33.11	33.18	3288200
20180717	33.37	33.69	33.31	33.64	3201700
20180718	33.63	33.82	33.46	33.79	3626600
20180719	33.72	33.80	33.45	33.51	2809000
20180720	33.48	33.82	33.45	33.64	2004700
20180723	33.63	33.77	33.58	33.63	1739700
20180724	33.66	33.96	33.62	33.87	1748700
20180725	33.54	33.91	33.53	33.88	2712200
20180726	34.36	35.05	34.30	34.53	6361300
20180727	34.64	34.69	34.31	34.60	5824600
20180730	34.69	35.03	34.67	34.84	5274900
20180731	35.14	35.52	35.12	35.41	6709700
20180801	35.02	35.18	34.93	35.07	3860500
20180802	34.55	35.08	34.55	35.06	4556800
20180803	34.72	35.08	34.72	34.99	4095400
20180806	34.34	34.74	34.34	34.65	3278000
20180807	35.51	35.54	35.18	35.18	3970000
20180808	35.28	35.55	35.14	35.52	2863500
20180809	36.39	36.40	36.15	36.26	6829400
20180810	36.07	36.37	35.99	36.05	5708400
20180813	36.05	36.11	35.69	35.72	3009200
20180814	35.61	35.82	35.58	35.69	4422400
20180815	35.37	35.38	34.95	35.20	6109000
20180816	35.09	35.17	34.65	34.75	6798400
20180817	35.06	35.14	34.85	34.90	8235400
20180820	35.34	35.65	35.32	35.57	6166000
20180821	35.78	35.78	35.45	35.49	4979100
20180822	35.66	35.66	35.34	35.39	2311200
20180823	35.44	35.44	34.88	34.89	3232800
20180824	35.25	35.26	35.02	35.07	3087100
20180827	35.39	35.39	35.08	35.34	3447800
20180828	35.29	35.52	35.24	35.39	2828900
20180829	35.49	35.57	35.28	35.54	2995400
20180830	35.47	35.72	35.38	35.63	2822300
20180831	34.97	35.18	34.93	35.10	3605600
20180904	34.63	34.74	34.52	34.63	3053200
20180905	34.44	34.58	34.20	34.27	2678300
20180906	34.05	34.15	33.77	33.94	2252300
20180907	33.83	34.09	33.82	34.04	2167200
20180910	34.63	34.78	34.42	34.56	3072800
20180911	34.67	34.79	34.48	34.76	3783800
20180912	34.69	34.74	34.53	34.69	7607100
20180913	34.46	34.51	34.13	34.45	5416000
20180914	34.21	34.41	34.12	34.29	3847800
20180917	34.26	34.50	34.21	34.39	3833900
20180918	34.13	34.42	34.13	34.32	3625400
20180919	34.21	34.32	34.09	34.15	2142600
20180920	34.29	34.56	34.27	34.53	1839100
20180921	34.30	34.58	34.27	34.50	1705200
20180924	34.52	34.71	34.52	34.65	2143300
20180925	35.16	35.53	35.14	35.42	6051500
20180926	35.73	35.94	35.72	35.78	6031900
20180927	36.09	36.37	36.03	36.37	5442400
20180928	36.16	36.38	36.10	36.23	3611000
20181001	36.25	36.44	36.14	36.16	2543500
20181002	36.12	36.39	35.98	36.37	1868200
20181003	36.59	36.77	36.55	36.69	6248900
20181004	36.37	36.52	35.89	36.17	4986500
20181005	35.68	36.02	35.60	35.76	3303400
20181008	35.15	35.26	34.89	35.11	2906300
20181009	34.44	35.15	34.44	35.05	3946400
20181010	35.16	35.23	34.84	34.84	3227800
20181011	34.89	34.91	34.25	34.46	6067200
20181012	34.27	34.38	33.77	34.01	3687000
20181015	34.23	34.42	34.09	34.31	3034700
20181016	35.14	35.86	35.07	35.78	7622100
20181017	36.04	36.10	35.53	35.97	4895200
20181018	35.81	35.89	35.44	35.66	5896100
20181019	36.01	36.17	35.79	35.90	3574900
20181022	36.32	36.37	35.95	36.15	4488600
20181023	35.85	36.40	35.73	36.25	4603400
20181024	36.09	36.09	34.60	34.66	5809500
20181025	33.81	34.85	33.57	34.59	5385300
20181026	34.08	34.91	33.82	34.70	3960300
20181029	35.21	35.26	34.53	34.79	7780900
20181030	34.87	35.29	34.81	35.20	4884100
20181031	36.04	36.09	35.44	35.50	4638500
20181101	35.22	35.49	34.95	35.26	2853700
20181102	35.00	35.18	34.45	34.65	3369200
20181105	35.45	35.90	35.41	35.70	4129000
20181106	35.13	35.17	34.49	35.12	2778700
20181107	35.57	35.93	35.43	35.90	3950600
20181108	36.59	37.79	36.56	37.22	5475600
20181109	37.55	37.57	37.08	37.51	5144700
20181112	37.71	37.89	36.86	37.45	4398100
20181113	38.00	38.25	37.86	37.99	9200700
20181114	38.08	38.21	37.79	37.90	5425000
20181115	37.82	37.91	37.31	37.90	6780000
20181116	36.58	37.27	36.57	37.24	7069200
20181119	37.03	37.48	36.71	37.35	6167500
20181120	37.17	37.52	36.87	36.93	4330000
20181121	36.79	37.00	36.68	36.83	1771000
20181123	36.38	37.00	36.38	36.80	2185400
20181126	36.79	36.91	36.53	36.70	3674000
20181127	36.16	36.55	35.94	36.53	5834400
20181128	36.39	36.75	36.27	36.73	5109000
20181129	36.60	37.03	36.52	36.81	4519000
20181130	36.54	36.75	36.32	36.46	4478900
20181203	36.58	36.62	36.10	36.22	6550400
20181204	36.57	36.94	36.37	36.50	5955700
20181206	35.40	35.71	35.18	35.59	5609400
20181207	35.24	35.44	34.90	34.96	3825900
20181210	35.58	35.58	34.91	35.17	6815800
20181211	35.83	35.99	35.20	35.39	6533300
20181212	35.62	35.99	35.61	35.62	4978200
20181213	35.94	36.16	35.73	35.93	2060400
20181214	35.89	35.90	35.62	35.84	4628400
20181217	35.89	35.96	34.95	35.11	4360600
20181218	35.22	35.33	34.85	35.00	2882100
20181219	35.23	35.28	34.47	34.76	4191500
20181220	35.62	35.62	34.66	34.83	4608600
20181221	34.52	34.98	34.32	34.34	3445700
20181224	34.67	34.67	33.74	33.75	3341300
20181226	33.46	34.44	33.42	34.43	4502500
20181227	33.78	34.15	33.41	34.15	6091200
20181228	34.38	34.88	34.35	34.58	3241100
20181231	34.63	34.92	34.62	34.77	1625600
20190102	34.53	34.79	34.42	34.61	3594000
20190103	35.14	35.56	35.07	35.09	5013500
20190104	35.54	36.05	35.41	35.87	2854000
20190107	35.71	35.83	35.43	35.50	5738700
20190108	35.14	35.32	34.82	34.91	4697400
20190109	34.93	35.13	34.61	34.61	6482000
20190110	34.83	35.14	34.69	35.03	4809000
20190111	34.49	34.55	33.77	33.83	5401000
20190114	33.45	33.46	32.43	32.55	13875300
20190115	32.90	33.15	32.71	33.06	10138800
20190116	32.75	32.98	32.62	32.77	7091500
20190117	32.94	33.28	32.91	33.22	4168300
20190118	33.68	33.73	33.25	33.46	4366500
20190122	33.41	33.45	32.97	33.21	7044100
20190123	33.90	33.90	33.38	33.59	7925300
20190124	33.20	33.22	32.68	32.77	6285400
20190125	32.84	32.89	32.57	32.73	6896600
20190128	32.56	32.62	32.32	32.49	3998900
20190129	32.81	32.86	32.55	32.55	4498800
20190130	33.03	33.12	32.68	32.91	4823500
20190131	33.34	33.59	33.16	33.49	4978500
20190201	33.51	33.77	33.45	33.55	3587800
20190204	33.69	33.71	33.47	33.66	2652500
20190205	33.78	34.11	33.77	33.88	2281600
20190206	33.86	34.01	33.73	33.76	3083500
20190207	34.10	34.10	33.67	33.82	3357000
20190208	33.78	34.07	33.72	33.88	3424100
20190211	33.69	33.76	33.46	33.58	3903900
20190212	33.94	34.16	33.81	34.06	3729300
20190213	33.73	34.03	33.47	33.49	4390500
20190214	35.68	36.76	35.61	36.60	12341200
20190215	36.89	37.55	36.81	37.46	6410200
20190219	36.59	37.07	36.57	37.04	8070900
20190220	36.84	37.41	36.84	37.11	7081100
20190221	37.00	37.08	36.75	37.02	5791400
20190222	37.02	37.53	37.00	37.48	5956300
20190225	38.00	38.21	37.84	38.00	5982100
20190226	38.09	38.58	38.05	38.43	4216800
20190227	38.51	38.98	38.51	38.81	4479300
20190228	38.56	39.01	38.52	38.94	5698500
20190301	38.97	39.11	38.85	39.11	4590000
20190304	39.08	39.16	38.76	39.04	3948200
20190305	38.92	39.91	38.92	39.62	5668200
20190306	39.67	39.70	39.27	39.36	2490000
20190307	38.97	39.12	38.71	39.02	5283900
20190308	38.82	39.15	38.72	39.12	4139200
20190311	39.01	39.64	39.00	39.51	3501500
20190312	39.00	39.30	39.00	39.19	3963400
20190313	39.41	39.79	39.29	39.76	2973900
20190314	39.60	39.86	39.45	39.59	3707800
20190315	39.60	39.81	39.43	39.81	8993600
20190318	39.82	40.03	39.74	39.88	3076200
20190319	40.17	40.33	40.02	40.15	3209200
20190320	40.34	40.55	40.07	40.29	3757300
20190321	40.19	40.55	40.17	40.22	2434800
20190322	39.76	40.14	39.73	39.89	3891200
20190325	39.90	40.07	39.74	39.85	2971700
20190326	40.29	40.45	40.14	40.21	3106000
20190327	39.90	40.15	39.61	39.94	3183500
20190328	40.41	40.51	40.12	40.25	4655900
20190329	37.82	38.52	37.59	37.86	34782300
20190401	38.81	38.91	38.34	38.65	8415500
20190402	38.62	39.02	38.48	38.95	10883100
20190403	38.59	38.66	38.22	38.48	6320000
20190404	38.20	38.40	37.91	37.96	5580600
20190405	37.93	38.25	37.90	38.12	5788800
20190408	38.47	38.47	38.18	38.27	3169400
20190409	38.19	38.25	37.94	38.11	4313100
20190410	38.16	38.33	37.87	37.97	6619000
20190411	37.76	37.79	37.14	37.31	4514400
20190412	37.11	37.48	36.96	37.01	7489800
20190415	37.24	37.35	37.11	37.28	3006100
20190416	37.55	37.55	36.78	36.81	3334300
20190417	36.82	36.84	36.28	36.31	4408300
20190418	36.31	36.47	35.92	36.34	5430300
20190422	36.32	36.43	36.11	36.29	4253500
20190423	36.18	36.50	36.18	36.23	4812200
20190424	36.26	36.45	36.13	36.26	3942000
20190425	35.98	36.67	35.96	36.58	4729100
20190426	35.44	35.67	35.27	35.58	7190400
20190429	36.11	36.12	35.68	35.76	5518600
20190430	35.71	35.76	34.49	35.27	8666400
20190501	35.13	35.25	34.89	34.98	5199600
20190502	35.24	35.44	35.08	35.23	10215000
20190503	35.89	35.98	35.66	35.97	3217200
20190506	35.51	36.27	35.35	35.92	3540300
20190507	35.93	35.99	35.42	35.57	2831200
20190508	36.03	36.14	35.84	35.87	3193500
20190509	36.03	36.09	35.83	36.03	3578100
20190510	35.64	35.73	35.02	35.26	8515700
20190513	34.92	35.02	34.76	34.91	7657400
20190514	35.38	35.59	35.25	35.42	7164800
20190515	35.22	35.45	35.19	35.29	4570000
20190516	35.34	35.64	35.27	35.40	2988700
20190517	35.24	35.50	35.19	35.38	1716300
20190520	34.97	35.26	34.96	35.16	3097000
20190521	35.26	35.54	35.22	35.48	3438800
20190522	35.25	36.20	35.25	36.16	2945100
20190523	36.21	36.41	36.00	36.21	5530100
20190524	36.53	36.82	36.43	36.54	3086600
20190528	36.06	36.20	35.59	35.60	3807800
20190529	35.27	35.36	35.06	35.15	3334200
20190530	35.34	35.34	34.96	35.13	2912900
20190531	34.77	35.06	34.76	35.01	2623000
20190603	35.63	35.71	35.36	35.49	2409300
20190604	35.99	36.21	35.77	36.14	3415300
20190605	36.00	36.11	35.85	35.93	2097300
20190606	36.35	36.66	36.27	36.37	2259500
20190607	36.70	36.78	36.42	36.54	2070900
20190610	36.67	37.20	36.60	37.08	2928900
20190611	37.17	37.22	36.82	36.89	2378100
20190612	37.01	37.45	37.01	37.40	2507300
20190613	37.28	37.47	37.09	37.38	2020000
20190614	37.16	37.42	37.11	37.15	1477800
20190617	37.05	37.58	37.04	37.44	1864200
20190618	38.01	38.43	37.94	38.35	3258500
20190619	38.57	39.10	38.54	39.03	3027100
20190620	39.26	39.41	38.89	38.97	3353200
20190621	38.47	38.79	38.08	38.73	2701700
20190624	38.89	39.00	38.69	38.86	1940000
20190625	38.99	39.05	38.61	38.77	1382100
20190626	38.61	38.62	38.17	38.37	1737900
20190627	38.27	38.56	38.27	38.39	1683800
20190628	38.86	38.86	38.49	38.66	2304800
20190701	39.01	39.01	38.62	38.69	3032900
20190702	38.73	39.11	38.69	39.06	2521200
20190703	39.30	39.47	39.18	39.32	1819000
20190705	38.98	39.03	38.30	38.34	2811700
20190708	38.16	38.27	38.02	38.24	2090200
20190709	38.16	38.28	38.08	38.15	1667900
20190710	38.63	38.78	38.42	38.52	1623000
20190711	38.32	38.33	37.65	37.88	2342500
20190712	37.79	37.81	37.32	37.66	3229700
20190715	37.70	37.85	37.52	37.67	2002700
20190716	37.80	37.80	37.57	37.65	1619700
20190717	37.77	38.01	37.74	37.78	1324400
20190718	37.73	38.15	37.68	38.14	2728400
20190719	37.95	38.01	37.52	37.57	3709600
20190722	37.85	37.91	37.58	37.77	4338500
20190723	38.08	38.29	37.89	38.00	4153100
20190724	37.63	37.84	37.32	37.79	4281600
20190725	40.08	40.77	39.79	39.95	10419700
20190726	40.28	40.78	40.17	40.75	4226800
20190729	41.73	41.90	41.53	41.57	6419700
20190730	41.11	41.26	40.90	41.08	3475500
20190731	40.35	41.01	40.24	40.65	2255600
20190801	40.80	41.39	40.80	41.21	2686200
20190802	41.58	41.62	41.21	41.47	4267500
20190805	41.08	41.21	40.42	40.80	3823200
20190806	40.95	41.18	40.51	40.85	3936500
20190807	40.80	41.28	40.65	41.13	4018600
20190808	41.59	41.97	41.43	41.77	2368900
20190809	42.82	42.85	42.18	42.36	4127300
20190812	42.38	42.43	41.78	41.97	2492800
20190813	42.17	42.45	42.01	42.45	3457500
20190814	42.03	42.28	41.44	41.45	2793400
20190815	41.67	41.94	41.60	41.80	1919600
20190816	41.97	42.15	41.60	41.96	1495500
20190819	42.17	42.24	41.95	42.03	1521000
20190820	42.48	42.52	42.09	42.22	5067900
20190821	42.62	43.23	42.56	42.98	6007200
20190822	43.07	43.14	42.74	42.97	4555100
20190823	42.85	43.21	42.11	42.18	3752200
20190826	42.56	42.56	42.08	42.42	2435000
20190827	42.45	42.68	42.38	42.47	2333900
20190828	42.39	42.50	42.19	42.39	2131700
20190829	42.82	43.06	42.77	42.98	2692900
20190830	42.70	42.88	42.41	42.61	2413600
20190903	42.73	43.02	42.64	42.84	2263600
20190904	42.98	43.08	42.81	42.90	1741800
20190905	42.52	42.58	42.16	42.35	1610000
20190906	42.45	42.65	42.32	42.33	1888700
20190909	41.62	41.66	41.04	41.44	2821900
20190910	40.17	40.96	39.92	40.94	4102700
20190911	40.56	40.88	40.55	40.78	7843500
20190912	40.55	40.77	40.43	40.59	6763500
20190913	40.56	40.80	40.42	40.47	3658900
20190916	40.72	40.74	40.16	40.22	2502200
20190917	40.80	40.94	40.54	40.81	4918500
20190918	41.05	41.37	41.02	41.23	2096200
20190919	42.23	42.44	42.04	42.21	4153700
20190920	42.78	42.89	42.54	42.75	4868200
20190923	42.66	42.76	42.16	42.17	2457000
20190924	42.90	43.12	42.60	42.74	2878400
20190925	42.85	43.09	42.63	42.90	4193600
20190926	43.41	43.73	42.93	43.02	4677500
20190927	43.04	43.13	42.69	42.85	2299500
20190930	42.37	42.73	42.14	42.17	3505100
20191001	41.66	41.77	41.21	41.31	3077900
20191002	40.51	40.67	39.98	40.18	3140100
20191003	40.57	40.92	40.48	40.85	2001900
20191004	41.03	41.18	40.81	40.98	1878400
20191007	41.08	41.45	41.05	41.10	2254300
20191008	41.09	41.13	40.59	40.73	3093000
20191009	41.15	41.25	41.03	41.07	1981500
20191010	40.88	41.44	40.84	41.26	6218200
20191011	41.39	41.79	41.20	41.24	3842900
20191014	41.62	41.91	41.46	41.48	2651700
20191015	41.40	41.90	41.32	41.83	2230100
20191016	41.62	41.66	41.28	41.44	1663000
20191017	41.94	41.97	41.61	41.76	2431500
20191018	41.80	41.83	41.33	41.51	1650700
20191021	41.51	41.54	41.30	41.37	2389900
20191022	41.84	42.08	41.53	41.56	2657000
20191023	42.12	42.33	41.90	42.29	3684600
20191024	43.98	44.77	43.87	44.71	6002800
20191025	44.87	45.15	44.58	45.11	2669400
20191028	45.13	46.37	45.03	45.18	4679800
20191029	44.87	45.24	44.61	45.03	2264200
20191030	45.86	46.41	45.63	46.38	3751100
20191031	45.77	46.42	45.64	46.39	5668200
20191101	46.56	46.57	45.67	45.79	2804100
20191104	45.91	45.94	45.47	45.52	2324000
20191105	45.14	45.20	44.55	44.66	3638300
20191106	44.65	44.90	44.61	44.79	4024500
20191107	44.57	44.60	44.21	44.28	3143500
20191108	44.02	45.07	43.82	44.72	5334000
20191111	43.90	44.45	43.90	44.36	1957300
20191112	44.45	44.74	44.41	44.55	2533500
20191113	45.02	45.39	44.90	45.25	2009400
20191114	44.90	44.96	44.58	44.82	1498700
20191115	44.31	44.97	44.29	44.89	2267000
20191118	45.41	45.56	45.21	45.36	1860500
20191119	45.44	45.45	44.97	45.11	2105200
20191120	44.59	44.81	44.40	44.48	2265900
20191121	44.26	45.30	44.16	45.05	2394800
20191122	45.71	45.79	45.24	45.39	2008700
20191125	46.16	46.30	45.99	46.15	2647000
20191126	46.11	46.20	46.01	46.14	1613200
20191127	45.85	46.37	45.84	46.15	3655300
20191129	45.75	46.00	45.75	45.87	1445300
20191202	46.05	46.06	45.33	45.78	8550200
20191203	44.98	45.39	44.95	45.31	3058500
20191204	45.14	45.65	45.07	45.61	4901000
20191205	45.49	45.50	44.96	45.06	2302400
20191206	45.16	45.21	45.00	45.12	2477400
20191209	45.06	45.37	44.97	45.20	4628100
20191210	44.92	45.46	44.90	45.40	3441400
20191211	45.49	45.89	45.47	45.60	3233500
20191212	45.47	45.89	45.17	45.34	1930000
20191213	45.78	45.98	45.61	45.76	1825400
20191216	46.82	46.93	46.54	46.66	3149800
20191217	46.41	46.50	46.26	46.34	1405000
20191218	46.34	46.62	46.22	46.59	3365900
20191219	46.65	47.43	46.54	47.28	4377300
20191220	47.82	48.48	47.62	47.75	4715100
20191223	47.69	47.70	47.08	47.21	3189900
20191224	47.11	47.24	46.93	47.19	755800
20191226	47.17	47.26	47.09	47.17	1013100
20191227	47.85	47.94	47.60	47.73	1636200
20191230	48.10	48.11	47.13	47.32	1960300
20191231	47.09	47.25	47.01	47.18	1750000
20200102	47.60	47.78	47.43	47.68	3587300
20200103	47.20	47.67	47.15	47.40	1208700
20200106	47.35	47.52	47.07	47.20	1992300
20200107	47.44	47.60	47.19	47.38	1871900
20200108	47.19	47.47	47.07	47.26	1869000
20200109	47.34	47.48	47.15	47.39	1959000
20200110	47.19	47.41	47.12	47.17	1872900
20200113	46.82	47.07	46.76	47.00	2395900
20200114	47.09	47.54	46.97	47.48	2230800
20200115	47.82	48.32	47.81	48.07	2489400
20200116	47.86	47.89	47.52	47.79	3078300
20200117	48.67	48.78	48.41	48.57	2685900
20200121	47.77	48.30	47.77	48.07	1964100
20200122	48.26	48.26	47.62	47.74	1924000
20200123	47.62	47.64	47.30	47.50	1560800
20200124	47.80	47.90	46.55	46.63	4466500
20200127	46.28	46.43	46.00	46.27	2265600
20200128	46.84	47.04	46.66	46.93	1765400
20200129	47.40	47.42	46.96	46.99	4044800
20200130	46.72	46.73	46.31	46.45	5974200
20200131	46.54	46.54	45.86	46.08	4129300
20200203	46.01	46.30	45.84	45.90	1990900
20200204	46.14	46.45	46.10	46.14	1698800
20200205	46.80	47.17	46.58	47.06	2303000
20200206	47.02	47.41	46.84	47.34	2531000
20200207	47.21	47.24	46.72	46.74	1995500
20200210	46.83	47.25	46.70	47.23	1983200
20200211	47.25	47.29	46.88	47.10	1848800
20200212	47.07	47.12	46.71	46.91	2483000
20200213	46.19	47.07	46.16	46.68	2807500
20200214	45.60	45.63	44.85	45.28	6665400
20200218	46.33	46.61	45.98	46.47	3927900
20200219	46.71	46.90	46.42	46.66	3269000
20200220	46.25	46.54	46.04	46.31	3000200
20200221	47.20	47.55	47.01	47.47	4105800
20200224	45.66	46.08	45.03	45.03	4537600
20200225	45.49	45.51	44.18	44.55	4347100
20200226	44.96	45.40	44.73	45.01	3900300
20200227	44.79	44.90	43.50	43.52	4055800
20200228	42.18	42.55	41.48	42.29	5656500
20200302	42.92	44.29	42.82	44.29	6134400
20200303	44.88	45.04	43.56	43.95	4247800
20200304	45.65	47.01	45.13	46.92	3337400
20200305	45.94	46.98	45.90	46.71	5756900
20200306	45.62	46.00	45.12	45.88	3439100
20200309	43.97	45.04	43.44	43.67	5031200
20200310	44.27	45.33	43.43	45.28	9144800
20200311	44.03	44.23	42.58	43.04	5829400
20200312	39.88	40.15	38.11	39.35	5412900
20200313	40.14	41.00	37.25	40.82	11898000
20200316	35.54	37.55	34.90	36.49	7346800
20200317	37.90	40.08	37.61	39.52	5411700
20200318	36.91	38.54	36.91	38.00	4909200
20200319	37.57	39.48	36.76	38.75	9234700
20200320	39.78	40.53	38.00	38.06	10050700
20200323	38.00	38.73	36.82	37.44	5674000
20200324	38.96	39.59	38.00	39.48	6129400
20200325	38.77	39.79	38.02	38.99	6575400
20200326	39.01	40.94	39.01	40.90	6742700
20200327	39.37	41.64	39.29	41.01	6783100
20200330	41.32	43.05	41.32	42.99	6985600
20200331	42.49	43.55	42.35	43.12	8411200
20200401	42.24	43.00	41.94	42.27	6097700
20200402	41.93	42.30	41.32	42.25	5918800
20200403	42.26	42.63	42.04	42.44	3372700
20200406	42.50	43.13	42.45	42.78	5735200
20200407	41.98	42.33	41.44	41.61	5600600
20200408	41.91	42.59	41.36	42.34	3860200
20200409	42.40	43.43	42.00	43.12	5628200
20200413	43.84	46.25	43.82	45.73	6555700
20200414	46.00	47.25	45.89	47.00	5109000
20200415	46.03	46.65	45.90	46.37	2901800
20200416	46.88	47.49	46.74	47.44	3218600
20200417	48.47	48.57	47.84	48.30	3349400
20200420	48.10	49.16	48.07	48.70	3416400
20200421	48.36	48.83	48.22	48.34	3545400
20200422	48.89	49.00	48.57	48.62	2803600
20200423	48.56	49.20	48.49	48.65	2549400
20200424	48.95	49.49	48.80	49.41	2087600
20200427	49.83	50.05	49.51	49.70	2105000
20200428	50.52	50.52	49.11	49.21	5767500
20200429	50.23	50.23	48.91	48.97	3786000
20200430	52.11	52.14	49.83	50.48	5863600
20200501	50.24	50.24	49.49	50.07	3206400
20200504	50.42	50.54	49.97	50.54	2852900
20200505	50.81	51.94	50.63	51.63	4579300
20200506	52.20	52.82	52.07	52.18	6604600
20200507	51.65	51.79	50.76	50.92	2626600
20200508	51.27	51.71	51.13	51.45	1657700
20200511	51.20	52.26	51.12	52.09	3095300
20200512	52.55	52.95	52.04	52.24	2221500
20200513	52.93	53.67	52.71	53.40	3431200
20200514	52.13	52.58	51.37	51.65	4998300
20200515	50.77	51.57	50.73	51.57	3716800
20200518	51.79	52.13	51.50	51.61	4924100
20200519	51.55	52.21	51.34	51.72	3271200
20200520	52.46	52.86	51.80	51.93	4038000
20200521	54.99	55.46	52.80	53.37	20428200
20200522	52.82	53.74	52.40	53.32	6031200
20200526	52.64	52.71	51.27	51.28	5626600
20200527	50.16	50.66	49.06	50.66	7010200
20200528	51.77	52.18	51.58	51.65	4445800
20200529	53.37	53.69	51.34	52.72	7585700
20200601	52.45	53.34	52.09	53.26	5759800
20200602	52.61	52.85	52.23	52.83	4279400
20200603	52.67	53.38	52.58	53.10	5464200
20200604	52.71	53.36	51.91	52.01	4483700
20200605	52.47	52.66	51.89	51.99	6092400
20200608	50.99	51.17	49.61	50.77	9762600
20200609	50.98	51.36	50.86	50.91	4782300
20200610	52.00	52.39	51.77	51.79	4582600
20200611	51.92	51.94	49.66	49.79	4787000
20200612	50.38	50.45	49.19	49.69	5630300
20200615	50.63	51.16	49.91	50.82	5711800
20200616	52.31	52.34	51.65	51.73	5535500
20200617	52.25	52.38	51.92	52.04	4919100
20200618	50.82	51.01	50.48	50.84	3796100
20200619	50.69	51.37	50.60	51.19	6807200
20200622	51.53	51.68	51.17	51.58	3375400
20200623	51.34	53.29	51.30	52.38	10772000
20200624	51.09	51.59	50.21	50.33	6418600
20200625	50.68	51.29	50.40	51.18	4948300
20200626	51.25	51.64	50.71	50.88	6234700
20200629	51.53	51.55	50.89	51.09	4526200
20200630	50.48	51.09	50.25	51.07	4621900
20200701	51.01	51.83	50.58	51.48	5462000
20200702	51.78	52.21	51.62	51.94	4591300
20200706	51.99	52.62	51.87	52.23	5180900
20200707	51.65	52.41	51.59	51.63	3747500
20200708	51.86	52.82	51.77	52.32	6247800
20200709	52.62	53.09	51.71	52.11	4203000
20200710	52.44	52.53	51.60	51.91	5414500
20200713	52.07	52.43	51.29	51.40	5639800
20200714	51.65	52.23	51.39	52.12	7199600
20200715	54.38	56.81	53.94	56.00	19902500
20200716	55.00	55.45	54.12	55.45	12358700
20200717	55.66	59.34	55.64	58.99	24319500
20200720	60.53	62.70	55.66	56.66	56346600
20200721	57.59	57.59	55.85	56.07	15351500
20200722	55.40	55.89	54.30	55.01	9562100
20200723	54.79	54.88	52.92	53.27	8658900
20200724	53.40	54.07	53.16	53.88	7748000
20200727	54.22	54.68	54.04	54.63	5660200
20200728	54.92	55.13	54.32	54.38	4979100
20200729	55.08	55.08	54.16	54.69	5038900
20200730	55.15	55.94	54.79	55.89	8215100
20200731	55.83	55.95	53.44	53.86	6838100
20200803	54.73	55.51	54.58	54.86	4799700
20200804	54.15	54.35	53.82	54.15	4121300
20200805	54.48	54.62	53.89	54.02	3247400
20200806	54.16	54.30	53.61	54.27	3532100
20200807	53.86	53.93	53.07	53.50	3849200
20200810	53.78	53.80	53.16	53.47	2937300
20200811	53.80	53.82	53.20	53.28	3948900
20200812	54.36	55.21	54.17	54.78	5462700
20200813	54.84	54.92	54.20	54.31	3490600
20200814	53.99	54.11	53.58	53.71	2893300
20200817	54.44	55.13	54.35	54.95	2997600
20200818	55.31	55.35	54.65	54.82	4174800
20200819	55.61	55.81	54.62	54.72	3322100
20200820	54.77	55.03	54.47	54.98	2527500
20200821	54.00	54.28	53.76	54.22	3419200
20200824	55.96	56.38	54.92	55.24	7379000
20200825	55.64	55.84	55.15	55.48	3399700
20200826	55.41	55.58	55.00	55.47	2802400
20200827	55.47	55.47	54.16	54.61	4195100
20200828	54.69	54.71	54.03	54.20	3251900
20200831	54.31	54.83	54.12	54.50	3262600
20200901	54.35	54.40	53.64	53.90	3943100
20200902	53.99	54.49	53.79	54.40	3614200
20200903	53.87	54.01	52.17	52.71	5122000
20200904	52.35	52.69	51.16	52.15	4610000
20200908	52.69	53.47	52.32	53.25	6735600
20200909	52.39	53.35	51.91	52.20	11416300
20200910	52.71	52.74	51.62	51.65	4407100
20200911	52.54	52.70	51.98	52.29	4627700
20200914	52.78	52.89	51.94	52.57	4960000
20200915	54.04	54.29	53.64	53.80	4300900
20200916	54.23	54.48	53.63	53.65	3948500
20200917	54.25	54.65	54.00	54.44	3991900
20200918	55.24	55.28	54.46	54.94	2931700
20200921	53.62	54.41	53.16	54.41	6792700
20200922	53.81	54.13	53.26	53.96	3878600
20200923	54.72	55.08	54.09	54.17	2922900
20200924	53.47	53.68	52.48	52.72	4123700
20200925	52.75	54.35	52.57	54.02	4954900
20200928	53.60	53.86	53.14	53.28	2741400
20200929	53.25	53.72	53.25	53.63	4177500
20200930	53.55	53.97	53.15	53.33	3001400
20201001	53.72	53.83	52.77	52.85	4728200
20201002	52.96	53.29	52.68	52.77	5699100
20201005	53.00	53.38	52.73	53.03	6704300
20201006	52.70	53.07	52.24	52.27	3695000
20201007	52.37	52.49	51.90	52.10	3518700
20201008	52.24	52.84	52.15	52.64	2351300
20201009	52.93	53.38	52.87	53.26	2092000
20201012	53.71	53.97	53.50	53.79	2783500
20201013	53.30	53.67	52.99	53.02	2949800
20201014	52.55	52.61	51.52	51.77	4656600
20201015	51.05	51.36	50.84	51.14	3038700
20201016	51.58	52.07	51.42	51.61	2665500
20201019	51.81	51.90	50.90	51.04	3143700
20201020	51.27	51.41	50.75	50.79	4919100
20201021	50.74	51.08	49.12	50.19	8219800
20201022	50.62	50.83	50.25	50.57	3751000
20201023	50.77	51.28	50.39	50.61	5576900
20201026	51.45	51.93	51.13	51.65	6022000
20201027	51.88	52.06	50.98	51.08	3702300
20201028	50.50	50.56	49.55	49.62	5263200
20201029	49.67	50.07	49.06	49.70	3534000
20201030	49.56	49.83	48.46	48.82	4761600
20201102	49.12	49.36	48.81	49.26	5368800
20201103	50.08	50.68	49.92	50.32	4156800
20201104	52.51	53.89	52.47	53.57	7385800
20201105	54.56	54.87	53.63	53.68	6660900
20201106	54.20	54.46	53.96	54.03	3686300
20201109	53.30	53.64	52.45	52.60	4381300
20201110	55.12	55.33	54.48	55.06	5835800
20201111	56.00	56.53	55.79	56.47	4069700
20201112	55.29	55.83	54.97	55.32	2902900
20201113	55.35	55.88	55.24	55.84	2900500
20201116	54.98	55.25	54.57	54.78	5190500
20201117	53.63	53.94	53.28	53.49	6451500
20201118	53.85	53.86	52.52	52.54	4732300
20201119	52.80	52.80	52.23	52.58	6768200
20201120	53.41	53.94	53.22	53.82	4306000
20201123	53.06	53.25	51.90	53.24	13670600
20201124	52.55	52.85	52.09	52.14	8341400
20201125	50.94	51.67	50.90	51.19	11660900
20201127	50.20	51.36	50.06	51.20	14783200
20201130	51.87	51.99	51.12	51.52	14725200
20201201	51.64	51.93	51.19	51.56	13301100
20201202	51.47	52.17	51.42	51.96	4953700
20201203	51.45	51.54	50.85	51.37	7917100
20201204	52.12	52.69	51.99	52.30	4685400
20201207	52.92	53.03	52.39	52.81	6582900
20201208	52.23	53.59	52.18	53.26	6707600
20201209	53.49	53.55	52.37	52.59	7952400
20201210	52.42	52.75	52.23	52.45	7566800
20201211	52.19	52.90	52.19	52.82	3870000
20201214	49.31	50.19	48.55	48.69	54898600
20201215	49.26	49.47	48.75	49.47	22247400
20201216	50.41	50.42	49.46	49.57	19333500
20201217	49.89	49.99	49.20	49.43	13957200
20201218	49.56	49.59	48.65	48.87	25875200
20201221	48.16	48.51	47.75	48.35	13007200
20201222	47.95	47.96	47.20	47.43	14221900
20201223	47.80	47.81	47.33	47.46	11311000
20201224	47.59	47.59	46.88	47.22	4931700
20201228	48.89	48.93	47.82	48.06	15481900
20201229	49.30	49.34	48.46	48.56	17308500
20201230	49.11	49.20	48.70	48.84	14349100
20201231	48.66	48.75	47.81	48.65	10610000
20210104	49.56	49.68	48.55	49.17	15665800
20210105	49.05	49.47	48.68	49.34	13361900
20210106	49.48	50.06	49.30	49.55	12754900
20210107	49.20	49.42	48.72	48.85	13562600
20210108	49.24	49.52	48.97	49.50	10996000
20210111	49.23	49.72	49.06	49.21	11680300
20210112	49.28	49.29	48.76	48.94	9628800
20210113	49.38	49.88	49.31	49.52	11452800
20210114	50.09	50.41	49.80	49.92	11521700
20210115	49.92	50.18	49.76	49.97	9524000
20210119	51.11	51.25	50.81	51.16	13568700
20210120	51.24	51.24	50.52	50.84	13626200
20210121	51.15	51.33	50.76	51.14	16054800
20210122	51.32	52.11	51.21	51.82	13372700
20210125	52.29	52.76	52.16	52.56	13742800
20210126	53.06	53.19	52.74	52.98	11614400
20210127	51.94	52.00	50.64	50.71	14550200
20210128	50.72	51.52	50.60	50.65	8374800
20210129	50.35	50.81	49.16	49.25	12692500
20210201	49.89	49.93	48.87	49.05	14590900
20210202	49.17	49.27	48.68	48.72	11349800
20210203	48.82	48.99	48.40	48.66	9069700
20210204	48.96	49.10	48.70	49.01	7317700
20210205	48.61	48.76	48.32	48.40	9809400
20210208	48.76	49.18	48.47	48.72	8559100
20210209	48.82	49.28	48.70	49.06	8058100
20210210	49.42	49.48	48.43	48.63	9656600
20210211	48.99	49.08	48.27	48.75	13276000
20210212	49.57	50.35	49.44	50.31	11856400
20210216	49.65	49.89	49.25	49.53	8823300
20210217	49.68	50.40	49.49	50.07	9514000
20210218	50.11	50.59	50.03	50.12	9762100
20210219	49.76	49.79	49.20	49.24	6895600
20210222	49.31	49.45	49.01	49.22	10776000
20210223	49.34	49.41	47.90	47.99	14535900
20210224	48.33	48.97	48.18	48.76	12218600
20210225	49.45	49.47	48.36	48.52	12795900
20210226	48.46	48.53	47.60	47.99	8551200
20210301	48.07	48.29	47.70	47.71	11384700
20210302	48.01	48.04	47.29	47.35	14356500
20210303	47.26	47.26	46.48	46.78	14031700
20210304	47.21	47.57	46.11	46.85	15996400
20210305	47.19	47.74	46.77	47.68	11174800
20210308	47.37	48.08	47.28	47.81	11753000
20210309	49.01	49.48	48.68	48.88	15539100
20210310	49.80	49.89	49.30	49.41	12728700
20210311	48.56	48.88	48.20	48.28	12653900
20210312	47.89	48.19	47.50	48.03	8919800
20210315	48.19	48.39	47.75	48.38	10645400
20210316	49.55	50.07	49.46	49.65	16767800
20210317	49.40	49.72	48.70	49.67	13008100
20210318	49.08	49.57	48.89	48.94	9792200
20210319	48.83	49.09	48.50	48.82	6788800
20210322	49.58	50.80	49.47	50.79	10092000
20210323	49.55	49.81	48.77	49.01	10891800
20210324	48.74	48.91	48.37	48.40	6482600
20210325	48.54	49.39	48.42	49.30	6800200
20210326	49.17	50.27	49.09	50.24	9707500
20210329	50.15	50.65	50.08	50.41	8652400
20210330	49.74	49.77	49.29	49.57	7084800
20210331	49.64	49.73	49.30	49.32	6688300
20210401	49.22	49.39	48.94	49.14	5958600
20210405	49.02	49.40	49.01	49.14	5294000
20210406	49.06	49.28	48.77	48.83	7127800
20210407	48.67	48.73	47.88	48.03	9469100
20210408	49.27	49.40	49.04	49.11	10361300
20210409	49.75	49.76	49.28	49.54	7432200
20210412	49.43	49.52	48.98	49.03	7890500
20210413	48.82	49.21	48.57	48.80	7733900
20210414	49.64	49.92	49.34	49.44	11863600
20210415	50.34	50.88	50.20	50.43	13903000
20210416	50.40	50.60	50.21	50.34	22166200
20210419	51.23	51.40	50.84	51.22	16120700
20210420	51.68	51.93	51.54	51.85	13942400
20210421	52.50	52.76	52.27	52.69	11431700
20210422	52.65	52.68	52.01	52.29	9436000
20210423	52.32	52.34	51.74	51.84	6562700
20210426	52.03	52.06	51.58	51.95	6451500
20210427	52.38	52.39	51.89	51.95	8342200
20210428	51.94	52.18	51.52	51.67	8145100
20210429	51.84	51.86	50.26	50.96	11150900
20210430	52.85	54.13	52.52	52.65	15298000
20210503	52.95	53.31	52.70	53.27	6636700
20210504	52.85	52.96	52.32	52.51	8149700
20210505	52.85	53.27	52.66	53.22	7360500
20210506	52.85	53.09	52.55	53.05	5502400
20210507	53.10	53.62	53.10	53.38	4775900
20210510	54.12	54.26	53.74	53.95	8362000
20210511	52.91	53.76	52.91	53.67	7480100
20210512	54.28	54.58	53.95	54.07	8345500
20210513	54.03	54.78	54.00	54.61	7311600
20210514	54.80	54.94	54.64	54.77	5198500
20210517	55.05	55.44	54.99	55.44	5528200
20210518	55.76	55.92	55.54	55.54	6982700
20210519	55.80	55.91	55.50	55.89	10347200
20210520	56.52	57.17	56.43	56.98	10172300
20210521	57.12	57.27	56.89	56.94	7252800
20210524	57.05	57.26	56.97	57.01	4324500
20210525	56.87	56.90	56.31	56.46	7404300
20210526	56.56	56.61	56.07	56.09	4063400
20210527	55.76	56.90	55.75	56.44	12365400
20210528	56.30	56.97	56.25	56.32	5563100
20210601	56.69	56.71	55.70	55.80	6757100
20210602	55.44	55.78	55.42	55.65	6077800
20210603	55.34	55.94	55.29	55.80	5497700
20210604	56.19	56.61	56.12	56.35	4868800
20210607	56.17	56.51	55.90	55.95	6282600
20210608	56.35	56.35	55.47	55.86	5164700
20210609	56.51	57.20	56.41	57.14	7486500
20210610	57.68	58.41	57.49	58.37	7558300
20210611	58.66	58.68	58.06	58.30	7684400
20210614	58.49	58.50	57.86	58.29	6596700
20210615	58.52	58.54	58.11	58.37	5940400
20210616	58.39	58.87	57.82	57.95	6968400
20210617	57.60	57.99	57.41	57.89	4875000
20210618	57.37	58.13	57.11	57.91	14107300
20210621	57.74	57.99	57.52	57.85	5305100
20210622	57.70	57.86	57.23	57.43	4899900
20210623	58.38	58.38	57.42	57.52	5804800
20210624	57.93	58.60	57.87	57.96	5247900
20210625	58.58	58.95	58.34	58.88	9532500
20210628	59.30	59.89	59.25	59.59	5822300
20210629	59.64	59.86	59.43	59.70	4667300
20210630	59.58	59.81	59.24	59.42	4575500
20210701	59.39	59.96	59.23	59.83	4754700
20210702	59.78	60.40	59.59	60.31	5197300
20210706	59.93	60.08	59.39	59.42	6893600
20210707	59.28	59.34	58.83	59.28	6434700
20210708	58.98	59.20	58.36	58.79	6895000
20210709	58.65	59.43	58.60	59.16	6173600
20210712	59.81	60.45	59.75	60.02	10067900
20210713	59.61	60.18	59.59	60.13	8321600
20210714	59.61	59.70	59.16	59.32	23737800
20210715	58.32	58.39	56.40	56.51	27055800
20210716	56.34	57.02	55.95	56.34	28642800
20210719	55.99	56.43	55.55	56.03	41068100
20210720	56.81	57.44	56.31	57.08	65540200
20210721	57.45	57.60	57.07	57.31	19553100
20210722	57.69	58.01	57.42	57.50	48604900
20210723	57.90	58.25	57.56	57.77	14129800
20210726	57.06	57.16	56.30	56.34	19736700
20210727	57.23	57.23	56.13	57.00	15839100
20210728	56.58	56.97	56.36	56.36	10798900
20210729	57.55	58.13	57.05	57.18	10601800
20210730	56.99	57.21	56.68	56.78	7336500
20210802	56.60	57.08	56.34	56.92	7253000
20210803	57.05	57.27	56.95	57.20	5249100
20210804	57.04	57.34	56.84	56.85	6945300
20210805	57.70	57.97	57.41	57.95	8875100
20210806	56.77	56.82	55.79	55.99	6220200
20210809	56.21	56.38	55.55	55.91	9652700
20210810	55.93	56.38	55.80	55.96	6694400
20210811	56.36	56.47	56.03	56.16	6156800
20210812	57.06	57.54	56.71	57.46	9174700
20210813	57.80	58.64	57.74	58.48	7197400
20210816	58.07	58.92	58.05	58.75	6117000
20210817	58.51	59.43	58.48	59.35	6907600
20210818	59.56	60.19	59.40	59.44	9738800
20210819	59.12	59.79	59.02	59.19	4327000
20210820	59.33	59.60	59.07	59.39	3494000
20210823	59.09	59.35	58.78	58.80	6114700
20210824	58.36	58.57	57.86	58.52	4234000
20210825	58.94	58.95	58.40	58.58	5606800
20210826	58.86	59.06	58.43	58.76	3715400
20210827	58.89	59.23	58.46	58.63	5244600
20210830	58.67	58.81	58.51	58.61	2296500
20210831	58.45	58.81	58.17	58.28	4416900
20210901	58.74	58.92	58.38	58.72	4344300
20210902	59.17	59.62	59.09	59.59	3254300
20210903	59.15	59.24	58.63	58.83	5330600
20210907	59.01	59.02	58.21	58.39	5063600
20210908	57.31	57.41	56.96	57.07	3841500
20210909	57.02	57.25	56.14	56.29	5631400
20210910	56.81	56.85	56.25	56.26	3930800
20210913	56.63	56.64	55.80	55.96	4013000
20210914	56.34	56.48	55.74	55.96	6483000
20210915	56.53	56.61	56.13	56.45	6923000
20210916	56.47	56.73	56.01	56.60	5344700
20210917	56.16	56.36	55.13	55.56	7304400
20210920	56.17	58.60	56.08	58.50	17488700
20210921	58.87	59.51	58.63	59.13	8695900
20210922	58.67	59.08	58.21	58.74	6388200
20210923	59.24	59.76	59.24	59.48	5322200
20210924	60.95	61.30	60.24	60.35	10108200
20210927	59.45	59.54	58.52	58.72	5849300
20210928	58.39	58.39	57.11	57.63	6232600
20210929	58.98	59.86	58.74	59.67	8548200
20210930	59.94	60.55	59.94	60.06	7801200
20211001	59.29	59.95	58.69	59.68	6071500
20211004	60.05	60.55	59.88	60.54	6926100
20211005	60.13	60.49	59.88	59.89	4139300
20211006	59.64	59.91	59.23	59.86	6688300
20211007	59.57	60.64	59.53	60.37	3820400
20211008	60.70	61.11	60.48	60.61	3113400
20211011	61.04	61.34	60.79	60.80	3753500
20211012	60.79	60.85	60.20	60.27	2746200
20211013	60.01	60.66	60.01	60.45	4452600
20211014	60.39	60.58	59.63	59.67	5588900
20211015	60.27	60.54	60.08	60.22	3513200
20211018	59.78	59.87	59.13	59.29	4228600
20211019	59.56	60.49	59.51	60.17	3404200
20211020	60.29	60.78	60.22	60.63	2981500
20211021	60.51	61.25	60.49	61.22	2597500
20211022	61.89	62.06	61.68	61.79	3997400
20211025	61.94	61.96	61.33	61.77	3144700
20211026	61.93	62.35	61.79	62.26	2469700
20211027	62.63	62.69	61.61	61.77	2513500
20211028	62.03	62.86	61.99	62.19	2529900
20211029	62.39	62.46	61.96	62.38	3951300
20211101	62.19	62.78	62.05	62.46	2819800
20211102	62.94	64.21	62.64	63.56	5455200
20211103	63.95	64.07	63.44	63.83	3970100
20211104	63.79	63.99	63.51	63.83	2811900
20211105	62.80	63.14	62.23	63.09	4068500
20211108	63.66	63.87	62.97	62.99	4557000
20211109	62.94	62.99	62.58	62.70	3618200
20211110	63.27	63.45	62.97	63.14	2519100
20211111	63.04	63.29	62.85	62.92	2452000
20211112	60.34	60.53	58.47	58.80	14155800
20211115	59.92	60.37	59.19	59.78	7955700
20211116	57.60	58.21	56.94	57.63	7974500
20211117	58.00	58.34	57.59	57.73	5216700
20211118	56.89	57.08	56.08	56.71	7955800
20211119	57.31	57.47	56.56	56.66	4800700
20211122	56.62	56.86	56.25	56.55	5073500
20211123	56.35	56.94	56.23	56.73	5827200
20211124	56.30	56.53	56.15	56.34	3166000
20211126	57.00	57.08	56.07	56.58	5813800
20211129	55.74	56.22	55.52	55.53	6215200
20211130	55.30	55.75	54.71	54.83	6987800
20211201	55.40	55.74	54.86	54.88	4902200
20211202	55.04	55.42	54.68	54.79	5358300
20211203	54.54	54.66	53.64	54.23	5751100
20211206	55.30	55.90	55.11	55.41	5214000
20211207	54.15	54.79	53.63	54.76	6701100
20211208	54.86	55.21	54.38	55.13	4014800
20211209	55.28	55.63	54.88	54.96	4824200
20211210	54.17	54.32	53.74	54.02	3961000
20211213	54.29	54.77	54.28	54.58	3688100
20211214	54.53	54.89	54.35	54.50	3585700
20211215	54.94	55.75	54.64	55.72	4834700
20211216	56.12	57.19	56.06	57.09	6855900
20211217	56.57	57.00	55.96	56.02	6013300
20211220	56.56	56.64	56.00	56.56	4098700
20211221	56.67	57.20	56.51	56.94	7505200
20211222	56.98	58.15	56.80	58.08	4095300
20211223	57.50	57.91	57.36	57.64	3473600
20211227	57.62	58.07	57.53	58.06	2170800
20211228	58.06	58.49	58.06	58.32	2188700
20211229	58.46	58.69	58.31	58.65	2716500
20211230	58.53	58.88	58.34	58.47	2183700
20211231	58.38	58.70	58.21	58.25	1337100
20220103	58.27	58.37	57.75	58.31	3321000
20220104	57.16	57.70	57.07	57.27	4646600
20220105	57.24	57.73	56.85	56.88	4804400
20220106	56.81	57.04	56.11	56.67	6196400
20220107	56.65	57.55	56.53	57.48	4594800
20220110	56.76	57.92	56.47	57.88	5669300
20220111	57.14	58.11	57.12	58.10	4439100
20220112	58.09	58.46	58.04	58.40	3534500
20220113	58.68	58.69	58.06	58.10	3464400
20220114	58.20	58.99	58.17	58.85	5013800
20220118	59.34	59.98	58.99	59.84	5901500
20220119	59.60	59.85	59.42	59.48	3563900
20220120	60.20	60.62	59.84	60.17	6172000
20220121	59.84	60.27	59.02	59.10	5894000
20220124	57.73	57.77	55.50	56.97	10423700
20220125	56.50	58.13	56.44	57.85	6155800
20220126	57.70	58.23	56.81	57.12	4483300
20220127	58.02	60.17	57.93	59.52	10104700
20220128	58.85	59.34	58.55	59.30	5038700
20220131	58.02	58.40	57.81	58.21	6690200
20220201	57.35	58.00	57.22	57.68	13729700
20220202	57.69	59.15	57.51	59.01	9509100
20220203	57.58	58.02	57.09	57.33	6987000
20220204	56.30	56.66	55.65	55.72	10600200
20220207	56.19	56.76	56.02	56.68	7816900
20220208	56.55	56.69	56.12	56.65	7632300
20220209	56.99	57.50	56.87	57.20	5571100
20220210	58.16	60.17	58.09	58.60	14540200
20220211	58.08	58.56	57.72	58.04	9038200
20220214	57.30	57.68	56.67	57.54	6534700
20220215	59.59	60.45	59.49	60.30	8355900
20220216	60.47	61.27	60.44	60.84	7561000
20220217	61.02	61.26	60.44	60.99	7983100
20220218	60.37	60.63	59.56	59.86	34981700
20220222	61.80	61.91	60.55	60.81	9954400
20220223	61.68	61.68	60.43	60.54	8515000
