20170103	6.45	6.60	6.15	6.36	697400
20170104	6.42	6.91	6.20	6.88	916200
20170105	6.87	7.02	6.74	6.93	994900
20170106	6.91	7.22	6.91	7.13	1034900
20170109	7.26	7.30	6.27	6.34	1943800
20170110	6.40	6.46	6.18	6.19	1089500
20170111	6.16	6.42	5.85	6.07	1485600
20170112	6.05	6.14	5.84	6.13	651800
20170113	6.13	6.28	6.02	6.25	1405400
20170117	6.27	6.27	5.93	5.95	673400
20170118	5.95	6.00	5.81	5.95	505800
20170119	5.95	6.15	5.95	6.04	708800
20170120	6.05	6.06	5.83	5.95	739000
20170123	5.91	6.05	5.84	5.92	637100
20170124	5.95	6.27	5.89	6.25	865300
20170125	6.27	6.50	6.24	6.48	560400
20170126	6.49	6.67	6.41	6.45	754300
20170127	6.49	6.54	6.37	6.45	608300
20170130	6.41	6.45	5.96	6.04	837000
20170131	6.00	6.33	5.87	6.30	639900
20170201	6.32	6.41	6.16	6.18	612700
20170202	6.17	6.26	5.84	5.86	1220600
20170203	5.96	6.00	5.67	5.79	1151100
20170206	5.73	5.81	5.57	5.65	854100
20170207	5.67	5.80	5.34	5.67	1946100
20170208	5.66	5.84	5.55	5.79	1172700
20170209	5.79	6.01	5.79	6.00	1057500
20170210	6.00	6.00	5.58	5.66	777900
20170213	5.72	5.93	5.66	5.86	622000
20170214	5.84	5.89	5.60	5.78	817100
20170215	5.77	6.17	5.75	6.16	1123200
20170216	6.41	6.75	6.35	6.58	1953400
20170217	6.58	6.74	6.33	6.56	1364900
20170221	6.60	6.63	6.05	6.10	1274500
20170222	6.10	6.10	5.86	5.86	886400
20170223	5.88	5.92	5.58	5.60	1173500
20170224	5.50	5.61	5.37	5.49	1367200
20170227	4.20	5.91	4.20	5.51	14045200
20170228	5.47	6.46	5.40	6.24	6471800
20170301	6.30	7.08	6.27	6.86	5066100
20170302	6.87	7.51	6.58	7.42	4590900
20170303	7.44	7.70	7.21	7.68	3652500
20170306	7.70	7.96	7.43	7.80	2882200
20170307	7.70	7.87	7.33	7.76	1700500
20170308	7.75	8.69	7.67	8.41	4964700
20170309	7.95	8.86	7.91	8.74	2662500
20170310	9.02	9.10	8.25	8.88	6269600
20170313	8.88	9.01	8.40	8.60	2361300
20170314	8.57	8.66	8.24	8.36	1480400
20170315	8.36	8.80	8.21	8.74	1598600
20170316	8.84	9.15	8.76	8.80	1365900
20170317	8.69	8.92	8.57	8.85	1719400
20170320	8.82	9.21	8.67	9.20	1566400
20170321	9.25	9.25	8.27	8.29	1473800
20170322	8.23	8.55	8.19	8.51	785600
20170323	8.52	8.65	8.42	8.49	612300
20170324	8.61	8.87	8.52	8.79	967200
20170327	8.65	8.99	8.52	8.89	679000
20170328	8.88	8.99	8.58	8.59	572300
20170329	8.59	8.70	8.48	8.49	745600
20170330	8.42	8.54	8.17	8.32	751500
20170331	8.32	8.53	8.21	8.40	1210300
20170403	8.61	8.80	8.21	8.30	1069200
20170404	8.22	8.42	8.17	8.29	1046100
20170405	8.30	8.36	7.42	7.51	1696800
20170406	7.58	7.60	7.31	7.41	1004200
20170407	7.38	7.42	7.14	7.26	1206700
20170410	7.28	7.45	7.15	7.17	1076400
20170411	7.15	7.28	6.97	7.22	1240300
20170412	7.22	7.28	6.77	6.81	1117000
20170413	6.82	6.94	6.67	6.75	743000
20170417	6.77	6.96	6.64	6.96	591600
20170418	6.89	6.99	6.64	6.67	647700
20170419	6.73	6.83	6.61	6.62	760000
20170420	6.67	6.80	6.60	6.61	510100
20170421	6.57	6.66	6.37	6.51	722800
20170424	6.54	6.78	6.46	6.48	620200
20170425	6.54	6.68	6.46	6.49	522400
20170426	6.45	6.56	6.32	6.33	695300
20170427	6.38	6.53	6.25	6.41	1054800
20170428	6.43	6.54	6.24	6.34	773400
20170501	6.38	6.94	6.35	6.83	1609200
20170502	6.79	6.83	6.44	6.49	1197400
20170503	6.45	6.57	6.37	6.47	1226600
20170504	6.36	6.43	5.77	5.79	1902800
20170505	5.76	5.84	5.63	5.67	805700
20170508	5.72	5.72	5.24	5.35	1359500
20170509	5.36	5.63	5.36	5.60	1401000
20170510	5.63	6.12	5.52	5.98	1880400
20170511	5.94	5.97	5.68	5.72	2530500
20170512	5.73	6.02	5.73	5.85	1229700
20170515	5.87	6.00	5.81	5.84	810700
20170516	5.80	5.93	5.68	5.81	854400
20170517	5.66	5.75	5.55	5.56	1064200
20170518	5.50	6.11	5.41	5.87	3615500
20170519	5.92	5.99	5.45	5.48	1103900
20170522	5.50	5.64	5.17	5.24	1316000
20170523	5.29	5.34	5.11	5.15	1026700
20170524	5.15	5.30	5.02	5.13	642500
20170525	6.25	7.39	6.15	6.73	27438900
20170526	6.65	6.67	5.50	5.77	7305500
20170530	5.82	5.94	5.40	5.51	2306900
20170531	5.51	5.55	5.11	5.15	3004800
20170601	5.21	5.31	5.05	5.27	1339100
20170602	5.31	5.58	5.17	5.52	1257800
20170605	5.64	5.84	5.28	5.37	1563900
20170606	5.40	5.44	5.26	5.38	945900
20170607	5.39	5.53	5.29	5.43	1296800
20170608	5.46	5.67	5.43	5.57	1003600
20170609	5.56	5.61	5.19	5.38	1382800
20170612	5.38	5.48	5.13	5.37	1178400
20170613	5.41	5.50	5.35	5.48	673100
20170614	5.50	5.86	5.46	5.80	1341500
20170615	5.78	5.78	5.44	5.53	844200
20170616	5.42	5.65	5.42	5.55	3008800
20170619	5.54	5.77	5.48	5.77	890300
20170620	5.80	6.31	5.71	5.98	1534000
20170621	6.03	6.27	5.83	5.94	1407700
20170622	5.98	6.12	5.75	6.09	879600
20170623	6.09	6.14	5.85	6.12	908000
20170626	6.17	6.26	5.94	6.08	1254400
20170627	6.07	6.11	5.82	5.82	797500
20170628	5.90	5.93	5.69	5.82	758000
20170629	5.79	5.84	5.53	5.77	1249000
20170630	5.77	5.82	5.54	5.56	805100
20170703	5.63	5.89	5.58	5.84	539100
20170705	5.81	5.91	5.74	5.86	728300
20170706	5.79	5.85	5.57	5.67	543400
20170707	5.71	5.88	5.61	5.72	510000
20170710	5.70	5.75	5.48	5.52	644300
20170711	5.53	5.70	5.51	5.54	540300
20170712	5.57	5.72	5.57	5.70	578100
20170713	5.72	5.95	5.52	5.84	1015200
20170714	5.84	5.85	5.72	5.74	299800
20170717	5.74	5.86	5.63	5.67	706700
20170718	5.66	5.71	5.50	5.61	675400
20170719	5.65	5.82	5.51	5.62	1414000
20170720	5.63	5.69	5.53	5.57	733200
20170721	5.63	5.67	5.38	5.41	730200
20170724	5.41	5.42	5.15	5.20	798000
20170725	5.23	5.23	5.03	5.04	830100
20170726	5.04	5.10	4.87	5.03	790000
20170727	5.06	5.20	4.99	5.10	962900
20170728	5.06	5.27	5.04	5.27	587300
20170731	5.25	5.33	5.02	5.11	661700
20170801	5.14	5.24	4.94	5.10	748000
20170802	5.11	5.26	4.99	5.09	788800
20170803	5.08	5.09	4.86	4.91	711100
20170804	4.94	5.12	4.87	5.10	656400
20170807	5.17	5.20	4.40	4.42	1557200
20170808	4.46	4.64	4.33	4.49	976900
20170809	4.47	4.54	4.40	4.51	680400
20170810	4.44	4.49	4.30	4.31	1132000
20170811	4.32	4.54	4.26	4.53	824800
20170814	4.57	4.60	4.41	4.57	651100
20170815	4.58	4.65	4.35	4.37	977100
20170816	4.37	4.42	4.24	4.26	859100
20170817	4.24	4.32	4.10	4.10	529300
20170818	4.06	4.14	4.00	4.10	632200
20170821	4.08	4.23	3.95	4.21	704300
20170822	4.23	4.41	4.18	4.38	757300
20170823	4.34	4.53	4.31	4.42	658100
20170824	4.42	4.83	4.36	4.83	945000
20170825	4.84	4.84	4.55	4.58	705800
20170828	4.64	4.96	4.57	4.94	800800
20170829	4.86	5.08	4.74	5.06	711200
20170830	5.04	5.09	4.86	4.97	901600
20170831	5.01	5.18	4.98	5.10	615500
20170901	5.10	5.14	4.94	5.00	755800
20170905	5.40	5.75	4.80	4.93	5658600
20170906	5.32	5.39	4.88	4.96	3765200
20170907	4.99	6.01	4.91	5.97	4279500
20170908	6.00	6.22	5.62	5.85	2665700
20170911	5.90	5.95	5.26	5.75	2202900
20170912	5.28	5.57	5.13	5.23	3872900
20170913	5.56	5.91	5.28	5.36	9707000
20170914	5.36	5.43	5.12	5.15	2874100
20170915	5.16	5.19	4.87	5.15	3537100
20170918	5.23	5.54	5.20	5.42	2113300
20170919	5.47	5.49	5.33	5.43	1242100
20170920	5.43	5.43	5.24	5.27	1873600
20170921	5.54	5.61	5.17	5.27	7871800
20170922	5.26	5.31	5.15	5.24	2633600
20170925	5.26	5.33	5.17	5.26	1326700
20170926	5.25	5.28	5.14	5.18	1931700
20170927	5.11	5.34	5.07	5.28	1026700
20170928	5.30	5.32	5.12	5.24	1186000
20170929	5.22	5.28	5.16	5.24	935100
20171002	5.20	5.35	5.18	5.33	1404900
20171003	5.31	5.31	5.09	5.24	1900500
20171004	5.29	5.29	5.15	5.26	711200
20171005	5.26	5.35	5.22	5.25	796000
20171006	5.23	5.25	5.14	5.23	769900
20171009	5.21	5.27	5.15	5.18	597500
20171010	5.20	5.22	5.13	5.19	898000
20171011	5.17	5.23	5.14	5.19	1101500
20171012	5.19	5.22	5.12	5.19	1121300
20171013	5.18	5.18	4.93	5.05	1325700
20171016	5.09	5.23	5.01	5.11	1183600
20171017	5.11	5.13	5.03	5.08	556400
20171018	5.10	5.22	5.08	5.20	816300
20171019	5.18	5.18	4.96	5.10	1071100
20171020	5.11	5.11	4.75	4.80	1237100
20171023	4.80	4.89	4.37	4.37	1593400
20171024	4.37	4.41	4.18	4.35	1481900
20171025	4.33	4.34	4.18	4.24	879400
20171026	4.20	4.25	4.12	4.16	1042600
20171027	4.23	4.44	4.16	4.42	1354000
20171030	4.45	4.54	4.35	4.43	784900
20171031	4.44	4.53	4.38	4.50	1024300
20171101	4.52	4.54	4.33	4.48	1390000
20171102	4.45	4.59	4.40	4.54	1068900
20171103	4.50	4.69	4.49	4.68	1177100
20171106	4.73	4.91	4.70	4.85	767300
20171107	4.70	5.00	4.65	4.70	1115800
20171108	4.50	4.71	4.39	4.70	2825500
20171109	4.63	4.93	4.63	4.85	958500
20171110	4.83	5.00	4.81	4.82	595500
20171113	4.80	4.80	4.64	4.76	627700
20171114	4.72	4.80	4.68	4.72	509200
20171115	4.66	4.79	4.58	4.59	720700
20171116	4.60	4.79	4.56	4.63	1363500
20171117	4.61	4.70	4.43	4.52	2299900
20171120	4.55	4.61	4.49	4.51	449300
20171121	4.53	4.64	4.49	4.53	531100
20171122	4.55	4.70	4.51	4.64	448200
20171124	4.66	4.75	4.58	4.70	321100
20171127	4.68	4.79	4.50	4.64	789400
20171128	4.67	4.80	4.45	4.77	1138100
20171129	4.80	4.94	4.64	4.68	809600
20171130	4.69	5.10	4.69	5.08	1265400
20171201	5.08	5.14	4.71	4.93	817900
20171204	4.99	5.05	4.69	4.72	882600
20171205	4.71	4.83	4.64	4.70	590100
20171206	4.66	4.75	4.53	4.59	554000
20171207	4.61	4.74	4.55	4.57	663300
20171208	4.62	5.26	4.60	5.21	3231300
20171211	5.29	5.29	4.93	5.02	1111500
20171212	5.01	5.02	4.86	4.88	851100
20171213	4.86	5.13	4.86	4.97	1251500
20171214	4.96	5.05	4.81	4.85	702900
20171215	4.86	5.03	4.78	5.00	3973400
20171218	5.04	5.08	4.93	5.00	790900
20171219	5.02	5.10	4.92	5.01	659700
20171220	5.04	5.09	4.92	5.04	706300
20171221	5.02	5.07	4.98	5.00	512100
20171222	5.02	5.09	4.88	5.09	789500
20171226	5.06	5.16	4.98	5.14	538300
20171227	5.14	5.23	5.10	5.22	742700
20171228	5.25	5.25	5.02	5.09	735700
20171229	5.12	5.19	4.89	4.91	1384000
20180102	5.19	5.68	5.08	5.44	2503000
20180103	5.65	5.92	5.65	5.82	2160700
20180104	5.87	5.92	5.71	5.76	1399200
20180105	5.78	5.87	5.53	5.61	1254800
20180108	5.65	5.66	5.42	5.48	1160100
20180109	5.48	5.56	5.33	5.47	509000
20180110	5.44	5.48	5.27	5.48	600400
20180111	5.49	5.75	5.43	5.66	922100
20180112	5.66	5.69	5.53	5.62	794300
20180116	5.66	5.89	5.58	5.65	1046600
20180117	5.71	5.81	5.63	5.67	787000
20180118	5.66	5.77	5.58	5.68	759200
20180119	5.67	5.69	5.45	5.59	720300
20180122	5.66	5.80	4.93	5.32	5204700
20180123	5.31	5.64	5.25	5.26	2253200
20180124	5.26	5.27	4.82	4.88	2041600
20180125	4.92	5.11	4.76	4.83	1539100
20180126	4.88	4.88	4.63	4.65	1310700
20180129	4.69	4.71	4.57	4.60	1245200
20180130	4.32	4.65	4.32	4.56	1690400
20180131	4.57	4.57	4.38	4.50	1443700
20180201	4.50	4.55	4.36	4.50	1250400
20180202	4.47	4.55	4.33	4.35	1851900
20180205	4.28	4.61	4.25	4.42	1365100
20180206	4.36	4.80	4.35	4.78	1513500
20180207	4.77	4.95	4.69	4.90	1342000
20180208	4.87	4.89	4.73	4.80	1339300
20180209	4.83	4.96	4.63	4.94	2090600
20180212	4.95	5.05	4.82	4.88	1704700
20180213	4.82	5.02	4.76	4.99	1743000
20180214	4.92	5.16	4.90	5.11	1361000
20180215	5.11	5.15	4.80	4.87	797400
20180216	4.88	5.25	4.88	4.96	1532000
20180220	4.93	5.16	4.93	5.06	1348600
20180221	5.10	5.12	4.87	4.90	804800
20180222	4.93	5.10	4.78	4.80	974800
20180223	4.87	5.04	4.73	5.02	870600
20180226	5.03	5.11	4.98	5.05	607400
20180227	4.75	5.14	4.75	4.83	1072700
20180228	4.81	5.13	4.81	4.97	1174200
20180301	4.95	5.11	4.88	4.91	1029000
20180302	4.87	5.05	4.85	5.03	1212600
20180305	5.04	5.49	5.04	5.36	1148500
20180306	5.36	5.42	5.08	5.18	948200
20180307	5.16	5.43	5.08	5.42	1071100
20180308	5.42	5.50	5.31	5.50	729200
20180309	5.50	5.65	5.39	5.58	865200
20180312	5.58	5.64	5.42	5.60	1063800
20180313	5.65	5.65	5.29	5.33	1090300
20180314	5.33	5.46	5.24	5.39	639300
20180315	5.36	5.50	5.30	5.38	836000
20180316	5.34	5.41	5.28	5.37	937700
20180319	5.32	5.41	5.06	5.12	838300
20180320	5.11	5.23	5.00	5.04	541700
20180321	5.05	5.29	5.01	5.27	728100
20180322	5.22	5.35	5.19	5.21	763300
20180323	5.20	5.31	5.06	5.21	841300
20180326	5.30	5.35	5.06	5.27	825600
20180327	5.28	5.32	5.00	5.04	791100
20180328	5.06	5.07	4.73	4.78	1081600
20180329	4.78	4.84	4.72	4.77	962600
20180402	4.76	4.80	4.53	4.61	922900
20180403	4.70	4.92	4.62	4.88	1131700
20180404	4.80	5.13	4.77	5.11	781700
20180405	5.15	5.15	4.68	4.68	1064400
20180406	4.66	4.77	4.57	4.60	827100
20180409	4.65	4.78	4.60	4.62	616100
20180410	4.68	4.87	4.64	4.83	849900
20180411	4.80	5.06	4.77	5.05	1126300
20180412	5.07	5.15	5.01	5.11	661400
20180413	5.11	5.14	4.88	5.01	506200
20180416	5.02	5.06	4.96	4.98	373400
20180417	5.01	5.24	4.99	5.18	450000
20180418	5.20	5.28	5.12	5.14	395700
20180419	5.10	5.14	4.81	4.84	588200
20180420	4.81	5.04	4.76	4.91	542100
20180423	4.95	4.98	4.79	4.90	386700
20180424	4.91	4.92	4.76	4.86	561200
20180425	4.89	5.01	4.81	4.87	383500
20180426	4.91	5.12	4.89	5.05	496800
20180427	5.06	5.13	4.87	5.07	246300
20180430	5.09	5.10	4.92	4.92	425300
20180501	4.83	4.99	4.77	4.88	657400
20180502	4.90	5.21	4.84	5.17	639600
20180503	5.20	5.25	5.03	5.18	476300
20180504	5.15	5.39	5.09	5.32	852300
20180507	5.35	5.60	5.35	5.56	999800
20180508	5.18	5.33	5.01	5.03	990800
20180509	5.00	5.34	4.90	5.33	687400
20180510	5.36	5.53	5.19	5.21	964900
20180511	5.18	5.52	5.12	5.50	675100
20180514	5.53	6.07	5.50	6.01	1467500
20180515	5.95	6.01	5.76	5.91	1074000
20180516	5.90	6.02	5.81	5.98	853800
20180517	6.01	6.15	5.89	5.90	1426000
20180518	5.83	6.00	5.74	5.88	708800
20180521	5.90	5.95	5.79	5.80	719800
20180522	5.86	5.97	5.84	5.87	680700
20180523	5.84	5.96	5.81	5.93	442600
20180524	5.89	5.95	5.78	5.95	577600
20180525	5.96	6.30	5.86	6.08	1312900
20180529	6.11	6.31	5.93	6.29	716700
20180530	6.31	6.62	6.30	6.52	894500
20180531	6.53	6.67	6.38	6.43	1126200
20180601	6.46	6.52	6.23	6.24	726300
20180604	6.29	6.34	5.95	6.16	838600
20180605	6.16	6.36	6.11	6.19	744000
20180606	6.16	6.46	6.00	6.15	939000
20180607	6.18	6.37	6.09	6.14	737300
20180608	6.14	6.24	5.74	5.76	959900
20180611	5.76	6.05	5.76	5.97	627400
20180612	5.93	5.96	5.71	5.74	656900
20180613	5.76	5.87	5.65	5.68	521600
20180614	5.73	5.75	5.59	5.67	607400
20180615	5.66	5.77	5.60	5.73	2226000
20180618	5.71	5.87	5.67	5.77	593700
20180619	5.77	5.98	5.75	5.97	570700
20180620	5.99	6.17	5.95	6.09	971800
20180621	5.85	6.09	5.65	5.77	831000
20180622	5.77	5.77	5.34	5.59	1488500
20180625	5.54	5.72	5.45	5.66	877100
20180626	5.67	5.87	5.55	5.77	875100
20180627	5.77	5.97	5.71	5.77	951300
20180628	5.75	5.85	5.59	5.81	688300
20180629	5.82	5.82	5.68	5.73	1052700
20180702	5.73	5.73	5.52	5.67	449600
20180703	5.72	5.82	5.65	5.77	272600
20180705	5.81	5.92	5.75	5.81	752200
20180706	5.83	6.05	5.77	5.98	662900
20180709	5.99	6.15	5.93	6.14	453400
20180710	6.19	6.69	6.12	6.14	915600
20180711	6.35	6.59	6.00	6.06	1294600
20180712	6.10	6.15	5.90	6.07	620400
20180713	6.05	6.22	5.97	6.19	508000
20180716	6.16	6.22	5.99	6.20	384800
20180717	6.46	6.69	6.23	6.36	842500
20180718	6.33	6.33	5.96	6.18	581300
20180719	6.18	6.24	6.05	6.06	532700
20180720	6.05	6.11	5.94	5.94	321700
20180723	5.96	5.96	5.80	5.90	408600
20180724	5.95	6.02	5.75	5.84	386600
20180725	5.84	6.05	5.80	5.87	492800
20180726	5.85	5.89	5.72	5.86	323200
20180727	5.85	5.85	5.67	5.74	411500
20180730	5.73	5.81	5.63	5.76	487000
20180731	5.76	5.90	5.71	5.90	310100
20180801	5.87	5.98	5.45	5.52	689100
20180802	5.61	6.33	5.41	6.07	3874300
20180803	6.03	6.06	5.77	5.80	732500
20180806	6.10	6.15	5.67	5.85	696600
20180807	5.95	6.11	5.78	6.06	959900
20180808	6.32	6.49	6.17	6.39	1330500
20180809	6.43	7.33	6.37	7.20	2672900
20180810	7.14	7.46	6.96	7.30	1646200
20180813	7.43	7.49	7.11	7.14	998800
20180814	7.13	7.26	6.96	7.04	766600
20180815	6.99	7.13	6.75	6.88	508000
20180816	6.91	7.06	6.68	7.05	479300
20180817	7.04	7.25	6.94	7.10	589300
20180820	7.14	7.14	6.91	7.01	402300
20180821	7.00	7.19	6.99	7.04	782900
20180822	7.05	7.36	7.03	7.31	580700
20180823	7.27	7.41	7.18	7.22	584200
20180824	7.23	7.43	7.10	7.22	682800
20180827	7.25	7.31	7.16	7.25	480000
20180828	7.24	7.31	7.18	7.23	470000
20180829	7.25	7.34	7.21	7.27	411500
20180830	7.26	7.32	7.14	7.16	438200
20180831	7.19	7.32	7.16	7.16	378600
20180904	7.40	7.62	6.00	7.59	1681100
20180905	7.77	8.01	7.76	7.99	1114500
20180906	8.01	8.13	7.64	7.67	735400
20180907	7.60	7.87	7.44	7.49	507600
20180910	7.50	7.54	7.29	7.45	443000
20180911	7.45	7.63	7.28	7.35	362500
20180912	7.34	7.39	6.99	7.05	565100
20180913	7.10	7.38	7.07	7.13	473800
20180914	7.13	7.20	6.99	7.04	430900
20180917	7.06	7.19	6.90	6.98	525600
20180918	6.99	7.19	6.90	7.15	349600
20180919	7.15	7.35	7.02	7.33	444700
20180920	7.30	7.49	7.22	7.31	387900
20180921	7.28	7.56	7.19	7.28	1978600
20180924	7.28	7.46	7.21	7.32	340800
20180925	7.36	7.54	7.29	7.45	251600
20180926	7.45	7.70	7.38	7.62	341300
20180927	7.62	7.73	7.51	7.60	239200
20180928	7.60	7.70	7.56	7.63	344600
20181001	7.62	7.67	7.24	7.29	383300
20181002	7.32	7.32	7.10	7.25	520200
20181003	7.21	7.45	7.12	7.30	278100
20181004	7.27	7.30	6.81	6.88	679800
20181005	6.91	7.00	6.52	6.77	504100
20181008	6.79	6.95	6.67	6.77	399800
20181009	6.76	6.98	6.73	6.80	343800
20181010	6.76	6.91	6.60	6.61	380900
20181011	6.56	6.86	6.43	6.63	361400
20181012	6.72	7.06	6.64	7.01	514200
20181015	6.97	7.06	6.75	6.87	277700
20181016	6.90	7.24	6.81	7.20	381500
20181017	7.14	7.21	6.99	7.15	234100
20181018	7.13	7.29	7.07	7.19	280000
20181019	7.18	7.50	7.08	7.16	525300
20181022	7.17	7.25	6.85	7.13	490700
20181023	7.01	7.16	6.82	7.03	290000
20181024	7.04	7.17	6.51	6.51	618400
20181025	6.56	7.01	6.56	6.85	445900
20181026	6.73	7.32	6.69	7.17	501800
20181029	7.25	7.30	6.66	6.84	340600
20181030	6.80	7.06	6.71	6.93	295000
20181031	7.00	7.47	6.96	7.32	786200
20181101	7.39	7.61	7.27	7.50	518500
20181102	7.58	8.00	7.57	7.99	582800
20181105	8.00	8.00	7.71	7.93	404100
20181106	7.83	8.00	6.88	7.77	567800
20181107	7.71	8.00	7.67	7.99	576400
20181108	7.89	8.31	7.75	8.09	668200
20181109	8.05	8.27	7.57	7.70	512200
20181112	7.69	7.69	7.13	7.15	548600
20181113	7.22	7.51	7.13	7.14	377700
20181114	7.23	7.32	6.81	6.99	643700
20181115	6.94	7.36	6.90	7.31	511800
20181116	7.31	7.90	7.22	7.87	1186200
20181119	7.91	8.30	7.75	8.21	875900
20181120	8.18	8.77	8.03	8.70	1161100
20181121	8.80	9.54	8.71	9.20	2028400
20181123	9.21	9.71	9.16	9.35	667100
20181126	9.43	9.60	9.12	9.31	804100
20181127	9.20	9.38	8.86	8.93	723600
20181128	9.01	9.60	8.80	9.60	868700
20181129	9.54	9.60	8.97	8.98	810700
20181130	8.94	9.20	8.91	9.18	613400
20181203	9.43	9.44	8.93	9.27	750300
20181204	9.40	9.59	8.86	8.89	885800
20181206	8.91	9.16	8.66	8.95	747200
20181207	8.94	9.22	8.70	8.78	632100
20181210	8.79	9.17	8.65	9.06	511100
20181211	9.16	9.17	8.76	8.90	315400
20181212	9.00	9.11	8.74	8.94	433700
20181213	8.94	9.00	8.51	8.59	617200
20181214	8.54	8.75	8.18	8.26	504400
20181217	8.19	8.51	8.00	8.05	647300
20181218	8.07	8.45	7.45	7.62	694300
20181219	7.58	7.94	7.54	7.59	892900
20181220	7.52	7.57	6.88	7.06	1086000
20181221	7.11	7.50	6.93	7.25	2563600
20181224	7.14	7.34	7.05	7.20	336000
20181226	7.26	8.07	7.21	8.03	999300
20181227	7.95	8.10	7.70	7.97	679800
20181228	7.96	8.10	7.80	7.88	446500
20181231	7.95	8.10	7.81	8.07	580400
20190102	7.89	8.51	7.85	8.50	558600
20190103	8.51	8.61	8.03	8.17	584100
20190104	8.26	8.82	8.17	8.62	662300
20190107	8.71	8.96	8.43	8.69	1072600
20190108	8.69	8.81	8.35	8.42	581400
20190109	8.42	8.55	8.36	8.40	499500
20190110	8.36	8.95	8.24	8.89	1250400
20190111	8.90	9.19	8.71	8.81	740500
20190114	8.83	9.21	8.76	8.90	734000
20190115	8.95	9.19	8.76	8.83	576400
20190116	8.85	9.35	8.77	9.22	786400
20190117	9.17	9.35	8.92	9.23	563100
20190118	9.21	9.45	9.14	9.39	524300
20190122	9.38	9.40	8.81	8.93	709600
20190123	8.94	9.19	8.67	8.81	662600
20190124	8.76	8.93	8.60	8.81	320000
20190125	8.84	9.75	8.84	9.72	1220000
20190128	9.85	9.95	8.74	8.95	1240800
20190129	8.95	8.95	8.20	8.70	869600
20190130	8.67	8.85	8.44	8.71	555100
20190131	8.70	8.78	8.42	8.68	772700
20190201	8.64	8.74	8.49	8.61	536300
20190204	8.57	8.66	8.46	8.54	357100
20190205	8.54	9.39	8.49	9.07	1152900
20190206	9.11	9.64	8.90	9.16	587900
20190207	9.07	9.27	8.93	9.02	384700
20190208	8.98	9.18	8.93	9.09	312400
20190211	9.16	9.47	9.10	9.24	433100
20190212	9.31	9.37	9.04	9.09	542200
20190213	9.10	9.24	8.86	8.94	615100
20190214	8.92	9.18	8.83	8.99	537300
20190215	9.00	9.16	8.85	9.00	1116100
20190219	8.97	9.14	8.86	8.93	720000
20190220	8.90	9.03	8.82	8.98	564500
20190221	8.94	9.00	8.66	8.70	485700
20190222	8.69	9.00	8.67	9.00	516900
20190225	9.20	9.26	8.50	8.52	1063300
20190226	8.47	8.65	8.34	8.49	613500
20190227	8.42	8.62	8.24	8.37	431500
20190228	8.29	8.40	8.08	8.26	698100
20190301	8.35	8.78	8.27	8.61	2879100
20190304	8.71	9.11	8.18	8.79	1396500
20190305	8.78	8.92	8.26	8.35	1067400
20190306	8.42	8.42	7.95	8.00	881300
20190307	8.00	8.24	7.88	8.03	653200
20190308	7.98	8.03	7.82	7.96	517300
20190311	8.01	8.34	7.85	8.32	686600
20190312	8.33	8.48	8.06	8.32	426500
20190313	8.39	8.39	8.08	8.22	490700
20190314	8.23	8.31	8.15	8.19	557400
20190315	8.25	8.49	7.98	8.06	2044200
20190318	8.06	8.35	7.99	8.12	624300
20190319	8.12	8.12	7.87	7.89	687500
20190320	7.87	7.95	7.57	7.64	498400
20190321	7.57	7.93	7.56	7.90	369900
20190322	7.85	7.90	7.38	7.38	518800
20190325	7.33	7.59	7.10	7.49	551700
20190326	7.58	7.84	7.53	7.84	541900
20190327	7.80	7.90	7.66	7.76	454500
20190328	7.77	7.97	7.76	7.90	405500
20190329	7.96	8.21	7.96	8.14	683000
20190401	8.22	8.41	8.10	8.33	718400
20190402	8.42	8.74	8.33	8.65	898300
20190403	8.67	8.78	8.47	8.63	1283700
20190404	8.62	8.88	8.55	8.84	1585500
20190405	8.86	9.26	8.83	9.15	2005100
20190408	9.13	9.15	8.54	8.56	1194100
20190409	8.50	8.63	8.14	8.21	1517000
20190410	8.24	8.78	8.14	8.69	1251900
20190411	8.72	8.86	8.57	8.76	854500
20190412	8.85	8.89	8.43	8.53	457300
20190415	8.50	8.65	8.22	8.43	471100
20190416	8.51	8.56	8.28	8.34	402200
20190417	8.35	8.39	7.45	7.69	1216100
20190418	7.71	7.96	7.56	7.92	1133000
20190422	7.94	8.17	7.75	8.15	976300
20190423	8.08	8.42	7.90	8.14	821100
20190424	8.14	8.23	7.96	7.99	639900
20190425	7.97	8.11	7.79	7.99	481100
20190426	7.98	8.04	7.54	7.69	968400
20190429	7.70	7.77	7.40	7.51	802600
20190430	7.51	7.69	7.17	7.43	1148000
20190501	7.47	7.51	7.19	7.28	1153400
20190502	7.25	7.52	7.16	7.50	638900
20190503	7.53	7.74	7.48	7.72	695100
20190506	7.58	8.15	7.43	8.11	927900
20190507	8.00	8.13	7.59	7.69	2092400
20190508	7.70	7.91	7.38	7.81	1039100
20190509	7.72	7.87	7.51	7.82	508300
20190510	7.75	8.08	7.60	8.06	924600
20190513	7.89	7.97	7.58	7.61	881800
20190514	7.70	8.02	7.55	7.84	1100600
20190515	7.74	8.05	7.71	7.92	658900
20190516	8.01	8.08	7.53	7.57	1204600
20190517	7.45	7.54	7.16	7.33	1040000
20190520	7.29	7.48	7.20	7.39	706200
20190521	3.64	4.01	3.10	3.48	32002000
20190522	3.67	3.77	3.40	3.44	7111600
20190523	3.38	3.62	3.20	3.54	4315100
20190524	3.40	3.53	3.29	3.32	5148900
20190528	3.38	3.38	3.13	3.15	2534700
20190529	3.12	3.15	2.80	2.91	6853500
20190530	2.98	3.50	2.90	3.36	6218600
20190531	3.30	3.57	3.27	3.50	3802100
20190603	3.50	3.60	3.31	3.38	2118400
20190604	3.42	3.50	3.19	3.43	2162400
20190605	3.42	3.55	3.27	3.34	4114200
20190606	3.33	3.41	3.25	3.34	2222900
20190607	3.35	3.58	3.29	3.54	3253400
20190610	3.57	4.21	3.50	3.79	3617300
20190611	3.77	3.85	3.55	3.58	1979400
20190612	3.57	3.68	3.40	3.50	1143400
20190613	3.54	3.56	3.43	3.48	1098000
20190614	3.48	3.49	3.37	3.39	1027800
20190617	3.42	3.70	3.40	3.61	1936800
20190618	3.62	3.77	3.52	3.60	1372300
20190619	3.56	3.71	3.52	3.60	1045700
20190620	3.66	3.86	3.57	3.64	1162400
20190621	3.62	3.87	3.39	3.69	6301400
20190624	3.66	3.72	3.57	3.63	2120900
20190625	3.67	3.70	3.56	3.62	1634400
20190626	3.61	3.67	3.50	3.54	1007300
20190627	3.57	3.65	3.52	3.63	1487300
20190628	3.63	3.80	3.63	3.79	2507500
20190701	3.83	3.98	3.69	3.71	1103400
20190702	3.73	3.74	3.56	3.59	1266200
20190703	3.61	3.75	3.59	3.69	585700
20190705	3.67	3.89	3.64	3.73	1065400
20190708	3.73	3.77	3.63	3.65	2186300
20190709	3.63	3.65	3.55	3.57	1208700
20190710	3.60	3.67	3.54	3.61	1458100
20190711	3.62	3.65	3.56	3.58	1176300
20190712	3.57	3.64	3.55	3.60	760900
20190715	3.60	3.63	3.56	3.60	861800
20190716	3.56	3.63	3.55	3.56	642100
20190717	3.55	3.59	3.42	3.46	2018800
20190718	3.46	3.48	3.33	3.48	914700
20190719	3.47	3.52	3.38	3.39	631200
20190722	3.39	3.41	3.29	3.35	873000
20190723	3.37	3.40	3.24	3.25	2373000
20190724	3.26	3.35	3.15	3.35	1057500
20190725	3.32	3.32	3.22	3.22	743600
20190726	3.26	3.28	3.20	3.23	870700
20190729	3.25	3.25	3.12	3.14	3143200
20190730	3.13	3.24	3.06	3.23	1396600
20190731	3.24	3.33	3.15	3.17	1357100
20190801	3.20	3.24	3.06	3.13	1123000
20190802	3.10	3.15	2.99	3.06	1044100
20190805	3.03	3.07	2.80	2.84	1865000
20190806	2.80	3.09	2.60	2.97	2770200
20190807	2.94	2.95	2.76	2.78	888800
20190808	2.80	2.94	2.72	2.94	982300
20190809	2.95	2.95	2.81	2.83	816300
20190812	2.80	2.89	2.63	2.65	938700
20190813	2.65	2.85	2.65	2.83	880500
20190814	2.81	2.88	2.69	2.70	1384000
20190815	2.70	2.78	2.54	2.58	959700
20190816	2.59	2.63	2.55	2.59	1555200
20190819	2.60	2.69	2.55	2.68	1491600
20190820	2.67	2.73	2.63	2.68	876600
20190821	2.73	2.80	2.63	2.67	905000
20190822	2.68	2.70	2.54	2.57	993300
20190823	2.56	2.68	2.49	2.50	1326800
20190826	2.53	2.74	2.50	2.73	1564200
20190827	2.73	2.83	2.66	2.81	2166500
20190828	2.82	3.01	2.79	2.98	1850700
20190829	3.03	3.10	2.84	2.96	1794200
20190830	3.00	3.04	2.85	2.99	766300
20190903	2.97	2.99	2.83	2.96	1745200
20190904	3.00	3.04	2.85	2.94	1403800
20190905	2.99	3.20	2.95	3.14	1439500
20190906	3.14	3.23	3.04	3.14	1614100
20190909	3.17	3.19	3.06	3.15	785800
20190910	3.14	3.33	3.10	3.33	1638200
20190911	3.33	3.36	3.20	3.29	1122900
20190912	3.30	3.30	3.10	3.15	1059300
20190913	3.16	3.20	3.01	3.08	845200
20190916	3.10	3.26	3.02	3.14	1395400
20190917	3.14	3.15	2.84	2.91	2344000
20190918	2.90	2.92	2.75	2.82	5079200
20190919	2.84	3.01	2.80	2.90	2295100
20190920	2.89	2.96	2.76	2.86	4832900
20190923	2.89	3.31	2.86	3.23	2516300
20190924	3.23	3.28	3.03	3.23	1421800
20190925	3.29	3.29	3.08	3.08	1106700
20190926	3.14	3.21	3.00	3.05	1400000
20190927	3.05	3.33	3.04	3.17	1126500
20190930	3.20	3.20	2.85	2.87	1270000
20191001	2.87	3.00	2.67	2.68	1536000
20191002	2.67	2.71	2.55	2.71	1123900
20191003	2.71	2.77	2.62	2.71	964200
20191004	2.72	2.74	2.57	2.70	827400
20191007	2.63	2.69	2.56	2.62	724400
20191008	2.59	2.60	2.45	2.50	969600
20191009	2.53	2.53	2.37	2.38	1949000
20191010	2.40	2.51	2.35	2.40	1141400
20191011	2.41	2.53	2.37	2.44	738700
20191014	2.44	2.51	2.38	2.39	383900
20191015	2.39	2.50	2.37	2.50	1142500
20191016	2.55	2.74	2.48	2.49	1567600
20191017	2.49	2.60	2.47	2.50	924900
20191018	2.49	2.55	2.38	2.38	970900
20191021	2.40	2.45	2.32	2.40	1153900
20191022	2.40	2.44	2.35	2.38	411600
20191023	2.37	2.44	2.33	2.34	1186100
20191024	2.36	2.36	2.25	2.35	1556700
20191025	2.36	2.40	2.31	2.35	850200
20191028	2.38	2.51	2.38	2.44	5050900
20191029	2.45	2.48	2.30	2.30	1113400
20191030	2.29	2.30	2.08	2.11	1353500
20191031	2.11	2.15	1.95	2.00	1383400
20191101	2.00	2.08	2.00	2.07	843600
20191104	2.11	2.21	2.08	2.16	1227200
20191105	2.24	2.27	1.97	2.03	1740300
20191106	2.07	2.12	1.99	2.01	1041900
20191107	2.05	2.15	1.99	2.06	915300
20191108	2.00	2.10	2.00	2.03	1337700
20191111	2.02	2.03	1.90	1.91	680700
20191112	1.91	1.93	1.76	1.79	894000
20191113	1.61	1.73	1.51	1.60	5814500
20191114	1.40	1.68	1.38	1.59	15182300
20191115	1.70	1.82	1.60	1.75	5061300
20191118	1.79	1.93	1.70	1.70	7339000
20191119	1.78	2.05	1.78	2.03	6964600
20191120	2.03	2.14	1.92	2.11	6113700
20191121	2.10	2.26	2.05	2.24	3570100
20191122	2.37	2.38	2.16	2.25	4601700
20191125	2.31	2.69	2.30	2.59	4322600
20191126	2.63	2.65	2.42	2.48	5277300
20191127	2.49	2.64	2.48	2.59	2442500
20191129	2.58	2.91	2.55	2.85	2873500
20191202	2.90	2.96	2.69	2.76	4136200
20191203	2.73	2.85	2.66	2.84	3421300
20191204	2.90	2.90	2.79	2.82	2423400
20191205	2.82	2.85	2.57	2.60	5011600
20191206	2.63	2.71	2.46	2.67	5031300
20191209	2.68	2.73	2.59	2.61	2829400
20191210	2.60	2.88	2.57	2.87	4096300
20191211	2.91	3.09	2.74	2.76	2575600
20191212	2.77	2.96	2.70	2.96	2090100
20191213	2.97	3.00	2.82	2.97	2952000
20191216	3.02	3.21	2.97	3.19	2400100
20191217	3.22	3.26	3.13	3.23	1290000
20191218	3.25	3.25	3.08	3.16	2479600
20191219	3.17	3.27	3.12	3.20	2032400
20191220	3.21	3.25	3.09	3.21	8910400
20191223	3.20	3.24	3.04	3.07	3940500
20191224	3.08	3.24	3.07	3.19	968400
20191226	3.16	3.30	3.15	3.17	1270400
20191227	3.16	3.26	3.07	3.12	1630100
20191230	3.11	3.24	3.07	3.22	1640600
20191231	3.22	3.48	3.21	3.45	2978200
20200102	3.55	3.58	3.28	3.40	1649900
20200103	3.30	3.40	3.25	3.35	1486000
20200106	3.31	3.37	3.22	3.28	1536600
20200107	3.29	3.37	3.22	3.24	1328900
20200108	3.23	3.33	3.17	3.31	4633800
20200109	3.30	3.36	3.25	3.31	1336700
20200110	3.29	3.33	3.12	3.17	1943100
20200113	3.12	3.14	2.82	2.85	3027500
20200114	2.82	2.86	2.72	2.77	4508700
20200115	2.85	2.97	2.78	2.85	2473700
20200116	2.89	2.94	2.81	2.83	2948200
20200117	2.87	2.88	2.71	2.78	4874200
20200121	3.03	3.40	2.75	2.93	15071900
20200122	3.00	3.25	2.94	3.02	5866200
20200123	3.16	3.20	2.91	3.00	3698300
20200124	3.00	3.03	2.71	2.81	4905300
20200127	2.97	3.35	2.83	3.21	10219200
20200128	3.30	3.35	2.92	2.97	5165700
20200129	3.00	3.04	2.91	2.93	2017400
20200130	2.95	2.98	2.76	2.80	3295300
20200131	2.83	2.93	2.78	2.85	2953400
20200203	2.90	3.20	2.90	3.15	5234200
20200204	3.17	3.22	2.99	3.09	2539200
20200205	3.07	3.25	3.03	3.04	1940800
20200206	3.04	3.09	2.86	2.97	2291300
20200207	2.94	2.98	2.85	2.90	1754100
20200210	2.89	2.98	2.85	2.97	1965100
20200211	2.95	2.98	2.86	2.90	2797000
20200212	2.89	2.96	2.86	2.92	3222700
20200213	2.95	2.99	2.81	2.84	2000500
20200214	2.85	2.88	2.76	2.80	1430900
20200218	2.80	3.08	2.80	2.93	4120200
20200219	2.95	2.99	2.74	2.81	3306000
20200220	2.76	2.81	2.70	2.72	1733300
20200221	2.73	2.81	2.54	2.55	2611100
20200224	2.61	2.63	2.32	2.40	3265700
20200225	2.45	2.52	2.26	2.27	4393900
20200226	2.30	2.69	2.26	2.53	5759100
20200227	2.85	3.05	2.55	2.75	12028800
20200228	2.97	3.14	2.61	3.00	11110300
20200302	3.08	3.33	2.95	3.26	10905100
20200303	3.25	3.27	2.94	3.14	7389800
20200304	3.21	3.70	3.18	3.51	10795400
20200305	3.79	4.22	3.56	3.83	20753800
20200306	3.76	4.25	3.70	4.11	15311700
20200309	4.28	4.35	3.05	3.15	12136300
20200310	3.62	3.63	2.66	2.81	9017200
20200311	2.72	2.81	2.29	2.59	10140200
20200312	2.25	2.75	2.02	2.02	6949900
20200313	2.28	2.28	1.86	2.21	8199600
20200316	2.00	2.19	1.75	1.75	7109700
20200317	1.89	2.05	1.75	1.82	7535600
20200318	1.80	2.08	1.58	1.60	7258800
20200319	1.69	2.48	1.66	1.96	13649300
20200320	2.02	2.13	1.75	1.87	7971000
20200323	1.91	2.03	1.78	1.96	4250800
20200324	2.03	2.10	1.89	2.00	4413400
20200325	2.03	2.10	1.95	2.01	4157800
20200326	2.03	2.15	1.92	1.99	4516900
20200327	1.94	2.03	1.91	1.91	2676200
20200330	2.00	2.02	1.90	1.99	6105000
20200331	1.97	2.07	1.93	2.00	4053300
20200401	1.95	2.01	1.82	1.90	4538400
20200402	1.92	1.99	1.80	1.99	4299400
20200403	1.94	2.00	1.88	1.95	2959000
20200406	2.03	2.08	1.97	2.05	4654600
20200407	2.11	2.15	1.91	1.94	4799300
20200408	1.95	2.01	1.94	2.00	3895000
20200409	2.00	2.15	1.99	2.07	8428200
20200413	2.70	2.75	2.24	2.35	27014000
20200414	2.43	2.95	2.36	2.76	24018200
20200415	2.76	2.79	2.55	2.70	8410700
20200416	2.72	2.90	2.50	2.59	12124800
20200417	3.08	3.36	2.90	3.36	26562100
20200420	3.34	3.84	3.33	3.47	21575100
20200421	3.47	3.51	3.03	3.21	12921100
20200422	3.40	3.49	3.25	3.45	6687300
20200423	3.50	3.66	2.75	3.26	28256600
20200424	3.06	3.65	3.03	3.56	12292000
20200427	3.70	3.79	3.43	3.55	11716900
20200428	3.57	3.57	3.21	3.34	7395600
20200429	3.83	4.00	3.45	3.70	26642900
20200430	3.84	4.14	3.73	3.91	16181700
20200501	3.75	3.85	3.37	3.54	11651500
20200504	3.45	3.93	3.38	3.93	9251100
20200505	4.15	4.31	3.85	3.95	13392800
20200506	4.06	4.16	3.82	3.86	12318400
20200507	3.87	4.00	3.77	3.92	9003500
20200508	3.92	4.78	3.92	4.70	21207300
20200511	5.05	5.67	5.01	5.54	24643200
20200512	6.17	6.29	5.37	5.41	23675000
20200513	5.30	5.50	4.60	4.90	16402000
20200514	4.70	5.25	4.68	5.08	9925900
20200515	4.96	5.37	4.95	5.29	7321200
20200518	5.27	5.37	4.83	4.93	11451200
20200519	4.97	5.23	4.93	5.10	7928100
20200520	5.18	5.64	5.05	5.61	12749600
20200521	5.52	5.54	4.97	5.35	8888400
20200522	5.30	5.47	5.23	5.45	3632900
20200526	5.49	5.53	5.17	5.20	8045200
20200527	5.10	5.12	4.33	5.04	9764600
20200528	4.70	4.86	4.48	4.50	17379900
20200529	4.57	4.63	4.24	4.50	8803500
20200601	4.49	4.77	4.41	4.69	7272600
20200602	4.73	4.80	4.50	4.73	5332500
20200603	4.69	4.75	4.49	4.50	5425800
20200604	4.45	4.64	4.33	4.36	6050400
20200605	4.34	4.40	4.07	4.17	8176400
20200608	4.31	4.55	4.22	4.40	6902500
20200609	4.38	4.41	4.22	4.31	4836600
20200610	4.44	4.65	4.35	4.57	6714500
20200611	4.57	4.62	4.22	4.22	5661500
20200612	4.37	4.37	4.08	4.29	5830300
20200615	4.21	4.68	4.13	4.49	6547600
20200616	4.57	4.61	4.27	4.37	6251500
20200617	4.36	4.36	4.09	4.09	6213000
20200618	4.08	4.21	3.91	4.11	5666400
20200619	4.13	4.19	3.89	3.89	20221600
20200622	3.98	4.13	3.84	4.12	7653100
20200623	4.10	4.32	4.10	4.27	7058900
20200624	4.23	4.33	4.06	4.22	5197300
20200625	4.21	4.32	4.12	4.30	4922300
20200626	4.41	4.90	4.38	4.83	16854700
20200629	5.17	5.29	4.85	4.98	12983500
20200630	4.90	4.91	4.56	4.76	8448600
20200701	4.70	4.92	4.59	4.91	5441900
20200702	4.95	5.07	4.76	5.02	6164300
20200706	5.12	5.13	4.88	4.95	5395700
20200707	4.96	5.56	4.92	5.41	10937500
20200708	5.86	6.03	5.19	5.43	14754500
20200709	5.58	5.82	5.41	5.53	9785700
20200710	5.55	5.60	5.24	5.44	5611000
20200713	5.42	5.45	4.94	4.95	8108300
20200714	4.97	5.24	4.76	5.23	8497800
20200715	5.24	5.36	5.00	5.23	5026800
20200716	5.06	5.15	5.01	5.03	4025900
20200717	5.02	5.15	4.98	5.04	6926100
20200720	5.10	5.29	5.02	5.13	6388400
20200721	5.11	5.17	4.83	4.87	7169800
20200722	4.92	4.92	4.70	4.81	4635100
20200723	4.81	4.84	4.48	4.57	6068900
20200724	4.49	4.54	4.33	4.45	4561800
20200727	4.50	4.55	4.40	4.50	5161400
20200728	4.53	4.60	4.39	4.42	6500400
20200729	4.43	4.47	4.16	4.22	7495400
20200730	4.12	4.42	4.11	4.22	7532800
20200731	4.22	4.28	4.02	4.07	6031900
20200803	4.42	4.50	4.16	4.40	8480700
20200804	4.46	4.50	4.21	4.23	6100600
20200805	4.23	4.32	4.09	4.21	6100100
20200806	4.00	4.14	3.86	4.00	9760600
20200807	4.00	4.03	3.81	3.97	6472400
20200810	4.00	4.22	3.95	4.13	6716600
20200811	4.13	4.19	3.92	3.96	6194900
20200812	3.99	4.07	3.92	3.97	5541300
20200813	4.33	4.67	4.23	4.60	12142200
20200814	4.55	4.58	4.25	4.31	7236600
20200817	4.31	4.57	4.23	4.53	4931600
20200818	4.51	4.68	4.44	4.51	4427200
20200819	4.51	4.55	4.37	4.39	3592600
20200820	4.33	4.47	4.28	4.36	3231800
20200821	4.34	4.43	4.16	4.17	4719600
20200824	4.17	4.20	3.92	3.97	5149100
20200825	3.95	4.15	3.87	4.13	4653900
20200826	4.09	4.14	3.97	3.99	3272400
20200827	4.00	4.04	3.86	3.92	4182100
20200828	3.88	4.02	3.86	3.97	3925400
20200831	4.20	4.49	4.06	4.15	15341800
20200901	4.19	4.24	3.83	3.93	8859400
20200902	3.91	3.94	3.73	3.88	5292100
20200903	3.85	3.93	3.66	3.66	6329300
20200904	3.63	3.74	3.31	3.66	8536800
20200908	3.57	3.71	3.51	3.58	4521200
20200909	3.68	3.83	3.66	3.71	4449200
20200910	3.67	3.89	3.67	3.74	4770700
20200911	3.80	3.86	3.68	3.77	3379000
20200914	3.80	4.03	3.79	4.03	6199200
20200915	4.07	4.17	3.99	4.00	4436300
20200916	4.01	4.09	3.91	3.97	3520200
20200917	3.88	4.07	3.88	3.99	4430700
20200918	4.00	4.05	3.89	4.01	9676200
20200921	3.95	3.99	3.75	3.76	5850000
20200922	3.78	3.78	3.65	3.77	3517400
20200923	3.78	3.81	3.48	3.50	4959700
20200924	3.41	3.53	3.30	3.43	6961500
20200925	3.40	3.64	3.40	3.64	3904600
20200928	3.70	3.70	3.54	3.67	3430600
20200929	3.73	3.86	3.68	3.84	4048900
20200930	3.79	3.82	3.36	3.44	12239200
20201001	3.46	3.53	3.44	3.53	3734600
20201002	3.43	3.54	3.36	3.37	4706500
20201005	3.43	3.65	3.42	3.65	5753100
20201006	3.63	3.69	3.44	3.48	4179700
20201007	3.53	3.77	3.51	3.75	4181400
20201008	3.78	3.92	3.73	3.90	4207800
20201009	3.90	3.94	3.84	3.91	3367800
20201012	3.95	3.97	3.79	3.85	5446000
20201013	3.81	3.93	3.81	3.91	3865200
20201014	3.93	3.98	3.85	3.88	3170900
20201015	3.80	3.91	3.79	3.89	2998600
20201016	3.91	3.94	3.79	3.85	3182600
20201019	3.86	3.87	3.54	3.57	7009300
20201020	3.55	3.64	3.46	3.51	3915000
20201021	3.53	3.71	3.51	3.59	4416600
20201022	3.64	3.84	3.63	3.84	5126600
20201023	3.91	3.92	3.65	3.71	3099400
20201026	3.64	3.85	3.61	3.84	5064000
20201027	3.85	3.85	3.66	3.71	5665300
20201028	3.65	3.70	3.57	3.63	4276900
20201029	3.62	3.78	3.57	3.73	3336500
20201030	3.77	3.84	3.70	3.82	4316300
20201102	3.82	3.88	3.71	3.85	2997800
20201103	3.80	4.02	3.74	3.95	4677800
20201104	3.90	4.30	3.88	4.27	5932600
20201105	4.30	4.37	3.92	4.24	5999300
20201106	4.30	4.30	4.01	4.08	3785000
20201109	3.98	4.07	3.78	3.88	6419800
20201110	3.85	4.10	3.82	4.08	5104100
20201111	4.08	4.28	4.08	4.26	3682500
20201112	4.21	4.46	4.19	4.25	4964700
20201113	4.33	4.47	4.30	4.41	2983800
20201116	4.39	4.47	4.25	4.45	3931100
20201117	4.39	4.59	4.33	4.58	3503800
20201118	4.57	4.57	4.27	4.28	4692900
20201119	4.28	4.41	4.06	4.17	4939100
20201120	4.15	4.37	4.12	4.33	3662400
20201123	4.38	4.48	4.26	4.40	4310800
20201124	4.52	4.84	4.52	4.66	7619800
20201125	4.74	4.78	4.59	4.76	4494000
20201127	4.81	5.13	4.80	5.13	3803600
20201130	5.18	5.29	4.83	5.11	8409300
20201201	5.16	5.17	4.78	4.87	4934800
20201202	4.82	5.17	4.74	5.04	6541000
20201203	5.14	5.19	4.90	5.14	10388700
20201204	5.85	6.25	5.75	6.10	40095500
20201207	6.82	7.31	6.46	7.22	29778000
20201208	7.18	7.70	6.83	7.66	12404800
20201209	7.69	7.73	7.00	7.26	11574400
20201210	6.92	7.70	6.86	7.65	8287200
20201211	7.56	8.45	7.56	8.12	8327500
20201214	8.77	8.99	8.40	8.50	10884900
20201215	8.57	8.59	8.14	8.31	6041800
20201216	8.45	8.61	8.16	8.29	5349800
20201217	8.17	8.34	7.91	8.20	7250800
20201218	8.12	8.61	8.09	8.61	16838100
20201221	8.66	8.73	8.19	8.30	7883900
20201222	7.50	7.93	6.83	7.59	18228500
20201223	7.40	7.66	7.17	7.56	5759200
20201224	7.57	7.62	7.22	7.28	2846300
20201228	7.29	7.49	7.07	7.18	4584900
20201229	7.10	7.28	6.88	7.04	5865900
20201230	7.11	7.65	7.06	7.50	5870600
20201231	7.54	7.56	7.31	7.45	3426700
20210104	7.48	7.70	7.28	7.38	3784100
20210105	7.35	7.46	7.27	7.37	3279200
20210106	7.39	7.79	7.36	7.55	5292400
20210107	7.76	7.89	7.53	7.74	3846400
20210108	7.83	8.00	7.58	7.74	3972900
20210111	7.70	7.75	7.45	7.51	3924000
20210112	7.65	8.25	7.55	8.04	4983900
20210113	8.06	8.41	7.90	8.15	4629500
20210114	8.19	8.68	8.12	8.59	5107600
20210115	8.56	8.99	8.39	8.80	5880400
20210119	8.94	9.35	8.86	9.07	6035800
20210120	9.04	9.40	8.84	9.24	4894100
20210121	9.26	9.33	9.05	9.15	4028000
20210122	9.54	9.78	8.87	9.21	9074200
20210125	9.09	9.25	8.77	9.16	5181500
20210126	9.26	9.49	9.05	9.16	4773500
20210127	8.89	9.16	8.69	8.76	5539300
20210128	8.98	9.24	8.46	8.71	4782800
20210129	8.82	9.06	8.37	8.52	4906500
20210201	10.75	12.04	10.21	11.85	37550000
20210202	12.79	12.90	9.44	10.53	28640100
20210203	11.10	11.15	10.12	10.30	9783200
20210204	10.23	10.28	9.47	9.65	9460000
20210205	9.66	10.16	9.51	9.79	7466000
20210208	9.99	10.41	9.83	10.25	6127800
20210209	10.25	10.26	9.82	9.90	5371100
20210210	9.86	10.07	9.40	9.55	5183100
20210211	9.60	9.73	9.17	9.20	5843900
20210212	9.10	9.76	8.86	9.57	8617500
20210216	9.70	10.47	9.53	10.34	7321900
20210217	10.20	10.88	9.95	10.66	5936000
20210218	10.45	10.96	10.26	10.80	6015900
20210219	11.00	11.61	10.88	11.53	6365500
20210222	11.69	12.41	11.06	11.19	8606400
20210223	10.51	11.29	10.29	11.09	7456200
20210224	11.17	11.85	10.82	11.81	4841700
20210225	11.09	11.64	10.37	10.47	7844900
20210226	10.88	11.09	10.29	10.78	4942400
20210301	11.27	12.08	11.20	11.98	5784600
20210302	11.81	12.20	11.68	11.74	4535000
20210303	11.70	12.15	11.55	11.87	5167000
20210304	11.71	12.01	10.78	10.92	8271800
20210305	11.08	11.19	9.69	11.15	8551300
20210308	11.26	11.66	11.06	11.10	4599400
20210309	11.44	12.31	11.30	12.07	6349900
20210310	12.12	13.77	12.12	13.61	9483200
20210311	13.83	13.92	12.84	12.99	9079600
20210312	12.87	13.16	12.30	12.64	7620600
20210315	12.92	13.93	12.80	13.48	6028600
20210316	13.49	13.75	12.63	13.01	5778800
20210317	12.87	13.32	12.54	13.24	5215400
20210318	13.01	13.60	12.65	12.69	4911100
20210319	12.65	13.61	12.65	13.24	13173200
20210322	13.66	14.24	11.66	11.80	18851400
20210323	11.51	11.68	10.59	10.86	10630500
20210324	11.19	11.20	10.42	10.53	6165100
20210325	10.10	10.81	9.77	10.71	5276900
20210326	10.87	10.87	9.89	10.35	4496900
20210329	10.09	10.20	9.30	9.73	6588700
20210330	9.72	10.11	9.57	9.99	3746100
20210331	10.13	10.49	10.01	10.17	6371400
20210401	10.22	10.30	9.88	9.95	4160800
20210405	10.00	10.18	9.78	10.07	4031100
20210406	9.89	10.24	9.84	10.12	2882400
20210407	10.17	10.61	10.05	10.41	2927800
20210408	10.45	10.58	10.19	10.40	2595700
20210409	10.38	10.56	10.19	10.21	2184000
20210412	10.15	10.16	9.34	9.50	3607200
20210413	9.59	9.73	9.23	9.69	3670800
20210414	9.79	10.64	9.72	10.19	3344500
20210415	10.31	11.58	10.13	11.34	8515400
20210416	11.32	11.40	10.94	11.24	3319600
20210419	11.16	11.52	11.00	11.51	2397400
20210420	11.49	11.86	10.87	11.11	3668700
20210421	11.05	11.70	10.85	11.66	2554200
20210422	11.62	12.56	11.51	12.05	4450400
20210423	12.09	12.37	11.95	12.13	2165300
20210426	12.25	12.51	12.07	12.39	1873200
20210427	12.47	12.75	12.20	12.30	2346000
20210428	12.29	12.54	12.07	12.34	1777800
20210429	12.35	12.41	11.94	12.12	1644200
20210430	12.23	12.38	11.54	11.64	3506200
20210503	11.71	11.81	11.16	11.18	2421600
20210504	11.04	11.20	10.80	11.01	2673900
20210505	11.10	11.17	10.57	10.68	2570200
20210506	11.31	13.28	10.86	12.92	18023600
20210507	12.69	13.19	12.52	13.12	6454100
20210510	13.04	13.07	11.92	11.93	4531400
20210511	11.28	12.28	11.22	12.14	3565100
20210512	11.90	12.67	11.90	12.49	4113800
20210513	12.51	12.61	11.84	11.96	3140600
20210514	12.06	13.13	11.90	12.84	5534100
20210517	12.81	14.45	12.64	14.38	7473600
20210518	14.27	14.97	14.22	14.38	4876800
20210519	13.89	14.29	13.62	13.98	3208400
20210520	13.98	14.18	13.71	13.97	2488700
20210521	14.10	14.56	13.84	13.86	2915300
20210524	13.92	14.12	13.60	13.62	2319900
20210525	13.62	13.89	13.27	13.28	2234600
20210526	13.28	13.66	13.12	13.61	1880700
20210527	13.65	15.02	13.62	14.75	6709500
20210528	15.04	16.29	14.89	15.77	7417300
20210601	15.88	16.20	15.42	15.95	3009700
20210602	16.00	16.44	15.62	16.30	3736500
20210603	16.30	16.72	16.04	16.36	3070900
20210604	16.42	16.50	15.97	16.29	2268600
20210607	16.37	17.68	16.35	17.24	4775300
20210608	17.30	17.48	16.56	17.04	2602200
20210609	17.18	17.59	16.92	16.99	2874900
20210610	16.97	17.74	16.65	17.21	4393200
20210611	17.20	17.27	16.62	16.71	2962200
20210614	16.70	16.90	16.15	16.28	2879300
20210615	16.15	16.21	15.50	15.61	3501000
20210616	15.50	16.26	15.48	16.08	2553800
20210617	16.19	16.62	16.05	16.36	1943700
20210618	16.35	16.35	15.70	15.89	4694900
20210621	15.97	16.75	15.89	16.72	3486800
20210622	16.65	16.86	16.24	16.65	1782500
20210623	16.64	17.43	16.64	16.99	3680300
20210624	17.00	17.06	16.75	17.00	1729400
20210625	17.05	17.14	16.72	17.13	9419100
20210628	17.17	17.25	15.20	15.63	7051500
20210629	15.79	15.87	15.37	15.49	2703600
20210630	15.40	16.27	15.25	15.81	3848400
20210701	15.93	16.28	15.72	16.27	2570300
20210702	16.24	16.65	16.04	16.48	1640200
20210706	16.28	16.35	15.93	16.23	2591900
20210707	16.26	16.29	15.76	15.89	1803500
20210708	15.40	16.58	15.26	16.25	2247200
20210709	16.49	16.49	16.09	16.36	1160700
20210712	16.43	16.54	15.77	15.80	2492000
20210713	15.65	16.12	15.60	15.87	1755100
20210714	15.90	16.10	15.52	15.63	2512400
20210715	15.57	16.02	15.40	15.80	2774800
20210716	15.88	15.92	15.51	15.61	1788400
20210719	15.19	15.92	15.07	15.40	2707700
20210720	15.34	16.29	15.25	16.24	3116900
20210721	16.15	16.70	16.06	16.53	2415000
20210722	16.46	17.30	16.33	16.97	3386900
20210723	17.09	17.61	16.76	17.26	3226400
20210726	17.39	17.55	17.09	17.25	2186400
20210727	17.33	17.33	16.55	16.80	2181200
20210728	16.99	17.18	16.67	16.82	2166800
20210729	16.84	17.27	16.68	16.76	1890800
20210730	16.76	16.83	16.07	16.12	2484300
20210802	16.15	16.57	16.08	16.10	1793200
20210803	16.41	16.81	16.00	16.76	1820300
20210804	16.88	17.02	16.11	16.26	2722700
20210805	15.74	17.81	15.10	17.65	8701800
20210806	17.80	18.48	17.31	17.61	5804300
20210809	17.57	18.12	17.44	17.65	2884100
20210810	16.81	17.30	15.15	15.21	8368600
20210811	16.14	16.23	15.21	15.58	5637300
20210812	15.50	16.68	15.45	16.64	3991800
20210813	16.50	16.88	16.07	16.15	2496800
20210816	16.00	16.00	15.18	15.27	2425300
20210817	14.89	15.36	14.31	14.38	4556700
20210818	14.40	15.00	14.16	14.57	2744100
20210819	14.56	14.82	14.19	14.24	2414100
20210820	14.06	14.57	14.00	14.21	2732500
20210823	14.48	15.14	14.45	15.12	2418900
20210824	15.21	15.53	14.92	15.45	1786900
20210825	15.45	15.92	15.31	15.47	1676700
20210826	15.44	15.71	15.21	15.34	1799300
20210827	15.37	15.83	15.22	15.66	1815000
20210830	15.65	15.94	15.46	15.70	1422500
20210831	15.81	16.28	15.79	15.92	1456900
20210901	15.89	16.20	15.84	16.15	1546100
20210902	16.17	16.22	15.87	15.91	1302500
20210903	15.84	15.90	15.35	15.66	1500200
20210907	15.60	15.61	14.92	15.10	2232600
20210908	15.07	15.09	14.57	14.96	2515900
20210909	14.87	15.79	14.87	15.25	3527200
20210910	15.25	15.40	14.86	15.20	2500900
20210913	15.26	15.52	14.85	15.49	2626500
20210914	15.53	16.12	15.43	15.48	2370800
20210915	15.40	15.40	14.82	15.07	2119400
20210916	15.01	15.31	14.90	15.21	1367400
20210917	15.35	15.74	15.10	15.70	4027800
20210920	15.20	15.54	14.80	15.02	2817900
20210921	15.16	15.49	15.11	15.32	1754200
20210922	15.47	15.68	15.35	15.39	1633900
20210923	15.30	15.46	15.18	15.37	1855100
20210924	15.25	15.30	14.91	14.92	2121500
20210927	15.00	15.45	14.83	15.38	2754300
20210928	15.30	15.32	14.70	14.73	2713000
20210929	14.89	15.00	14.36	14.38	2691400
20210930	14.49	14.74	14.20	14.37	3088800
20211001	14.25	14.35	13.63	13.73	4348100
20211004	13.51	13.70	13.10	13.31	3214100
20211005	13.35	13.79	13.35	13.73	1838800
20211006	13.49	13.69	13.29	13.53	2183800
20211007	13.60	13.96	13.54	13.96	1964000
20211008	14.01	14.48	13.72	14.46	2348000
20211011	14.49	14.61	14.35	14.42	1700900
20211012	14.50	15.00	14.40	14.71	2194000
20211013	14.82	15.01	14.59	14.99	2519600
20211014	15.13	15.59	15.13	15.45	2703100
20211015	15.44	15.54	15.12	15.13	1969900
20211018	15.10	15.24	14.91	14.92	3063900
20211019	15.00	15.28	14.76	15.04	1870100
20211020	14.97	15.08	14.31	14.33	2411900
20211021	14.33	14.70	14.28	14.61	1414800
20211022	14.60	14.77	14.34	14.70	1631300
20211025	14.71	15.49	14.61	15.46	2624700
20211026	15.67	15.77	15.34	15.38	1638000
20211027	15.47	15.55	14.91	14.93	2442700
20211028	14.98	15.27	14.82	15.24	1706800
20211029	15.24	15.40	14.84	14.93	1660200
20211101	15.07	15.35	14.93	15.31	2192400
20211102	15.31	15.48	14.99	15.14	2453800
20211103	13.53	13.97	12.13	12.40	12999000
20211104	12.16	12.27	11.52	11.61	6470900
20211105	11.55	12.83	11.53	12.41	4712100
20211108	12.31	12.49	12.05	12.22	3401200
20211109	12.24	12.98	12.22	12.94	3378400
20211110	12.86	13.27	12.62	12.73	3356600
20211111	12.76	12.90	12.32	12.36	1992500
20211112	12.34	12.41	12.10	12.25	1988900
20211115	12.25	12.35	11.81	11.87	2055900
20211116	11.80	12.13	11.70	12.10	2603400
20211117	12.11	12.19	11.92	12.01	1978100
20211118	12.00	12.12	11.34	11.75	2909100
20211119	11.72	12.08	11.70	11.89	2768000
20211122	12.60	12.95	12.10	12.45	5197400
20211123	12.45	12.65	12.21	12.37	3513100
20211124	12.20	12.62	12.07	12.50	1774800
20211126	12.81	13.12	12.24	12.48	2699400
20211129	12.64	12.80	12.26	12.45	2581800
20211130	12.30	12.45	11.79	12.06	2571900
20211201	12.10	12.41	11.27	11.27	2687500
20211202	11.32	12.15	11.24	11.87	2996000
20211203	11.85	11.97	11.22	11.44	2277600
20211206	11.36	11.50	10.72	11.18	3826500
20211207	11.35	12.46	11.35	12.21	3120300
20211208	12.25	12.43	11.93	12.24	1769900
20211209	12.16	12.25	11.77	11.78	1920500
20211210	12.02	12.26	11.61	11.65	2044100
20211213	11.65	11.86	11.31	11.58	2028900
20211214	11.39	11.58	11.19	11.43	2036700
20211215	11.44	12.01	11.03	11.87	2410700
20211216	11.93	12.19	11.78	11.93	2337600
20211217	11.88	13.20	11.79	13.03	8512000
20211220	12.84	13.44	12.59	13.18	3172200
20211221	13.13	13.50	12.88	13.48	2072900
20211222	13.48	14.05	13.20	13.84	2074600
20211223	13.71	14.11	13.60	13.92	1908600
20211227	13.85	14.06	13.66	13.83	1759300
20211228	13.73	14.07	13.63	13.65	1686700
20211229	13.65	13.73	13.45	13.70	1333900
20211230	13.68	14.00	13.57	13.79	2194900
20211231	13.84	14.18	13.75	13.85	2354400
20220103	13.91	14.11	13.55	14.07	2792300
20220104	14.06	14.11	13.52	13.72	2320500
20220105	13.65	13.81	12.55	12.66	3054900
20220106	12.75	12.89	12.20	12.42	2380200
20220107	12.38	12.57	11.56	11.56	3425800
20220110	12.30	14.83	12.25	14.78	15085400
20220111	14.40	17.35	14.16	16.43	20951900
20220112	16.76	17.26	16.16	16.69	10084900
20220113	16.79	17.20	16.07	16.15	6137400
20220114	15.63	15.76	14.72	15.48	5839300
20220118	15.22	15.60	14.49	14.57	3901900
20220119	14.69	15.39	14.50	14.54	4929600
20220120	14.68	14.70	13.90	13.98	3125900
20220121	13.63	14.01	13.36	13.78	4475800
20220124	13.32	14.39	12.86	14.26	5202100
20220125	14.09	14.86	13.81	14.65	3023700
20220126	14.98	16.13	14.80	14.99	5297600
20220127	14.95	15.45	14.10	14.12	2657000
20220128	14.11	14.88	13.90	14.87	2288900
20220131	14.87	15.49	14.83	15.45	2341700
20220201	15.49	15.79	15.02	15.33	2330100
20220202	15.25	15.38	14.75	15.06	1925900
20220203	14.84	15.12	14.62	14.95	1885200
20220204	14.89	15.39	14.68	15.21	1998400
20220207	15.18	16.47	15.14	16.38	3120000
20220208	16.39	17.22	16.11	17.20	4079700
20220209	17.24	17.66	17.20	17.66	3958300
20220210	17.30	18.71	17.22	17.89	5777400
20220211	17.94	18.45	17.66	17.79	3399100
20220214	17.66	18.09	17.42	17.80	2178300
20220215	18.00	18.78	17.95	18.76	3049300
20220216	18.80	19.99	18.43	19.76	5337600
20220217	19.54	19.97	18.91	19.14	3732600
20220218	19.20	19.30	18.64	18.74	3192800
20220222	18.08	18.42	17.60	17.75	4066200
20220223	16.75	17.68	16.68	16.70	5567600
