20170103	14.69	15.35	14.36	15.24	14870800
20170104	14.93	15.84	14.71	15.57	17268600
20170105	15.76	15.91	15.37	15.71	11054100
20170106	15.60	15.75	15.26	15.29	10435900
20170109	15.40	15.65	15.11	15.35	9533200
20170110	17.32	17.55	16.10	16.40	42444800
20170111	16.45	16.68	15.32	15.33	28591700
20170112	15.48	15.86	15.19	15.63	15764200
20170113	15.70	15.79	15.28	15.33	11117700
20170117	15.30	15.67	15.00	15.24	10228200
20170118	15.26	15.42	14.78	15.11	14998500
20170119	15.09	15.34	14.85	14.90	9508300
20170120	14.84	15.05	14.71	14.73	9368000
20170123	14.70	14.75	13.88	13.99	18864100
20170124	14.06	14.08	13.51	13.58	14203800
20170125	13.65	14.25	13.58	13.99	15237000
20170126	14.14	14.16	13.60	13.62	10858700
20170127	13.60	13.75	13.42	13.47	8550600
20170130	13.45	13.79	13.16	13.33	12241500
20170131	13.34	13.82	13.20	13.78	12876300
20170201	13.75	13.88	13.55	13.73	9040200
20170202	13.88	14.91	13.80	14.31	23337400
20170203	14.31	14.43	14.04	14.22	10467200
20170206	14.25	14.69	14.12	14.59	9207700
20170207	14.53	14.71	14.23	14.25	9496800
20170208	14.22	14.78	14.14	14.68	10421600
20170209	14.68	15.08	14.66	14.92	9888500
20170210	14.96	15.24	14.81	15.04	8468700
20170213	15.19	15.33	14.88	14.97	9809400
20170214	15.03	16.00	14.96	15.98	18792400
20170215	16.00	16.93	15.77	16.86	27696300
20170216	17.14	17.14	16.12	16.22	31055800
20170217	16.07	16.18	15.82	16.04	11642800
20170221	16.28	16.47	16.13	16.40	9435700
20170222	16.34	16.82	16.33	16.35	9699700
20170223	16.41	16.80	16.15	16.58	10961500
20170224	16.42	16.53	16.10	16.18	10635300
20170227	16.06	16.95	15.99	16.71	16950200
20170228	16.17	16.48	14.16	14.38	56133000
20170301	14.55	14.58	13.46	13.59	41398600
20170302	13.90	14.25	13.68	13.75	18474400
20170303	13.73	13.88	12.90	13.06	33490600
20170306	13.16	13.28	12.30	12.41	30879200
20170307	12.21	12.28	11.36	11.71	37137400
20170308	11.62	12.12	11.54	11.88	26568200
20170309	11.96	12.05	11.50	11.57	16392800
20170310	11.70	12.39	11.54	12.24	20865700
20170313	12.41	12.55	11.87	12.11	24670400
20170314	10.77	11.04	10.50	10.89	77795100
20170315	10.89	11.19	10.67	11.01	33025900
20170316	11.08	11.33	10.90	11.20	19763000
20170317	11.47	11.60	10.95	11.03	34529100
20170320	11.12	11.14	10.62	10.64	17890700
20170321	10.62	10.90	10.35	10.72	20446300
20170322	10.80	10.87	10.48	10.71	14081900
20170323	10.68	11.10	10.68	10.86	15675200
20170324	10.83	10.95	10.70	10.75	8928400
20170327	10.69	10.94	10.66	10.81	8982100
20170328	10.78	10.83	10.66	10.68	8421600
20170329	10.68	11.43	10.67	11.18	26944400
20170330	11.20	11.32	10.92	11.08	21361800
20170331	11.07	11.14	10.97	11.03	8956100
20170403	11.02	11.07	10.40	10.47	19768000
20170404	10.42	10.49	10.08	10.17	18766300
20170405	10.12	10.16	9.49	9.50	41897600
20170406	9.52	9.89	9.47	9.63	16749500
20170407	9.56	9.80	9.44	9.59	16236000
20170410	9.64	9.88	9.62	9.85	9917900
20170411	9.85	9.85	9.52	9.55	8940800
20170412	9.62	9.74	9.53	9.60	6646000
20170413	9.61	9.62	9.43	9.48	9025200
20170417	9.50	9.57	9.43	9.48	5062800
20170418	9.42	9.42	8.92	8.95	21649000
20170419	8.96	9.22	8.92	9.02	9822200
20170420	9.02	9.10	8.86	8.88	12321700
20170421	8.93	8.99	8.36	8.51	28061900
20170424	8.56	8.78	8.31	8.60	15671100
20170425	8.56	9.06	8.50	9.02	12658300
20170426	9.12	9.56	9.01	9.29	16668400
20170427	9.29	9.44	9.13	9.38	11490700
20170428	9.39	9.49	9.20	9.25	9062900
20170501	9.41	9.75	9.36	9.66	16365700
20170502	9.96	10.49	9.92	10.31	26518600
20170503	10.50	10.58	9.79	9.80	20085900
20170504	9.78	10.18	9.56	9.84	14081400
20170505	9.75	10.09	9.71	10.07	8831900
20170508	10.05	10.05	9.70	9.71	12522400
20170509	9.71	12.43	9.71	12.05	125274000
20170510	12.03	12.93	11.78	12.68	64442400
20170511	12.79	14.55	12.35	13.80	107069600
20170512	13.68	14.10	13.41	13.59	38715000
20170515	13.74	14.44	13.70	14.17	40294800
20170516	14.32	14.55	13.96	14.08	34368700
20170517	13.79	14.14	13.14	13.25	29369200
20170518	13.23	13.74	13.14	13.47	22681400
20170519	13.62	13.78	13.19	13.52	24297900
20170522	13.56	13.83	13.44	13.45	11359700
20170523	13.46	13.72	13.20	13.31	12692100
20170524	13.26	13.34	12.74	12.93	19719800
20170525	12.93	13.20	12.75	12.79	11085300
20170526	12.77	13.02	12.62	12.83	8900200
20170530	12.69	12.87	12.14	12.24	17595100
20170531	12.17	12.50	11.80	12.05	18941900
20170601	12.05	12.71	11.97	12.58	18269700
20170602	12.66	12.69	12.37	12.51	12566000
20170605	12.41	12.41	11.95	12.34	13636200
20170606	12.43	12.85	12.27	12.56	12521100
20170607	12.53	12.65	12.10	12.17	11901700
20170608	12.52	13.46	12.45	13.26	31707900
20170609	13.21	13.37	12.38	12.52	22255600
20170612	12.54	13.02	12.51	12.65	12359400
20170613	12.72	12.85	12.36	12.46	10685600
20170614	12.50	12.59	12.28	12.46	8330000
20170615	12.31	12.49	12.02	12.12	10640600
20170616	12.53	12.79	12.46	12.66	14674800
20170619	13.02	13.63	12.99	13.47	24885800
20170620	13.40	13.43	13.13	13.15	15644900
20170621	13.23	13.94	13.21	13.68	19727000
20170622	13.75	15.73	13.64	15.50	69036600
20170623	15.35	15.85	14.89	15.80	37840400
20170626	16.15	17.44	16.05	17.08	56838600
20170627	17.19	17.44	16.59	16.65	38429800
20170628	17.00	17.23	16.75	17.15	22072200
20170629	17.93	18.25	16.68	17.31	48984300
20170630	17.35	17.52	16.84	17.30	21308000
20170703	17.31	17.42	16.84	16.97	9905500
20170705	16.98	17.33	16.51	17.14	16280700
20170706	16.86	17.31	16.57	16.60	18722100
20170707	16.67	16.76	15.95	16.23	19318400
20170710	16.41	16.98	16.35	16.66	14591600
20170711	16.64	16.86	16.52	16.57	10177700
20170712	16.70	17.13	16.61	16.99	11483900
20170713	17.32	17.64	17.10	17.29	15643200
20170714	17.35	17.69	17.22	17.24	12442300
20170717	17.31	17.77	17.10	17.37	14901400
20170718	17.25	17.37	16.89	17.16	13133700
20170719	17.32	17.35	16.98	17.25	8685500
20170720	17.18	17.74	17.18	17.60	10846400
20170721	17.63	17.71	17.31	17.50	10086100
20170724	17.53	17.59	17.22	17.54	8602100
20170725	17.70	18.17	17.69	17.71	13417100
20170726	17.94	18.11	17.72	17.77	9316500
20170727	17.90	18.01	16.95	17.13	15359100
20170728	16.80	17.16	16.65	16.84	12242300
20170731	16.83	16.94	16.04	16.46	15884300
20170801	16.66	16.82	16.45	16.75	9534500
20170802	16.83	16.85	16.37	16.42	9280100
20170803	15.98	16.25	15.41	15.45	21287400
20170804	15.53	15.57	14.93	15.13	18721800
20170807	15.13	15.52	14.95	15.37	16487800
20170808	16.93	16.97	15.15	15.64	48546600
20170809	15.13	15.23	13.97	14.07	39170400
20170810	14.03	14.42	13.66	13.81	21254500
20170811	13.72	14.06	13.68	13.89	12747100
20170814	14.02	14.14	13.67	13.77	10049100
20170815	13.80	14.09	13.66	13.90	9001500
20170816	14.06	14.54	13.97	14.15	13556700
20170817	14.30	14.89	14.22	14.34	21846300
20170818	14.36	14.54	14.17	14.39	10472000
20170821	14.39	14.48	14.05	14.14	6715100
20170822	14.14	14.57	14.12	14.35	7126400
20170823	14.36	14.49	14.28	14.42	7550500
20170824	14.45	15.08	14.41	14.75	10891700
20170825	14.60	14.77	13.98	14.14	13814600
20170828	14.04	14.27	13.83	14.23	8166600
20170829	14.02	14.04	12.89	13.24	28933800
20170830	13.22	13.32	12.96	13.19	14556900
20170831	13.16	13.57	13.16	13.42	10348300
20170901	13.49	13.49	13.01	13.33	8658800
20170905	13.32	13.52	12.97	13.10	11566200
20170906	13.07	13.20	12.90	13.16	9648600
20170907	13.15	13.50	13.13	13.38	7232600
20170908	13.36	13.63	13.33	13.61	6917500
20170911	13.83	14.44	13.81	14.19	12728200
20170912	14.40	14.60	14.23	14.43	9178700
20170913	14.35	14.38	14.03	14.11	8006500
20170914	14.06	14.13	13.85	13.99	5308200
20170915	14.03	14.16	13.88	13.92	6937900
20170918	13.95	14.03	13.63	13.79	9400100
20170919	13.86	13.95	13.63	13.77	5070700
20170920	13.76	14.18	13.70	14.07	5924000
20170921	14.07	14.41	13.86	14.23	6225600
20170922	14.30	14.30	13.90	14.01	4770300
20170925	13.95	14.16	13.93	14.09	6080200
20170926	14.06	14.30	13.98	14.10	5036100
20170927	14.10	14.44	14.03	14.39	6206100
20170928	14.29	14.32	13.43	13.76	20570000
20170929	14.01	14.54	13.89	14.33	14266300
20171002	14.35	14.70	14.03	14.62	11014400
20171003	14.65	14.78	14.16	14.36	10833900
20171004	14.35	14.65	14.29	14.38	6574500
20171005	14.38	14.69	14.32	14.57	8286500
20171006	14.51	14.62	14.38	14.46	4185000
20171009	14.43	14.55	14.31	14.42	3985800
20171010	14.55	14.74	14.39	14.46	5490200
20171011	14.44	14.50	14.08	14.29	6262500
20171012	14.31	14.31	13.81	13.83	8507300
20171013	13.77	13.77	13.12	13.39	15955200
20171016	13.41	13.45	12.89	12.92	14128400
20171017	13.00	13.11	12.62	12.81	10741400
20171018	12.82	12.82	12.36	12.39	15476300
20171019	12.14	12.59	11.89	12.48	19618200
20171020	12.40	12.46	12.09	12.13	9259100
20171023	12.12	12.22	11.97	12.05	7854300
20171024	12.17	12.30	11.98	12.12	7973800
20171025	12.07	12.10	11.77	12.06	9602300
20171026	11.90	12.08	11.63	11.65	11426000
20171027	11.65	11.82	11.34	11.41	9650700
20171030	11.55	11.71	11.31	11.41	8661300
20171031	11.72	12.04	11.40	11.69	14203000
20171101	11.68	12.02	11.54	11.93	9045200
20171102	11.79	11.79	10.94	11.06	19200900
20171103	11.52	11.67	11.10	11.49	16220800
20171106	11.80	12.18	11.72	12.04	20317400
20171107	13.87	14.32	13.62	14.10	68952400
20171108	14.08	15.26	14.01	14.88	43450000
20171109	14.81	15.55	14.54	15.35	28140400
20171110	15.26	15.74	14.91	15.38	19960200
20171113	15.15	15.25	14.55	14.60	19821000
20171114	14.58	14.88	14.07	14.28	16274400
20171115	14.15	14.51	13.86	14.45	10572300
20171116	14.26	14.55	14.22	14.34	8341500
20171117	14.30	14.78	14.28	14.69	10932500
20171120	14.70	15.68	14.67	15.57	21638800
20171121	15.57	16.06	15.32	15.99	20365700
20171122	16.08	16.88	16.00	16.54	21463600
20171124	16.59	16.77	16.43	16.57	6896300
20171127	16.55	16.80	16.22	16.48	9713100
20171128	16.43	16.73	16.21	16.40	11048600
20171129	16.38	16.77	15.96	16.45	16904200
20171130	16.95	17.14	16.52	16.75	16174400
20171201	16.89	17.62	16.87	17.25	17372400
20171204	17.62	17.95	17.25	17.49	13516800
20171205	17.44	18.00	17.40	17.75	13498300
20171206	17.78	17.95	16.35	16.85	21575200
20171207	16.78	17.77	16.75	17.63	13397600
20171208	17.80	19.77	17.78	19.70	44858900
20171211	19.80	20.73	19.21	20.55	33873500
20171212	20.50	22.15	20.41	21.87	41243400
20171213	22.00	22.81	20.86	22.05	48398800
20171214	21.05	21.70	19.01	19.68	53353800
20171215	19.70	20.39	19.20	19.71	23793900
20171218	20.00	21.65	19.95	21.20	27027200
20171219	21.28	21.40	20.65	20.86	13576200
20171220	21.01	21.60	20.76	20.89	21775300
20171221	20.86	21.83	20.86	21.67	16506200
20171222	21.60	21.80	21.08	21.55	13460300
20171226	21.45	22.28	21.38	21.65	10703300
20171227	21.79	21.94	21.22	21.55	11668200
20171228	21.50	21.72	20.71	21.16	14604400
20171229	21.15	21.27	20.78	20.78	10325000
20180102	20.95	21.85	20.88	21.79	12771500
20180103	22.40	23.47	22.06	23.01	22542300
20180104	23.09	23.39	22.57	23.05	15342600
20180105	23.51	24.43	23.22	23.85	22334500
20180108	23.95	24.09	22.67	23.11	16153400
20180109	23.38	23.94	23.25	23.87	11360300
20180110	23.69	23.77	23.21	23.43	11788900
20180111	23.50	24.25	23.46	23.81	11704600
20180112	24.19	24.41	23.70	23.84	10214500
20180116	24.26	24.37	22.88	22.98	14893800
20180117	23.01	23.10	22.32	22.70	11423300
20180118	22.56	22.63	21.54	22.10	12931200
20180119	21.94	21.98	21.07	21.52	15382500
20180122	21.35	22.08	21.32	22.03	9440700
20180123	22.18	22.86	22.18	22.30	8550900
20180124	21.48	21.56	19.73	19.88	32840600
20180125	20.00	20.01	18.87	19.71	23904100
20180126	19.66	20.19	19.23	19.32	14696100
20180129	19.16	19.70	19.11	19.39	9782000
20180130	18.70	18.81	18.30	18.65	12980200
20180131	18.78	19.19	18.25	18.51	11458900
20180201	18.50	18.84	18.30	18.58	7989200
20180202	18.35	18.78	18.00	18.00	9190900
20180205	17.94	18.45	17.24	17.28	14745600
20180206	16.86	18.40	16.70	18.26	16730400
20180207	18.24	18.43	17.71	17.77	13666600
20180208	17.76	18.29	17.32	17.47	12428800
20180209	17.56	17.98	17.02	17.79	12678700
20180212	17.97	18.24	17.64	18.03	8087400
20180213	18.02	18.36	17.89	17.95	6639800
20180214	17.86	18.49	17.78	18.37	6730300
20180215	18.66	19.04	18.45	18.67	8392400
20180216	18.67	19.09	18.60	18.88	10169600
20180220	18.75	19.12	18.50	18.58	8706100
20180221	18.75	19.01	18.59	18.61	5795300
20180222	18.61	18.91	18.18	18.27	7962700
20180223	18.39	18.84	18.21	18.68	7717800
20180226	18.85	19.09	18.43	18.87	7980000
20180227	18.94	19.24	18.50	18.50	13107000
20180228	17.54	17.76	16.20	16.39	39514100
20180301	16.14	16.36	15.00	15.26	29903000
20180302	14.81	15.08	14.44	14.88	21276000
20180305	15.40	15.81	15.27	15.40	23097600
20180306	15.54	15.65	15.01	15.32	15992600
20180307	15.11	15.39	15.07	15.31	11763600
20180308	15.32	15.48	15.22	15.27	6363300
20180309	15.41	15.63	15.28	15.38	9852100
20180312	15.40	15.91	15.40	15.79	8383100
20180313	15.93	16.16	15.87	16.08	8596100
20180314	16.35	17.24	16.13	16.95	18705300
20180315	16.95	17.13	16.62	16.78	9572500
20180316	16.76	16.95	16.70	16.73	7036100
20180319	16.61	16.79	15.98	16.19	9535100
20180320	16.23	16.32	15.87	15.98	7460900
20180321	15.99	16.45	15.98	16.42	5269000
20180322	16.16	16.30	15.81	15.96	8573100
20180323	16.02	16.04	15.36	15.37	7129000
20180326	15.58	15.76	15.34	15.74	5600200
20180327	15.80	15.95	15.29	15.35	4312000
20180328	15.36	16.03	15.36	15.47	6287400
20180329	15.57	16.00	15.36	15.92	6485800
20180402	15.78	15.89	14.96	15.07	7804600
20180403	15.16	15.69	15.12	15.67	6340000
20180404	15.36	15.83	15.26	15.79	4410800
20180405	15.84	15.94	15.56	15.79	4121700
20180406	15.89	16.08	15.28	15.44	5982600
20180409	15.58	15.98	15.46	15.77	4672200
20180410	16.02	16.19	15.76	15.94	4072100
20180411	15.94	16.56	15.85	16.23	6240500
20180412	16.25	16.63	16.19	16.63	5028500
20180413	16.73	17.40	16.71	17.15	10802500
20180416	17.29	17.30	16.76	17.23	6274300
20180417	17.30	17.45	17.06	17.23	6963200
20180418	17.23	17.72	17.23	17.40	6898500
20180419	17.49	17.64	16.91	17.33	7464900
20180420	17.24	17.39	16.98	17.18	4933800
20180423	17.20	17.80	17.14	17.54	6386400
20180424	17.55	17.93	17.22	17.47	6478400
20180425	17.33	17.69	16.98	17.54	4866000
20180426	17.65	17.88	17.34	17.76	5269600
20180427	17.85	18.25	17.82	18.07	5664600
20180430	18.21	18.52	18.00	18.07	6301800
20180501	18.10	18.45	18.06	18.31	4046200
20180502	18.29	18.44	17.95	18.01	5720300
20180503	18.04	18.24	17.38	17.76	6538200
20180504	17.62	18.05	17.44	18.02	5478700
20180507	18.15	18.71	18.15	18.16	8132200
20180508	20.10	21.28	19.42	19.77	55117100
20180509	19.85	20.32	19.15	20.25	17024800
20180510	20.22	20.60	19.95	20.01	12022600
20180511	20.07	20.93	19.82	20.85	10885400
20180514	20.85	21.44	20.66	20.81	11348900
20180515	21.25	22.08	21.24	21.56	16189400
20180516	21.74	22.26	21.69	22.08	9462600
20180517	22.08	22.31	21.81	22.03	7761500
20180518	22.06	22.24	21.97	22.14	5488300
20180521	22.43	22.59	21.94	22.07	4726400
20180522	22.18	22.35	21.98	22.03	4496200
20180523	21.81	22.21	21.65	22.20	5988600
20180524	22.05	22.31	21.90	22.22	4636600
20180525	22.16	22.32	22.09	22.24	3470600
20180529	21.90	22.07	21.38	21.75	8664400
20180530	21.91	22.27	21.75	22.18	5338400
20180531	22.12	22.29	21.91	22.00	3678400
20180601	22.13	22.24	22.05	22.08	3990400
20180604	22.17	22.23	21.73	22.00	4783800
20180605	22.05	23.64	22.05	23.59	13037200
20180606	24.03	25.43	23.86	25.41	20968900
20180607	25.04	25.52	24.66	24.95	10730500
20180608	25.00	26.09	24.94	25.79	10602500
20180611	25.81	26.87	25.72	26.46	9461600
20180612	26.69	27.01	26.02	26.60	9160400
20180613	26.85	27.79	26.51	26.86	10925900
20180614	27.13	27.25	26.31	26.80	6969200
20180615	26.76	27.11	26.63	26.86	6070700
20180618	25.16	25.50	23.46	23.56	24556900
20180619	23.08	24.59	23.03	24.24	10253800
20180620	24.49	24.80	24.17	24.64	6792800
20180621	24.66	24.97	24.31	24.72	5390100
20180622	24.29	24.47	23.82	24.27	5783400
20180625	24.08	24.22	23.01	23.06	6897400
20180626	23.21	23.52	22.57	23.31	6142800
20180627	23.40	23.69	22.69	22.81	6506100
20180628	22.74	23.65	22.56	23.37	5004900
20180629	23.71	24.06	23.08	23.24	5921200
20180702	22.90	23.23	22.82	22.93	4061700
20180703	23.12	23.41	22.95	23.00	2242200
20180705	23.34	23.36	22.79	22.93	3935800
20180706	22.94	23.06	22.76	22.96	4637300
20180709	23.05	24.00	23.02	23.55	6931100
20180710	23.65	23.89	23.49	23.80	3912300
20180711	23.50	23.95	23.10	23.76	6140500
20180712	23.83	24.39	23.69	24.23	5563000
20180713	24.15	24.43	23.36	23.40	6564000
20180716	23.70	23.70	22.50	23.05	3504000
20180717	22.77	23.28	22.60	23.10	4044500
20180718	22.95	23.54	22.95	23.03	4011700
20180719	22.90	22.99	22.26	22.67	4077000
20180720	22.71	22.79	22.47	22.59	2286100
20180723	22.60	22.96	22.48	22.67	2895800
20180724	22.76	23.00	22.51	22.62	2941300
20180725	22.56	23.03	22.52	22.79	2897300
20180726	22.71	22.75	22.42	22.50	3014000
20180727	22.52	22.62	22.26	22.51	2191600
20180730	22.44	22.45	21.68	21.71	4263600
20180731	21.73	21.94	21.53	21.74	3452400
20180801	21.61	22.07	21.49	21.87	2820300
20180802	21.60	22.48	21.58	22.37	3796300
20180803	21.60	22.99	21.60	22.80	4099000
20180806	22.99	23.22	22.32	22.50	5092000
20180807	22.80	24.86	22.68	23.52	11439900
20180808	23.58	24.30	23.52	23.71	5029300
20180809	23.69	24.00	22.85	23.17	5448800
20180810	22.89	23.04	21.77	21.85	7001100
20180813	22.08	22.08	20.99	21.38	4659700
20180814	21.45	21.62	21.22	21.52	2449100
20180815	21.38	21.38	20.56	20.89	4587500
20180816	21.01	21.91	20.89	21.69	3651600
20180817	21.70	22.07	21.47	21.89	3185200
20180820	22.00	22.51	21.82	22.32	2813600
20180821	22.38	22.59	22.30	22.37	2863900
20180822	22.41	23.31	22.35	23.30	4665500
20180823	23.20	23.43	23.07	23.24	3529300
20180824	23.45	23.55	22.76	22.93	3276900
20180827	23.08	23.51	23.00	23.33	3160400
20180828	23.34	23.50	23.15	23.46	2085600
20180829	23.44	23.52	23.02	23.39	3276200
20180830	23.30	24.09	23.27	23.60	4331300
20180831	23.43	23.55	23.05	23.11	3339400
20180904	23.10	23.10	21.33	21.81	9904900
20180905	21.63	21.81	20.94	21.34	4015300
20180906	21.40	21.55	20.52	20.85	4049300
20180907	20.51	21.09	20.38	20.64	3250300
20180910	20.70	21.04	20.53	20.67	3372500
20180911	20.50	20.88	20.48	20.67	2379400
20180912	22.56	24.10	22.31	23.54	15974300
20180913	23.77	24.13	22.86	23.12	5789000
20180914	22.94	23.16	22.20	22.35	4842700
20180917	22.29	22.99	22.07	22.55	4607100
20180918	22.75	24.36	22.74	23.81	8668500
20180919	23.70	24.26	23.66	24.07	4661100
20180920	24.19	25.35	24.08	25.01	7099200
20180921	25.13	25.19	24.73	24.92	3981100
20180924	24.98	25.43	24.78	24.86	3991100
20180925	24.96	25.19	24.33	24.78	4415100
20180926	24.81	25.40	24.81	25.04	4041400
20180927	25.30	25.41	24.85	25.08	3291600
20180928	25.07	25.88	24.60	25.67	6215300
20181001	25.95	27.67	25.85	27.34	10663000
20181002	27.07	27.74	26.55	27.26	6309300
20181003	27.45	28.45	27.31	28.32	9708500
20181004	27.97	28.00	26.18	26.50	8144600
20181005	26.79	27.14	25.82	26.32	4519500
20181008	26.85	27.59	26.10	26.49	5267300
20181009	26.01	26.21	25.51	25.70	3970500
20181010	25.75	25.75	24.27	24.34	7157200
20181011	23.80	24.52	23.73	24.12	5953500
20181012	24.77	25.09	24.35	24.66	4206600
20181015	24.83	24.99	24.54	24.68	2558100
20181016	25.00	25.99	24.95	25.92	4351100
20181017	25.72	25.76	24.58	24.88	4942000
20181018	24.67	24.82	24.38	24.58	2770600
20181019	24.87	25.27	24.20	24.26	3462100
20181022	24.28	24.60	23.86	24.45	3438100
20181023	23.75	24.41	23.42	24.22	4155300
20181024	24.30	24.57	22.52	22.53	4522500
20181025	22.85	23.47	22.29	23.21	4762400
20181026	22.70	23.25	22.40	22.85	3602000
20181029	23.09	23.24	21.38	21.95	5141000
20181030	21.81	22.55	21.61	22.19	3773500
20181031	22.50	23.02	22.22	22.88	3701600
20181101	23.29	25.00	23.25	24.78	6769100
20181102	25.00	25.03	23.95	24.17	4001600
20181105	25.09	26.18	25.00	25.57	7846400
20181106	25.90	27.44	25.73	26.72	12014000
20181107	27.09	27.57	26.60	27.12	6127800
20181108	26.98	27.72	26.85	27.29	6082100
20181109	27.01	27.39	26.51	27.20	3900100
20181112	27.08	27.19	26.15	26.21	3616500
20181113	26.29	26.96	26.26	26.63	3235700
20181114	27.08	27.27	26.13	26.45	4442800
20181115	26.36	26.53	25.60	25.67	3892700
20181116	25.48	26.03	25.06	25.33	3096700
20181119	25.02	25.25	23.43	23.50	6050900
20181120	22.77	23.29	22.16	22.75	5375800
20181121	23.16	23.50	22.99	23.11	3147400
20181123	22.99	23.52	22.72	23.26	1447000
20181126	23.50	23.97	23.20	23.56	2925500
20181127	23.00	23.41	22.62	22.77	3796200
20181128	22.87	23.38	22.76	23.30	3209700
20181129	23.32	24.05	23.02	23.72	2825800
20181130	23.78	24.42	23.57	24.35	3519100
20181203	24.80	25.30	24.30	25.28	4555100
20181204	25.00	25.77	24.36	24.47	4883100
20181206	23.98	24.27	23.38	24.25	4116000
20181207	24.19	24.51	23.42	23.66	2761700
20181210	23.50	23.62	22.27	22.85	4368600
20181211	23.17	23.57	22.81	23.08	2604800
20181212	23.56	25.27	23.50	24.13	5917400
20181213	24.34	24.72	23.55	23.65	2715500
20181214	24.06	24.59	22.46	22.87	8167000
20181217	22.57	22.93	21.50	21.56	6880800
20181218	21.79	21.98	20.60	20.86	6470100
20181219	20.97	21.31	19.49	19.69	7978500
20181220	19.50	19.83	18.24	18.72	9940200
20181221	18.91	18.92	17.73	18.11	9349200
20181224	17.75	18.06	17.34	17.64	3851900
20181226	17.96	18.88	17.20	18.85	4787400
20181227	18.45	18.64	17.80	18.56	4767500
20181228	18.62	19.24	18.49	18.79	4542300
20181231	18.92	19.02	18.26	18.47	4476700
20190102	18.71	20.37	18.48	20.23	7643500
20190103	20.20	21.10	20.05	20.49	5689900
20190104	20.95	21.84	20.95	21.25	6179000
20190107	22.29	23.08	21.87	22.36	7167700
20190108	22.67	23.13	22.09	22.68	6050300
20190109	22.88	23.57	22.71	23.33	5199000
20190110	23.20	23.29	22.36	22.53	5534100
20190111	22.40	23.01	21.95	22.62	3633700
20190114	22.23	22.47	22.06	22.25	3684000
20190115	22.15	22.66	22.08	22.34	3228400
20190116	22.50	22.75	22.29	22.35	3189400
20190117	22.23	23.18	22.16	23.03	3289900
20190118	23.08	23.30	22.74	23.09	3910600
20190122	22.81	23.02	22.52	22.92	4242900
20190123	23.15	23.79	22.94	23.29	3572200
20190124	23.25	23.63	23.14	23.33	3127800
20190125	23.61	23.97	23.47	23.79	3062800
20190128	23.58	24.33	23.45	24.18	3521400
20190129	24.08	24.43	23.97	24.16	2327600
20190130	24.42	24.64	23.77	24.16	4001100
20190131	23.98	24.77	23.95	24.55	2973600
20190201	24.77	24.97	24.53	24.64	3149500
20190204	24.58	25.38	24.56	25.20	4871600
20190205	25.00	26.00	25.00	25.74	4662300
20190206	25.76	26.14	25.44	25.49	3127200
20190207	25.19	25.29	24.13	24.61	5466600
20190208	24.31	24.69	24.04	24.48	2951700
20190211	24.58	25.23	24.56	25.09	3048000
20190212	25.42	25.70	25.19	25.34	2611700
20190213	25.33	25.53	24.80	25.30	3329500
20190214	25.22	25.77	25.08	25.50	3345000
20190215	25.70	26.00	25.24	25.45	3743800
20190219	25.45	25.75	24.88	25.19	8856200
20190220	25.75	26.17	22.45	24.05	21873000
20190221	23.90	24.72	23.43	23.51	6334900
20190222	23.67	23.99	23.55	23.75	4888500
20190225	24.03	24.08	23.21	23.35	5380100
20190226	23.10	23.29	22.88	23.16	5669100
20190227	23.15	24.33	23.12	24.03	5243600
20190228	24.05	24.46	23.57	23.70	4779000
20190301	24.08	24.33	23.94	24.23	3991100
20190304	24.43	24.70	23.73	24.18	4783600
20190305	24.21	24.41	23.82	23.96	4390500
20190306	23.80	23.89	23.27	23.56	3103700
20190307	23.49	23.82	23.20	23.52	3281900
20190308	23.00	23.38	22.79	23.37	2464800
20190311	23.40	23.56	23.27	23.47	1778100
20190312	23.50	23.99	23.48	23.77	2070000
20190313	23.92	24.13	23.82	23.91	1607100
20190314	24.00	24.30	23.97	24.14	2364200
20190315	24.20	24.22	23.89	23.98	1999100
20190318	24.02	24.68	23.94	24.54	4451300
20190319	24.74	26.34	24.73	26.29	8738900
20190320	25.75	25.75	24.64	25.37	7044400
20190321	24.97	25.60	24.97	25.47	3223500
20190322	25.29	25.36	24.42	24.69	3576300
20190325	24.58	24.88	23.92	24.14	2462400
20190326	24.11	24.69	24.05	24.22	2490800
20190327	24.21	24.75	24.11	24.31	1699700
20190328	24.43	24.72	24.24	24.52	1872800
20190329	24.61	24.78	24.36	24.70	2193200
20190401	24.90	25.22	24.78	25.07	3142600
20190402	25.18	25.32	24.85	24.92	3169400
20190403	24.98	25.30	24.73	24.80	2147800
20190404	24.84	25.05	24.67	24.96	1972200
20190405	24.98	25.28	24.90	25.12	2040300
20190408	25.11	25.83	25.05	25.82	3111600
20190409	26.00	26.77	25.69	26.15	6045300
20190410	26.19	26.41	25.79	26.12	2029500
20190411	26.00	26.40	25.73	26.01	2996100
20190412	26.01	26.14	24.67	24.77	5851000
20190415	24.80	24.96	23.99	24.34	3421700
20190416	24.53	24.71	24.04	24.13	2306200
20190417	24.15	24.27	22.99	23.05	7382100
20190418	23.08	23.30	22.68	23.13	4216700
20190422	22.82	23.29	22.65	22.92	3500400
20190423	22.99	23.50	22.77	23.47	3772600
20190424	23.46	23.46	23.01	23.01	3700500
20190425	23.09	23.98	22.69	23.72	4484400
20190426	23.89	24.06	23.60	23.80	2216100
20190429	23.80	23.96	23.48	23.63	2265500
20190430	23.70	23.70	23.08	23.09	2692500
20190501	23.14	23.55	22.76	22.78	3965600
20190502	22.68	23.54	22.56	23.51	3943800
20190503	23.61	23.96	23.24	23.44	4009800
20190506	23.38	25.68	23.26	25.48	11994400
20190507	25.31	25.74	24.79	25.49	9884400
20190508	25.73	26.79	25.58	26.45	7384800
20190509	26.01	26.31	25.54	26.09	3526300
20190510	26.00	26.00	24.50	25.32	5104200
20190513	24.75	25.05	24.08	24.57	4919500
20190514	24.50	25.05	24.48	24.93	3710600
20190515	24.69	25.36	24.46	25.28	3816000
20190516	25.48	25.50	25.13	25.24	2541500
20190517	24.89	25.21	24.76	25.06	3193700
20190520	24.92	25.00	24.12	24.23	3377100
20190521	24.24	24.54	24.05	24.49	4095100
20190522	24.51	24.65	24.33	24.44	2648800
20190523	24.12	24.15	23.58	23.67	3180400
20190524	23.82	23.94	23.51	23.52	1695700
20190528	23.64	24.10	22.54	22.57	4850200
20190529	22.41	22.44	21.50	22.08	5172800
20190530	22.00	22.21	21.20	21.45	5373200
20190531	21.00	21.09	20.45	20.73	5578800
20190603	20.69	21.09	20.27	20.52	4108600
20190604	20.86	21.40	20.76	21.36	4319200
20190605	21.43	21.65	21.00	21.32	3054000
20190606	21.25	21.40	21.01	21.11	2500400
20190607	21.25	21.48	21.03	21.24	3530200
20190610	21.41	21.95	21.29	21.68	2699500
20190611	21.89	22.38	21.89	22.13	3816400
20190612	22.02	22.13	21.13	21.61	3206500
20190613	21.60	22.05	21.60	21.82	2018500
20190614	21.72	21.89	21.39	21.47	1626200
20190617	21.45	22.05	21.45	22.00	2330900
20190618	22.04	22.81	21.92	22.44	2145200
20190619	22.59	23.16	22.51	22.88	2674600
20190620	23.66	24.55	23.37	24.30	8616700
20190621	24.16	24.22	23.49	23.82	2860500
20190624	23.82	23.89	23.35	23.76	2478200
20190625	24.27	25.32	24.07	24.38	7709300
20190626	24.97	25.16	24.40	25.00	6175200
20190627	24.94	25.41	24.61	24.84	5173900
20190628	24.95	25.28	24.64	25.22	4015900
20190701	25.58	25.85	25.05	25.06	3894000
20190702	25.05	25.27	24.61	25.23	3868600
20190703	25.32	25.90	25.28	25.66	3219300
20190705	25.51	25.84	25.19	25.28	2235100
20190708	25.10	25.42	24.64	24.89	3350100
20190709	24.69	25.14	24.50	24.99	1578800
20190710	25.06	25.21	24.75	24.92	1594700
20190711	24.81	24.99	23.60	23.87	4948200
20190712	23.79	24.00	23.40	23.61	2967700
20190715	23.61	23.72	23.13	23.44	2037800
20190716	23.60	23.60	23.15	23.17	1665600
20190717	23.18	23.29	22.73	22.91	2726600
20190718	22.96	23.34	22.79	23.10	1897300
20190719	23.09	23.25	22.90	23.18	2414500
20190722	23.33	23.67	23.13	23.26	2297700
20190723	23.37	23.73	23.30	23.65	2066600
20190724	23.63	23.88	23.48	23.79	1759600
20190725	23.92	23.95	23.46	23.51	1954800
20190726	23.56	23.93	23.40	23.81	1481200
20190729	24.11	24.75	24.04	24.44	3253500
20190730	24.34	24.67	24.06	24.65	2372600
20190731	24.56	24.73	23.87	23.97	2792900
20190801	24.32	24.40	23.67	23.85	3216200
20190802	23.72	23.95	23.36	23.90	2697100
20190805	22.45	23.36	22.31	23.32	4824500
20190806	23.61	24.07	21.53	22.58	11401000
20190807	22.23	22.64	21.28	22.39	4996500
20190808	22.66	22.98	22.08	22.75	3780000
20190809	22.74	22.87	22.36	22.62	2038800
20190812	22.51	22.66	22.18	22.30	1211300
20190813	22.06	22.76	21.99	22.69	2373000
20190814	22.24	22.32	21.08	21.08	3843600
20190815	21.52	21.53	20.64	20.88	3824300
20190816	21.01	21.53	20.64	21.30	2662200
20190819	21.66	21.90	21.28	21.83	1981600
20190820	21.71	22.03	21.22	21.26	2294600
20190821	21.68	22.61	21.67	22.40	3521300
20190822	22.45	22.48	21.88	22.10	2855300
20190823	21.88	22.13	21.25	21.33	2140700
20190826	21.34	21.66	21.34	21.48	2266200
20190827	21.68	21.70	20.91	20.98	2156000
20190828	20.80	21.29	20.74	21.00	1933000
20190829	21.08	21.52	21.08	21.51	2074900
20190830	21.62	21.72	21.13	21.34	1789700
20190903	21.17	21.60	21.04	21.55	2787400
20190904	21.71	21.91	21.28	21.33	2135300
20190905	21.35	21.87	21.26	21.72	2067700
20190906	21.75	22.52	21.75	22.18	2136900
20190909	22.18	22.38	21.94	22.09	2176800
20190910	21.69	22.55	21.69	22.49	3859900
20190911	22.23	23.10	22.23	23.09	5018100
20190912	23.14	24.01	23.08	23.75	4872700
20190913	23.89	24.09	23.18	23.24	2889800
20190916	23.33	23.53	23.16	23.37	2299100
20190917	23.21	23.44	22.68	23.08	3552000
20190918	23.00	23.19	22.83	23.19	2262600
20190919	23.20	23.36	22.95	23.15	2428300
20190920	23.16	23.37	22.81	22.86	2666600
20190923	22.66	22.94	22.53	22.56	2465000
20190924	22.51	22.75	21.79	22.02	4020700
20190925	21.97	22.25	21.73	21.79	4086600
20190926	21.93	22.23	21.52	21.85	3117400
20190927	21.98	22.03	21.62	21.70	2010200
20190930	21.64	21.88	21.56	21.85	2702000
20191001	21.58	21.58	19.12	19.67	10309400
20191002	19.31	19.35	18.84	18.89	5927400
20191003	18.94	19.55	18.80	19.50	4044000
20191004	19.62	19.74	19.09	19.10	3458500
20191007	19.04	19.43	18.72	19.29	2491200
20191008	19.08	19.71	18.88	19.40	3371000
20191009	19.60	19.69	19.13	19.22	2367400
20191010	19.14	19.57	19.14	19.28	2863400
20191011	19.58	21.01	19.42	20.62	5335500
20191014	20.50	21.09	20.43	20.90	2709500
20191015	21.00	22.04	20.81	21.34	8645100
20191016	21.57	22.48	21.50	22.17	7283100
20191017	22.37	22.85	22.31	22.80	6079400
20191018	22.68	22.77	22.24	22.54	2998000
20191021	22.57	23.12	22.46	22.86	3130900
20191022	22.98	23.09	22.50	22.58	2773000
20191023	22.50	22.68	22.41	22.56	1972400
20191024	22.66	22.81	22.41	22.66	2170700
20191025	22.88	24.06	22.78	23.53	5423200
20191028	23.61	24.26	23.59	24.05	3908000
20191029	24.02	24.59	23.92	24.47	2926000
20191030	24.46	24.95	24.17	24.89	3113000
20191031	24.86	25.07	24.53	24.84	2780400
20191101	24.96	26.00	24.94	25.92	9325600
20191104	26.07	26.63	25.51	26.19	9692600
20191105	26.45	26.88	26.01	26.13	5039400
20191106	25.98	26.00	25.10	25.67	5067400
20191107	25.80	26.14	25.74	26.01	3304200
20191108	25.93	26.30	25.78	26.20	2765000
20191111	26.10	26.57	25.90	26.52	3632500
20191112	26.59	27.09	26.53	27.01	3749800
20191113	26.98	27.44	26.74	27.38	2744800
20191114	27.36	27.82	27.17	27.75	5222800
20191115	27.90	28.64	27.83	28.48	5232600
20191118	28.45	28.56	28.24	28.40	3545100
20191119	28.33	28.52	27.93	28.21	2806300
20191120	28.01	28.14	27.37	27.73	3586000
20191121	27.73	27.82	27.23	27.75	2624500
20191122	27.75	27.99	27.47	27.58	2827700
20191125	27.75	27.92	27.59	27.70	2968500
20191126	27.69	28.16	27.50	27.96	4688900
20191127	28.14	28.58	28.02	28.17	3097400
20191129	28.25	28.46	28.11	28.24	1455700
20191202	28.55	28.79	28.34	28.54	3838400
20191203	28.03	28.32	27.70	28.27	3300400
20191204	28.50	29.03	28.47	28.68	3718600
20191205	28.70	28.96	28.41	28.95	3514200
20191206	29.05	29.20	28.53	29.11	4074400
20191209	29.39	29.39	28.90	29.21	4649800
20191210	29.20	29.47	29.07	29.24	4565300
20191211	29.25	29.49	29.13	29.33	5611700
20191212	29.80	31.97	29.66	31.89	13207900
20191213	31.85	31.97	30.94	31.00	4950800
20191216	30.46	30.88	29.97	30.32	5523400
20191217	30.28	30.30	29.30	29.50	4124800
20191218	29.31	29.64	28.92	29.12	3407500
20191219	29.15	30.19	29.08	29.90	3816500
20191220	29.99	30.36	29.56	30.00	2946000
20191223	30.10	30.27	29.72	29.91	1658700
20191224	29.90	29.98	29.63	29.87	778300
20191226	29.84	29.91	29.56	29.69	1427100
20191227	30.00	30.00	29.50	29.70	1808200
20191230	29.73	29.88	29.34	29.44	3153300
20191231	29.41	30.02	29.24	29.92	2200300
20200102	30.23	30.34	29.55	29.91	2870300
20200103	29.39	29.74	29.35	29.42	2704500
20200106	29.21	29.38	28.70	28.86	2493800
20200107	28.75	28.98	28.53	28.57	3746100
20200108	28.57	28.66	28.04	28.50	3122300
20200109	28.66	28.75	27.86	28.01	3548200
20200110	28.00	28.15	27.55	27.65	2782100
20200113	27.80	28.23	27.34	28.12	3070900
20200114	28.09	28.70	28.03	28.52	3914400
20200115	28.50	29.26	28.50	29.05	2751400
20200116	29.10	29.76	29.10	29.75	4836700
20200117	29.94	30.39	29.77	30.25	5212300
20200121	30.12	30.38	29.66	29.73	4093800
20200122	30.05	30.15	29.51	29.51	2654000
20200123	29.50	29.51	29.05	29.19	1997600
20200124	29.19	29.31	28.13	28.40	4813100
20200127	27.65	28.40	27.42	28.35	2189100
20200128	28.53	29.29	28.44	29.21	2438300
20200129	29.16	29.44	29.04	29.15	1879600
20200130	28.87	29.01	28.30	28.35	2394100
20200131	28.20	28.20	27.40	27.43	4708200
20200203	27.47	28.17	27.47	27.92	2371600
20200204	28.20	28.94	28.05	28.82	3472600
20200205	29.22	29.68	28.98	29.06	2037500
20200206	29.31	29.39	28.77	28.92	1382100
20200207	28.72	28.83	28.07	28.15	2318900
20200210	27.99	28.35	27.91	28.19	1730600
20200211	28.17	28.68	27.58	28.17	3825700
20200212	28.50	28.83	28.32	28.55	1925100
20200213	28.30	28.43	27.36	27.43	4603600
20200214	27.50	28.01	27.23	27.74	3621100
20200218	27.75	28.09	27.64	28.05	3450900
20200219	26.46	26.54	25.16	26.46	13545900
20200220	26.22	26.44	25.75	26.41	6885200
20200221	26.33	26.52	25.93	26.50	4197500
20200224	25.50	26.03	25.18	26.00	5076000
20200225	26.19	26.37	24.43	24.77	6099000
20200226	24.68	24.92	24.27	24.44	7018100
20200227	23.83	23.91	22.37	22.52	7963400
20200228	21.73	22.92	21.54	22.13	8332700
20200302	22.25	23.10	21.46	23.09	7152700
20200303	23.10	24.12	22.68	23.02	8672100
20200304	23.53	23.55	22.48	23.13	4211700
20200305	22.40	22.75	22.00	22.45	4654700
20200306	21.76	21.83	20.62	20.96	7639100
20200309	19.13	19.54	17.87	18.27	7892000
20200310	19.18	19.37	17.63	19.36	6628200
20200311	18.61	19.11	18.17	18.45	6333900
20200312	16.90	17.00	15.22	16.22	10725800
20200313	17.32	18.80	15.81	18.80	6963200
20200316	15.81	16.73	14.68	14.96	7643600
20200317	15.48	15.86	14.12	14.71	6972200
20200318	13.60	13.66	11.15	12.98	10129300
20200319	12.44	15.38	12.21	14.13	7162600
20200320	14.59	15.57	13.50	13.66	10121100
20200323	13.52	13.94	12.49	13.27	6983600
20200324	14.31	14.92	13.83	14.91	4898300
20200325	14.95	16.31	14.21	15.77	7517800
20200326	15.96	16.60	15.24	15.44	6340700
20200327	15.04	15.20	13.85	14.51	5141700
20200330	14.48	15.37	13.39	15.25	5998800
20200331	15.33	16.27	15.10	15.50	4295200
20200401	14.63	14.91	13.59	13.75	4360800
20200402	13.34	14.23	13.31	13.58	4162600
20200403	13.55	14.06	12.97	13.31	6869600
20200406	13.98	14.82	13.88	14.62	6191300
20200407	15.50	16.08	14.78	14.85	7380200
20200408	15.04	15.83	14.86	15.68	5413400
20200409	16.35	18.89	16.25	18.01	10867200
20200413	18.27	18.82	17.70	17.84	5593600
20200414	18.34	18.67	17.76	18.36	4268100
20200415	17.46	17.77	17.22	17.54	3219300
20200416	17.62	17.63	16.62	16.92	3285600
20200417	17.70	17.70	16.81	17.41	3713300
20200420	16.80	17.60	16.63	17.24	3830000
20200421	16.66	16.99	16.22	16.24	3997200
20200422	16.64	16.89	16.29	16.36	4321500
20200423	16.43	16.78	16.29	16.32	8244400
20200424	16.84	17.58	16.68	16.92	7136300
20200427	17.13	18.29	17.13	18.11	6147500
20200428	18.65	18.81	17.47	17.52	5312700
20200429	18.00	18.99	17.83	18.39	5189500
20200430	18.15	18.38	17.71	18.12	4748900
20200501	17.60	17.69	16.77	17.16	3486300
20200504	16.95	17.35	16.60	16.68	5841800
20200505	16.92	17.37	16.77	16.78	4938300
20200506	17.42	17.56	16.67	17.12	8051500
20200507	16.86	16.97	15.53	15.87	16834600
20200508	15.81	16.88	15.80	16.81	9559500
20200511	16.75	17.03	16.02	16.88	6332800
20200512	16.80	17.55	16.76	17.16	8471500
20200513	17.27	17.30	16.10	16.37	6800100
20200514	16.06	16.22	15.50	15.95	6218400
20200515	16.43	16.54	15.66	15.74	7652700
20200518	16.19	17.64	16.17	17.36	9112700
20200519	17.33	18.18	16.82	17.93	6641500
20200520	18.26	18.68	17.97	18.31	5066000
20200521	18.17	18.35	17.69	18.18	3145500
20200522	18.03	18.11	17.55	17.76	3777200
20200526	18.47	18.88	18.11	18.15	5411200
20200527	18.50	18.81	17.95	18.52	5499700
20200528	18.65	18.93	18.22	18.58	7139600
20200529	18.45	18.73	18.04	18.48	6178800
20200601	18.43	19.64	18.21	19.16	6616500
20200602	19.35	19.49	18.76	18.93	6046800
20200603	19.17	19.35	18.82	19.10	4372100
20200604	19.16	19.90	19.14	19.37	6762200
20200605	20.21	20.34	19.10	19.24	4685900
20200608	19.57	20.69	19.46	20.51	6097400
20200609	19.96	20.19	19.51	19.86	4899900
20200610	20.00	20.01	18.72	18.78	5537500
20200611	18.00	18.26	16.80	17.02	6780200
20200612	17.69	17.94	16.75	17.12	4598700
20200615	16.65	17.97	16.40	17.86	3774900
20200616	18.69	19.54	17.78	19.38	8296100
20200617	20.00	20.36	19.42	19.80	8215600
20200618	19.55	20.23	19.34	20.07	4613300
20200619	20.35	20.39	19.29	19.58	5166800
20200622	19.27	19.73	18.97	19.64	2716400
20200623	19.74	19.89	19.51	19.58	1853900
20200624	19.23	19.30	18.33	18.56	3015800
20200625	18.41	19.08	18.27	18.99	2309300
20200626	18.84	18.95	18.12	18.20	2491000
20200629	18.34	18.68	17.95	18.19	1770600
20200630	18.01	18.38	17.55	18.29	3752900
20200701	18.34	18.64	18.26	18.42	2460200
20200702	18.56	18.90	18.27	18.34	3236800
20200706	18.46	19.20	18.38	19.00	3608900
20200707	18.71	18.96	18.43	18.43	3242200
20200708	18.45	18.45	17.22	17.55	5897300
20200709	17.50	17.59	16.79	17.15	3963700
20200710	17.05	17.33	16.93	17.19	2692500
20200713	17.38	17.90	17.28	17.41	2436200
20200714	17.35	17.49	16.97	17.40	3542800
20200715	17.81	18.73	17.81	18.65	4074100
20200716	18.54	18.54	17.61	18.31	4895900
20200717	18.37	18.52	18.03	18.06	2377200
20200720	18.11	18.14	17.71	17.84	2206800
20200721	18.00	18.22	17.66	17.70	2167800
20200722	17.73	17.85	17.29	17.33	2769900
20200723	17.39	17.43	16.99	17.02	2945700
20200724	17.00	17.16	16.79	17.05	3311200
20200727	17.07	18.05	17.06	18.00	5016100
20200728	18.50	19.36	18.35	18.79	6032600
20200729	18.56	19.04	18.27	19.04	3219600
20200730	18.59	18.93	18.55	18.85	2188700
20200731	18.68	18.80	18.18	18.27	2599700
20200803	18.49	19.49	18.29	19.13	2832600
20200804	18.99	19.46	18.93	18.99	2203600
20200805	19.25	19.54	19.12	19.46	3002200
20200806	21.62	22.97	20.11	20.13	18027700
20200807	19.72	19.76	17.94	18.05	9941800
20200810	18.33	18.68	17.65	17.72	5247500
20200811	17.96	18.73	17.59	17.66	7426400
20200812	17.96	18.00	17.14	17.39	4461400
20200813	17.30	17.74	17.15	17.19	5227600
20200814	17.20	17.53	16.95	17.48	4525200
20200817	17.61	17.94	17.41	17.87	3496500
20200818	17.89	17.95	17.11	17.33	5049400
20200819	17.23	17.26	16.81	16.87	6013700
20200820	16.80	17.02	16.55	16.88	5592500
20200821	16.99	17.08	16.31	16.39	5394200
20200824	16.74	17.14	16.46	16.95	4831700
20200825	17.13	17.13	16.63	16.95	3264300
20200826	16.88	17.35	16.82	17.26	4204600
20200827	17.30	17.30	16.64	17.00	3475700
20200828	16.98	17.14	16.74	16.91	3253800
20200831	16.86	16.89	16.53	16.62	3890000
20200901	16.68	16.76	16.04	16.19	5403400
20200902	16.28	16.42	15.95	16.39	3622500
20200903	16.34	16.74	15.88	15.97	3899000
20200904	16.13	16.34	15.53	16.29	4239500
20200908	16.17	16.40	15.91	16.13	2958700
20200909	16.25	16.30	15.92	16.16	3688100
20200910	16.20	16.25	15.59	15.65	3967300
20200911	15.70	15.71	15.18	15.40	3748700
20200914	15.50	15.92	15.41	15.91	2663400
20200915	16.04	16.33	15.87	16.26	3181300
20200916	16.50	17.17	16.35	16.88	9115100
20200917	16.94	17.68	16.59	17.38	10330700
20200918	17.44	17.57	16.88	17.19	4021400
20200921	16.72	16.75	16.20	16.52	3387500
20200922	16.57	16.72	15.85	16.04	3722200
20200923	16.02	16.22	15.62	15.74	4937200
20200924	15.62	15.64	15.02	15.22	5019400
20200925	15.12	15.51	15.02	15.30	3501200
20200928	15.55	15.67	15.16	15.27	3803200
20200929	15.21	15.26	14.88	14.88	4037100
20200930	14.87	15.69	14.86	15.54	5066300
20201001	15.62	16.18	15.62	15.89	4031700
20201002	15.42	15.89	15.27	15.78	3452500
20201005	15.95	16.36	15.83	16.17	2789300
20201006	16.49	16.49	15.28	15.31	4274900
20201007	15.50	16.17	15.45	16.08	2512300
20201008	17.06	18.34	16.99	18.04	11488600
20201009	17.96	18.05	17.39	17.48	3753500
20201012	17.45	17.61	17.14	17.28	2620700
20201013	17.13	17.31	16.73	16.83	2643600
20201014	16.82	17.01	16.65	16.76	2694800
20201015	16.57	17.45	16.48	17.36	4517300
20201016	17.35	17.65	17.03	17.11	2924300
20201019	17.29	17.62	17.00	17.21	2774200
20201020	17.40	17.46	16.98	17.02	2058000
20201021	17.10	17.86	16.91	17.57	3830300
20201022	17.65	18.05	17.45	18.00	2810700
20201023	18.13	18.42	17.81	18.36	3187200
20201026	18.50	18.50	17.55	17.83	3129400
20201027	17.55	18.23	17.55	17.74	3907200
20201028	17.26	17.36	16.75	16.76	5071400
20201029	16.80	16.99	16.57	16.85	2596400
20201030	16.64	16.91	16.26	16.50	3034400
20201102	16.75	17.36	16.51	17.34	5035400
20201103	17.45	17.55	16.08	16.29	13032400
20201104	16.47	17.13	16.40	16.81	5421600
20201105	17.05	17.11	16.46	16.73	3487400
20201106	16.66	16.90	16.51	16.64	3231100
20201109	17.90	19.51	17.77	19.16	12157900
20201110	19.11	19.52	18.80	19.49	4754800
20201111	19.70	19.74	19.17	19.41	2921000
20201112	19.22	19.24	18.80	18.94	2241200
20201113	19.10	19.63	19.00	19.60	3125100
20201116	19.91	20.13	19.45	19.92	3787800
20201117	19.59	19.78	19.33	19.45	3309200
20201118	19.57	19.98	19.30	19.31	2018300
20201119	19.31	19.66	19.10	19.63	2224400
20201120	19.73	20.04	19.55	19.68	2665600
20201123	19.75	19.78	19.30	19.31	4296100
20201124	19.58	19.67	19.17	19.24	4640700
20201125	19.08	19.32	18.84	19.17	3679700
20201127	19.32	19.64	19.23	19.53	1033400
20201130	19.52	19.53	18.49	18.57	4148800
20201201	18.66	19.02	18.52	18.64	2468200
20201202	18.59	19.10	18.56	19.05	2076100
20201203	19.15	19.41	18.92	19.24	1872700
20201204	19.37	19.98	19.18	19.91	3094600
20201207	19.77	20.32	19.77	20.08	2101100
20201208	19.95	20.64	19.88	20.59	3304700
20201209	20.75	20.76	20.31	20.56	3446500
20201210	20.38	20.96	20.34	20.95	1883100
20201211	20.77	20.95	20.35	20.55	2731600
20201214	20.76	21.07	20.60	20.61	2991200
20201215	20.79	21.06	20.47	21.05	1846700
20201216	21.10	21.11	20.76	20.81	2564900
20201217	20.86	21.15	20.65	21.12	2282700
20201218	21.10	21.12	20.63	20.73	2300200
20201221	20.25	21.06	20.04	20.69	2862900
20201222	20.79	20.79	19.94	19.98	3210200
20201223	20.07	20.30	19.78	20.18	2943300
20201224	20.33	20.43	20.09	20.27	832600
20201228	20.37	20.59	19.83	19.86	2142500
20201229	20.00	20.19	19.52	19.91	2240600
20201230	19.93	20.32	19.81	20.06	1796100
20201231	20.05	20.92	19.95	20.80	2937900
20210104	21.00	21.84	20.92	21.37	4039400
20210105	21.33	21.99	20.98	21.82	2928500
20210106	21.68	23.22	21.26	22.34	3909900
20210107	22.47	22.95	22.36	22.83	2519400
20210108	22.89	23.75	22.79	23.06	4247800
20210111	22.94	23.54	22.69	23.50	2424500
20210112	23.72	23.85	23.29	23.47	3270000
20210113	24.50	26.02	24.04	25.80	13071600
20210114	25.86	26.55	25.50	26.41	6965200
20210115	26.18	26.75	25.65	26.37	4554500
20210119	26.52	27.81	26.52	27.52	4498100
20210120	27.36	27.51	26.63	27.01	3941800
20210121	26.94	27.01	26.24	26.68	2643300
20210122	26.15	27.04	25.90	26.66	3723700
20210125	26.65	27.21	26.36	27.00	5824400
20210126	27.30	27.37	26.45	26.45	5463400
20210127	26.01	26.14	24.57	24.79	8264600
20210128	24.84	25.97	24.56	25.70	4638200
20210129	25.74	26.12	25.16	25.50	2762500
20210201	25.69	26.08	25.45	25.83	3227500
20210202	26.38	27.06	26.04	26.99	3143900
20210203	26.93	27.35	26.70	27.30	3023900
20210204	27.26	27.67	26.99	27.63	3601900
20210205	27.73	28.15	27.46	28.13	3384200
20210208	28.25	28.89	28.12	28.86	2524500
20210209	28.79	29.55	28.40	29.20	4101800
20210210	29.28	29.59	28.69	29.58	3129400
20210211	29.50	30.14	29.06	30.11	7192300
20210212	32.00	32.25	30.63	31.23	8582700
20210216	31.85	31.89	31.00	31.32	7624800
20210217	32.00	32.50	31.27	32.03	7263600
20210218	31.77	31.87	31.26	31.58	4023600
20210219	31.58	32.37	31.46	31.93	3165400
20210222	31.95	32.08	31.49	31.63	2852100
20210223	31.38	31.66	30.35	31.57	2785000
20210224	31.39	31.90	30.87	31.05	5446000
20210225	31.31	31.57	30.64	31.28	5109100
20210226	31.42	31.87	30.63	31.42	7557600
20210301	31.90	32.46	31.60	31.75	6048700
20210302	31.95	32.44	31.71	32.28	4338900
20210303	32.28	32.84	31.80	32.56	5456400
20210304	32.54	33.11	31.33	31.90	5108100
20210305	32.12	33.11	30.92	32.97	4145200
20210308	32.93	33.68	32.58	33.08	9881600
20210309	33.47	34.80	33.22	33.93	7464100
20210310	34.19	34.30	32.75	32.82	9561900
20210311	31.99	34.57	31.85	34.38	14905500
20210312	34.14	34.19	33.27	33.34	5394500
20210315	33.35	34.09	33.28	33.80	2046500
20210316	34.01	34.34	33.04	33.38	12166200
20210317	33.13	33.62	32.80	33.31	13973100
20210318	33.46	33.77	32.62	32.84	11463700
20210319	32.78	33.33	32.52	33.00	11126600
20210322	32.99	33.22	32.60	32.96	2085300
20210323	32.58	32.72	31.60	31.66	2949500
20210324	30.55	31.72	30.52	30.71	3488800
20210325	30.50	31.19	30.05	31.10	2509500
20210326	31.36	31.44	30.47	31.00	1505700
20210329	30.80	31.06	30.38	30.69	1656000
20210330	30.62	31.25	30.53	31.04	1417000
20210331	31.39	32.09	31.29	31.74	2631200
20210401	31.82	32.00	31.37	31.71	2098000
20210405	31.92	32.00	31.20	31.52	1489200
20210406	31.47	31.72	31.11	31.24	2611700
20210407	31.21	31.63	31.09	31.55	1622400
20210408	31.80	31.81	30.67	30.77	2060800
20210409	30.92	31.09	30.53	30.78	1536900
20210412	30.56	30.56	29.80	29.95	2573000
20210413	29.96	30.01	29.45	29.81	3376600
20210414	29.92	30.65	29.82	30.26	3130000
20210415	30.39	30.64	30.20	30.30	1807400
20210416	30.39	30.50	29.89	30.03	1882200
20210419	29.90	30.21	29.07	29.12	2513200
20210420	29.00	29.10	27.95	28.44	3239100
20210421	28.50	29.58	28.31	29.55	1866800
20210422	29.58	29.77	29.26	29.47	979000
20210423	29.49	29.93	29.29	29.65	1210700
20210426	29.86	30.81	29.66	30.80	2759100
20210427	30.90	31.33	30.38	31.25	2713000
20210428	31.25	34.50	30.96	32.54	10512200
20210429	32.67	32.93	32.02	32.70	3108100
20210430	32.59	33.00	32.09	32.17	2016200
20210503	32.20	32.42	31.13	31.42	3324700
20210504	29.90	30.06	27.68	27.94	10324500
20210505	28.08	28.29	27.40	28.03	5121500
20210506	27.71	27.95	27.13	27.76	2829400
20210507	27.87	28.72	27.81	28.08	2058400
20210510	28.19	28.19	27.49	27.53	3178900
20210511	26.79	27.74	26.77	27.43	2381600
20210512	27.24	28.42	27.19	27.92	3750700
20210513	27.90	29.02	27.90	28.15	2840600
20210514	28.58	29.13	28.22	29.07	1789600
20210517	29.03	29.27	28.81	29.25	2484300
20210518	29.25	30.00	28.97	29.75	2264400
20210519	29.45	30.31	29.05	30.25	2818500
20210520	30.44	31.65	30.32	31.55	4303800
20210521	31.78	31.87	31.02	31.16	2401300
20210524	31.13	31.62	30.93	31.33	1546400
20210525	31.27	31.75	31.20	31.26	1594100
20210526	31.42	32.04	31.17	31.96	2014000
20210527	31.90	32.14	31.83	31.94	1527700
20210528	31.99	32.37	31.94	32.16	1572800
20210601	32.02	32.54	31.92	32.03	1826900
20210602	32.28	32.28	31.53	31.89	3280500
20210603	31.80	32.06	31.54	31.69	1429000
20210604	31.97	31.97	31.23	31.33	1514700
20210607	31.32	31.98	31.27	31.62	2276200
20210608	31.87	31.96	30.70	31.28	2298400
20210609	31.31	31.70	31.15	31.25	1587600
20210610	31.29	31.77	31.16	31.56	1345300
20210611	31.54	31.86	31.53	31.82	1337800
20210614	31.84	32.08	31.33	31.53	1466400
20210615	31.52	31.59	30.55	30.89	2666900
20210616	30.87	30.90	29.74	29.91	3292400
20210617	29.80	30.21	29.27	29.79	1683300
20210618	29.42	29.54	28.97	29.31	3537600
20210621	29.25	29.38	29.01	29.34	2484400
20210622	29.40	29.47	28.91	29.22	1315800
20210623	29.25	29.47	29.08	29.08	1401600
20210624	29.38	29.78	29.24	29.71	1552100
20210625	29.84	30.19	29.74	29.90	1022800
20210628	30.03	30.05	29.19	29.45	1883400
20210629	29.48	29.66	29.11	29.20	1527000
20210630	29.10	29.52	29.08	29.32	2480000
20210701	29.53	30.27	29.40	30.06	1904200
20210702	30.11	30.30	29.70	29.89	962000
20210706	29.85	29.86	29.26	29.67	1233600
20210707	29.67	29.71	28.65	29.04	1743700
20210708	28.50	28.88	28.17	28.75	1659200
20210709	28.99	29.46	28.88	29.28	1091200
20210712	29.27	29.88	29.22	29.60	978200
20210713	29.48	29.67	29.18	29.37	1048800
20210714	29.52	29.62	28.86	28.96	1334300
20210715	28.71	28.86	28.00	28.45	1911600
20210716	28.41	28.46	27.53	27.61	2051200
20210719	27.11	27.39	26.72	27.15	3154900
20210720	27.31	28.50	27.22	28.38	1697500
20210721	28.72	29.09	28.60	29.03	1217900
20210722	28.92	29.03	28.29	28.59	821700
20210723	28.81	28.82	28.28	28.60	1907300
20210726	28.51	28.97	28.40	28.63	643400
20210727	28.43	28.56	28.04	28.10	924200
20210728	28.38	29.82	28.22	29.54	1942400
20210729	29.70	29.93	29.43	29.59	1274000
20210730	29.59	29.64	29.10	29.25	1444800
20210802	29.59	30.01	29.47	29.65	2579800
20210803	28.47	28.59	26.10	26.44	12058700
20210804	26.24	26.55	24.91	25.04	7619000
20210805	25.29	26.02	24.96	25.93	3365800
20210806	25.88	26.88	25.65	26.67	2796800
20210809	27.05	27.55	26.51	27.49	5455000
20210810	27.65	27.68	27.00	27.06	2298400
20210811	26.96	27.14	26.50	26.86	2412700
20210812	26.87	27.23	26.47	27.14	3023700
20210813	27.36	27.62	27.12	27.56	2921000
20210816	27.40	27.65	27.12	27.53	2855300
20210817	27.32	27.64	26.72	27.59	2907700
20210818	27.64	28.72	27.40	28.18	2279800
20210819	27.84	28.02	27.32	27.90	2112900
20210820	27.91	28.39	27.70	27.96	1804400
20210823	28.26	28.43	27.94	28.23	2158900
20210824	28.24	28.82	28.11	28.66	1733300
20210825	28.60	28.87	28.35	28.85	1420200
20210826	28.81	28.97	28.03	28.10	1708200
20210827	28.03	28.99	27.92	28.95	1901700
20210830	29.00	29.27	28.74	29.12	1657800
20210831	28.94	29.50	28.87	29.13	1425400
20210901	29.23	29.27	28.65	28.85	3072000
20210902	28.85	29.53	28.75	29.44	1269300
20210903	29.39	29.59	29.20	29.33	1314700
20210907	29.10	29.39	28.84	29.23	1801400
20210908	29.14	29.26	28.40	28.50	2045900
20210909	28.24	28.75	28.13	28.62	1756400
20210910	28.81	29.02	28.33	28.45	1484800
20210913	28.69	29.31	28.50	29.19	3180100
20210914	29.24	29.34	28.60	28.66	2560500
20210915	28.59	28.66	28.11	28.16	1503900
20210916	28.06	28.12	27.29	27.55	1755800
20210917	27.36	27.59	27.09	27.27	2658400
20210920	26.64	26.78	25.82	26.11	3425000
20210921	27.36	28.50	27.25	28.21	5065100
20210922	28.39	28.81	28.19	28.39	1769900
20210923	28.63	29.59	28.45	29.47	3245900
20210924	29.17	29.46	28.62	28.86	1945900
20210927	28.89	29.07	28.67	28.71	1021300
20210928	28.49	28.78	28.06	28.31	1172200
20210929	28.47	28.47	27.87	28.14	861000
20210930	28.03	28.20	27.57	27.85	1299700
20211001	27.94	28.62	27.64	28.60	1592900
20211004	28.59	28.59	27.83	27.99	1245400
20211005	28.00	28.55	28.00	28.11	1092700
20211006	27.51	27.82	27.32	27.59	1664400
20211007	27.93	28.38	27.75	27.93	1264400
20211008	27.93	28.14	27.81	27.85	768600
20211011	27.85	28.18	27.66	27.78	768500
20211012	27.76	28.04	27.63	27.86	832000
20211013	28.00	28.14	27.62	27.89	753600
20211014	28.18	28.55	28.09	28.43	1248500
20211015	28.66	28.80	28.48	28.49	774300
20211018	28.23	28.28	27.77	28.07	1000700
20211019	28.13	28.61	28.03	28.48	843100
20211020	28.50	28.93	28.48	28.70	776100
20211021	28.65	28.85	28.43	28.59	1045700
20211022	28.79	28.81	28.42	28.72	1157900
20211025	28.75	29.31	28.74	29.01	1368600
20211026	28.89	29.23	28.52	28.53	1058900
20211027	28.50	28.56	27.75	27.76	1546700
20211028	27.85	27.98	27.42	27.60	2591000
20211029	27.50	28.21	27.43	28.08	3105500
20211101	28.25	29.12	28.18	28.53	4325600
20211102	27.21	28.00	25.66	25.87	10152800
20211103	25.98	27.28	25.85	27.25	3464800
20211104	27.35	27.53	26.43	27.07	4566400
20211105	27.15	28.02	27.04	27.98	3428100
20211108	28.00	28.47	27.84	28.24	2877200
20211109	28.20	28.20	27.38	27.54	1445200
20211110	27.36	27.84	27.02	27.02	1650300
20211111	27.08	27.33	26.78	26.79	1578400
20211112	26.92	26.94	26.44	26.44	1210500
20211115	26.59	27.02	26.46	26.84	1943300
20211116	26.85	26.92	26.44	26.57	2282600
20211117	26.32	26.52	26.12	26.15	1622200
20211118	26.20	26.53	25.77	26.18	1515400
20211119	26.18	26.24	25.75	26.01	2413500
20211122	26.03	26.07	25.54	25.54	2086800
20211123	25.59	26.05	25.56	26.03	5917700
20211124	25.92	26.23	25.80	26.11	1280200
20211126	25.39	25.51	24.75	25.25	2402500
20211129	25.51	25.57	24.66	24.95	3104500
20211130	24.68	24.79	23.71	23.84	3517800
20211201	24.29	24.47	22.99	23.00	3324200
20211202	23.20	23.59	23.02	23.46	3404100
20211203	23.89	24.29	23.17	23.73	2997700
20211206	23.91	24.86	23.65	24.34	2732700
20211207	24.68	25.51	24.68	25.19	2333500
20211208	25.19	25.48	24.95	25.40	1130000
20211209	25.29	25.36	24.61	24.76	1725800
20211210	24.91	24.94	24.19	24.38	1466800
20211213	24.30	24.49	23.94	24.11	2589700
20211214	24.13	25.17	24.04	24.49	5017700
20211215	24.63	25.19	24.44	25.06	5632800
20211216	25.33	25.41	24.68	24.72	3136100
20211217	24.47	25.01	24.09	24.85	1843500
20211220	24.52	25.82	24.25	25.70	7583600
20211221	26.32	26.95	26.07	26.84	5696200
20211222	26.80	27.81	26.66	27.60	3282600
20211223	27.71	28.19	27.55	27.99	5398800
20211227	27.98	28.23	27.71	28.15	2050900
20211228	28.00	28.35	27.87	28.18	2057600
20211229	28.17	28.30	27.90	27.93	1569700
20211230	27.91	28.16	27.52	27.53	1461100
20211231	27.50	27.95	27.41	27.61	1375300
20220103	27.94	27.95	27.31	27.79	1833400
20220104	27.89	28.03	27.27	27.62	2737800
20220105	27.64	28.08	26.77	27.01	8981400
20220106	27.35	27.43	26.26	26.72	3991600
20220107	26.74	27.23	26.58	27.02	3272700
20220110	26.99	27.04	25.90	26.38	3583600
20220111	26.51	27.90	25.92	27.76	12505500
20220112	27.75	27.80	26.79	27.34	5064500
20220113	27.32	27.63	26.72	26.75	3234500
20220114	26.84	27.50	26.43	27.08	4557700
20220118	26.62	27.23	26.24	26.60	5966900
20220119	26.66	26.88	25.56	25.58	4572200
20220120	25.67	25.72	24.90	24.92	5125600
20220121	24.74	25.57	24.62	25.06	7525600
20220124	24.62	24.70	23.35	24.62	6119800
20220125	24.32	24.73	23.66	24.32	4282200
20220126	24.53	24.85	23.56	23.84	3503500
20220127	24.00	24.46	23.26	23.27	2870200
20220128	23.17	24.15	22.30	24.14	7930600
20220131	24.06	24.95	23.81	24.57	4871400
20220201	24.50	25.23	24.16	25.05	6223800
20220202	25.00	25.23	24.58	25.13	1986200
20220203	24.98	25.10	24.62	24.71	3567100
20220204	24.36	24.65	24.15	24.52	2203900
20220207	24.50	24.69	24.06	24.39	2299600
20220208	24.33	24.85	24.23	24.78	2092600
20220209	25.16	26.22	25.16	25.93	6193500
20220210	25.61	26.39	25.52	25.67	2915600
20220211	25.58	25.99	25.03	25.13	2228600
20220214	25.01	25.39	24.72	24.74	1691700
20220215	25.02	25.57	25.02	25.53	1735700
20220216	25.50	25.83	25.37	25.46	2523300
20220217	25.28	25.34	24.68	24.70	1919100
20220218	24.65	24.82	23.91	23.93	3626500
20220222	23.73	23.94	23.32	23.61	4731200
20220223	22.81	23.79	22.49	22.91	10181800
