20170103	36.83	37.15	36.35	36.98	1485500
20170104	36.91	37.75	36.15	37.67	1600900
20170105	37.60	37.95	37.09	37.63	1775400
20170106	37.82	38.18	37.40	37.93	1789300
20170109	37.83	38.14	37.40	37.67	1550900
20170110	37.81	38.22	37.43	37.63	2786900
20170111	37.49	37.55	36.39	37.03	4441000
20170112	37.05	37.27	36.29	36.91	2436100
20170113	36.99	37.37	36.96	37.19	1298800
20170117	37.03	37.18	36.59	36.72	1600700
20170118	36.90	36.90	36.56	36.71	2023600
20170119	36.84	36.90	36.57	36.75	1787900
20170120	36.83	36.95	36.47	36.79	1804400
20170123	36.80	37.03	36.27	36.46	1602000
20170124	36.72	37.41	36.71	37.31	2147200
20170125	37.61	38.13	37.61	38.12	911700
20170126	37.95	38.24	37.56	37.64	1238300
20170127	37.65	37.78	37.10	37.29	967100
20170130	37.40	37.51	36.81	37.43	1702100
20170131	37.31	37.71	36.98	37.68	1809000
20170201	37.98	38.30	37.55	37.87	1224600
20170202	37.85	38.09	37.17	37.35	1838100
20170203	37.56	37.73	37.34	37.47	1024100
20170206	37.16	37.46	37.10	37.44	863900
20170207	37.37	37.37	36.64	37.01	1678400
20170208	37.05	37.47	36.78	37.34	1994300
20170209	36.92	38.13	36.92	37.52	2560200
20170210	37.74	38.44	37.66	38.42	2099900
20170213	38.46	38.93	38.20	38.46	2286000
20170214	38.52	38.68	37.95	38.30	1693500
20170215	38.30	38.81	37.94	38.68	1532300
20170216	38.70	38.99	38.01	38.19	1359400
20170217	37.81	39.11	37.53	39.11	2272100
20170221	39.34	39.98	38.97	39.34	2429400
20170222	39.31	39.56	39.13	39.47	1382800
20170223	39.58	39.76	39.09	39.20	1473000
20170224	38.76	38.81	38.05	38.33	2535700
20170227	38.40	39.33	38.29	39.31	1860900
20170228	39.07	39.41	38.95	39.07	1762300
20170301	39.72	40.22	39.58	39.81	2102000
20170302	39.83	40.18	39.76	39.95	2023200
20170303	39.94	40.01	39.54	39.78	2011800
20170306	39.27	39.36	38.72	38.80	1722200
20170307	38.73	38.89	38.34	38.61	1983300
20170308	38.64	38.97	38.51	38.84	1505100
20170309	38.89	38.89	38.32	38.49	1567000
20170310	38.83	39.04	38.47	38.70	1677600
20170313	38.89	39.51	38.79	39.46	1714300
20170314	39.17	39.93	39.11	39.84	1675100
20170315	40.02	40.96	39.89	40.70	1823600
20170316	40.80	40.97	40.36	40.42	1361400
20170317	40.34	40.34	39.36	39.60	2131200
20170320	39.63	39.75	39.26	39.42	1190500
20170321	39.61	39.61	37.77	37.82	1855400
20170322	37.91	38.65	37.42	38.41	2907000
20170323	38.26	38.33	37.83	38.16	1908800
20170324	38.28	38.44	37.97	38.23	1508400
20170327	37.63	38.19	37.42	38.15	1540000
20170328	38.17	38.84	38.03	38.66	2620500
20170329	38.68	39.16	38.62	38.83	1049800
20170330	38.79	38.93	38.57	38.86	754300
20170331	38.76	39.00	38.64	38.70	1642000
20170403	38.85	38.85	36.51	37.36	3897000
20170404	37.13	37.22	35.69	35.83	4108200
20170405	36.13	36.21	35.32	35.36	3229600
20170406	35.33	35.51	34.88	35.18	3004800
20170407	35.00	35.39	34.76	35.22	1891300
20170410	35.21	35.41	34.91	35.19	1779700
20170411	35.15	35.45	34.86	35.42	2691800
20170412	35.39	35.88	35.26	35.74	2784300
20170413	35.55	36.04	35.20	35.20	1509600
20170417	35.36	35.89	35.23	35.88	1209200
20170418	35.56	36.14	35.56	35.98	1626100
20170419	36.27	37.04	36.24	36.72	2170500
20170420	37.04	37.64	37.02	37.13	2346300
20170421	37.04	37.18	36.46	36.59	1701700
20170424	37.24	37.54	37.02	37.46	1536700
20170425	37.63	38.04	37.43	37.82	1391300
20170426	37.88	38.46	37.71	38.02	1890700
20170427	39.32	39.59	37.42	39.02	2722300
20170428	39.13	39.20	38.76	39.15	2095900
20170501	39.45	40.18	39.26	39.63	2334600
20170502	39.49	39.75	37.70	37.86	3502200
20170503	37.31	38.12	37.19	37.97	2460400
20170504	38.01	38.33	37.73	38.27	1716500
20170505	38.52	38.66	38.15	38.64	1376300
20170508	38.64	38.89	38.34	38.53	2136100
20170509	38.63	38.98	38.59	38.80	1721900
20170510	38.77	39.09	38.65	39.02	1782500
20170511	38.98	39.05	38.39	38.74	1182700
20170512	38.56	38.80	38.45	38.57	1428800
20170515	38.66	39.06	38.64	38.91	1242100
20170516	39.22	39.24	38.66	39.09	1227300
20170517	39.09	39.09	36.94	36.99	2474000
20170518	36.96	37.38	36.86	37.16	1126700
20170519	37.32	37.83	37.32	37.41	1162200
20170522	37.78	38.38	37.51	38.31	1528300
20170523	38.50	38.51	37.61	37.80	1325500
20170524	37.92	38.09	37.68	38.01	845200
20170525	38.20	38.26	37.06	37.44	1827000
20170526	37.41	38.14	37.41	37.96	976700
20170530	38.28	39.40	37.94	39.20	3181700
20170531	39.39	39.54	38.34	39.50	3022600
20170601	40.13	41.86	39.77	41.22	4323700
20170602	41.12	41.66	40.77	41.14	2222100
20170605	41.14	41.30	40.90	41.17	1031500
20170606	40.91	41.03	40.53	40.81	1241900
20170607	40.86	40.97	40.32	40.63	1711600
20170608	40.63	40.63	39.29	39.43	2472200
20170609	39.36	40.17	38.99	39.92	3003400
20170612	39.93	40.80	39.92	40.57	1703700
20170613	40.75	41.03	40.36	40.82	1154800
20170614	40.81	40.92	40.00	40.18	1560100
20170615	39.73	40.27	39.61	40.25	1184900
20170616	40.16	40.16	37.56	38.09	3978900
20170619	38.20	38.57	38.14	38.41	1854100
20170620	38.18	38.30	37.72	37.85	1521400
20170621	38.16	38.24	37.61	38.13	1440500
20170622	37.87	38.11	37.49	37.97	1006700
20170623	37.94	38.33	37.73	38.28	2708600
20170626	38.32	39.07	38.27	38.92	1874700
20170627	38.92	38.92	37.17	38.16	2059200
20170628	38.52	38.73	38.26	38.26	2411800
20170629	38.47	38.76	37.92	38.32	1751000
20170630	38.72	39.56	38.41	39.36	2625300
20170703	39.77	40.87	39.73	40.12	1325700
20170705	40.05	40.27	39.10	40.12	2274000
20170706	40.07	40.29	39.75	39.96	1867300
20170707	39.82	41.13	39.67	40.97	2935200
20170710	41.09	41.95	40.95	41.89	3684500
20170711	41.91	42.64	41.77	42.31	2178400
20170712	42.56	42.96	42.15	42.38	2316800
20170713	42.35	43.16	42.28	42.93	2162500
20170714	42.99	43.15	42.67	42.99	1417700
20170717	43.26	43.36	42.76	42.95	1468900
20170718	42.92	43.07	42.48	42.92	1247100
20170719	43.14	43.48	42.93	43.45	1231000
20170720	43.66	43.67	42.97	43.01	1949700
20170721	42.56	42.56	41.43	41.74	2795200
20170724	41.71	41.98	41.44	41.56	2209000
20170725	42.05	42.83	41.69	42.60	1899200
20170726	42.55	43.12	42.38	42.61	3610800
20170727	44.28	44.63	43.14	43.69	3918600
20170728	43.67	43.83	43.14	43.59	2561200
20170731	43.87	44.17	43.04	43.43	1255000
20170801	43.42	43.67	41.80	42.59	2905700
20170802	42.17	42.95	42.17	42.88	2053500
20170803	42.74	43.45	42.58	42.63	2074100
20170804	42.94	43.53	42.65	43.38	3179100
20170807	43.40	43.60	43.01	43.21	2177100
20170808	43.22	44.09	43.21	43.65	2162600
20170809	43.32	43.76	43.00	43.24	1511800
20170810	43.05	43.09	41.69	41.72	2026100
20170811	41.66	42.02	41.40	41.50	1405000
20170814	41.93	42.22	41.65	41.97	2086100
20170815	42.10	42.35	42.00	42.05	1435600
20170816	42.33	42.61	42.01	42.15	937100
20170817	41.97	42.13	41.42	41.45	1139500
20170818	41.32	41.57	41.09	41.20	1933900
20170821	41.18	41.53	40.97	41.46	1336900
20170822	41.72	41.97	41.60	41.75	2027500
20170823	41.46	41.91	41.44	41.55	1425100
20170824	41.77	41.87	41.07	41.21	2161400
20170825	41.59	41.60	41.01	41.03	1176900
20170828	41.06	41.22	40.76	41.12	1123300
20170829	40.80	41.39	40.72	41.23	1589600
20170830	41.30	41.74	41.22	41.74	5686100
20170831	41.97	43.44	41.97	43.26	2473100
20170901	43.50	44.03	43.34	43.50	1363400
20170905	43.42	43.49	42.57	42.84	1496500
20170906	43.12	43.35	42.59	43.27	1458800
20170907	43.34	43.47	42.78	42.95	1428900
20170908	42.85	43.22	42.66	43.07	903400
20170911	43.35	43.98	43.17	43.80	1367700
20170912	43.87	44.43	43.70	44.32	1077600
20170913	44.28	44.63	43.87	44.41	1298300
20170914	44.39	45.01	44.39	45.00	1473900
20170915	44.89	45.68	44.87	45.45	2096400
20170918	45.58	45.86	45.27	45.84	1560200
20170919	45.86	45.91	45.23	45.76	1415000
20170920	45.86	46.16	45.66	46.11	1296000
20170921	46.07	46.27	45.72	46.23	1638800
20170922	46.21	46.78	46.21	46.57	1192900
20170925	46.62	47.08	46.60	47.07	1402900
20170926	47.18	47.65	46.86	47.40	1214300
20170927	47.68	47.76	46.76	47.04	1613300
20170928	46.96	47.38	46.30	46.88	2213600
20170929	46.86	48.05	46.58	47.76	2883900
20171002	47.69	48.47	47.51	48.33	2264700
20171003	48.82	49.13	48.27	48.30	1879100
20171004	48.30	48.96	48.30	48.89	1391900
20171005	48.97	48.97	48.43	48.53	1331300
20171006	48.40	48.58	48.18	48.35	1384100
20171009	48.47	48.61	48.20	48.47	525200
20171010	48.56	48.80	48.19	48.46	1040100
20171011	48.47	48.62	47.98	48.48	838200
20171012	47.78	48.01	46.87	47.47	2549900
20171013	47.84	48.21	47.52	47.66	1074100
20171016	47.95	48.66	47.66	48.63	1876400
20171017	48.58	48.79	48.34	48.49	1067000
20171018	48.61	49.19	48.59	48.84	1133100
20171019	48.60	48.60	48.04	48.52	745700
20171020	48.90	49.03	48.59	48.66	1504700
20171023	48.62	49.02	48.58	48.59	1563900
20171024	49.07	49.67	48.97	49.17	1416400
20171025	48.93	49.10	47.72	48.16	2322300
20171026	48.16	50.19	48.10	49.75	2553300
20171027	49.72	49.90	48.29	49.28	1291200
20171030	49.14	49.22	48.44	48.84	1491100
20171031	49.13	49.36	48.98	49.14	1083400
20171101	49.77	49.85	49.05	49.13	986100
20171102	49.24	49.56	49.06	49.31	1474000
20171103	49.43	49.92	49.22	49.38	1731700
20171106	49.44	49.51	48.70	49.07	969500
20171107	49.14	49.40	48.65	48.85	1089800
20171108	48.65	48.80	47.97	48.65	1157700
20171109	48.19	48.59	47.97	48.57	1454400
20171110	48.34	48.86	48.32	48.54	928200
20171113	48.26	48.72	48.08	48.50	923000
20171114	48.33	48.83	48.15	48.54	1448900
20171115	48.11	48.47	47.77	48.17	1063600
20171116	48.40	48.63	48.06	48.51	1130400
20171117	48.22	48.61	48.04	48.42	1875900
20171120	48.63	49.21	48.63	48.80	1366400
20171121	49.08	49.31	48.81	49.08	2770600
20171122	49.25	49.39	49.00	49.30	1327500
20171124	49.32	49.45	49.14	49.29	412100
20171127	49.36	49.58	49.14	49.45	1309000
20171128	49.66	50.66	49.63	50.61	973700
20171129	50.71	51.29	50.62	51.14	1183700
20171130	51.44	52.23	51.33	52.06	1999800
20171201	52.20	52.20	50.27	51.44	1376200
20171204	51.78	52.06	50.68	50.72	1363200
20171205	50.89	50.93	50.18	50.85	1895000
20171206	50.54	50.81	49.47	49.61	1721400
20171207	49.80	50.21	49.55	50.19	946100
20171208	50.42	50.43	49.79	50.27	1044200
20171211	50.35	50.40	49.74	50.08	1392300
20171212	50.14	50.26	49.73	49.91	1368300
20171213	50.05	50.16	48.90	48.92	1208300
20171214	48.89	49.16	48.18	48.19	1566400
20171215	48.34	48.57	47.88	48.18	2531900
20171218	48.87	49.34	48.62	48.80	1371400
20171219	48.80	48.93	48.56	48.81	2868500
20171220	49.19	49.75	49.00	49.62	1661400
20171221	49.87	49.95	48.51	48.62	1293900
20171222	48.72	48.83	48.11	48.35	748600
20171226	48.29	48.47	48.00	48.15	420100
20171227	48.12	48.32	48.01	48.22	612000
20171228	48.32	48.74	48.10	48.72	653400
20171229	48.91	49.02	47.76	47.77	803200
20180102	48.04	48.46	47.77	48.42	1186900
20180103	48.50	48.74	48.28	48.66	1182300
20180104	48.99	50.53	48.95	50.24	1694200
20180105	50.59	51.77	50.53	51.70	2202100
20180108	51.80	52.12	51.44	51.73	1868700
20180109	51.98	52.60	51.79	52.12	1444700
20180110	51.94	52.06	50.64	50.97	1196400
20180111	51.02	52.35	50.98	52.28	1191500
20180112	52.49	54.13	52.49	53.51	2347000
20180116	53.77	53.94	52.53	52.66	1635500
20180117	53.07	54.44	52.01	54.15	2015800
20180118	54.23	54.38	53.21	53.40	1272600
20180119	53.51	53.68	53.13	53.24	959200
20180122	53.43	53.49	51.99	52.81	1509500
20180123	52.88	52.93	52.00	52.47	1180300
20180124	52.87	53.65	52.61	53.06	1277600
20180125	53.36	53.44	52.38	52.61	1104000
20180126	53.00	53.45	52.77	53.45	1141900
20180129	53.26	53.98	53.12	53.13	1045900
20180130	52.91	53.48	52.67	53.04	940200
20180131	53.38	53.68	52.40	52.61	1104200
20180201	52.11	52.94	51.63	52.73	1014600
20180202	52.28	52.60	50.85	50.93	1234700
20180205	50.65	51.21	48.95	48.95	2196600
20180206	47.99	50.99	47.45	50.64	2706100
20180207	50.42	52.16	49.62	51.43	2417600
20180208	50.77	50.93	48.49	48.57	3527400
20180209	49.64	50.08	47.13	49.19	2343800
20180212	49.78	50.32	49.31	49.53	1709500
20180213	49.09	49.72	48.46	48.91	1487100
20180214	48.46	50.19	48.42	50.02	1504700
20180215	50.48	50.55	48.97	49.25	1774200
20180216	49.19	49.62	48.70	48.83	1363400
20180220	48.62	49.60	48.04	48.87	1316800
20180221	48.93	49.39	48.48	48.71	1744900
20180222	48.87	49.23	48.56	48.85	1448700
20180223	49.21	49.21	48.45	48.92	1000800
20180226	49.11	49.14	48.07	48.54	2139300
20180227	48.67	48.74	46.84	46.84	1988900
20180228	47.02	47.12	46.05	46.05	2191600
20180301	46.08	46.42	44.85	45.34	2850400
20180302	44.86	45.32	44.31	45.05	1794700
20180305	44.83	45.94	44.49	45.71	1655600
20180306	45.97	46.13	45.30	45.85	1010500
20180307	45.38	46.05	45.31	45.83	1003800
20180308	45.98	46.91	45.69	46.77	1550100
20180309	47.10	48.40	46.91	48.38	1664100
20180312	48.46	48.74	47.64	47.64	1186300
20180313	47.79	48.47	47.58	47.69	1125400
20180314	48.33	48.59	47.36	47.47	1217200
20180315	47.56	47.96	47.23	47.55	864100
20180316	47.50	48.35	47.36	48.26	1990300
20180319	48.05	48.05	46.89	47.46	1084300
20180320	47.59	47.59	46.75	46.99	1228100
20180321	47.12	48.40	46.88	47.93	900100
20180322	47.88	49.20	46.75	46.76	2400000
20180323	46.82	46.96	45.51	45.61	1427700
20180326	46.39	47.31	46.08	47.20	1228700
20180327	47.48	47.48	45.83	46.16	775300
20180328	45.96	46.36	45.39	45.65	1139300
20180329	46.07	47.50	46.01	47.13	1608500
20180402	47.01	47.16	45.20	45.82	1306000
20180403	46.34	47.52	46.16	47.26	1949400
20180404	46.21	48.54	46.19	48.42	1653700
20180405	48.71	49.40	48.52	49.23	1450900
20180406	48.85	49.46	47.75	48.10	1175900
20180409	48.47	48.93	47.94	48.39	1356400
20180410	49.27	50.08	49.03	49.74	1134300
20180411	49.38	50.33	49.38	49.92	1433500
20180412	50.37	50.75	50.11	50.26	1250200
20180413	50.68	50.68	49.44	49.60	1169700
20180416	50.25	50.73	49.74	50.48	1039400
20180417	50.91	50.98	50.35	50.55	1121400
20180418	50.93	50.99	50.40	50.58	1124300
20180419	50.50	50.60	49.13	49.42	1015800
20180420	49.46	49.77	49.04	49.50	1150200
20180423	49.52	50.03	49.49	49.77	811800
20180424	50.07	50.32	48.62	49.11	1245200
20180425	48.98	50.01	48.50	49.64	1754100
20180426	49.68	49.71	47.51	48.61	2296400
20180427	48.37	48.65	46.27	46.56	2753400
20180430	46.60	46.97	45.90	45.92	2278700
20180501	45.90	46.38	44.92	45.54	3218000
20180502	45.72	46.48	45.37	45.45	1926600
20180503	45.18	45.39	44.07	44.89	1934400
20180504	44.77	46.24	44.45	46.10	866100
20180507	46.11	46.36	45.75	46.15	1550800
20180508	46.13	46.60	46.13	46.57	1246400
20180509	46.78	47.02	46.13	46.85	1447300
20180510	47.14	47.64	46.79	47.36	894900
20180511	47.52	47.83	47.34	47.49	897800
20180514	47.72	48.16	47.63	47.83	1129400
20180515	47.66	48.05	47.34	47.62	1200500
20180516	47.51	48.88	47.50	48.62	1357700
20180517	48.58	49.38	48.55	49.16	1040000
20180518	49.07	49.25	48.46	48.71	772800
20180521	49.14	49.49	49.01	49.10	563700
20180522	49.51	49.99	49.16	49.42	1165300
20180523	49.15	49.31	48.42	48.95	952600
20180524	48.70	48.90	48.24	48.37	1175300
20180525	48.24	48.67	47.96	48.28	1123400
20180529	47.64	47.72	45.22	45.49	3161700
20180530	45.87	46.52	45.59	46.42	1291400
20180531	46.78	46.83	45.76	45.93	1896900
20180601	46.41	47.06	46.17	47.03	993100
20180604	47.26	47.45	47.07	47.41	655200
20180605	47.39	47.59	46.93	47.49	1202100
20180606	47.68	47.82	46.91	47.80	1004900
20180607	47.84	48.02	47.06	47.26	2055400
20180608	47.28	47.48	46.89	47.09	1409300
20180611	47.08	47.73	47.02	47.34	1920800
20180612	47.44	47.68	46.13	46.24	2720500
20180613	46.16	46.24	45.28	45.56	2053800
20180614	45.90	46.17	45.56	45.96	1554200
20180615	45.81	45.84	44.84	45.41	1914100
20180618	44.94	45.34	44.70	45.17	1551800
20180619	44.72	44.72	43.83	44.37	2641000
20180620	44.82	44.82	43.96	44.16	1929800
20180621	43.86	43.98	43.22	43.25	2259800
20180622	43.58	43.77	42.29	42.45	3166600
20180625	42.89	43.12	41.87	42.54	2062300
20180626	42.57	42.66	42.10	42.33	2317300
20180627	42.47	43.06	41.98	42.01	1547500
20180628	41.95	42.04	40.54	41.17	1971600
20180629	41.37	41.60	40.63	40.63	1489100
20180702	40.11	41.21	39.60	41.19	2270600
20180703	41.34	41.60	40.72	40.87	1226500
20180705	41.28	42.24	41.28	41.65	2664500
20180706	41.76	42.13	41.46	41.98	1712800
20180709	42.38	43.43	42.36	43.38	2029700
20180710	43.47	43.69	43.21	43.56	1248700
20180711	42.89	43.02	41.97	42.01	1388700
20180712	42.32	42.52	41.65	41.90	1356000
20180713	41.93	42.60	41.78	42.44	1132800
20180716	42.40	42.51	42.12	42.24	1548600
20180717	42.08	43.18	42.02	43.00	1273000
20180718	43.17	43.96	43.01	43.31	1836000
20180719	42.92	43.27	42.34	42.40	1390400
20180720	41.84	42.21	41.19	41.76	1748800
20180723	41.66	42.09	41.35	41.92	3089700
20180724	42.32	43.02	41.62	41.83	2299800
20180725	41.09	41.97	39.78	41.44	3384100
20180726	41.46	43.10	40.92	41.87	3275300
20180727	42.21	43.40	42.01	43.12	1680300
20180730	43.25	43.64	42.81	42.89	2598800
20180731	43.06	43.53	42.93	43.33	2568100
20180801	43.05	43.18	41.23	41.59	2440600
20180802	41.29	42.08	40.84	42.03	1231300
20180803	42.25	42.69	42.10	42.66	1117700
20180806	42.47	43.09	42.40	42.94	1405800
20180807	43.07	43.82	43.05	43.65	1713100
20180808	43.31	43.41	42.28	42.88	1824700
20180809	42.92	42.96	42.22	42.37	1492100
20180810	41.94	42.08	40.93	41.37	1313800
20180813	41.41	41.61	41.07	41.34	1720000
20180814	41.44	41.81	41.09	41.68	1733200
20180815	41.52	41.56	41.03	41.44	1435700
20180816	41.71	42.23	41.71	41.93	1436200
20180817	41.74	42.72	41.71	42.63	1305100
20180820	42.77	43.39	42.71	43.21	1385300
20180821	43.21	43.71	43.04	43.26	3023900
20180822	42.56	42.82	41.49	41.74	2247600
20180823	41.66	41.66	41.02	41.29	1879700
20180824	41.63	41.81	41.32	41.81	1691900
20180827	42.04	43.53	41.93	43.22	2354600
20180828	43.64	43.72	43.17	43.49	1659400
20180829	43.54	43.69	42.54	42.56	1564600
20180830	42.53	42.58	41.83	41.91	1563300
20180831	41.80	41.95	41.13	41.37	1710800
20180904	41.39	41.41	40.86	41.40	1982700
20180905	41.35	42.00	40.92	41.85	1463500
20180906	41.88	42.19	41.55	41.75	1778000
20180907	41.66	41.95	40.99	41.27	2060500
20180910	41.62	42.29	41.54	41.85	1953900
20180911	41.64	41.64	40.67	40.84	1869000
20180912	40.71	41.47	40.48	41.32	1215500
20180913	41.68	42.20	41.63	41.90	1318500
20180914	41.97	42.68	41.90	42.41	1575800
20180917	42.39	42.57	41.69	41.73	2113600
20180918	41.09	41.84	39.80	40.62	5559100
20180919	41.02	43.54	41.02	42.65	4847800
20180920	42.84	44.39	42.81	43.27	2792900
20180921	43.59	43.82	42.65	42.78	5621700
20180924	42.37	42.53	41.59	42.08	3033200
20180925	41.61	41.88	40.89	41.06	2175200
20180926	41.09	41.56	40.91	41.00	1361400
20180927	40.90	40.90	40.36	40.42	1449500
20180928	40.14	40.60	39.65	40.43	1372900
20181001	41.30	41.30	40.22	40.26	1871800
20181002	40.72	41.09	40.32	40.85	1844400
20181003	41.05	41.57	40.68	41.26	2749900
20181004	41.39	41.39	40.09	40.60	2580700
20181005	40.31	40.31	39.25	39.41	2361900
20181008	39.12	40.00	39.07	39.92	2021600
20181009	39.75	39.82	38.51	38.65	2632500
20181010	38.34	38.34	36.44	36.46	4815500
20181011	36.45	37.45	35.76	35.79	3200800
20181012	36.40	36.67	35.32	35.77	3370800
20181015	35.71	36.34	35.57	35.79	2092700
20181016	36.33	36.36	35.70	36.19	2477600
20181017	35.92	36.12	35.34	35.82	2228200
20181018	35.54	35.98	34.82	34.88	3564700
20181019	34.20	34.99	33.85	34.67	2347700
20181022	34.92	35.07	34.40	34.61	1904500
20181023	34.17	35.83	33.75	35.51	3583400
20181024	35.25	35.33	33.78	33.83	3118000
20181025	34.88	36.30	34.00	35.65	3666400
20181026	35.01	36.74	34.35	35.96	3335100
20181029	37.48	38.98	36.83	37.39	5594400
20181030	37.36	37.71	36.32	36.76	3063600
20181031	37.56	37.93	37.05	37.25	3092200
20181101	37.59	38.88	37.27	38.79	2996900
20181102	39.04	39.34	37.93	38.16	2407400
20181105	38.03	38.40	37.10	37.22	2364600
20181106	37.17	37.88	37.17	37.79	2013600
20181107	37.97	38.17	37.02	38.01	1961200
20181108	37.81	38.39	37.74	37.94	1932800
20181109	37.43	37.47	36.34	36.66	1962800
20181112	36.57	36.85	35.74	35.82	1865500
20181113	36.06	36.75	35.72	35.77	2160000
20181114	36.11	37.37	36.11	37.03	2396200
20181115	36.66	37.93	35.91	37.60	2027100
20181116	37.41	38.03	37.15	37.60	2416000
20181119	37.51	37.89	37.10	37.25	1103000
20181120	36.72	37.19	36.05	36.10	1458700
20181121	36.29	37.50	36.29	37.28	1470600
20181123	37.02	37.78	36.93	37.31	448300
20181126	37.73	38.25	37.59	37.79	1190600
20181127	37.43	37.78	36.51	36.96	1816600
20181128	37.00	37.82	36.29	37.82	1239400
20181129	37.73	37.89	36.97	37.21	1346300
20181130	37.00	37.74	36.96	37.57	2118500
20181203	38.87	39.30	38.30	38.63	2149500
20181204	38.57	38.83	35.53	35.74	2981600
20181206	35.02	35.60	34.42	35.39	2263400
20181207	35.29	36.15	33.75	33.92	1672200
20181210	33.65	33.94	32.82	33.11	2430200
20181211	34.17	34.41	32.99	33.11	1641500
20181212	33.67	33.97	33.31	33.35	1587500
20181213	33.56	33.71	32.60	32.71	2036400
20181214	32.54	33.39	32.49	32.87	1958600
20181217	32.65	33.36	32.03	32.28	2208100
20181218	32.50	33.43	32.42	32.64	2421300
20181219	32.66	33.91	32.00	32.18	1709100
20181220	32.14	32.81	31.60	32.23	2341000
20181221	32.39	33.03	31.93	32.05	4090000
20181224	31.79	32.28	31.06	31.51	761600
20181226	31.72	32.69	30.81	32.65	1616900
20181227	31.95	33.00	31.67	33.00	1354000
20181228	33.05	33.33	32.24	32.76	1577700
20181231	32.82	33.16	32.26	32.98	1228200
20190102	32.32	33.51	32.12	33.35	1297700
20190103	33.16	33.17	32.18	32.34	1569600
20190104	32.88	33.70	32.71	33.55	2524500
20190107	33.71	34.64	33.33	34.43	1613000
20190108	35.23	35.65	34.99	35.51	2043700
20190109	35.87	36.74	35.78	36.73	2423000
20190110	36.42	37.34	36.30	37.29	2298700
20190111	37.34	37.51	36.72	37.21	1698300
20190114	36.97	37.80	36.77	37.39	2202700
20190115	37.53	37.76	36.87	37.49	1056600
20190116	37.46	37.98	37.26	37.62	1695900
20190117	37.62	38.17	37.28	38.04	1418500
20190118	38.25	38.74	37.84	38.56	1585300
20190122	38.19	38.49	37.68	37.99	1527700
20190123	37.94	38.14	36.82	37.18	1137200
20190124	37.30	38.09	37.11	38.07	1658000
20190125	38.70	39.33	38.46	38.90	1508400
20190128	38.42	38.70	38.11	38.52	1183200
20190129	38.29	38.77	38.16	38.35	1033900
20190130	38.39	38.66	37.83	38.42	1898200
20190131	38.32	38.86	38.12	38.82	1741000
20190201	38.76	39.30	38.54	39.12	1771000
20190204	38.81	39.13	38.63	38.90	1672300
20190205	38.81	39.04	38.67	38.86	841500
20190206	38.82	39.23	38.79	39.10	1044000
20190207	38.40	38.69	36.89	37.23	1840000
20190208	36.81	37.14	35.69	36.34	2408500
20190211	36.38	37.14	36.30	36.85	2158500
20190212	37.22	38.32	36.96	38.10	2815200
20190213	38.21	38.45	37.85	38.33	2356300
20190214	35.65	39.70	35.59	38.67	3236300
20190215	39.64	40.51	39.27	39.79	2522200
20190219	39.61	40.10	39.23	39.67	1714800
20190220	39.91	40.03	39.68	39.73	1831300
20190221	39.55	39.86	38.57	38.75	1700300
20190222	39.01	39.65	39.00	39.56	1137000
20190225	39.93	40.27	39.66	39.83	1313100
20190226	39.71	40.08	39.53	39.56	1078100
20190227	39.47	39.74	39.14	39.27	948600
20190228	39.17	39.27	38.46	38.71	1630300
20190301	39.08	39.42	38.48	38.98	1233800
20190304	39.08	39.33	38.52	38.83	1182300
20190305	38.87	38.97	38.54	38.60	1014200
20190306	38.46	38.52	37.68	37.71	1607400
20190307	37.46	37.46	36.58	36.81	1564500
20190308	36.40	36.70	36.19	36.32	1156000
20190311	36.34	37.07	36.18	36.82	1384300
20190312	37.09	37.30	36.71	37.03	1825700
20190313	37.17	37.31	36.79	36.82	998100
20190314	36.85	36.85	35.84	35.88	1112900
20190315	36.12	36.21	35.80	36.04	1705800
20190318	36.20	36.65	35.94	36.64	1234100
20190319	37.01	37.15	36.25	36.37	2109000
20190320	36.24	36.28	35.36	35.49	1770700
20190321	35.43	36.15	35.28	36.01	1149300
20190322	35.58	35.66	34.51	34.54	1228000
20190325	34.52	35.56	34.33	34.72	1431300
20190326	34.86	35.30	34.77	35.07	1203000
20190327	35.22	35.62	34.91	35.38	2138800
20190328	35.45	36.31	35.38	36.04	1919500
20190329	36.40	36.83	36.40	36.61	2053500
20190401	37.32	38.64	37.32	38.62	2288600
20190402	38.64	39.01	38.26	38.80	2158600
20190403	39.46	40.15	39.29	39.68	1795400
20190404	39.82	40.43	39.72	40.38	2505200
20190405	40.36	40.67	40.12	40.17	2071900
20190408	40.05	40.65	40.00	40.62	2811600
20190409	40.37	40.53	39.81	39.86	1278400
20190410	39.82	41.08	39.82	40.77	2049100
20190411	40.76	41.01	40.38	40.76	1327400
20190412	41.33	42.22	41.32	42.16	1802600
20190415	42.01	42.33	41.56	41.82	1062800
20190416	41.89	42.08	41.68	41.81	1524700
20190417	42.22	42.68	41.42	41.46	3005800
20190418	41.46	41.96	41.20	41.94	1198500
20190422	41.73	41.96	41.51	41.66	1186800
20190423	41.74	41.95	41.29	41.58	1349200
20190424	41.42	41.68	41.29	41.51	1554100
20190425	41.95	42.41	39.36	39.62	2660900
20190426	40.01	40.64	39.58	40.53	1852500
20190429	40.33	40.54	40.07	40.07	904400
20190430	39.95	40.12	39.34	39.81	1503700
20190501	39.92	40.07	39.12	39.13	1872900
20190502	39.07	39.23	38.55	38.93	1557000
20190503	39.12	39.43	38.83	39.35	789800
20190506	38.12	38.93	37.58	38.83	1173000
20190507	38.24	38.39	37.59	37.91	1159100
20190508	37.91	38.16	37.53	37.54	1103300
20190509	36.67	36.88	36.04	36.77	1477500
20190510	36.50	36.78	35.87	36.68	958500
20190513	35.67	35.77	34.86	34.89	1684400
20190514	35.11	35.47	34.76	34.83	1435900
20190515	34.35	35.39	33.80	35.26	2223600
20190516	35.25	35.43	34.75	34.93	1597200
20190517	34.62	35.08	34.45	34.56	1415800
20190520	33.98	34.46	33.68	34.25	2216700
20190521	34.49	35.20	34.38	35.08	2133500
20190522	34.78	34.92	33.65	33.65	1573200
20190523	33.30	33.86	32.78	33.81	1977100
20190524	34.19	34.44	33.91	33.97	1321900
20190528	34.10	34.81	34.05	34.73	2454900
20190529	34.46	34.56	33.81	34.40	1901700
20190530	35.21	35.47	34.66	35.06	2103700
20190531	34.07	34.71	33.63	33.97	2498000
20190603	33.97	35.62	33.83	35.45	2669500
20190604	36.54	37.13	35.94	36.71	2162700
20190605	36.77	37.19	36.00	37.17	1862100
20190606	37.03	37.46	36.41	37.30	1354900
20190607	37.55	38.23	37.34	38.08	1575400
20190610	38.61	39.07	38.26	38.62	1529300
20190611	39.04	39.45	38.96	39.18	1288000
20190612	39.13	39.13	38.53	38.86	1620700
20190613	38.88	39.37	38.70	39.36	1316100
20190614	39.21	39.29	38.46	39.21	1267800
20190617	39.13	39.67	39.06	39.29	1323900
20190618	39.53	40.33	39.53	39.70	1395100
20190619	39.96	39.99	39.46	39.68	1296400
20190620	40.19	40.53	39.98	40.43	1531600
20190621	40.41	40.54	40.02	40.23	1972300
20190624	40.00	40.34	39.66	39.93	1092500
20190625	40.09	40.18	39.65	39.73	1162800
20190626	39.81	40.26	39.73	39.82	1887300
20190627	40.28	40.59	40.16	40.34	1290300
20190628	40.37	40.77	40.14	40.20	2950100
20190701	40.98	41.38	39.81	40.17	1848200
20190702	40.08	40.19	39.16	39.35	1714200
20190703	39.60	39.62	38.91	38.96	762700
20190705	38.67	39.58	38.67	39.04	1039600
20190708	38.77	39.09	38.32	38.55	1425000
20190709	38.12	38.37	37.17	37.63	1595500
20190710	37.72	38.07	37.10	37.56	1312300
20190711	37.49	37.55	36.88	37.36	1340600
20190712	37.63	38.45	37.38	38.27	1103800
20190715	38.42	38.56	37.74	38.03	1318900
20190716	36.91	38.78	36.61	38.68	2308800
20190717	38.51	38.66	37.66	37.80	1422200
20190718	37.62	37.91	37.49	37.68	1143000
20190719	37.90	39.04	37.85	38.34	1910100
20190722	38.50	39.00	38.17	38.28	2174400
20190723	39.32	40.27	39.05	39.91	3197500
20190724	39.80	40.70	39.77	40.68	2379700
20190725	40.15	40.26	38.16	38.85	3449900
20190726	38.35	38.35	37.05	37.50	2909900
20190729	37.39	37.71	37.17	37.20	1961000
20190730	36.66	36.84	36.11	36.46	2874400
20190731	36.64	36.77	35.63	36.20	2190200
20190801	36.34	36.46	34.50	34.71	2114300
20190802	34.47	34.56	33.67	34.32	2011600
20190805	33.52	33.75	32.86	33.00	2384500
20190806	33.43	33.64	32.64	32.90	2354000
20190807	32.42	33.01	32.27	32.95	2222700
20190808	33.10	33.68	32.88	33.49	1636300
20190809	33.24	33.27	32.33	32.37	1739900
20190812	32.05	32.36	31.55	31.62	1335700
20190813	31.57	32.77	31.30	31.83	1446800
20190814	31.22	31.25	30.05	30.16	2236500
20190815	30.19	30.35	29.53	29.76	1530200
20190816	30.05	30.76	29.53	30.64	1391200
20190819	31.18	31.34	30.95	31.14	1527300
20190820	31.00	31.00	30.20	30.40	1205600
20190821	30.92	31.11	30.69	30.70	1070500
20190822	30.84	31.02	30.34	30.45	985800
20190823	30.24	30.48	29.41	29.57	2411900
20190826	30.00	30.13	29.46	29.74	1232200
20190827	30.24	30.75	29.70	29.82	1875600
20190828	29.68	30.53	29.53	30.47	1420700
20190829	30.83	31.47	30.83	31.36	1590400
20190830	31.74	31.99	31.30	31.41	1173900
20190903	31.05	31.14	30.56	31.11	1439600
20190904	31.64	32.02	31.54	31.97	1569500
20190905	32.54	34.04	32.50	33.78	2203700
20190906	33.92	34.27	33.68	34.09	1358000
20190909	34.45	35.44	34.32	35.29	1480400
20190910	35.17	37.02	35.12	36.97	2163200
20190911	37.00	37.67	36.06	37.65	2527900
20190912	37.32	37.85	36.61	37.77	1729800
20190913	38.13	38.93	38.07	38.50	2034900
20190916	38.01	38.79	37.69	38.01	1379300
20190917	37.59	37.70	36.67	37.10	2181100
20190918	37.10	37.21	35.95	36.16	2330600
20190919	36.09	36.30	35.59	35.64	1506500
20190920	35.73	36.21	35.12	35.39	2876000
20190923	34.95	35.90	34.88	35.43	1046500
20190924	35.56	35.74	34.73	34.87	1106400
20190925	34.79	35.54	34.42	35.46	1119500
20190926	35.51	35.51	34.89	35.20	1080700
20190927	35.38	35.69	34.80	35.03	1313600
20190930	35.17	35.48	34.81	35.31	1276100
20191001	35.43	35.64	34.43	34.58	1395900
20191002	34.04	34.11	33.07	33.40	1579200
20191003	33.24	33.53	32.74	33.52	1343500
20191004	33.59	33.84	33.39	33.83	1247800
20191007	33.68	34.24	33.27	33.65	973100
20191008	33.10	33.22	32.62	32.84	1032200
20191009	33.33	33.57	33.00	33.41	1032700
20191010	33.61	34.23	33.61	34.07	1013500
20191011	34.78	35.99	34.74	35.81	1905900
20191014	35.61	35.69	35.12	35.68	951900
20191015	35.71	36.60	35.38	36.32	1076700
20191016	36.41	37.02	36.34	36.89	1894200
20191017	37.05	37.05	36.39	36.60	2206900
20191018	36.63	37.50	36.43	37.29	1885100
20191021	37.54	38.07	37.35	37.52	1299800
20191022	37.36	38.26	37.12	38.25	1307800
20191023	38.25	38.50	37.70	38.48	1087600
20191024	38.58	38.98	37.77	37.83	948400
20191025	37.65	38.40	37.53	38.23	1400800
20191028	38.58	39.09	38.51	38.90	1364000
20191029	38.44	38.82	38.04	38.20	1065900
20191030	38.02	38.18	37.08	37.76	1698900
20191031	39.95	41.97	39.27	40.12	4298000
20191101	40.59	42.05	40.54	42.01	2359000
20191104	42.57	43.73	42.35	43.60	3007300
20191105	43.63	43.98	43.05	43.37	2051100
20191106	43.31	43.46	42.71	43.14	1197000
20191107	43.60	44.56	43.52	44.25	1403800
20191108	44.29	44.59	43.58	44.58	1049000
20191111	44.27	44.85	44.17	44.52	1035400
20191112	44.56	44.62	43.86	44.01	1283700
20191113	43.66	43.76	42.89	43.03	1463600
20191114	43.11	43.27	42.57	42.68	1078800
20191115	43.05	43.25	42.78	42.92	1014300
20191118	42.50	42.63	42.01	42.12	1592100
20191119	42.30	42.37	41.67	41.88	1601900
20191120	41.61	41.87	40.40	40.45	2061300
20191121	40.82	41.14	40.51	40.82	1568500
20191122	41.04	41.33	40.71	41.19	1371700
20191125	41.07	41.92	40.90	41.84	1335400
20191126	41.75	41.84	41.22	41.24	2011600
20191127	41.34	41.50	40.61	40.91	1141700
20191129	40.62	40.99	40.62	40.64	792700
20191202	40.89	41.64	40.61	41.04	1491200
20191203	40.40	40.46	39.76	40.17	1473800
20191204	40.45	40.99	40.22	40.53	1478000
20191205	40.70	41.24	40.55	41.23	1294500
20191206	41.78	42.24	41.57	41.89	1195600
20191209	41.71	41.99	41.51	41.89	1044100
20191210	41.80	42.10	41.61	42.01	989400
20191211	42.14	42.65	42.04	42.45	978500
20191212	42.54	43.43	42.33	43.01	2422400
20191213	43.27	43.49	42.30	42.33	1249300
20191216	42.66	43.17	42.52	42.66	1976400
20191217	42.91	43.25	42.76	43.13	1043000
20191218	43.15	43.83	42.95	43.68	1609500
20191219	43.55	43.77	43.22	43.39	1071200
20191220	43.49	43.56	42.60	42.73	2069200
20191223	42.79	42.96	42.31	42.81	876600
20191224	42.81	42.81	42.22	42.41	331500
20191226	42.53	42.59	41.93	42.34	599200
20191227	42.45	42.66	42.13	42.29	665800
20191230	42.30	42.42	41.85	41.94	600400
20191231	41.88	42.28	41.82	41.92	662000
20200102	42.52	42.57	41.89	42.47	1189300
20200103	41.55	41.89	40.80	40.94	1050700
20200106	40.59	40.87	40.21	40.76	846500
20200107	40.69	41.28	40.51	41.01	1383300
20200108	41.05	41.56	40.68	41.27	1072000
20200109	41.48	41.49	40.51	40.52	1190900
20200110	40.43	40.54	39.91	40.03	827100
20200113	39.91	40.11	39.68	39.99	1703700
20200114	39.93	40.70	39.93	40.33	1516800
20200115	39.94	40.31	39.63	39.90	1075500
20200116	40.11	40.47	39.87	40.47	1393900
20200117	40.43	40.76	39.84	40.13	1426300
20200121	39.86	39.94	39.11	39.14	1423300
20200122	39.12	39.34	38.72	38.94	1197300
20200123	38.62	39.27	37.99	39.20	1411500
20200124	39.14	39.27	37.82	37.92	853400
20200127	36.96	37.32	36.44	37.07	1652000
20200128	34.31	35.34	33.71	34.24	15579000
20200129	34.89	35.16	34.06	34.10	6307300
20200130	33.82	34.29	33.49	33.88	4135800
20200131	33.72	33.82	32.94	33.14	4540800
20200203	33.46	33.99	33.22	33.22	3269400
20200204	33.82	33.90	33.19	33.27	4049200
20200205	33.72	33.98	33.43	33.86	3742600
20200206	34.07	34.07	32.63	32.63	3665300
20200207	32.37	32.60	32.13	32.44	2214000
20200210	32.44	32.64	32.04	32.16	1975800
20200211	32.13	33.28	32.06	32.96	2776500
20200212	33.38	33.82	32.84	33.52	4740500
20200213	33.16	34.17	32.43	33.90	5660500
20200214	33.58	33.79	32.31	33.00	5008200
20200218	33.01	33.64	32.81	33.19	3506000
20200219	33.12	33.75	33.07	33.62	3027700
20200220	33.46	34.21	33.39	33.97	2623700
20200221	33.87	33.90	32.76	32.84	2478900
20200224	31.69	31.75	30.74	31.08	5983200
20200225	31.17	31.35	29.73	29.74	6578600
20200226	30.17	30.66	29.16	29.19	3492500
20200227	28.66	30.33	28.01	29.56	6592900
20200228	28.65	30.74	28.59	30.71	6634200
20200302	30.61	31.42	30.02	31.42	4148200
20200303	31.15	31.72	29.91	30.36	5201000
20200304	30.69	30.74	29.56	30.65	4169100
20200305	29.73	29.90	28.74	29.06	3744900
20200306	28.18	28.83	27.72	28.06	5598800
20200309	26.39	27.11	25.30	25.32	4257200
20200310	26.46	27.02	25.48	27.01	5597200
20200311	26.30	26.62	25.47	26.03	5441500
20200312	23.74	27.02	22.59	23.93	4710900
20200313	24.98	25.64	23.05	24.94	4991100
20200316	22.70	23.90	22.12	22.40	4210800
20200317	22.71	23.04	20.12	21.66	5951600
20200318	20.25	21.26	16.52	19.17	3967600
20200319	18.43	21.46	17.74	20.42	4971800
20200320	20.81	21.88	18.98	19.92	4303000
20200323	19.86	21.08	19.03	20.55	3872600
20200324	22.22	22.91	20.62	22.15	4834700
20200325	22.82	23.98	20.59	23.05	5211600
20200326	23.25	24.34	22.48	24.24	4196500
20200327	22.92	23.50	21.88	23.03	3271700
20200330	22.74	24.04	21.97	23.89	3811000
20200331	24.86	25.98	23.57	23.68	7920600
20200401	22.42	22.95	21.82	22.02	4577100
20200402	21.72	22.83	21.19	21.65	4104300
20200403	21.77	22.06	20.55	20.69	4128800
20200406	21.92	24.24	21.31	24.03	4132700
20200407	25.52	25.82	23.77	23.97	3162100
20200408	24.39	25.13	23.80	24.81	3005000
20200409	25.50	26.34	24.84	25.01	4216500
20200413	25.33	25.73	23.81	25.42	2230800
20200414	25.57	26.52	25.51	26.42	3187700
20200415	24.89	25.89	24.73	25.72	2523600
20200416	25.50	25.84	24.76	25.32	3187700
20200417	26.56	27.26	25.89	26.22	3917300
20200420	25.35	25.87	24.74	24.80	2923700
20200421	23.86	24.97	23.59	24.79	2277900
20200422	25.37	25.65	24.57	24.93	2426900
20200423	25.04	26.35	24.95	25.90	2859200
20200424	26.55	26.55	25.55	26.32	2519200
20200427	26.43	27.51	26.15	27.27	3104500
20200428	28.24	28.48	27.43	27.74	2548400
20200429	28.56	29.30	28.35	28.83	2243900
20200430	28.37	28.44	27.63	27.76	3390700
20200501	27.05	27.17	25.94	26.39	2448500
20200504	25.91	26.51	25.64	26.26	2580300
20200505	26.87	27.32	26.13	26.20	2627000
20200506	27.84	27.84	26.38	27.28	9996100
20200507	28.03	28.77	26.95	27.05	4936200
20200508	27.74	28.67	27.59	28.56	3957200
20200511	28.13	28.68	27.55	28.43	5458000
20200512	28.67	28.90	27.41	27.42	2980100
20200513	27.28	27.38	25.22	25.60	3866000
20200514	24.76	27.05	24.46	27.03	6106700
20200515	26.66	27.14	26.45	26.99	3626200
20200518	28.28	29.00	27.99	28.71	2355000
20200519	28.64	29.05	28.07	28.08	3253800
20200520	28.74	29.16	28.49	28.91	3517100
20200521	28.87	29.33	28.46	29.06	2794000
20200522	29.32	29.37	28.33	29.00	3759500
20200526	30.36	30.93	30.19	30.63	4117100
20200527	31.44	31.78	30.70	31.62	5024000
20200528	31.88	31.98	30.82	31.19	4094700
20200529	30.85	31.50	30.33	31.41	4547300
20200601	31.67	33.09	31.39	32.49	2985900
20200602	32.97	33.23	32.22	33.16	3813300
20200603	33.83	34.52	33.43	33.54	4236000
20200604	33.20	34.16	32.89	34.16	3548700
20200605	36.25	36.87	35.54	36.43	5171700
20200608	36.94	37.22	36.42	36.66	2944600
20200609	35.64	36.35	35.21	35.81	3044100
20200610	35.75	35.76	34.57	34.75	3069200
20200611	32.87	33.49	31.65	31.91	3323200
20200612	33.65	33.71	31.93	32.78	3084000
20200615	31.50	33.15	31.14	33.08	2575300
20200616	34.37	34.43	32.49	32.83	5756600
20200617	32.84	33.70	32.35	32.57	2855400
20200618	32.11	32.98	31.85	32.48	2584500
20200619	33.31	33.79	32.61	33.45	5361900
20200622	33.34	33.80	32.86	33.49	2392800
20200623	34.16	34.84	33.60	34.60	4147300
20200624	34.19	34.19	32.32	32.42	2242100
20200625	32.13	32.82	31.58	32.73	2321800
20200626	32.69	32.71	31.99	32.46	3111500
20200629	32.87	34.33	32.68	34.27	2494600
20200630	33.99	34.80	33.63	34.49	2938800
20200701	34.48	34.86	33.26	33.45	2593300
20200702	34.40	35.13	33.98	34.38	2545900
20200706	35.17	35.32	34.00	34.54	2171300
20200707	34.20	34.56	34.07	34.23	2129600
20200708	34.01	34.49	33.77	34.13	1947400
20200709	34.33	34.33	32.96	33.61	1653300
20200710	33.75	34.69	33.60	34.69	2332500
20200713	35.17	35.37	34.30	34.44	2891800
20200714	34.56	35.47	34.20	35.44	2022000
20200715	36.15	36.96	35.18	36.70	2891400
20200716	36.29	37.18	36.08	36.90	2303500
20200717	37.12	37.15	36.27	36.63	4694400
20200720	36.50	37.14	36.48	36.90	3128100
20200721	37.31	37.52	36.76	36.83	3139300
20200722	36.69	37.65	36.58	37.43	1687500
20200723	37.65	38.11	37.13	37.84	3269800
20200724	37.52	37.80	37.15	37.48	1427600
20200727	37.57	38.15	37.13	38.08	1388100
20200728	37.94	38.28	37.59	37.61	2233000
20200729	37.71	38.05	37.42	38.02	1906000
20200730	37.28	37.40	36.26	36.26	2265300
20200731	36.16	36.33	35.24	35.76	3299400
20200803	36.01	36.29	35.83	36.08	2186400
20200804	36.35	36.40	35.71	36.30	4742800
20200805	36.48	38.18	36.25	37.83	5347800
20200806	37.60	38.14	37.20	37.79	3684400
20200807	37.38	38.10	37.17	38.01	2203400
20200810	38.31	39.66	38.30	39.56	3065900
20200811	40.47	41.42	40.35	40.78	3155600
20200812	41.17	41.44	40.32	40.55	3282900
20200813	40.31	40.75	40.02	40.02	1598800
20200814	39.99	40.94	39.86	40.83	2737800
20200817	41.12	41.35	40.45	40.63	1936800
20200818	40.57	40.97	40.18	40.26	1430200
20200819	40.37	40.66	39.93	40.07	2227500
20200820	39.53	40.02	39.38	39.72	2492200
20200821	39.40	39.85	39.25	39.66	1484000
20200824	40.01	40.61	39.62	40.43	1954200
20200825	40.61	40.73	39.68	40.06	2186400
20200826	40.02	40.64	39.72	40.57	3214700
20200827	40.91	40.91	39.73	39.82	3536100
20200828	39.95	40.57	39.73	40.48	2252900
20200831	40.73	40.73	39.82	39.82	3361200
20200901	39.66	40.90	39.28	40.79	2673800
20200902	41.06	42.23	40.96	42.11	2950400
20200903	42.04	42.30	40.90	41.40	2933000
20200904	41.95	42.27	40.81	41.27	2322900
20200908	40.72	41.97	40.16	40.82	2653400
20200909	41.20	41.70	41.11	41.49	1923000
20200910	42.12	42.35	40.84	40.87	2064500
20200911	40.99	41.77	40.86	41.57	2666900
20200914	41.88	42.08	41.53	42.01	3063000
20200915	42.18	42.40	41.46	41.47	2094700
20200916	41.26	41.29	38.73	38.81	4772400
20200917	38.50	39.43	38.16	38.83	3802200
20200918	38.84	39.01	38.03	38.26	3488100
20200921	37.68	37.91	36.41	36.70	2671200
20200922	36.74	37.01	36.31	36.70	2257400
20200923	36.91	37.46	36.68	36.69	2092400
20200924	36.60	36.98	36.04	36.33	2231000
20200925	36.11	36.36	35.65	36.11	1592000
20200928	37.07	37.57	36.81	37.29	3221600
20200929	37.35	37.74	37.22	37.31	1662700
20200930	37.60	38.32	37.37	38.00	4094400
20201001	38.52	39.19	38.35	38.79	6720900
20201002	37.86	38.74	36.71	38.46	4556200
20201005	38.92	40.55	38.59	40.10	4653300
20201006	40.60	40.97	39.15	39.18	12487500
20201007	39.82	41.14	39.69	40.75	3384300
20201008	41.20	41.44	39.10	39.33	4120000
20201009	39.49	40.14	38.82	38.87	3263900
20201012	39.24	39.87	38.52	38.67	1870500
20201013	38.51	39.07	38.12	38.21	2134300
20201014	38.63	38.84	37.81	37.83	2518200
20201015	37.29	38.49	37.01	38.47	2202900
20201016	38.78	38.97	37.89	37.96	1909800
20201019	38.01	38.33	37.58	37.93	3352500
20201020	38.69	39.15	38.30	38.54	3247700
20201021	38.56	39.20	38.56	38.87	3405100
20201022	38.45	39.49	38.41	39.43	4008700
20201023	39.90	40.35	38.91	38.99	2351000
20201026	38.41	38.56	37.18	37.75	3113800
20201027	37.61	37.70	36.63	36.83	3063700
20201028	35.81	36.32	35.39	35.95	2871700
20201029	36.18	36.21	34.29	34.77	5028500
20201030	34.76	35.03	33.65	34.32	2994800
20201102	34.65	35.58	34.65	34.92	2930700
20201103	35.52	36.36	35.33	35.65	3418100
20201104	35.17	35.68	34.53	35.16	2615200
20201105	35.61	36.55	35.61	36.32	2631700
20201106	36.55	36.81	35.54	35.74	2832000
20201109	37.60	38.65	37.02	37.27	2913000
20201110	37.78	38.46	37.24	38.06	3407700
20201111	38.45	38.60	37.44	37.83	1685100
20201112	36.72	37.14	35.11	35.58	5023700
20201113	35.94	37.18	35.89	36.94	3398300
20201116	37.70	38.01	37.20	38.00	2109500
20201117	37.40	37.87	36.86	37.28	1881900
20201118	37.43	38.33	37.28	37.63	2437100
20201119	37.32	37.82	36.60	36.99	2322300
20201120	36.82	37.04	36.53	36.85	2004800
20201123	37.15	38.43	37.15	38.32	3321200
20201124	39.03	39.78	38.70	39.70	2373000
20201125	39.31	39.51	38.32	38.37	1468300
20201127	38.38	38.75	38.16	38.75	862800
20201130	38.71	38.92	37.89	38.28	4145000
20201201	39.05	39.09	38.12	38.14	2478900
20201202	37.85	38.27	37.74	38.04	1588000
20201203	38.18	38.39	37.82	38.12	1551800
20201204	38.30	39.33	38.30	39.28	2033200
20201207	39.20	39.46	38.29	38.64	2225200
20201208	38.70	39.54	38.52	38.77	3572300
20201209	38.88	39.36	38.78	39.27	2718600
20201210	38.98	38.98	37.65	37.72	2516200
20201211	37.36	37.45	35.96	35.98	3645400
20201214	36.60	36.78	35.72	35.80	3371800
20201215	36.33	37.16	36.14	37.14	2197900
20201216	37.48	37.92	37.09	37.84	2050900
20201217	38.01	38.43	37.70	38.42	2238400
20201218	38.42	38.43	37.62	38.05	5467500
20201221	37.38	37.97	36.91	37.97	2020900
20201222	37.99	38.66	37.66	38.53	2268500
20201223	38.92	39.73	38.70	39.04	1620700
20201224	39.02	39.02	38.07	38.39	567100
20201228	38.74	39.15	38.62	38.66	998600
20201229	38.91	38.97	37.79	37.98	1078400
20201230	38.07	38.69	37.98	38.61	1475700
20201231	38.73	38.73	38.02	38.07	1211900
20210104	38.41	38.56	37.20	37.50	1838500
20210105	37.31	38.65	37.31	38.39	1693600
20210106	38.42	39.82	38.42	39.58	2736400
20210107	40.19	40.77	39.79	40.49	2259000
20210108	40.38	40.53	39.27	39.70	2059400
20210111	39.09	39.81	38.92	39.59	1294900
20210112	40.13	41.22	39.85	40.56	3152600
20210113	40.46	40.79	39.36	39.56	2246800
20210114	39.84	40.00	38.70	39.02	2819700
20210115	38.54	38.77	37.46	38.03	4638000
20210119	38.39	38.96	37.81	38.72	2374100
20210120	39.42	40.32	38.97	40.28	2263400
20210121	40.31	43.25	40.30	42.96	4585700
20210122	42.69	42.81	41.78	42.17	2198500
20210125	41.94	42.95	41.59	42.87	2194900
20210126	43.40	44.04	42.80	43.31	3178400
20210127	43.20	45.79	42.89	44.24	7918600
20210128	44.13	44.39	41.42	41.78	3088700
20210129	41.54	42.90	41.02	41.37	2735000
20210201	41.59	41.89	40.87	41.46	3116700
20210202	41.83	41.91	40.69	40.73	2003600
20210203	40.81	42.16	40.41	42.07	2344800
20210204	42.40	42.66	41.70	42.08	2035500
20210205	42.57	42.68	41.76	42.46	1861100
20210208	42.62	43.03	42.13	42.80	2440000
20210209	42.54	42.68	41.98	42.28	1469900
20210210	42.69	43.71	42.34	43.05	2805800
20210211	44.83	45.07	41.07	42.21	3961500
20210212	41.95	42.22	40.53	41.37	2690100
20210216	43.35	43.73	42.03	43.13	3875200
20210217	43.16	44.29	42.65	43.91	4879200
20210218	43.56	43.84	42.34	42.42	2620400
20210219	43.06	43.51	42.30	42.92	2476600
20210222	42.61	44.04	42.56	43.98	1909800
20210223	43.55	44.27	42.39	44.22	2966500
20210224	44.43	45.51	44.30	45.32	2749800
20210225	45.55	45.64	44.00	44.44	1893700
20210226	44.65	45.02	43.40	44.50	3216700
20210301	44.89	45.23	44.16	44.73	1844000
20210302	44.85	46.35	44.54	45.71	2016700
20210303	46.01	47.86	45.81	46.80	3202100
20210304	46.71	46.94	44.90	46.00	2167700
20210305	46.39	48.44	46.19	48.30	3681600
20210308	48.78	49.97	48.56	49.16	3276700
20210309	49.06	49.81	48.37	48.37	3071500
20210310	48.44	49.78	48.27	49.35	2360800
20210311	49.32	49.45	47.65	48.61	2547200
20210312	48.76	49.88	48.41	49.78	1684100
20210315	49.87	50.04	49.15	49.99	1789300
20210316	49.77	49.90	48.09	48.23	1503400
20210317	48.23	49.11	47.88	49.11	2532900
20210318	48.78	49.28	47.41	47.63	2067600
20210319	47.60	48.67	47.12	48.48	4667200
20210322	48.04	48.35	46.93	47.60	2138100
20210323	46.71	46.71	43.64	43.81	3513900
20210324	44.14	44.63	42.99	43.02	3268200
20210325	42.26	43.51	42.06	43.22	2793000
20210326	44.39	45.31	43.72	45.24	3438700
20210329	45.54	46.27	44.69	44.80	2662700
20210330	44.96	46.13	44.60	46.02	1882600
20210331	46.10	46.28	45.35	45.85	1613100
20210401	46.10	46.26	44.66	45.79	1844100
20210405	46.10	46.58	45.62	46.27	1675100
20210406	46.28	46.75	45.98	46.16	1808100
20210407	46.07	46.37	44.76	45.00	2493400
20210408	44.81	45.65	44.13	45.49	1982400
20210409	45.84	46.18	45.42	45.97	1412900
20210412	47.45	47.46	46.24	47.06	2485300
20210413	47.26	47.50	46.01	46.66	2083300
20210414	46.53	47.78	46.53	46.94	1688900
20210415	47.15	47.51	46.66	47.35	1821400
20210416	47.67	48.76	47.64	48.42	2512000
20210419	48.11	49.03	47.64	48.78	2110000
20210420	48.61	48.80	46.90	47.40	1909800
20210421	47.23	49.72	47.09	49.59	2366600
20210422	49.88	49.96	48.37	48.99	1913900
20210423	49.32	50.65	49.20	50.41	1763600
20210426	50.68	51.31	49.82	49.93	1667800
20210427	49.74	50.07	49.47	49.56	1632500
20210428	49.51	50.34	49.48	49.90	1235800
20210429	50.04	50.04	48.14	48.82	2117600
20210430	48.49	48.98	47.81	48.04	1879000
20210503	48.38	48.91	48.00	48.72	2074800
20210504	48.25	48.42	47.06	47.97	2052400
20210505	48.94	50.62	48.77	50.56	2675900
20210506	50.68	51.90	50.45	51.65	2065600
20210507	51.34	53.34	50.46	53.21	2328900
20210510	53.35	53.61	52.31	52.35	2029200
20210511	51.43	51.98	50.10	51.08	1745900
20210512	50.85	51.05	48.95	49.20	1701000
20210513	48.97	50.43	48.85	50.19	1481300
20210514	50.83	50.95	50.03	50.86	1249600
20210517	50.87	51.25	50.44	51.08	1194100
20210518	50.90	51.19	50.50	50.57	1316600
20210519	49.45	49.75	48.69	49.47	2015100
20210520	49.45	49.57	48.53	49.19	2042500
20210521	49.57	50.37	49.46	49.95	1539100
20210524	50.23	50.24	49.46	49.60	1084800
20210525	49.66	50.21	48.91	49.25	1412900
20210526	49.13	49.99	48.63	49.96	1658500
20210527	50.67	51.39	50.57	50.85	3860100
20210528	51.16	51.22	50.12	50.89	1285700
20210601	51.41	52.74	50.99	52.55	1518900
20210602	54.82	55.00	52.14	53.00	2203600
20210603	52.91	55.12	52.59	53.88	2948600
20210604	53.88	54.43	53.69	54.03	1952900
20210607	53.98	54.07	52.35	52.70	1976400
20210608	52.30	53.28	51.89	53.17	1514400
20210609	53.07	53.27	52.54	52.71	1367200
20210610	53.15	53.20	51.61	51.85	1387700
20210611	52.14	52.56	51.93	52.50	1113200
20210614	52.36	52.58	51.39	51.57	1271300
20210615	51.58	51.75	50.95	51.69	1184300
20210616	51.48	51.63	50.50	50.98	1525200
20210617	51.12	52.11	48.31	49.07	2289100
20210618	48.46	48.47	46.97	47.21	3302800
20210621	47.63	48.46	47.54	48.12	1885000
20210622	48.12	48.54	47.73	48.11	2159300
20210623	48.31	48.52	47.84	48.06	1415800
20210624	48.76	48.92	47.84	48.39	1494100
20210625	48.74	49.04	48.15	48.57	2523100
20210628	48.50	48.56	47.16	47.55	1330500
20210629	47.93	48.48	47.50	47.99	1184000
20210630	47.78	48.37	47.62	48.16	1296800
20210701	48.69	49.15	48.01	48.75	1311400
20210702	48.78	48.78	48.03	48.75	1148800
20210706	48.40	48.49	46.65	47.45	2112400
20210707	47.09	47.48	45.64	46.71	1588900
20210708	45.75	47.04	45.37	46.26	1730400
20210709	47.31	47.83	46.95	47.43	1578100
20210712	47.09	47.96	46.64	47.75	1686400
20210713	47.74	47.88	47.02	47.19	1793400
20210714	47.30	47.83	46.77	47.07	1756400
20210715	46.64	47.25	46.47	46.96	1827300
20210716	47.16	47.23	45.54	45.61	1729600
20210719	44.50	45.16	44.04	44.84	2303600
20210720	44.84	46.78	44.84	46.67	1805900
20210721	47.20	47.94	46.91	47.11	1427600
20210722	46.82	46.82	45.91	46.11	1562700
20210723	46.61	46.77	46.08	46.64	1289200
20210726	46.79	47.46	46.75	47.38	1233300
20210727	47.05	47.65	46.74	47.00	1459700
20210728	47.07	47.65	46.74	47.33	879300
20210729	47.96	48.83	47.64	48.52	1342000
20210730	48.11	49.08	47.96	48.60	1841500
20210802	48.96	49.59	48.18	48.41	1445600
20210803	48.54	49.22	47.85	48.98	2021600
20210804	48.98	49.16	46.27	46.40	2959400
20210805	46.79	47.31	46.02	46.16	1620100
20210806	46.14	46.54	45.12	45.19	2849300
20210809	45.02	45.65	44.52	45.23	1792300
20210810	45.09	45.54	44.69	45.50	1328800
20210811	45.52	46.57	45.06	46.44	1505600
20210812	46.44	46.90	45.66	45.91	1390000
20210813	45.99	46.24	45.16	45.26	1037200
20210816	44.78	45.36	44.28	45.25	1377200
20210817	44.56	44.82	43.47	44.34	1973800
20210818	44.16	44.69	43.89	43.92	1128200
20210819	43.30	43.61	41.90	42.19	1702500
20210820	41.73	42.27	41.47	42.15	1552500
20210823	42.43	42.54	42.02	42.07	2588000
20210824	42.36	43.18	42.20	43.05	1807700
20210825	43.27	43.59	42.52	42.81	1780100
20210826	42.65	42.84	41.97	42.20	1564000
20210827	42.38	43.32	42.20	43.15	1444900
20210830	43.33	43.37	42.63	42.63	1113500
20210831	42.74	43.02	42.39	42.52	2380900
20210901	42.47	42.61	41.70	42.40	1698000
20210902	42.52	43.23	42.08	43.22	1689100
20210903	43.31	43.33	42.86	42.98	952400
20210907	42.83	43.41	42.64	42.90	1123500
20210908	42.63	42.79	41.69	42.08	1076100
20210909	41.79	42.78	41.73	42.44	1584800
20210910	42.74	43.04	42.38	42.70	1452500
20210913	43.20	43.85	42.91	43.60	1496100
20210914	43.77	43.88	42.55	42.79	1484000
20210915	43.00	43.67	42.68	43.56	1539100
20210916	43.32	43.37	42.03	43.07	2251500
20210917	42.74	43.06	42.06	42.76	3607900
20210920	40.49	41.22	40.13	41.20	2444000
20210921	41.36	41.75	40.81	41.40	2575100
20210922	42.03	43.00	41.95	42.54	1780700
20210923	43.19	44.53	42.85	43.59	2945000
20210924	43.67	44.50	43.39	43.66	1917700
20210927	43.61	44.65	43.46	44.11	2006200
20210928	44.54	44.89	43.78	44.56	2412900
20210929	44.56	44.93	43.69	44.07	1065800
20210930	44.14	44.30	43.04	43.05	1716600
20211001	43.47	44.08	42.88	43.66	1093800
20211004	43.91	44.60	43.81	44.38	1905900
20211005	44.42	45.49	43.94	45.16	2031500
20211006	44.52	44.82	42.71	43.68	2471700
20211007	44.52	46.10	44.41	45.61	1964600
20211008	45.94	47.31	45.82	46.47	1905100
20211011	46.35	47.61	46.23	46.74	1600100
20211012	46.82	47.38	46.59	47.14	1677900
20211013	46.96	47.20	46.01	46.94	1702800
20211014	47.22	47.82	46.98	47.81	1350700
20211015	48.41	48.49	46.73	46.85	2394500
20211018	46.58	46.79	45.29	45.73	2708300
20211019	45.82	46.24	45.53	45.65	1829200
20211020	44.64	46.10	44.44	45.61	2599700
20211021	45.58	45.92	45.18	45.81	1222900
20211022	46.04	46.29	44.89	44.91	1180200
20211025	45.23	45.52	44.80	45.32	1335200
20211026	45.42	45.44	43.64	43.87	1764800
20211027	43.80	45.08	43.17	44.54	1496200
20211028	44.91	45.21	44.69	45.16	964700
20211029	45.08	45.68	44.69	44.90	1808900
20211101	45.25	46.42	45.25	46.41	1310900
20211102	46.49	47.15	45.90	46.87	3000300
20211103	45.82	47.33	44.83	46.83	3551800
20211104	47.62	48.22	46.23	46.39	2622700
20211105	46.97	47.47	46.43	46.72	2133800
20211108	46.83	47.26	46.29	46.59	1870400
20211109	46.59	47.01	46.07	46.32	1304100
20211110	46.13	47.50	46.04	46.83	1539600
20211111	47.03	47.38	46.79	47.06	1530100
20211112	47.36	48.23	47.14	48.07	1712700
20211115	48.45	48.53	47.85	48.37	1407000
20211116	48.81	48.93	48.20	48.22	1837300
20211117	48.21	48.45	47.24	47.79	1472000
20211118	47.91	48.05	46.48	46.61	3029800
20211119	46.25	46.62	45.40	45.69	3303700
20211122	45.82	47.78	45.43	47.20	2309100
20211123	47.21	48.28	46.86	47.56	1887300
20211124	47.02	47.43	46.72	46.82	1197800
20211126	45.18	45.33	43.85	45.06	1708200
20211129	46.05	46.18	44.26	44.64	1950500
20211130	44.20	44.61	43.20	43.28	3002600
20211201	44.44	45.24	42.83	42.84	2571000
20211202	43.37	44.51	43.14	44.27	1758100
20211203	44.10	44.44	43.30	43.88	1303800
20211206	44.33	45.52	44.00	44.79	1492100
20211207	45.51	46.04	45.40	45.55	1283600
20211208	45.68	46.48	45.58	46.20	1200500
20211209	45.98	46.36	45.70	46.12	1245800
20211210	46.68	46.79	45.69	46.07	1477100
20211213	46.00	46.14	44.78	44.81	1375600
20211214	44.50	45.22	44.48	44.60	1518400
20211215	44.41	44.73	43.46	44.66	1598400
20211216	45.24	45.68	44.20	44.22	1217800
20211217	43.85	44.43	43.30	43.63	3701500
20211220	42.63	43.09	41.39	41.96	2479800
20211221	42.40	42.90	42.28	42.87	1891000
20211222	42.85	43.29	42.60	43.04	1177900
20211223	43.28	43.76	43.13	43.62	1178900
20211227	43.60	44.40	43.35	44.34	1058100
20211228	44.20	45.04	44.20	44.91	961100
20211229	44.92	45.37	44.80	44.87	744600
20211230	44.87	45.25	44.76	44.82	894200
20211231	44.85	45.25	44.82	45.07	643800
20220103	45.47	45.89	44.83	45.18	2111600
20220104	45.63	48.27	45.63	47.93	2022700
20220105	48.50	49.38	47.86	47.97	2749500
20220106	48.00	49.09	47.62	48.70	2008400
20220107	48.89	49.18	48.38	48.62	1148000
20220110	48.70	48.82	47.60	48.05	1535400
20220111	48.05	48.60	47.54	48.58	1197000
20220112	48.80	48.97	47.05	47.84	1645800
20220113	48.17	50.09	48.10	49.88	2491900
20220114	49.38	49.84	48.91	49.76	1085200
20220118	49.51	49.65	48.61	48.96	2132100
20220119	49.18	49.29	46.45	46.48	1783000
20220120	45.89	46.10	44.41	44.48	2435200
20220121	44.31	44.90	43.56	43.92	1780500
20220124	42.70	44.32	42.04	44.17	2161000
20220125	43.35	44.81	42.29	44.16	2119800
20220126	44.79	45.25	43.65	44.22	1663800
20220127	44.71	45.20	42.87	43.49	1478500
20220128	43.18	43.30	41.49	42.66	2026300
20220131	42.45	43.91	42.00	43.85	2288700
20220201	43.98	44.79	43.93	44.71	2165000
20220202	44.64	45.23	44.55	45.11	1986800
20220203	44.96	45.32	44.11	44.22	1442100
20220204	43.61	44.00	42.16	43.31	1985100
20220207	43.46	43.62	42.91	43.38	1402500
20220208	43.70	44.60	43.24	44.50	1595100
20220209	44.69	45.22	44.61	44.72	1644200
20220210	44.21	45.40	43.90	44.06	1438600
20220211	43.97	44.44	42.84	43.39	2309500
20220214	43.39	43.56	42.20	42.76	2697100
20220215	42.97	45.44	42.72	45.28	3474200
20220216	44.79	45.70	44.05	45.22	2770100
20220217	45.00	45.37	44.25	44.62	1855300
20220218	44.35	44.73	43.30	43.56	1713500
20220222	43.31	43.70	41.65	42.38	2392800
20220223	43.32	43.42	42.20	42.31	2228400
