20170103	8.24	8.28	8.18	8.26	1114800
20170104	8.31	8.43	8.30	8.41	1446900
20170105	8.40	8.49	8.34	8.43	1441900
20170106	8.43	8.47	8.36	8.39	1597700
20170109	8.40	8.41	8.17	8.17	1948800
20170110	8.16	8.23	8.11	8.15	1237900
20170111	8.15	8.21	8.11	8.13	1345500
20170112	8.17	8.25	8.09	8.21	1103700
20170113	8.21	8.30	8.18	8.21	608100
20170117	8.22	8.38	8.19	8.33	1001500
20170118	8.33	8.38	8.27	8.29	771500
20170119	8.25	8.27	8.09	8.10	1193200
20170120	8.08	8.16	8.05	8.11	1322100
20170123	7.97	8.19	7.97	8.17	1583300
20170124	8.14	8.20	8.09	8.12	1373400
20170125	8.14	8.16	8.06	8.10	838300
20170126	8.11	8.14	8.04	8.08	691100
20170127	8.11	8.11	7.93	8.01	1070700
20170130	7.97	8.06	7.89	8.06	1617100
20170131	8.07	8.16	8.02	8.14	2125200
20170201	8.14	8.21	7.97	8.04	1146600
20170202	8.04	8.18	8.02	8.17	1671600
20170203	8.21	8.27	8.18	8.24	1712300
20170206	8.25	8.26	8.19	8.22	874600
20170207	8.21	8.27	8.15	8.18	964500
20170208	8.18	8.30	8.12	8.27	1082200
20170209	8.29	8.38	8.28	8.36	1301700
20170210	8.37	8.50	8.35	8.49	1222000
20170213	8.49	8.54	8.42	8.46	989700
20170214	8.42	8.43	8.34	8.40	1289700
20170215	8.34	8.36	8.25	8.33	981300
20170216	8.33	8.49	8.33	8.47	1002300
20170217	8.49	8.50	8.40	8.48	1497900
20170221	8.48	8.62	8.45	8.59	1247900
20170222	8.56	8.65	8.54	8.62	720600
20170223	8.65	8.67	8.48	8.50	1450100
20170224	8.49	8.53	8.43	8.52	1104700
20170227	8.51	8.62	8.49	8.58	1299700
20170228	8.54	8.54	8.37	8.47	3231100
20170301	8.12	8.41	8.12	8.26	2685100
20170302	8.24	8.30	8.18	8.19	1775900
20170303	8.18	8.21	8.02	8.10	2235800
20170306	8.09	8.10	7.97	8.03	1852000
20170307	7.99	8.03	7.93	7.95	1099800
20170308	7.91	7.92	7.68	7.70	1142100
20170309	7.67	7.76	7.56	7.58	1181700
20170310	7.64	7.67	7.51	7.54	888200
20170313	7.53	7.58	7.48	7.55	1709000
20170314	7.52	7.55	7.47	7.51	671000
20170315	7.55	7.77	7.55	7.70	1685900
20170316	7.69	7.75	7.65	7.70	1384200
20170317	7.70	7.80	7.67	7.80	4263700
20170320	7.80	7.88	7.74	7.81	1170900
20170321	7.83	7.89	7.81	7.83	1372000
20170322	7.84	7.86	7.67	7.75	1323500
20170323	7.76	7.88	7.74	7.77	1379900
20170324	7.77	7.84	7.73	7.74	962000
20170327	7.73	7.79	7.65	7.69	905800
20170328	7.67	7.72	7.59	7.62	2345800
20170329	7.63	7.72	7.61	7.66	1944200
20170330	7.65	7.71	7.61	7.66	2007500
20170331	7.66	7.75	7.66	7.71	1847200
20170403	7.71	7.82	7.69	7.73	1472400
20170404	7.73	7.90	7.69	7.84	2387500
20170405	7.87	7.92	7.77	7.78	1464800
20170406	7.78	7.92	7.74	7.87	1354800
20170407	7.86	7.98	7.86	7.87	1871800
20170410	7.90	7.95	7.86	7.93	790500
20170411	7.94	8.06	7.93	8.04	1756200
20170412	8.05	8.16	8.01	8.07	1732100
20170413	8.07	8.12	8.02	8.04	663100
20170417	7.92	8.06	7.92	8.06	2259900
20170418	8.06	8.10	8.03	8.10	1242600
20170419	8.10	8.13	8.04	8.10	1551300
20170420	8.08	8.12	8.03	8.11	931100
20170421	8.11	8.12	8.07	8.10	986400
20170424	8.12	8.13	7.88	7.94	1072400
20170425	7.95	8.01	7.93	7.93	1024400
20170426	7.90	8.01	7.86	7.96	1279000
20170427	7.97	8.07	7.93	7.95	1378300
20170428	7.94	7.94	7.83	7.86	1305200
20170501	7.87	7.96	7.82	7.94	918400
20170502	7.94	7.96	7.83	7.86	703600
20170503	7.86	7.86	7.64	7.67	1304700
20170504	7.63	7.69	7.46	7.54	1461100
20170505	7.55	7.69	7.55	7.69	1333300
20170508	7.69	7.70	7.54	7.62	1327400
20170509	7.49	7.66	7.40	7.43	1413600
20170510	7.42	7.56	7.39	7.42	1713100
20170511	7.40	7.41	7.25	7.35	1098400
20170512	7.38	7.39	7.29	7.33	1017000
20170515	7.33	7.46	7.31	7.32	1007900
20170516	7.34	7.36	7.15	7.20	1240700
20170517	7.19	7.29	7.17	7.25	1282600
20170518	7.28	7.40	7.25	7.35	1270100
20170519	6.95	7.40	6.95	7.33	1361400
20170522	7.33	7.41	7.29	7.34	817800
20170523	7.36	7.46	7.35	7.39	847100
20170524	7.39	7.51	7.39	7.45	785700
20170525	7.55	7.59	7.46	7.50	921200
20170526	7.49	7.52	7.42	7.45	680000
20170530	7.46	7.49	7.42	7.43	706000
20170531	7.45	7.47	7.37	7.42	1490700
20170601	7.44	7.57	7.39	7.55	1138400
20170602	7.59	7.72	7.59	7.63	1098300
20170605	7.59	7.61	7.48	7.48	987500
20170606	7.49	7.59	7.43	7.52	1161400
20170607	7.54	7.63	7.52	7.58	929400
20170608	7.58	7.64	7.51	7.59	665800
20170609	7.57	7.75	7.56	7.73	1220300
20170612	7.72	7.93	7.72	7.90	1585600
20170613	7.88	7.96	7.83	7.91	1173200
20170614	7.98	8.00	7.81	7.81	1779400
20170615	7.75	7.96	7.74	7.93	796200
20170616	7.84	7.92	7.83	7.90	1995600
20170619	7.88	7.91	7.86	7.88	902500
20170620	7.88	7.90	7.75	7.82	756900
20170621	7.81	7.84	7.70	7.76	878000
20170622	7.73	7.79	7.71	7.78	831600
20170623	7.76	7.90	7.76	7.86	2571300
20170626	7.90	7.98	7.87	7.95	866500
20170627	7.92	7.95	7.84	7.86	1360900
20170628	7.90	8.00	7.84	7.93	1029900
20170629	7.88	7.90	7.75	7.77	728600
20170630	7.81	7.84	7.76	7.79	528700
20170703	7.81	7.97	7.81	7.96	394700
20170705	7.95	7.96	7.84	7.85	680900
20170706	7.81	7.81	7.67	7.70	911300
20170707	7.70	7.80	7.65	7.77	724200
20170710	7.79	7.84	7.66	7.66	569900
20170711	7.67	7.76	7.62	7.73	723300
20170712	7.80	7.89	7.79	7.88	701500
20170713	7.87	7.91	7.83	7.90	773500
20170714	7.95	8.02	7.95	7.99	679000
20170717	7.99	8.09	7.95	8.08	901500
20170718	8.06	8.07	7.94	7.96	707000
20170719	7.97	8.05	7.95	8.03	865500
20170720	8.03	8.10	8.02	8.03	527900
20170721	8.12	8.13	7.96	7.99	711600
20170724	7.99	7.99	7.90	7.92	414700
20170725	7.93	7.98	7.84	7.95	567600
20170726	7.94	7.99	7.91	7.96	410700
20170727	7.94	8.05	7.89	7.97	490700
20170728	7.96	8.01	7.91	7.95	534400
20170731	7.97	8.00	7.91	8.00	532400
20170801	8.02	8.07	7.99	8.06	525600
20170802	8.03	8.05	7.94	7.96	491900
20170803	7.95	7.99	7.92	7.93	475200
20170804	7.93	8.00	7.93	7.99	467700
20170807	7.99	8.00	7.90	7.93	580600
20170808	7.90	7.90	7.62	7.77	1163000
20170809	7.75	7.80	7.70	7.76	952300
20170810	7.73	7.79	7.70	7.70	654100
20170811	7.66	7.71	7.59	7.65	912200
20170814	7.70	7.80	7.65	7.77	834100
20170815	7.73	7.75	7.66	7.70	907100
20170816	7.70	7.84	7.70	7.79	753400
20170817	7.76	7.81	7.73	7.73	890700
20170818	7.65	7.68	7.59	7.64	1003300
20170821	7.63	7.73	7.62	7.71	495300
20170822	7.71	7.74	7.68	7.69	503800
20170823	7.65	7.77	7.65	7.73	428800
20170824	7.74	7.81	7.68	7.68	567900
20170825	7.70	7.78	7.67	7.73	453900
20170828	7.73	7.77	7.62	7.64	771100
20170829	7.62	7.68	7.57	7.59	681100
20170830	7.59	7.64	7.55	7.63	847800
20170831	7.67	7.77	7.65	7.75	1550100
20170901	7.73	7.81	7.71	7.77	797100
20170905	7.81	7.84	7.70	7.72	970700
20170906	7.75	7.84	7.73	7.76	669700
20170907	7.79	7.84	7.77	7.79	763300
20170908	7.78	7.87	7.77	7.81	725600
20170911	7.79	7.91	7.78	7.85	613200
20170912	7.87	7.91	7.84	7.84	913900
20170913	7.84	7.88	7.82	7.84	1313800
20170914	7.83	7.88	7.81	7.85	1210400
20170915	7.88	7.89	7.76	7.87	1955400
20170918	7.87	7.92	7.86	7.90	1025500
20170919	7.90	7.93	7.87	7.90	1277300
20170920	7.90	7.99	7.88	7.93	1415800
20170921	7.94	8.00	7.92	7.92	1062100
20170922	7.96	7.99	7.92	7.93	916300
20170925	7.95	8.17	7.92	8.13	1394500
20170926	8.15	8.21	8.12	8.17	1121100
20170927	8.16	8.19	8.08	8.09	1726500
20170928	8.09	8.18	8.05	8.18	1126800
20170929	8.16	8.22	8.11	8.17	1565400
20171002	8.20	8.27	8.16	8.26	1002400
20171003	8.26	8.33	8.23	8.33	1011100
20171004	8.36	8.39	8.30	8.38	702300
20171005	8.39	8.47	8.36	8.39	714900
20171006	8.33	8.37	8.28	8.31	741200
20171009	8.33	8.42	8.33	8.40	558000
20171010	8.43	8.48	8.40	8.42	826900
20171011	8.43	8.48	8.43	8.46	861500
20171012	8.46	8.48	8.42	8.43	954700
20171013	8.46	8.52	8.42	8.46	804700
20171016	8.48	8.48	8.41	8.42	686000
20171017	8.40	8.44	8.37	8.40	501900
20171018	8.40	8.42	8.31	8.34	694600
20171019	8.34	8.38	8.27	8.36	630000
20171020	8.40	8.40	8.28	8.30	724000
20171023	8.35	8.37	8.23	8.25	459500
20171024	8.25	8.29	8.24	8.26	662000
20171025	8.24	8.25	8.05	8.11	934000
20171026	8.14	8.14	8.01	8.05	842700
20171027	8.08	8.20	8.00	8.16	828000
20171030	8.15	8.16	8.06	8.08	523000
20171031	8.10	8.10	8.00	8.09	859900
20171101	8.12	8.16	8.06	8.06	695100
20171102	8.09	8.18	8.09	8.16	998600
20171103	8.08	8.16	8.05	8.15	588500
20171106	8.16	8.24	8.16	8.19	565100
20171107	8.36	8.51	8.25	8.30	955500
20171108	8.26	8.33	8.24	8.29	724000
20171109	8.27	8.35	8.24	8.28	592400
20171110	8.22	8.44	8.21	8.39	566100
20171113	8.37	8.44	8.35	8.40	669800
20171114	8.37	8.44	8.35	8.36	636300
20171115	8.32	8.41	8.31	8.32	749000
20171116	8.33	8.43	8.30	8.40	1000100
20171117	8.36	8.47	8.36	8.44	560500
20171120	8.44	8.44	8.38	8.39	729900
20171121	8.43	8.48	8.40	8.46	884200
20171122	8.47	8.49	8.44	8.44	386300
20171124	8.48	8.48	8.42	8.47	234000
20171127	8.47	8.48	8.36	8.36	567900
20171128	8.36	8.40	8.33	8.37	851400
20171129	8.36	8.44	8.29	8.37	1226600
20171130	8.38	8.40	8.33	8.36	1721700
20171201	8.39	8.40	8.28	8.38	1233500
20171204	8.41	8.48	8.33	8.33	943100
20171205	8.36	8.36	8.26	8.26	730900
20171206	8.29	8.29	8.14	8.16	462600
20171207	8.14	8.21	8.12	8.19	754200
20171208	8.21	8.26	8.16	8.20	730000
20171211	8.04	8.10	8.03	8.04	1353400
20171212	8.03	8.07	8.01	8.02	1093700
20171213	8.04	8.16	8.04	8.12	853100
20171214	8.08	8.09	7.97	7.97	1688000
20171215	8.00	8.04	7.97	7.97	3025400
20171218	8.00	8.12	8.00	8.06	968800
20171219	8.07	8.12	7.88	7.89	990300
20171220	7.89	7.95	7.81	7.81	1052700
20171221	7.82	7.85	7.79	7.84	866000
20171222	7.84	7.87	7.79	7.80	764700
20171226	7.81	7.86	7.80	7.81	648800
20171227	7.84	7.85	7.80	7.82	1030000
20171228	7.82	7.90	7.80	7.88	896900
20171229	7.88	7.92	7.84	7.86	945400
20180102	7.84	7.90	7.79	7.79	746200
20180103	7.79	7.84	7.78	7.79	945400
20180104	7.82	7.82	7.77	7.77	1188100
20180105	7.78	7.83	7.75	7.79	801400
20180108	7.79	7.85	7.75	7.83	1249400
20180109	7.81	7.83	7.60	7.61	1438600
20180110	7.57	7.58	7.44	7.51	1249500
20180111	7.51	7.61	7.51	7.60	643300
20180112	7.60	7.61	7.49	7.51	920700
20180116	7.53	7.64	7.46	7.47	1024100
20180117	7.51	7.56	7.45	7.54	837200
20180118	7.50	7.52	7.37	7.37	792200
20180119	7.35	7.49	7.34	7.48	788800
20180122	7.48	7.53	7.46	7.52	694500
20180123	7.56	7.61	7.48	7.61	713400
20180124	7.61	7.61	7.44	7.45	824900
20180125	7.48	7.48	7.35	7.39	906200
20180126	7.41	7.43	7.30	7.33	831700
20180129	7.30	7.34	7.20	7.28	1084500
20180130	7.26	7.30	7.22	7.22	966100
20180131	7.25	7.35	7.24	7.35	1456700
20180201	7.33	7.37	7.07	7.11	1214000
20180202	7.04	7.08	6.98	7.04	1472400
20180205	7.01	7.06	6.77	6.78	2164000
20180206	6.68	6.86	6.61	6.82	1690700
20180207	6.81	6.94	6.75	6.77	949100
20180208	6.77	6.83	6.60	6.60	1254500
20180209	6.63	6.82	6.56	6.73	1250400
20180212	6.74	6.80	6.50	6.78	1837500
20180213	6.75	6.80	6.66	6.76	877000
20180214	6.70	6.74	6.59	6.65	1134800
20180215	6.68	6.78	6.68	6.72	880800
20180216	6.73	6.88	6.73	6.82	1754800
20180220	6.81	6.86	6.60	6.61	999900
20180221	6.63	6.74	6.56	6.59	1171100
20180222	6.63	6.72	6.62	6.64	763200
20180223	6.69	6.75	6.64	6.74	706200
20180226	6.75	6.80	6.67	6.78	1319800
20180227	6.84	7.00	6.57	6.58	1648100
20180228	6.55	6.62	6.47	6.48	1328700
20180301	6.47	6.56	6.38	6.45	2283200
20180302	6.43	6.50	6.38	6.47	1793000
20180305	6.43	6.61	6.43	6.55	1084900
20180306	6.56	6.65	6.49	6.61	1012400
20180307	6.60	6.69	6.57	6.60	1943700
20180308	6.62	6.63	6.56	6.59	1095500
20180309	6.60	6.61	6.52	6.56	1433500
20180312	6.57	6.67	6.56	6.61	1441200
20180313	6.65	6.69	6.59	6.59	1086500
20180314	6.62	6.66	6.56	6.56	1212700
20180315	6.56	6.60	6.50	6.52	1084800
20180316	6.53	6.61	6.51	6.60	3313400
20180319	6.55	6.58	6.49	6.54	1296600
20180320	6.52	6.63	6.46	6.47	1240000
20180321	6.44	6.49	6.40	6.45	1064600
20180322	6.39	6.58	6.38	6.38	1487700
20180323	6.39	6.43	6.29	6.29	1493000
20180326	6.38	6.38	6.25	6.35	1224000
20180327	6.36	6.45	6.30	6.38	1355900
20180328	6.41	6.67	6.41	6.61	1213600
20180329	6.64	6.66	6.54	6.56	1539800
20180402	6.57	6.62	6.42	6.46	1089900
20180403	6.46	6.64	6.45	6.59	1234200
20180404	6.53	6.67	6.53	6.64	761600
20180405	6.66	6.70	6.58	6.68	757400
20180406	6.69	6.75	6.59	6.62	773200
20180409	6.64	6.69	6.58	6.60	1532200
20180410	6.62	6.66	6.57	6.61	1178100
20180411	6.57	6.67	6.56	6.58	761800
20180412	6.59	6.60	6.48	6.49	817900
20180413	6.50	6.56	6.45	6.52	745400
20180416	6.52	6.58	6.47	6.55	1323200
20180417	6.57	6.64	6.54	6.59	1074000
20180418	6.57	6.64	6.57	6.61	895400
20180419	6.56	6.62	6.40	6.43	1110500
20180420	6.43	6.46	6.36	6.37	797100
20180423	6.39	6.42	6.32	6.38	748700
20180424	6.39	6.51	6.35	6.49	1535300
20180425	6.49	6.56	6.43	6.52	752200
20180426	6.57	6.64	6.53	6.60	697600
20180427	6.62	6.80	6.62	6.72	853200
20180430	6.84	6.85	6.69	6.70	1133200
20180501	6.69	6.84	6.67	6.80	897200
20180502	6.77	6.84	6.65	6.79	925200
20180503	6.77	6.84	6.73	6.80	933200
20180504	6.79	6.88	6.78	6.86	587500
20180507	6.92	7.05	6.90	7.03	1062200
20180508	6.98	7.07	6.88	7.02	1746800
20180509	6.83	6.96	6.75	6.92	3053600
20180510	6.96	6.98	6.87	6.97	1222400
20180511	6.97	7.00	6.91	6.93	990000
20180514	6.93	6.95	6.77	6.81	1653900
20180515	6.77	6.77	6.66	6.67	1489800
20180516	6.71	6.74	6.67	6.68	1008400
20180517	6.68	6.77	6.67	6.72	1246400
20180518	6.76	6.80	6.72	6.80	833000
20180521	6.83	6.95	6.77	6.90	1174600
20180522	6.92	6.95	6.86	6.89	1342700
20180523	6.93	7.08	6.92	6.97	2604500
20180524	6.99	7.02	6.92	6.96	1120600
20180525	6.97	7.03	6.95	6.98	882300
20180529	6.98	7.12	6.96	7.10	1194000
20180530	7.09	7.22	7.07	7.18	1184300
20180531	7.18	7.20	7.12	7.19	1495300
20180601	7.17	7.23	7.12	7.14	1264700
20180604	7.16	7.20	7.11	7.17	1206700
20180605	7.20	7.22	7.14	7.15	2204100
20180606	7.14	7.18	7.09	7.16	930500
20180607	7.17	7.20	7.11	7.18	922400
20180608	7.17	7.25	7.17	7.22	858700
20180611	7.22	7.27	7.21	7.23	840200
20180612	7.23	7.27	7.21	7.24	1277200
20180613	7.25	7.27	7.03	7.09	996400
20180614	7.11	7.21	7.10	7.18	785800
20180615	7.18	7.27	7.17	7.26	2498400
20180618	7.25	7.32	7.23	7.32	1983600
20180619	7.32	7.37	7.27	7.33	1244000
20180620	7.35	7.38	7.27	7.35	1676400
20180621	7.35	7.39	7.30	7.38	1193400
20180622	7.41	7.49	7.36	7.49	2184400
20180625	7.49	7.49	7.35	7.42	1195900
20180626	7.43	7.44	7.37	7.40	1082300
20180627	7.42	7.46	7.30	7.30	945600
20180628	7.30	7.39	7.24	7.38	1748500
20180629	7.36	7.48	7.30	7.42	1205100
20180702	7.40	7.46	7.26	7.37	1010300
20180703	7.36	7.52	7.36	7.47	601300
20180705	7.51	7.61	7.47	7.61	721900
20180706	7.65	7.69	7.61	7.68	918800
20180709	7.69	7.70	7.57	7.63	933600
20180710	7.65	7.70	7.57	7.59	795800
20180711	7.54	7.60	7.51	7.52	749700
20180712	7.55	7.58	7.48	7.53	703900
20180713	7.56	7.59	7.52	7.54	513500
20180716	7.51	7.54	7.44	7.47	577500
20180717	7.44	7.52	7.36	7.36	826700
20180718	7.36	7.36	7.21	7.27	757900
20180719	7.28	7.48	7.26	7.46	748600
20180720	7.43	7.46	7.37	7.39	574100
20180723	7.36	7.40	7.31	7.37	542300
20180724	7.37	7.40	7.27	7.30	1385400
20180725	7.30	7.37	7.30	7.36	842900
20180726	7.37	7.49	7.37	7.44	666700
20180727	7.48	7.48	7.27	7.29	536200
20180730	7.30	7.37	7.26	7.34	489400
20180731	7.40	7.56	7.35	7.47	916400
20180801	7.42	7.47	7.32	7.47	640400
20180802	7.45	7.48	7.40	7.44	809000
20180803	7.46	7.53	7.45	7.52	503600
20180806	7.53	7.55	7.47	7.55	833600
20180807	7.55	7.62	7.51	7.60	1146800
20180808	7.47	7.53	7.36	7.49	872800
20180809	7.52	7.59	7.48	7.53	507300
20180810	7.53	7.59	7.51	7.53	1160300
20180813	7.54	7.55	7.48	7.53	847100
20180814	7.56	7.63	7.53	7.54	599600
20180815	7.55	7.62	7.52	7.61	698200
20180816	7.61	7.74	7.59	7.70	932800
20180817	7.70	7.80	7.69	7.77	621300
20180820	7.81	7.92	7.78	7.84	1168300
20180821	7.85	7.87	7.80	7.83	923100
20180822	7.84	7.85	7.72	7.74	752700
20180823	7.75	7.79	7.70	7.77	728300
20180824	7.76	7.82	7.73	7.80	492500
20180827	7.82	7.84	7.73	7.82	1151900
20180828	7.84	7.98	7.81	7.97	1078700
20180829	7.98	8.06	7.93	8.00	1826000
20180830	8.01	8.10	7.97	7.98	1940900
20180831	7.97	8.00	7.87	7.94	1125200
20180904	7.50	7.73	7.47	7.54	5052300
20180905	7.50	7.62	7.45	7.58	1964900
20180906	7.59	7.61	7.49	7.51	2060000
20180907	7.46	7.46	7.27	7.31	2539100
20180910	7.28	7.36	7.19	7.19	1854200
20180911	7.18	7.20	7.04	7.04	1938800
20180912	7.02	7.04	6.91	6.91	1865400
20180913	6.92	6.97	6.85	6.96	1660900
20180914	6.98	7.00	6.82	6.96	1443700
20180917	6.96	7.00	6.91	6.99	1420600
20180918	6.99	7.02	6.92	6.93	1323300
20180919	6.94	6.96	6.83	6.85	1995400
20180920	6.85	7.06	6.83	7.05	1452500
20180921	7.04	7.10	7.01	7.07	3258900
20180924	7.04	7.06	6.96	6.97	1280000
20180925	6.96	7.02	6.90	6.90	1393700
20180926	6.85	6.91	6.79	6.80	2809700
20180927	6.99	7.13	6.93	7.06	3052600
20180928	7.07	7.24	7.05	7.22	2505500
20181001	7.22	7.22	7.05	7.06	1790100
20181002	7.06	7.12	6.96	6.96	1937200
20181003	6.96	7.03	6.94	7.00	2460000
20181004	6.97	7.00	6.92	6.96	2062500
20181005	6.95	7.00	6.90	6.95	2119300
20181008	6.95	7.12	6.95	7.10	1393200
20181009	7.08	7.17	7.08	7.17	1245600
20181010	7.13	7.24	6.97	6.97	1829500
20181011	6.97	6.97	6.70	6.77	2213800
20181012	7.04	7.06	6.70	6.79	3131800
20181015	6.80	6.96	6.79	6.82	1223000
20181016	6.85	6.92	6.74	6.90	1915000
20181017	6.87	6.91	6.81	6.85	1110800
20181018	6.85	6.91	6.78	6.81	948500
20181019	6.81	6.89	6.80	6.84	986100
20181022	6.87	6.94	6.76	6.77	802700
20181023	6.73	6.94	6.73	6.84	1171100
20181024	6.87	6.95	6.82	6.86	1220900
20181025	6.86	7.04	6.80	6.99	1124400
20181026	6.97	6.97	6.75	6.78	1199600
20181029	6.85	6.98	6.77	6.87	958600
20181030	6.88	6.98	6.76	6.89	938200
20181031	6.90	6.91	6.76	6.76	1223900
20181101	6.74	6.83	6.74	6.77	1101500
20181102	6.79	6.81	6.66	6.75	1154300
20181105	6.78	6.95	6.75	6.90	1332400
20181106	6.92	7.14	6.90	7.13	1184300
20181107	7.19	7.30	7.11	7.26	1542900
20181108	7.26	7.39	7.25	7.37	1584700
20181109	7.37	7.38	7.27	7.31	960700
20181112	7.31	7.42	7.31	7.31	713900
20181113	7.33	7.41	7.15	7.20	1477300
20181114	7.24	7.37	7.21	7.29	1057700
20181115	7.25	7.28	7.13	7.28	1193100
20181116	7.23	7.28	7.17	7.27	1621600
20181119	7.26	7.33	7.22	7.32	1116700
20181120	7.30	7.36	7.23	7.30	1192500
20181121	7.31	7.49	7.25	7.42	1186700
20181123	7.38	7.50	7.36	7.44	400900
20181126	7.48	7.50	7.38	7.45	1239700
20181127	7.44	7.50	7.42	7.44	820700
20181128	7.44	7.58	7.42	7.57	1506200
20181129	7.56	7.60	7.49	7.52	997200
20181130	7.52	7.64	7.50	7.64	1438900
20181203	7.66	7.66	7.51	7.65	931800
20181204	7.64	7.69	7.34	7.38	1669500
20181206	7.30	7.66	7.24	7.66	1385500
20181207	7.66	7.69	7.58	7.66	1442900
20181210	7.66	7.66	7.50	7.57	1378400
20181211	7.63	7.67	7.53	7.60	1244200
20181212	7.65	7.72	7.47	7.49	1212800
20181213	7.50	7.71	7.50	7.63	1248700
20181214	7.60	7.70	7.57	7.63	1437400
20181217	7.61	7.65	7.25	7.27	1619600
20181218	7.33	7.52	7.30	7.42	1743700
20181219	7.41	7.44	7.24	7.29	2109400
20181220	7.30	7.31	7.06	7.10	1491500
20181221	7.11	7.24	7.04	7.07	8769200
20181224	7.04	7.08	6.87	6.87	1628900
20181226	6.89	7.26	6.85	7.23	2187200
20181227	7.14	7.24	7.01	7.23	2187300
20181228	7.29	7.40	7.22	7.26	1556600
20181231	7.29	7.31	7.15	7.30	1673000
20190102	7.20	7.28	7.11	7.22	1609000
20190103	7.21	7.39	7.15	7.19	1909300
20190104	7.25	7.42	7.23	7.38	1447800
20190107	7.43	7.65	7.43	7.54	1147000
20190108	7.61	7.71	7.57	7.64	1318800
20190109	7.64	7.73	7.54	7.67	1766900
20190110	7.67	7.83	7.65	7.77	1894700
20190111	7.77	7.83	7.70	7.78	1267900
20190114	7.77	7.86	7.76	7.79	1260400
20190115	7.82	7.87	7.76	7.85	1140800
20190116	7.86	7.98	7.84	7.98	1764300
20190117	7.94	8.01	7.93	7.99	1725700
20190118	8.01	8.06	7.96	8.01	1883100
20190122	8.06	8.13	8.00	8.06	1806300
20190123	8.09	8.16	8.01	8.15	1376100
20190124	8.15	8.17	8.09	8.13	957800
20190125	8.16	8.25	8.14	8.22	1786300
20190128	8.16	8.38	8.15	8.34	1301000
20190129	8.33	8.40	8.31	8.38	1645900
20190130	8.38	8.47	8.34	8.41	1882400
20190131	8.40	8.54	8.33	8.54	1974500
20190201	8.60	8.61	8.35	8.46	1572000
20190204	8.46	8.46	8.37	8.40	2496200
20190205	8.41	8.44	8.25	8.39	1331600
20190206	8.39	8.39	8.25	8.31	1348500
20190207	8.29	8.50	8.24	8.44	1764600
20190208	8.39	8.47	8.35	8.41	752600
20190211	8.41	8.50	8.40	8.44	2078000
20190212	8.45	8.47	8.32	8.41	1144700
20190213	8.40	8.49	8.36	8.48	792000
20190214	8.49	8.56	8.37	8.52	2259700
20190215	8.56	8.60	8.52	8.56	1977600
20190219	8.56	8.62	8.46	8.50	1664700
20190220	8.48	8.52	8.39	8.46	1632300
20190221	8.43	8.46	8.36	8.46	854200
20190222	8.47	8.55	8.41	8.52	1123300
20190225	8.53	8.53	8.41	8.41	1412400
20190226	8.43	8.49	8.39	8.45	2483700
20190227	8.26	8.39	8.04	8.33	3743000
20190228	8.32	8.43	8.17	8.25	3387300
20190301	8.10	8.19	7.94	7.99	8915100
20190304	7.98	8.10	7.93	7.96	4718600
20190305	7.95	8.04	7.87	7.88	3261800
20190306	7.89	7.94	7.82	7.89	2506700
20190307	7.93	7.95	7.81	7.84	1415700
20190308	7.82	7.88	7.78	7.83	1365000
20190311	7.86	7.94	7.84	7.93	1153700
20190312	7.96	8.03	7.92	8.02	1480400
20190313	8.04	8.12	8.02	8.08	1563200
20190314	8.08	8.09	7.99	8.04	1232500
20190315	8.04	8.05	7.93	7.94	3644900
20190318	7.84	8.04	7.83	7.93	1292400
20190319	7.94	7.99	7.91	7.95	1327900
20190320	7.93	8.11	7.89	8.04	1758700
20190321	8.06	8.21	8.00	8.18	3170400
20190322	8.17	8.22	8.11	8.11	1926600
20190325	8.12	8.16	8.00	8.11	1156100
20190326	8.11	8.20	8.10	8.17	1206200
20190327	8.17	8.22	8.08	8.14	1291900
20190328	8.16	8.25	8.13	8.21	848500
20190329	8.24	8.26	8.13	8.14	1618300
20190401	8.18	8.30	8.16	8.29	2962700
20190402	8.31	8.38	8.22	8.38	2127000
20190403	8.40	8.51	8.34	8.45	1546400
20190404	8.43	8.47	8.35	8.46	1882800
20190405	8.44	8.47	8.29	8.43	1951200
20190408	8.41	8.41	8.26	8.30	1077100
20190409	8.31	8.32	8.13	8.15	1064600
20190410	8.20	8.33	8.14	8.28	2224300
20190411	8.29	8.37	8.29	8.32	1570400
20190412	8.32	8.32	8.20	8.30	980700
20190415	8.31	8.32	8.18	8.20	932900
20190416	8.22	8.22	7.95	8.03	1211100
20190417	8.06	8.12	7.99	8.05	2466400
20190418	8.05	8.14	8.02	8.11	804000
20190422	8.07	8.08	7.89	7.97	1461600
20190423	8.02	8.24	7.99	8.20	2193900
20190424	8.20	8.29	8.14	8.22	1088500
20190425	8.19	8.20	8.09	8.12	936300
20190426	8.16	8.19	8.10	8.17	956700
20190429	8.17	8.23	8.08	8.08	1529900
20190430	8.10	8.20	8.08	8.15	1671300
20190501	8.16	8.23	8.08	8.11	2722800
20190502	8.11	8.19	8.03	8.05	1618100
20190503	8.09	8.23	8.09	8.21	1382300
20190506	8.17	8.34	8.17	8.24	1342900
20190507	8.20	8.22	8.08	8.12	1617900
20190508	8.11	8.22	8.05	8.10	1064500
20190509	8.06	8.24	8.06	8.20	1408500
20190510	8.16	8.29	8.12	8.26	1163600
20190513	8.17	8.29	8.17	8.23	1440700
20190514	8.22	8.27	8.18	8.22	1118900
20190515	8.18	8.32	8.17	8.26	1214800
20190516	8.23	8.31	8.23	8.31	1163500
20190517	8.29	8.29	8.21	8.25	1351600
20190520	8.16	8.24	8.11	8.11	855600
20190521	8.16	8.20	8.14	8.17	891300
20190522	8.14	8.20	8.12	8.15	1234300
20190523	8.11	8.20	8.05	8.20	1878300
20190524	8.23	8.26	8.20	8.22	2147100
20190528	8.33	8.36	8.25	8.25	1819100
20190529	8.22	8.29	8.12	8.15	1486200
20190530	8.17	8.27	8.16	8.17	1810700
20190531	8.12	8.25	8.02	8.24	2902200
20190603	8.25	8.28	8.10	8.17	2182200
20190604	8.20	8.25	8.11	8.22	1828500
20190605	8.24	8.41	8.19	8.40	1005700
20190606	8.40	8.48	8.33	8.44	1259800
20190607	8.48	8.56	8.45	8.46	1182300
20190610	8.46	8.50	8.29	8.31	986100
20190611	8.33	8.36	8.24	8.29	2044800
20190612	8.31	8.43	8.30	8.38	1125400
20190613	8.44	8.56	8.42	8.56	1397900
20190614	8.53	8.57	8.45	8.45	879000
20190617	8.45	8.77	8.45	8.71	3827800
20190618	8.76	8.88	8.61	8.69	4136400
20190619	8.66	8.78	8.57	8.74	1257300
20190620	8.80	8.88	8.74	8.81	2048400
20190621	8.74	8.76	8.62	8.74	2367300
20190624	8.77	8.80	8.65	8.68	1509600
20190625	8.69	8.79	8.56	8.57	1412400
20190626	8.56	8.56	8.29	8.29	1635000
20190627	8.33	8.45	8.33	8.45	1488300
20190628	8.47	8.63	8.47	8.55	4554400
20190701	8.62	8.62	8.32	8.47	1181600
20190702	8.50	8.62	8.45	8.56	904300
20190703	8.59	8.69	8.59	8.68	449800
20190705	8.61	8.67	8.48	8.62	1744000
20190708	8.62	8.69	8.61	8.65	824400
20190709	8.65	8.68	8.62	8.68	904800
20190710	8.72	8.84	8.70	8.72	1565200
20190711	8.74	8.77	8.64	8.64	2416200
20190712	8.65	8.72	8.60	8.61	1037100
20190715	8.67	8.75	8.64	8.66	982100
20190716	8.63	8.79	8.55	8.72	1506300
20190717	8.74	8.78	8.64	8.72	1370000
20190718	8.72	8.80	8.67	8.76	1110800
20190719	8.73	8.80	8.62	8.62	1461800
20190722	8.65	8.75	8.55	8.62	788000
20190723	8.62	8.77	8.61	8.73	746400
20190724	8.73	8.84	8.72	8.82	1358000
20190725	8.79	8.84	8.73	8.80	1067600
20190726	8.82	8.85	8.77	8.82	753200
20190729	8.86	8.94	8.84	8.85	780100
20190730	8.82	8.96	8.82	8.95	991300
20190731	8.95	9.05	8.92	8.97	1901900
20190801	8.98	9.00	8.88	8.88	1134900
20190802	8.82	8.85	8.70	8.73	1216100
20190805	8.66	8.67	8.38	8.50	1319800
20190806	8.52	8.68	8.50	8.63	1575100
20190807	8.65	9.04	8.58	8.96	1662400
20190808	9.14	9.35	9.06	9.31	3263100
20190809	9.26	9.33	9.22	9.33	1516900
20190812	9.32	9.36	9.28	9.32	917200
20190813	9.30	9.40	9.28	9.35	839700
20190814	9.21	9.36	9.18	9.34	2531000
20190815	9.38	9.56	9.31	9.45	1560600
20190816	9.46	9.62	9.31	9.58	2466100
20190819	9.63	9.70	9.58	9.64	1298300
20190820	9.64	9.64	9.53	9.55	1194300
20190821	9.58	9.59	9.50	9.54	1882500
20190822	9.57	9.64	9.53	9.61	923000
20190823	9.60	9.68	9.44	9.45	1898800
20190826	9.48	9.50	9.33	9.47	1439800
20190827	9.52	9.55	9.37	9.38	2003300
20190828	9.37	9.43	9.34	9.41	1005300
20190829	9.45	9.49	9.41	9.46	751100
20190830	9.47	9.53	9.43	9.44	704700
20190903	9.41	9.57	9.40	9.54	929500
20190904	9.60	9.64	9.50	9.51	1438300
20190905	9.21	9.23	8.88	8.91	12575200
20190906	8.94	9.12	8.91	9.04	2652700
20190909	9.02	9.13	9.00	9.04	3331600
20190910	9.02	9.12	8.97	9.09	3090800
20190911	9.12	9.15	9.01	9.14	2222400
20190912	9.22	9.26	9.12	9.17	2413300
20190913	9.17	9.27	9.15	9.18	2858900
20190916	9.21	9.32	9.20	9.30	1454600
20190917	9.32	9.41	9.31	9.35	1511400
20190918	9.40	9.40	9.22	9.35	2130000
20190919	9.40	9.50	9.38	9.43	2311600
20190920	9.48	9.57	9.42	9.42	8565600
20190923	9.49	9.52	9.35	9.44	1686600
20190924	9.49	9.51	9.32	9.33	2261800
20190925	9.34	9.37	9.25	9.32	1884800
20190926	9.38	9.44	9.27	9.43	1578500
20190927	9.47	9.47	9.33	9.36	752500
20190930	9.34	9.47	9.34	9.41	1427200
20191001	9.44	9.49	9.30	9.34	855000
20191002	9.30	9.34	9.21	9.33	1343600
20191003	9.33	9.54	9.32	9.50	1160000
20191004	9.52	9.58	9.48	9.55	878400
20191007	9.48	9.56	9.45	9.45	1227200
20191008	9.40	9.56	9.38	9.47	1231200
20191009	9.52	9.56	9.46	9.52	1324800
20191010	9.53	9.66	9.51	9.62	1906300
20191011	9.68	9.72	9.60	9.62	2431600
20191014	9.62	9.62	9.55	9.61	711700
20191015	9.61	9.66	9.57	9.64	1393300
20191016	9.63	9.68	9.55	9.61	1081800
20191017	9.59	9.72	9.59	9.71	1728600
20191018	9.68	9.80	9.68	9.78	1010700
20191021	9.79	9.88	9.78	9.81	1342100
20191022	9.85	9.88	9.76	9.80	1172300
20191023	9.83	9.85	9.74	9.83	1043300
20191024	9.85	9.85	9.76	9.81	1136500
20191025	9.79	9.80	9.69	9.74	1198200
20191028	9.71	9.84	9.71	9.82	1514500
20191029	9.82	9.97	9.82	9.91	1853200
20191030	9.91	9.99	9.86	9.98	1284400
20191031	9.98	10.03	9.94	9.99	2004300
20191101	9.99	10.01	9.83	9.89	1905200
20191104	9.88	9.89	9.81	9.87	1480100
20191105	9.83	9.85	9.56	9.58	2040200
20191106	9.57	9.79	9.47	9.67	1890200
20191107	9.69	9.84	9.68	9.79	1544400
20191108	9.76	9.87	9.75	9.84	1742700
20191111	9.83	10.00	9.83	9.97	3020500
20191112	9.99	10.00	9.84	9.87	1895200
20191113	9.86	9.99	9.86	9.94	2322800
20191114	9.95	10.01	9.94	9.99	1527500
20191115	10.01	10.04	9.93	10.02	1427600
20191118	10.01	10.09	9.99	10.03	2712700
20191119	10.05	10.15	9.99	10.07	3016300
20191120	10.07	10.15	10.05	10.06	1477600
20191121	10.04	10.06	9.93	10.00	2042400
20191122	10.05	10.07	9.94	10.00	1261400
20191125	10.03	10.15	10.02	10.11	1412800
20191126	10.12	10.24	10.12	10.20	1467900
20191127	10.20	10.25	10.16	10.23	985300
20191129	10.22	10.27	10.15	10.17	539400
20191202	10.16	10.16	10.03	10.03	1216900
20191203	9.98	10.12	9.96	10.07	1166700
20191204	10.08	10.17	10.06	10.09	1023800
20191205	10.02	10.12	10.01	10.10	1288600
20191206	10.12	10.19	10.10	10.13	1436700
20191209	10.15	10.24	10.12	10.24	1905400
20191210	10.24	10.26	10.18	10.21	2548300
20191211	10.18	10.20	9.85	9.87	2352600
20191212	9.86	9.91	9.68	9.69	1792700
20191213	9.71	9.74	9.53	9.68	2932800
20191216	9.72	9.79	9.67	9.77	2431900
20191217	9.79	9.81	9.61	9.64	2432600
20191218	9.67	9.79	9.66	9.74	2129200
20191219	9.74	9.79	9.71	9.73	2797000
20191220	9.76	9.82	9.71	9.82	8111100
20191223	9.84	9.89	9.69	9.70	1493300
20191224	9.72	9.76	9.69	9.72	498900
20191226	9.77	9.80	9.67	9.68	1107400
20191227	9.73	9.80	9.73	9.76	1222700
20191230	9.74	9.82	9.73	9.76	1189800
20191231	9.76	9.86	9.75	9.85	1398800
20200102	9.86	9.87	9.64	9.78	2102600
20200103	9.73	9.95	9.69	9.94	1480800
20200106	9.87	10.02	9.84	9.96	1485200
20200107	9.90	9.97	9.79	9.84	1012400
20200108	9.47	9.75	9.41	9.74	2799800
20200109	9.76	9.83	9.71	9.76	1578900
20200110	9.78	9.93	9.77	9.91	1204100
20200113	9.93	10.04	9.86	9.97	1631600
20200114	9.96	10.00	9.83	9.88	1689600
20200115	9.92	10.10	9.92	10.07	2153800
20200116	10.11	10.22	10.10	10.15	3062200
20200117	10.19	10.19	10.11	10.11	1280200
20200121	10.12	10.19	10.07	10.17	1382500
20200122	10.20	10.24	10.07	10.08	1418500
20200123	10.09	10.31	10.05	10.24	1821300
20200124	10.24	10.32	10.10	10.11	2068800
20200127	10.05	10.18	9.97	10.17	2159700
20200128	10.20	10.40	10.11	10.39	1626500
20200129	10.42	10.45	10.33	10.37	2066800
20200130	10.32	10.42	10.31	10.38	1370700
20200131	10.37	10.42	10.19	10.26	1823000
20200203	10.28	10.40	10.24	10.37	1716000
20200204	10.40	10.49	10.35	10.42	966100
20200205	10.46	10.46	10.31	10.32	2139300
20200206	10.33	10.46	10.29	10.34	929200
20200207	10.35	10.40	10.23	10.24	1340800
20200210	10.27	10.39	10.24	10.38	1362300
20200211	10.41	10.49	10.34	10.37	1640400
20200212	10.40	10.51	10.23	10.40	2450700
20200213	10.38	10.62	10.37	10.57	1219000
20200214	10.59	10.73	10.57	10.71	1866000
20200218	10.71	10.76	10.64	10.74	1264400
20200219	10.74	10.74	10.62	10.65	1516900
20200220	10.62	10.91	10.56	10.89	1889800
20200221	10.87	10.96	10.84	10.88	2202000
20200224	10.71	10.90	10.69	10.87	2751200
20200225	10.89	10.96	10.62	10.62	2802100
20200226	10.64	10.72	10.45	10.45	1874800
20200227	10.30	10.37	9.78	9.80	2641800
20200228	9.62	9.77	9.36	9.61	5436200
20200302	9.66	9.96	9.25	9.94	2868700
20200303	9.97	10.32	9.82	10.12	4149900
20200304	10.28	10.43	10.21	10.37	1710500
20200305	10.18	10.36	10.11	10.33	2611800
20200306	10.05	10.32	9.95	10.28	2821500
20200309	9.80	9.82	9.36	9.38	2666800
20200310	9.58	9.65	9.10	9.65	2619400
20200311	9.42	9.44	9.01	9.10	2239900
20200312	8.51	8.71	8.01	8.11	2430700
20200313	8.49	9.05	7.86	9.05	3025500
20200316	8.13	8.32	7.89	8.02	2472500
20200317	8.09	9.03	7.69	8.73	3786600
20200318	8.16	8.53	7.78	8.16	2972700
20200319	8.09	8.84	7.74	8.71	3606400
20200320	8.76	9.11	7.95	8.05	5310800
20200323	8.00	8.12	7.29	7.53	5043100
20200324	7.88	8.22	7.43	8.02	4334300
20200325	8.02	9.20	8.02	8.58	4334400
20200326	8.70	9.15	8.56	8.93	3343400
20200327	8.60	9.30	8.47	8.97	1774400
20200330	9.09	9.39	8.75	9.33	2943600
20200331	9.19	9.64	8.63	9.31	4693900
20200401	8.80	8.95	8.18	8.73	2368800
20200402	8.53	9.04	8.43	9.04	1695700
20200403	9.00	9.07	8.59	8.86	2356800
20200406	9.24	9.65	9.11	9.56	1967000
20200407	9.94	10.07	9.35	9.52	2242500
20200408	9.69	9.98	9.52	9.64	1689600
20200409	9.92	10.20	9.74	10.20	2269400
20200413	10.05	10.12	9.65	9.76	1222600
20200414	10.01	10.14	9.94	9.96	1433100
20200415	9.67	9.80	9.34	9.54	1629200
20200416	9.58	9.76	9.34	9.52	1801700
20200417	9.79	9.85	9.52	9.62	1461300
20200420	9.36	9.44	9.22	9.28	1351000
20200421	9.01	9.39	8.90	9.34	1095800
20200422	9.60	9.67	9.47	9.57	1749500
20200423	9.51	9.67	9.43	9.55	1351200
20200424	9.64	9.64	9.38	9.50	870600
20200427	9.59	9.93	9.59	9.79	1193900
20200428	9.93	10.25	9.85	9.88	1051900
20200429	10.20	10.43	10.08	10.21	1566300
20200430	9.93	9.95	9.58	9.79	1882100
20200501	9.47	9.59	9.22	9.43	1403100
20200504	9.26	9.34	9.14	9.24	1088000
20200505	9.43	9.59	9.32	9.34	860600
20200506	9.38	9.49	9.31	9.31	911600
20200507	9.41	9.69	9.25	9.59	1431500
20200508	9.79	9.85	9.53	9.71	1250300
20200511	9.46	9.56	9.25	9.41	1611900
20200512	9.00	9.09	8.67	8.76	9764800
20200513	8.75	8.77	8.09	8.14	7042500
20200514	7.97	8.19	7.87	8.16	4298800
20200515	8.15	8.26	7.99	8.22	3123600
20200518	8.53	8.86	8.47	8.65	2249900
20200519	8.59	8.68	8.47	8.47	1696400
20200520	8.63	8.75	8.53	8.68	1956800
20200521	8.61	8.78	8.60	8.68	1716200
20200522	8.69	8.74	8.60	8.68	1299200
20200526	8.97	9.04	8.87	8.89	2017700
20200527	9.06	9.16	8.90	9.05	2282600
20200528	9.05	9.07	8.92	9.00	2402600
20200529	8.89	9.14	8.81	9.11	5230600
20200601	9.11	9.19	8.95	9.05	2959900
20200602	9.17	9.43	9.08	9.33	1688700
20200603	9.49	9.86	9.43	9.82	2045900
20200604	9.75	9.80	9.60	9.69	1866700
20200605	10.03	10.18	9.96	10.02	2126900
20200608	9.96	10.14	9.87	10.04	1919300
20200609	9.85	9.93	9.77	9.83	2535200
20200610	9.79	9.85	9.42	9.55	1391000
20200611	9.07	9.30	9.04	9.14	2373400
20200612	9.45	9.61	9.21	9.60	2743700
20200615	9.31	9.95	9.25	9.94	4742900
20200616	10.27	10.44	10.09	10.30	3025800
20200617	10.38	10.41	10.19	10.30	2425100
20200618	10.19	10.43	10.15	10.30	3005300
20200619	10.38	10.41	9.94	10.00	16790000
20200622	9.93	10.08	9.69	10.01	2827400
20200623	10.13	10.16	9.94	9.94	2532700
20200624	9.80	9.92	9.50	9.76	2067100
20200625	9.72	9.89	9.70	9.86	1952200
20200626	9.80	9.88	9.64	9.68	3541300
20200629	9.82	9.90	9.66	9.80	1654300
20200630	9.79	10.07	9.79	9.99	1708200
20200701	10.04	10.31	10.02	10.24	1084700
20200702	10.42	10.46	10.21	10.25	1051900
20200706	10.47	10.47	10.21	10.23	853600
20200707	10.05	10.14	9.94	9.98	1297200
20200708	9.96	10.03	9.85	9.88	1332100
20200709	9.86	9.90	9.67	9.84	1354700
20200710	9.89	10.00	9.83	9.85	1380500
20200713	9.90	9.94	9.78	9.81	2105600
20200714	9.82	9.90	9.78	9.87	1249900
20200715	10.08	10.15	9.85	9.90	2196100
20200716	9.83	9.90	9.64	9.69	1814300
20200717	9.72	9.96	9.65	9.92	1058800
20200720	9.90	9.90	9.83	9.87	721900
20200721	10.02	10.30	9.98	10.23	3173600
20200722	10.15	10.53	10.12	10.47	3264000
20200723	10.38	10.48	10.27	10.37	1486200
20200724	10.35	10.42	10.24	10.28	1025400
20200727	10.28	10.58	10.19	10.55	1715100
20200728	10.47	10.85	10.43	10.74	2110800
20200729	10.77	11.00	10.77	10.99	1509000
20200730	10.83	11.08	10.81	10.99	1505900
20200731	10.97	11.05	10.86	10.98	3241600
20200803	11.04	11.04	10.73	10.87	1119100
20200804	10.80	11.12	10.78	11.07	1526400
20200805	11.17	11.32	11.06	11.26	1396300
20200806	11.11	11.44	11.07	11.29	1133800
20200807	11.28	11.33	11.22	11.31	1194300
20200810	11.32	11.34	11.26	11.29	1126100
20200811	11.36	11.36	11.00	11.04	1291200
20200812	11.14	11.18	11.04	11.11	1289000
20200813	11.04	11.19	10.97	10.97	1004500
20200814	10.94	11.11	10.92	10.95	923300
20200817	10.69	11.13	10.63	11.11	977500
20200818	11.06	11.14	11.03	11.06	1026500
20200819	11.06	11.08	10.82	10.84	1251100
20200820	10.79	11.07	10.79	10.90	1352500
20200821	10.91	11.10	10.91	10.97	2316200
20200824	11.03	11.05	10.86	11.04	1484900
20200825	11.10	11.14	10.97	11.04	1436700
20200826	11.03	11.11	10.94	10.97	1507200
20200827	11.02	11.15	10.94	10.99	1546600
20200828	11.11	11.11	10.88	10.91	1047700
20200831	10.90	11.00	10.76	10.77	2729500
20200901	10.67	10.86	10.65	10.77	2338400
20200902	10.77	10.89	10.65	10.85	3286200
20200903	10.88	11.04	10.73	10.79	1402900
20200904	10.85	10.93	10.48	10.67	1219600
20200908	10.61	10.61	10.43	10.50	1348900
20200909	10.58	10.78	10.57	10.68	1397600
20200910	10.64	10.68	10.51	10.56	1452400
20200911	10.58	10.58	10.31	10.43	1647400
20200914	10.51	10.76	10.50	10.69	1795400
20200915	10.73	10.81	10.62	10.63	1681300
20200916	10.68	10.68	10.39	10.45	2683500
20200917	10.36	10.47	10.21	10.25	2243800
20200918	10.32	10.42	10.04	10.05	4962400
20200921	9.89	9.97	9.64	9.69	3874200
20200922	9.72	9.99	9.69	9.94	1978400
20200923	9.90	10.04	9.72	9.72	1953600
20200924	9.74	9.96	9.72	9.78	1193600
20200925	9.72	9.90	9.72	9.90	1333200
20200928	10.05	10.23	9.99	10.18	4050000
20200929	10.20	10.20	10.00	10.08	1463600
20200930	10.11	10.16	9.91	9.99	2028900
20201001	10.01	10.16	9.89	10.14	2059800
20201002	9.97	10.37	9.91	10.35	1896400
20201005	10.42	10.47	10.25	10.37	1335000
20201006	10.42	10.54	10.22	10.26	2654400
20201007	10.34	10.38	10.24	10.25	2090400
20201008	10.34	10.55	10.34	10.44	953300
20201009	10.54	10.60	10.44	10.47	1073800
20201012	10.50	10.60	10.43	10.53	1476800
20201013	10.45	10.57	10.28	10.30	1441000
20201014	10.27	10.28	10.00	10.00	790600
20201015	9.93	10.27	9.91	10.20	1348600
20201016	10.18	10.22	10.07	10.09	1201000
20201019	10.16	10.16	9.89	9.89	1629500
20201020	9.97	10.13	9.90	10.07	1124900
20201021	10.04	10.15	10.00	10.14	2142400
20201022	10.14	10.25	10.11	10.20	1620800
20201023	10.28	10.35	10.16	10.32	1328900
20201026	10.19	10.23	10.02	10.11	1894200
20201027	10.10	10.17	9.91	9.91	971400
20201028	9.72	9.80	9.52	9.56	1783500
20201029	9.51	9.61	9.44	9.58	1375300
20201030	9.57	9.61	9.39	9.50	1187400
20201102	9.62	9.70	9.48	9.59	1644400
20201103	9.74	9.88	9.65	9.84	1461100
20201104	9.78	9.84	9.67	9.79	1488100
20201105	9.81	9.88	9.57	9.66	1213900
20201106	9.69	9.69	9.39	9.40	1738400
20201109	9.91	10.30	9.51	9.53	3550500
20201110	9.61	9.91	9.41	9.90	2184200
20201111	9.94	9.99	9.76	9.91	1588400
20201112	9.83	9.96	9.74	9.81	1486000
20201113	9.89	10.20	9.89	10.16	2110400
20201116	10.44	10.55	10.25	10.53	2259300
20201117	10.41	10.48	10.16	10.38	1801200
20201118	10.38	10.39	10.07	10.08	1892900
20201119	10.00	10.02	9.85	10.00	1621200
20201120	9.92	9.95	9.76	9.80	1432200
20201123	9.88	10.05	9.84	9.94	1853100
20201124	10.04	10.22	9.97	9.99	2092500
20201125	10.21	10.21	9.95	10.10	1773000
20201127	10.13	10.15	9.85	9.92	621800
20201130	9.85	9.91	9.74	9.76	2653300
20201201	9.85	10.03	9.68	9.94	1542000
20201202	9.93	9.93	9.72	9.72	1806400
20201203	9.72	9.95	9.72	9.89	1573300
20201204	9.95	10.13	9.95	10.13	1477700
20201207	10.07	10.16	10.04	10.06	2381200
20201208	10.03	10.12	9.98	10.05	1684300
20201209	10.08	10.24	10.03	10.22	2564700
20201210	10.30	10.33	10.16	10.18	1534300
20201211	10.13	10.24	10.12	10.17	1488300
20201214	10.27	10.45	10.25	10.28	2921500
20201215	10.38	10.59	10.25	10.59	1940200
20201216	10.60	10.69	10.53	10.60	2548800
20201217	10.64	10.72	10.58	10.66	1767600
20201218	10.70	10.70	10.21	10.29	5382600
20201221	10.09	10.19	10.05	10.18	4893200
20201222	10.16	10.40	10.13	10.38	1596500
20201223	10.43	10.51	10.17	10.19	1681900
20201224	10.23	10.31	10.13	10.29	571600
20201228	10.34	10.47	10.24	10.46	1381200
20201229	10.51	10.54	10.20	10.23	2138800
20201230	10.27	10.38	10.18	10.21	1403400
20201231	10.18	10.28	10.09	10.26	1743700
20210104	10.33	10.36	9.82	9.83	2327200
20210105	9.83	9.94	9.78	9.79	2209100
20210106	9.85	10.01	9.70	9.92	2898400
20210107	9.88	9.88	9.64	9.75	1998500
20210108	9.74	9.86	9.67	9.85	1557900
20210111	9.85	9.89	9.65	9.75	1136700
20210112	9.75	9.79	9.64	9.77	1399900
20210113	9.81	9.95	9.77	9.86	1245200
20210114	9.93	9.97	9.82	9.89	1639500
20210115	9.83	9.93	9.78	9.88	1572200
20210119	9.97	9.97	9.82	9.91	1589600
20210120	9.88	10.09	9.84	10.06	1027700
20210121	10.04	10.04	9.80	9.90	1541400
20210122	9.81	10.11	9.80	10.11	1609000
20210125	10.05	10.26	9.98	10.10	1065300
20210126	10.12	10.31	10.12	10.28	1002400
20210127	10.19	10.38	10.08	10.16	1994000
20210128	10.19	10.23	10.05	10.08	1880100
20210129	10.05	10.19	9.83	9.90	1757800
20210201	9.91	10.25	9.87	10.25	1503600
20210202	10.35	10.44	10.12	10.38	1146100
20210203	10.30	10.37	10.10	10.35	1271900
20210204	10.32	10.52	10.29	10.37	1852800
20210205	10.47	10.58	10.42	10.56	914200
20210208	10.61	10.66	10.49	10.65	1371600
20210209	10.69	10.80	10.61	10.70	1687300
20210210	10.80	10.86	10.69	10.78	1109000
20210211	10.81	10.90	10.68	10.83	1047100
20210212	10.78	10.88	10.74	10.79	1462800
20210216	10.81	10.87	10.48	10.61	1563600
20210217	10.51	10.63	10.50	10.51	958300
20210218	10.51	10.76	10.44	10.44	1071500
20210219	10.42	10.56	10.37	10.55	1388700
20210222	10.46	10.67	10.40	10.63	1464000
20210223	10.69	10.74	10.60	10.67	1698800
20210224	10.73	10.82	10.65	10.79	3787100
20210225	10.81	10.90	10.59	10.66	1940700
20210226	10.68	10.69	10.36	10.36	2115000
20210301	10.54	10.61	10.42	10.44	1617400
20210302	10.42	10.44	10.16	10.26	1810000
20210303	10.31	10.42	10.23	10.28	4320300
20210304	10.33	10.53	10.17	10.27	1920200
20210305	10.38	10.47	10.21	10.46	1738400
20210308	10.50	10.73	10.42	10.63	1718700
20210309	10.69	10.82	10.65	10.66	1647600
20210310	10.71	10.79	10.65	10.65	1708000
20210311	10.71	10.76	10.65	10.71	1135700
20210312	10.69	11.08	10.69	11.06	2213000
20210315	11.05	11.35	10.98	11.35	2456100
20210316	11.31	11.36	11.11	11.17	1973100
20210317	11.13	11.21	10.91	11.00	1566600
20210318	10.97	11.07	10.86	10.93	2039500
20210319	10.94	11.00	10.71	10.71	3657100
20210322	10.72	10.75	10.65	10.73	1075500
20210323	10.67	10.89	10.65	10.77	1991100
20210324	10.82	10.98	10.66	10.66	1122700
20210325	10.60	10.77	10.41	10.71	1209300
20210326	10.78	11.14	10.78	11.14	1897200
20210329	11.13	11.24	10.88	10.89	1871200
20210330	10.91	11.07	10.88	10.98	1243400
20210331	10.96	11.07	10.84	10.84	2889900
20210401	10.94	11.21	10.85	11.20	1544900
20210405	11.27	11.31	11.06	11.18	1627500
20210406	11.12	11.30	11.12	11.22	1660500
20210407	11.21	11.27	11.08	11.18	1643500
20210408	11.17	11.27	11.14	11.16	1558100
20210409	11.16	11.22	11.11	11.14	880200
20210412	11.13	11.33	11.11	11.30	1007900
20210413	11.36	11.42	11.26	11.31	1452400
20210414	11.29	11.36	11.19	11.20	907900
20210415	11.26	11.40	11.19	11.39	665600
20210416	11.44	11.44	11.28	11.35	1069600
20210419	11.34	11.49	11.32	11.46	2352700
20210420	11.46	11.68	11.38	11.65	2814100
20210421	11.68	11.83	11.62	11.74	2372000
20210422	11.76	11.80	11.53	11.60	2796800
20210423	11.63	11.71	11.54	11.67	2307900
20210426	11.77	11.83	11.70	11.75	2279500
20210427	11.79	11.82	11.67	11.75	2421800
20210428	11.80	11.90	11.76	11.81	2319600
20210429	11.86	12.04	11.85	11.97	2373300
20210430	11.93	12.01	11.88	11.94	2864200
20210503	12.01	12.04	11.90	11.93	1996700
20210504	11.93	12.02	11.76	11.78	1167900
20210505	11.77	11.82	11.52	11.74	2554400
20210506	11.78	11.97	11.77	11.90	2397600
20210507	11.97	12.35	11.80	12.32	1474000
20210510	12.38	12.44	12.23	12.27	2418300
20210511	11.73	11.93	11.66	11.76	6716700
20210512	11.77	11.94	11.54	11.59	8428400
20210513	11.69	11.83	11.60	11.77	4913400
20210514	11.82	11.90	11.76	11.82	2664700
20210517	11.81	11.86	11.69	11.76	1678400
20210518	11.74	11.81	11.70	11.75	2842100
20210519	11.65	11.82	11.57	11.81	1869400
20210520	11.81	11.86	11.76	11.80	3342500
20210521	11.81	11.83	11.63	11.75	2422600
20210524	11.80	11.92	11.76	11.84	2958900
20210525	11.88	12.01	11.75	11.90	4463400
20210526	11.95	12.13	11.95	12.06	4336600
20210527	12.10	12.17	12.05	12.05	2379600
20210528	12.13	12.17	12.07	12.07	1375800
20210601	12.09	12.40	12.08	12.36	2538200
20210602	12.41	12.43	12.23	12.24	2276400
20210603	12.21	12.23	12.06	12.18	3956700
20210604	12.23	12.30	12.19	12.27	1777400
20210607	12.34	12.52	12.33	12.46	2469200
20210608	12.49	12.66	12.48	12.57	1208700
20210609	12.65	12.70	12.59	12.61	1157800
20210610	12.60	12.71	12.53	12.69	1858800
20210611	12.70	12.70	12.53	12.65	1512200
20210614	12.62	12.70	12.58	12.68	1327000
20210615	12.69	12.71	12.49	12.50	2050800
20210616	12.52	12.58	12.32	12.33	1267000
20210617	12.28	12.32	12.14	12.21	1588900
20210618	12.53	12.53	11.98	12.00	3758200
20210621	12.05	12.25	11.98	12.17	1609500
20210622	12.18	12.19	12.08	12.10	2236300
20210623	12.07	12.13	11.92	11.93	1588600
20210624	11.96	11.98	11.84	11.96	1417300
20210625	11.91	12.05	11.91	11.96	3055400
20210628	11.96	11.98	11.75	11.90	1984500
20210629	11.83	11.93	11.80	11.83	1472700
20210630	11.83	11.91	11.76	11.76	1892100
20210701	11.80	11.94	11.76	11.87	2109000
20210702	11.93	11.97	11.85	11.91	2192500
20210706	11.87	12.04	11.78	12.02	2726300
20210707	12.00	12.12	11.96	12.06	1897200
20210708	11.97	12.03	11.85	11.89	1900500
20210709	11.97	12.10	11.87	12.06	2175300
20210712	12.09	12.32	12.03	12.32	1675400
20210713	12.32	12.33	12.16	12.24	1869900
20210714	12.27	12.38	12.17	12.33	1617500
20210715	12.35	12.49	12.27	12.48	1572600
20210716	12.55	12.62	12.38	12.41	1500000
20210719	12.24	12.36	12.03	12.15	1536600
20210720	12.23	12.61	12.15	12.49	2350200
20210721	12.52	12.68	12.51	12.55	1534300
20210722	12.49	12.53	12.36	12.48	1855600
20210723	12.51	12.67	12.48	12.65	1436800
20210726	12.67	12.73	12.51	12.59	1844500
20210727	12.50	12.69	12.49	12.67	1478000
20210728	12.71	12.77	12.59	12.71	2350200
20210729	12.79	12.93	12.69	12.86	1816400
20210730	12.86	13.05	12.86	12.94	3281500
20210802	12.95	13.10	12.78	12.83	2984400
20210803	12.81	12.95	12.72	12.92	3381600
20210804	12.91	12.98	12.77	12.84	4839500
20210805	12.96	13.11	12.74	13.01	1824700
20210806	13.01	13.18	12.97	13.05	2084300
20210809	13.04	13.20	12.99	13.15	2418700
20210810	13.13	13.14	12.97	12.98	1586700
20210811	13.04	13.09	12.94	13.06	4918000
20210812	13.10	13.12	13.00	13.10	949300
20210813	13.12	13.16	13.06	13.13	575400
20210816	13.14	13.26	13.12	13.17	1077500
20210817	13.11	13.26	13.05	13.18	1658300
20210818	13.17	13.20	13.02	13.04	1470300
20210819	12.92	13.19	12.88	13.17	1605900
20210820	13.20	13.32	13.08	13.24	1505600
20210823	13.31	13.31	13.15	13.25	1417000
20210824	13.25	13.25	12.96	13.03	915600
20210825	13.01	13.10	12.95	13.00	1268000
20210826	13.01	13.07	12.96	12.98	1066800
20210827	13.07	13.22	13.01	13.21	1426200
20210830	13.21	13.29	13.12	13.28	1032100
20210831	13.23	13.35	13.16	13.31	1783400
20210901	13.40	13.60	13.33	13.58	2119600
20210902	13.63	13.76	13.53	13.75	2454500
20210903	13.65	13.76	13.52	13.74	1552400
20210907	13.67	13.67	13.49	13.63	2314900
20210908	13.71	13.88	13.60	13.79	1486600
20210909	13.71	13.78	13.53	13.53	1195600
20210910	13.62	13.67	13.35	13.41	1377500
20210913	13.51	13.72	13.44	13.50	2922500
20210914	13.56	13.61	13.35	13.46	1320600
20210915	13.47	13.51	13.34	13.42	2041400
20210916	13.43	13.48	13.21	13.33	1845500
20210917	13.39	13.42	13.15	13.16	5630100
20210920	13.03	13.20	12.92	13.15	2502000
20210921	13.23	13.23	13.10	13.12	1874500
20210922	13.20	13.26	13.03	13.03	1729000
20210923	13.07	13.14	12.88	12.90	1405100
20210924	12.83	12.90	12.66	12.66	1460400
20210927	12.67	12.87	12.57	12.57	2903900
20210928	12.51	12.81	12.41	12.74	2747900
20210929	12.81	13.00	12.79	12.86	2623500
20210930	12.89	13.01	12.65	12.65	1969600
20211001	12.72	12.98	12.68	12.87	1727600
20211004	12.86	12.95	12.81	12.82	3000300
20211005	12.84	13.06	12.76	13.02	1914500
20211006	13.05	13.50	12.95	13.50	2510800
20211007	13.49	13.82	13.44	13.68	1988300
20211008	13.95	13.99	13.71	13.92	2278400
20211011	13.93	14.17	13.88	14.15	1973800
20211012	14.22	14.43	14.10	14.31	2449900
20211013	14.23	14.40	14.20	14.38	1619100
20211014	14.49	14.56	14.39	14.43	2165900
20211015	14.55	14.55	14.27	14.30	1949000
20211018	14.23	14.61	14.18	14.50	1441600
20211019	14.53	14.62	14.38	14.54	1411900
20211020	14.59	14.73	14.48	14.62	908800
20211021	14.64	14.70	14.49	14.54	1266100
20211022	14.57	14.65	14.46	14.48	838500
20211025	14.46	14.60	14.34	14.55	1579000
20211026	14.59	14.66	14.49	14.49	1247000
20211027	14.49	14.59	14.47	14.50	1997700
20211028	14.53	14.69	14.52	14.68	1473400
20211029	14.62	14.67	14.43	14.46	2122800
20211101	14.47	14.66	14.37	14.64	1157300
20211102	14.70	14.76	14.61	14.61	823700
20211103	14.57	14.84	14.57	14.72	3006600
20211104	14.72	14.72	14.20	14.32	1622700
20211105	14.47	14.89	14.47	14.63	2167400
20211108	14.74	14.84	14.65	14.77	1693700
20211109	14.81	14.81	14.66	14.72	1462000
20211110	14.71	14.84	14.70	14.73	2361400
20211111	14.72	14.77	14.61	14.74	1998600
20211112	14.75	14.79	14.61	14.68	1539800
20211115	14.72	15.06	14.70	15.06	1464200
20211116	15.07	15.11	14.83	14.98	1300500
20211117	14.91	15.25	14.79	15.22	1545100
20211118	15.03	15.19	15.00	15.10	2981500
20211119	15.10	15.28	15.03	15.11	1546500
20211122	15.15	15.33	15.04	15.10	1189900
20211123	15.06	15.26	14.98	15.12	1219900
20211124	15.11	15.24	15.04	15.20	1239200
20211126	14.87	15.04	14.70	14.91	897200
20211129	14.98	15.11	14.90	14.93	2290300
20211130	14.82	15.05	14.72	14.93	3565000
20211201	15.09	15.35	14.73	14.74	1990300
20211202	14.83	15.06	14.77	14.99	2056200
20211203	15.03	15.08	14.86	15.00	2263600
20211206	15.12	15.29	14.98	15.11	2839500
20211207	15.18	15.24	15.03	15.09	1859800
20211208	15.14	15.37	15.07	15.26	3670500
20211209	15.18	15.25	14.96	15.10	1391300
20211210	15.15	15.17	15.01	15.12	1426100
20211213	15.03	15.44	14.97	15.35	2341800
20211214	15.32	15.35	15.07	15.12	1601500
20211215	15.18	15.27	15.07	15.18	3888400
20211216	15.18	15.27	15.05	15.19	2226200
20211217	15.17	15.26	14.90	14.96	5377300
20211220	14.85	14.97	14.75	14.94	1545100
20211221	15.04	15.19	14.93	14.99	1562200
20211222	14.92	15.15	14.90	15.04	2624200
20211223	15.11	15.26	15.02	15.10	3199400
20211227	15.14	15.37	15.10	15.37	1233800
20211228	15.37	15.54	15.24	15.54	883700
20211229	15.58	15.63	15.42	15.60	848300
20211230	15.61	15.69	15.57	15.64	871800
20211231	15.67	15.74	15.60	15.62	1223300
20220103	15.68	15.69	15.29	15.46	2748100
20220104	15.46	15.57	15.19	15.27	1581000
20220105	15.24	15.27	14.68	14.71	1530700
20220106	14.68	14.80	14.53	14.58	1116700
20220107	14.52	14.57	14.39	14.41	1851500
20220110	14.37	14.43	14.13	14.23	2104800
20220111	14.30	14.30	14.11	14.22	1530000
20220112	14.20	14.34	14.19	14.26	1391200
20220113	14.30	14.32	14.13	14.17	1368200
20220114	14.14	14.20	13.99	14.15	1343400
20220118	14.10	14.15	13.95	14.05	1890700
20220119	14.13	14.17	13.81	13.81	1636200
20220120	13.83	14.14	13.80	13.93	2587600
20220121	13.97	14.23	13.96	14.18	4439500
20220124	14.15	14.15	13.74	13.99	3180700
20220125	13.83	14.32	13.77	14.25	3199400
20220126	14.30	14.58	14.08	14.26	3577800
20220127	14.25	14.51	13.99	14.05	2035700
20220128	14.07	14.41	13.90	14.41	2216800
20220131	15.26	15.30	14.83	14.89	4841600
20220201	14.83	15.08	14.83	14.99	4002300
20220202	15.05	15.39	15.03	15.33	3302900
20220203	15.22	15.33	15.11	15.21	2953400
20220204	15.15	15.27	14.88	15.07	3694500
20220207	14.99	15.08	14.92	14.98	2657100
20220208	15.10	15.92	15.10	15.42	7203200
20220209	15.49	15.67	15.43	15.49	3244200
20220210	15.31	15.58	15.18	15.25	3883500
20220211	15.34	15.57	15.24	15.37	2452500
20220214	15.43	15.47	15.16	15.18	2734600
20220215	15.28	15.40	15.11	15.13	4324800
20220216	15.20	15.35	15.09	15.30	1646800
20220217	15.25	15.33	15.15	15.25	1789900
20220218	15.16	15.29	15.10	15.16	1479700
20220222	15.16	15.20	14.97	15.11	2199600
20220223	15.19	15.27	14.85	14.85	2098200
