20170103	51.34	51.52	50.81	51.37	821900
20170104	51.51	52.05	51.43	52.00	711400
20170105	50.98	52.52	50.45	52.41	1083300
20170106	52.16	53.07	51.86	52.60	1169300
20170109	52.66	52.66	51.61	51.68	1063600
20170110	51.63	51.63	50.69	50.72	1107500
20170111	50.63	51.00	49.88	50.03	1148800
20170112	49.96	50.69	49.73	50.43	743400
20170113	50.27	50.54	50.06	50.29	606900
20170117	50.44	50.91	50.44	50.81	704400
20170118	50.64	51.35	50.45	50.92	768900
20170119	50.82	50.82	49.77	50.08	992500
20170120	50.06	50.64	49.59	50.57	1140500
20170123	50.43	50.92	50.24	50.71	885200
20170124	50.69	51.16	50.58	50.70	679200
20170125	50.85	50.85	50.14	50.33	1080200
20170126	50.32	50.81	50.31	50.53	1031200
20170127	50.56	50.68	49.05	49.21	962000
20170130	49.23	49.30	48.55	48.98	921800
20170131	49.05	50.11	49.05	49.71	2712400
20170201	49.77	50.27	49.35	49.43	762600
20170202	49.43	49.80	49.24	49.76	1061300
20170203	50.21	50.40	49.84	50.18	545100
20170206	50.17	50.36	49.68	49.95	861600
20170207	48.41	48.90	48.20	48.76	3004200
20170208	48.76	49.34	48.57	48.62	1074800
20170209	48.62	49.58	48.62	49.51	799700
20170210	49.43	49.74	49.33	49.48	684400
20170213	49.69	49.94	48.53	48.99	900400
20170214	48.93	48.93	48.28	48.61	795000
20170215	48.31	48.71	47.61	48.62	1481400
20170216	48.73	49.21	48.69	48.89	957100
20170217	48.92	49.00	48.37	48.57	2134500
20170221	48.59	49.68	48.59	49.60	598600
20170222	49.60	49.73	48.79	49.22	587600
20170223	49.52	49.58	49.08	49.24	675900
20170224	49.07	49.33	48.46	49.16	764500
20170227	49.37	49.89	49.22	49.68	450100
20170228	49.62	49.62	49.06	49.28	723500
20170301	49.58	49.58	48.71	49.52	1724500
20170302	49.30	49.59	48.72	48.93	1315600
20170303	48.90	49.00	47.98	48.69	1473100
20170306	48.40	48.61	47.94	48.13	993700
20170307	48.10	48.26	47.21	47.74	1464300
20170308	47.44	47.62	46.51	46.67	1555900
20170309	46.65	46.81	45.96	46.19	2554500
20170310	46.19	46.81	45.70	46.44	2872900
20170313	46.59	46.84	46.19	46.32	1200500
20170314	46.00	46.30	45.87	46.13	876100
20170315	46.17	47.71	46.17	47.46	1210800
20170316	47.47	47.65	47.17	47.26	756700
20170317	47.14	47.21	46.30	46.92	2217900
20170320	46.93	47.10	46.59	46.92	1072200
20170321	46.94	47.24	46.79	47.02	1660700
20170322	46.84	46.84	45.45	45.96	2500600
20170323	45.86	46.83	45.70	46.43	864100
20170324	46.44	46.88	46.20	46.71	963700
20170327	46.25	47.04	45.67	46.14	2092300
20170328	46.15	46.79	45.90	46.74	972600
20170329	46.70	46.94	46.33	46.81	1362100
20170330	46.78	47.11	46.48	46.98	1053000
20170331	46.92	47.46	46.92	47.10	1200700
20170403	47.12	47.54	47.01	47.44	1689100
20170404	47.37	48.04	46.89	47.04	1476200
20170405	47.11	47.40	46.93	46.96	1485700
20170406	46.87	47.27	46.66	46.93	1111500
20170407	46.95	47.20	46.80	46.86	798900
20170410	46.83	47.55	46.77	47.40	1003900
20170411	47.44	47.88	47.31	47.86	848200
20170412	47.78	48.26	47.60	47.80	868600
20170413	47.71	48.04	47.62	47.89	746500
20170417	47.96	48.34	47.81	48.21	1426500
20170418	48.13	48.65	48.09	48.60	956900
20170419	48.66	49.14	48.28	48.41	781500
20170420	48.48	48.62	47.97	48.36	838100
20170421	48.39	48.48	47.39	47.58	1085100
20170424	47.91	47.96	46.19	46.65	1186900
20170425	46.73	46.91	46.34	46.66	1150500
20170426	46.66	46.66	45.35	45.43	1123200
20170427	45.43	46.33	45.43	45.87	1107300
20170428	45.86	46.19	45.33	45.66	1550500
20170501	45.71	47.64	45.11	47.30	1917000
20170502	47.34	47.81	47.13	47.50	1680000
20170503	47.64	47.68	45.61	45.91	1203800
20170504	45.75	45.76	44.52	45.53	1609300
20170505	45.56	45.84	45.30	45.58	728900
20170508	45.73	45.82	44.10	44.44	1512300
20170509	44.41	44.48	43.86	44.10	1303800
20170510	44.07	45.09	44.01	44.76	1407300
20170511	44.29	44.33	43.44	44.00	1373600
20170512	43.98	44.07	42.70	43.05	1932400
20170515	43.03	43.66	42.90	43.11	1021500
20170516	43.12	43.25	42.31	42.48	1583700
20170517	42.27	42.68	41.72	42.51	1772800
20170518	42.43	43.09	42.15	42.99	1541600
20170519	42.99	44.36	42.91	43.89	1857300
20170522	43.89	44.29	43.30	43.30	1664000
20170523	43.36	43.56	43.01	43.04	1192800
20170524	43.04	43.83	42.84	43.79	1094700
20170525	44.01	44.79	43.80	44.49	1593000
20170526	44.50	44.63	43.22	43.46	1167200
20170530	43.29	43.44	42.55	42.56	1227700
20170531	42.62	42.93	42.02	42.45	2830600
20170601	42.35	43.33	41.91	43.12	1503800
20170602	43.20	43.40	42.64	42.74	1112400
20170605	42.46	42.56	41.55	42.00	1206800
20170606	42.04	42.68	41.46	42.43	1062800
20170607	42.49	43.50	42.40	43.07	1183400
20170608	43.07	43.30	42.25	42.31	794600
20170609	42.34	43.39	41.95	43.15	860800
20170612	43.26	44.52	43.01	43.95	1244500
20170613	43.74	44.49	43.08	43.92	1094800
20170614	44.24	44.33	43.31	43.53	1431300
20170615	43.24	44.10	43.15	43.44	1506900
20170616	43.56	43.61	42.19	42.72	2261900
20170619	42.90	43.04	42.34	42.50	2134700
20170620	42.35	42.68	41.98	42.58	1407200
20170621	42.60	42.78	41.86	42.02	1018700
20170622	41.85	42.35	41.47	42.27	1190200
20170623	42.33	42.93	42.17	42.48	1693700
20170626	42.76	43.73	42.53	43.31	1123800
20170627	43.14	43.78	43.14	43.50	726600
20170628	43.70	44.29	43.57	43.95	818500
20170629	43.68	44.42	43.56	43.59	713900
20170630	43.84	44.01	42.71	42.93	1365400
20170703	43.24	44.02	43.07	43.95	612200
20170705	43.90	43.90	42.35	42.85	1518800
20170706	42.66	42.75	41.65	42.11	1644800
20170707	42.19	42.56	41.83	42.39	943000
20170710	42.51	42.55	42.07	42.19	944900
20170711	42.19	42.19	41.57	41.76	1076300
20170712	42.10	42.99	42.05	42.07	1166300
20170713	42.20	42.82	42.20	42.59	986700
20170714	42.87	43.41	42.70	43.34	826500
20170717	43.44	43.95	43.18	43.67	1011900
20170718	43.59	43.67	42.93	43.24	1169100
20170719	43.27	43.68	43.13	43.34	1149100
20170720	43.41	43.70	43.22	43.58	797800
20170721	43.51	43.75	42.94	43.48	794900
20170724	43.53	43.60	43.00	43.15	805100
20170725	43.24	43.84	42.90	43.81	1206900
20170726	43.87	44.68	43.65	44.63	1403000
20170727	44.49	45.51	44.13	45.28	1095300
20170728	45.09	45.09	42.70	42.78	1542000
20170731	42.87	42.97	42.17	42.44	2619100
20170801	42.84	43.34	42.22	42.82	1360100
20170802	42.50	42.54	40.66	41.08	2450100
20170803	41.66	43.21	41.41	42.09	2737500
20170804	42.14	44.04	42.07	43.88	1768000
20170807	43.91	44.86	43.61	44.82	1745600
20170808	44.72	44.98	43.67	44.07	1064900
20170809	44.29	44.45	43.58	44.14	710000
20170810	44.02	44.02	42.80	42.81	1784100
20170811	42.28	42.79	41.32	41.94	1682800
20170814	42.21	42.85	41.89	42.48	1435900
20170815	42.23	42.48	40.80	41.13	2163400
20170816	41.26	41.62	40.98	41.08	2431600
20170817	41.14	41.56	40.78	40.81	1172700
20170818	40.67	40.67	39.51	39.80	2132100
20170821	39.82	40.01	39.36	39.87	1818000
20170822	39.97	40.13	39.65	39.72	1061400
20170823	39.85	40.35	39.63	40.28	2312800
20170824	40.77	41.48	39.94	39.98	1093200
20170825	40.17	40.79	39.73	40.64	1323800
20170828	40.73	40.76	39.66	39.76	997900
20170829	39.83	40.18	39.29	39.51	797100
20170830	39.44	39.86	39.04	39.83	911500
20170831	39.95	40.13	39.44	39.53	1205700
20170901	39.68	40.35	39.49	39.92	1551300
20170905	39.89	40.36	39.67	39.96	1177900
20170906	40.16	41.14	39.95	40.73	962000
20170907	40.79	41.00	40.22	40.88	1818200
20170908	40.86	40.91	40.34	40.62	1072400
20170911	40.75	41.01	40.56	40.74	1311100
20170912	40.73	41.02	39.93	40.16	1243600
20170913	40.20	40.82	40.04	40.81	1172100
20170914	40.79	41.90	40.76	41.78	1869300
20170915	41.74	41.90	40.89	41.67	4042400
20170918	41.54	41.54	40.69	40.82	1599100
20170919	40.90	40.90	39.75	39.80	1224100
20170920	39.85	39.88	39.51	39.68	1855200
20170921	39.74	40.04	39.62	39.64	1386900
20170922	39.63	39.78	39.29	39.49	572700
20170925	39.56	40.74	39.55	40.57	1368000
20170926	41.17	42.46	40.75	42.09	2558800
20170927	41.91	42.07	41.05	41.42	1619900
20170928	41.41	41.80	40.99	41.41	1026400
20170929	41.41	41.66	40.84	41.17	1313300
20171002	41.11	41.46	40.90	41.27	1039800
20171003	41.30	41.58	40.95	41.39	867400
20171004	41.41	42.56	41.18	42.31	1591500
20171005	42.46	43.38	42.46	42.79	1214800
20171006	42.39	42.67	41.96	42.28	1038600
20171009	42.28	42.93	42.25	42.64	1304100
20171010	42.85	43.56	42.77	43.20	1336100
20171011	43.20	43.68	43.11	43.32	963100
20171012	43.21	43.38	42.65	43.11	1398200
20171013	43.29	43.98	42.82	43.56	1254400
20171016	43.33	43.47	42.73	43.12	1148000
20171017	43.08	43.49	42.98	43.38	906700
20171018	43.32	43.75	42.67	42.76	1294500
20171019	42.92	43.16	42.49	42.79	1186500
20171020	42.89	42.99	42.38	42.52	2153200
20171023	42.54	43.21	42.34	43.13	1184500
20171024	43.09	43.18	42.25	42.47	935700
20171025	42.46	42.64	41.46	42.02	980600
20171026	42.28	42.79	41.38	42.73	1906900
20171027	42.40	42.63	40.48	42.37	2912100
20171030	42.10	42.46	41.68	41.72	2483500
20171031	41.89	42.88	40.18	40.90	3489200
20171101	40.89	41.40	40.84	41.17	2395900
20171102	41.17	41.80	41.06	41.68	1346700
20171103	40.57	40.96	39.29	40.74	2922700
20171106	40.76	41.66	40.54	40.59	2116500
20171107	40.60	44.39	40.60	44.01	5832200
20171108	44.01	45.11	43.59	44.07	3475500
20171109	43.66	50.04	43.66	47.34	12351600
20171110	47.20	49.03	47.15	48.83	5479300
20171113	49.17	49.71	48.00	48.60	4021500
20171114	48.63	49.59	48.31	49.13	2900800
20171115	49.02	49.34	48.33	49.00	1386100
20171116	48.87	49.24	48.56	49.05	1474800
20171117	49.10	49.52	48.29	48.71	2385200
20171120	48.72	48.94	47.75	48.11	1330300
20171121	48.09	48.38	47.90	48.19	1194700
20171122	48.03	49.44	47.92	48.75	2978700
20171124	48.79	49.06	48.40	48.75	402500
20171127	48.77	48.79	47.12	48.41	1803900
20171128	48.37	48.60	47.59	48.45	2635900
20171129	48.34	48.97	48.02	48.72	1612600
20171130	48.76	49.31	48.61	49.12	1612100
20171201	49.28	49.41	48.36	48.72	1632100
20171204	48.76	49.89	48.72	49.46	1361000
20171205	49.70	49.77	48.89	49.49	1412800
20171206	49.50	49.77	48.80	49.19	2477800
20171207	48.98	49.59	48.67	48.91	1020300
20171208	49.08	49.90	48.62	49.88	1228800
20171211	49.24	49.77	47.85	48.01	2590000
20171212	49.01	50.66	48.93	50.42	4027200
20171213	50.60	50.92	50.04	50.65	1765300
20171214	50.79	51.23	50.28	50.50	1888400
20171215	50.61	50.70	49.61	49.67	2234500
20171218	49.79	50.09	49.44	49.82	1971700
20171219	50.45	50.61	49.76	49.96	1152300
20171220	50.06	50.32	49.01	49.04	1691700
20171221	48.99	49.21	48.69	48.86	763600
20171222	48.78	49.73	48.53	49.46	1400500
20171226	49.68	50.22	49.61	49.86	717400
20171227	49.98	50.23	49.54	49.98	1932300
20171228	50.08	50.13	49.66	50.07	714600
20171229	50.24	50.42	49.79	49.82	678000
20180102	50.13	50.94	49.69	50.53	3190500
20180103	49.76	50.41	49.53	49.80	2161500
20180104	49.82	49.97	48.55	48.55	2267100
20180105	48.69	49.30	48.29	49.16	1343100
20180108	49.17	49.64	48.99	49.48	1503000
20180109	49.57	49.57	48.19	48.20	1767700
20180110	47.85	47.94	47.18	47.81	1242400
20180111	47.95	48.15	47.55	47.87	1194000
20180112	47.87	47.95	47.50	47.77	503200
20180116	47.90	48.55	46.65	46.70	1576700
20180117	47.07	48.06	46.89	47.81	1293500
20180118	47.58	47.92	47.37	47.71	910500
20180119	47.78	48.42	47.29	48.36	1346500
20180122	48.27	50.40	47.87	50.07	2791300
20180123	51.61	52.90	51.13	52.24	5766100
20180124	52.02	52.22	50.16	51.06	3305700
20180125	50.90	50.90	48.95	49.35	2321500
20180126	49.84	50.50	49.54	50.45	1721000
20180129	50.24	50.43	49.13	50.08	2297300
20180130	49.69	49.76	48.66	48.76	1437700
20180131	48.88	49.29	48.22	48.98	5366500
20180201	48.98	49.83	47.40	47.59	1725400
20180202	47.12	47.65	46.46	46.62	3493000
20180205	46.65	47.38	45.07	45.31	2740900
20180206	44.45	45.42	43.52	45.25	3257200
20180207	45.07	46.87	45.03	45.66	1924600
20180208	45.53	45.77	44.26	44.27	1718800
20180209	44.51	46.24	44.15	45.83	1842100
20180212	45.86	46.30	44.50	46.12	1715300
20180213	45.85	46.39	45.40	46.14	846300
20180214	45.68	46.92	45.05	46.70	1473200
20180215	46.52	46.96	45.79	46.35	1795800
20180216	46.30	46.77	45.44	46.02	1644100
20180220	45.93	46.63	45.51	45.60	1122400
20180221	45.60	45.60	44.40	44.51	1272200
20180222	44.64	45.41	44.64	45.16	1417600
20180223	45.29	45.63	44.87	45.59	1207100
20180226	45.72	45.96	45.36	45.93	1322100
20180227	46.30	46.65	44.41	44.43	1025100
20180228	44.51	46.73	44.37	45.26	3071200
20180301	45.26	46.30	44.89	45.41	1190900
20180302	45.20	45.48	44.56	45.34	772200
20180305	44.98	46.02	44.98	45.43	1928900
20180306	45.46	45.68	44.88	45.45	713700
20180307	45.26	45.74	44.82	45.52	1067000
20180308	45.62	45.62	44.90	45.14	1246900
20180309	45.19	45.22	43.67	44.56	1299200
20180312	44.51	44.89	44.12	44.62	1573800
20180313	44.85	45.39	44.53	45.22	661600
20180314	45.08	45.84	44.85	45.77	1890800
20180315	45.79	46.08	45.09	45.39	1564400
20180316	45.29	45.62	44.84	45.26	2609200
20180319	45.33	45.38	44.10	44.43	1368600
20180320	44.51	44.86	43.76	44.05	690000
20180321	44.03	44.39	43.64	44.14	1188000
20180322	44.03	45.06	44.03	44.45	1505100
20180323	44.54	44.66	43.81	43.99	855000
20180326	44.36	44.49	43.69	44.42	806700
20180327	43.43	43.66	41.74	42.62	3183100
20180328	42.91	44.09	42.77	43.70	945600
20180329	43.62	43.94	42.76	43.02	1105300
20180402	43.00	43.38	42.24	42.54	1646200
20180403	42.52	43.47	41.98	43.10	1070300
20180404	42.82	45.11	42.81	44.96	1954000
20180405	45.01	45.47	44.16	44.85	1136600
20180406	44.65	45.09	43.90	44.04	912200
20180409	44.12	44.46	43.60	43.93	729600
20180410	44.22	44.46	43.80	44.39	705900
20180411	44.20	45.12	43.82	44.60	1150200
20180412	44.63	44.63	43.71	44.23	1096500
20180413	44.30	44.67	43.80	44.40	1403900
20180416	44.49	44.95	44.25	44.43	601900
20180417	44.43	45.25	44.10	44.80	853700
20180418	45.01	45.12	44.46	44.59	622900
20180419	44.53	44.59	43.33	44.20	2770600
20180420	45.86	46.08	43.54	44.16	3923000
20180423	44.29	44.46	43.24	43.28	1892600
20180424	43.28	43.44	42.87	43.14	1769300
20180425	43.12	43.37	42.28	42.43	1307100
20180426	42.60	43.20	42.27	42.84	2489100
20180427	42.81	44.75	42.81	44.21	1437300
20180430	44.42	44.73	43.87	44.25	1412900
20180501	44.25	44.66	43.86	44.45	1059700
20180502	43.87	44.53	43.40	44.21	1407300
20180503	43.90	44.78	43.63	44.62	1146500
20180504	44.52	45.34	44.44	45.32	2138900
20180507	45.53	45.64	45.18	45.60	941900
20180508	45.39	45.64	44.83	44.89	1494900
20180509	44.89	45.32	44.58	44.70	824400
20180510	44.69	44.91	44.52	44.77	923600
20180511	44.81	44.97	44.13	44.28	1102600
20180514	44.21	44.56	43.09	43.46	1520400
20180515	43.25	43.44	41.72	42.08	2251700
20180516	42.52	42.76	42.17	42.35	1153200
20180517	42.47	42.80	42.28	42.45	859100
20180518	42.41	43.12	42.27	42.65	2439300
20180521	42.79	43.19	41.65	42.88	1036700
20180522	42.88	42.98	42.42	42.80	950200
20180523	42.88	43.21	42.60	43.09	762600
20180524	43.09	43.36	42.40	42.58	706800
20180525	42.65	42.74	42.26	42.58	667200
20180529	42.35	43.37	42.24	43.02	1100600
20180530	43.00	43.71	42.63	43.67	1166800
20180531	43.49	43.49	42.80	43.26	2302900
20180601	43.35	43.67	42.76	43.17	828800
20180604	43.36	43.90	43.31	43.77	1346700
20180605	43.98	44.33	43.65	43.92	1193000
20180606	43.89	44.36	43.89	44.35	601400
20180607	44.39	44.52	44.06	44.12	689400
20180608	44.20	44.41	43.85	44.33	974100
20180611	44.34	44.80	44.17	44.34	760200
20180612	44.34	45.18	44.08	44.97	1469200
20180613	44.90	44.90	43.74	43.77	993000
20180614	43.78	44.13	43.59	43.64	763000
20180615	43.53	43.98	43.36	43.49	1632800
20180618	43.43	43.64	42.99	43.31	1098500
20180619	43.17	43.64	43.05	43.48	1275900
20180620	43.42	44.28	43.14	44.17	460500
20180621	44.20	44.62	43.85	44.48	1708000
20180622	44.48	45.16	44.41	44.91	2262500
20180625	44.91	44.94	43.99	44.41	1162400
20180626	44.41	44.80	44.17	44.49	1358500
20180627	44.53	45.01	44.14	44.16	1251800
20180628	44.17	44.55	43.75	44.34	1009600
20180629	44.22	44.52	43.74	44.20	1109000
20180702	44.19	44.41	43.52	43.83	720400
20180703	43.92	44.73	43.65	44.32	418200
20180705	44.34	44.79	44.06	44.78	1314800
20180706	45.01	45.50	44.97	45.32	838300
20180709	45.36	45.42	44.71	45.00	1621200
20180710	45.03	45.45	44.84	45.22	846800
20180711	45.08	45.29	44.85	45.09	541200
20180712	45.08	45.12	44.79	45.07	749800
20180713	45.19	45.35	44.83	44.98	617600
20180716	44.90	44.92	44.10	44.73	783400
20180717	45.03	45.16	44.55	44.66	744800
20180718	44.61	44.79	44.06	44.44	558700
20180719	44.34	45.43	44.19	45.29	578400
20180720	45.08	45.33	44.58	44.77	752300
20180723	44.77	44.86	44.45	44.79	533300
20180724	44.78	44.90	44.38	44.49	887200
20180725	44.49	44.92	44.34	44.87	856800
20180726	45.13	45.50	44.77	44.86	814800
20180727	45.02	45.03	43.70	43.82	700700
20180730	43.82	44.38	43.58	44.36	785100
20180731	44.49	46.27	44.24	45.93	1308000
20180801	45.64	46.37	45.11	46.24	1360100
20180802	45.85	46.62	45.29	46.57	1199900
20180803	46.62	47.40	46.36	47.07	1119200
20180806	46.91	47.16	45.93	46.19	1274300
20180807	46.16	46.17	45.50	46.00	695700
20180808	45.92	45.97	45.60	45.74	653300
20180809	45.62	46.15	45.46	45.78	1366400
20180810	45.71	46.14	45.63	45.67	802400
20180813	45.56	45.76	45.32	45.53	1509400
20180814	45.64	45.93	45.18	45.64	1244800
20180815	45.47	45.64	44.86	45.04	1203700
20180816	45.14	45.43	44.85	45.07	976400
20180817	45.11	45.63	45.05	45.55	705200
20180820	45.54	46.65	45.54	46.26	985700
20180821	46.26	46.49	45.83	46.05	851300
20180822	46.03	46.04	45.54	45.86	509900
20180823	45.85	46.05	45.78	45.93	580100
20180824	45.81	46.08	45.65	46.03	299500
20180827	46.12	46.30	45.56	46.15	752300
20180828	46.15	46.63	45.95	46.60	606500
20180829	46.62	46.64	46.18	46.34	601200
20180830	46.39	46.39	45.97	46.08	458900
20180831	46.19	46.53	46.06	46.27	512500
20180904	46.18	46.44	45.03	45.21	1031400
20180905	44.98	45.48	44.76	45.15	1290700
20180906	45.22	45.82	45.04	45.07	1357100
20180907	44.71	44.94	43.83	43.97	1495100
20180910	44.28	44.56	44.02	44.08	1392400
20180911	44.10	45.14	44.04	44.74	1062800
20180912	44.74	44.97	44.63	44.85	620300
20180913	44.98	45.10	44.74	44.76	623900
20180914	44.78	44.78	43.86	44.52	728000
20180917	44.63	45.20	44.58	44.86	715300
20180918	44.71	45.00	44.49	44.86	575600
20180919	44.86	44.86	43.90	44.01	526800
20180920	44.02	44.71	43.68	44.66	734200
20180921	44.61	45.10	44.60	44.85	1550900
20180924	44.75	44.89	43.26	43.56	681500
20180925	43.54	44.04	43.45	43.67	519200
20180926	43.64	43.82	43.02	43.08	480200
20180927	43.17	43.39	42.82	42.96	755800
20180928	42.97	43.56	42.96	43.56	841200
20181001	43.56	43.75	42.94	42.96	488100
20181002	43.00	43.32	42.70	42.74	415700
20181003	42.76	42.96	41.55	41.81	741600
20181004	41.55	41.77	40.74	40.85	644200
20181005	40.79	41.20	40.74	40.81	667700
20181008	40.64	41.75	40.60	41.66	973800
20181009	41.76	41.82	41.18	41.47	553600
20181010	41.19	41.38	40.49	40.51	975100
20181011	40.68	40.74	39.43	39.44	1170200
20181012	39.90	40.18	39.07	39.15	967400
20181015	38.96	39.83	38.96	39.47	1416600
20181016	39.56	40.62	39.18	40.48	1015800
20181017	40.48	40.81	40.21	40.56	1139800
20181018	40.53	41.00	40.29	40.45	822000
20181019	40.51	40.96	40.48	40.60	630800
20181022	40.80	41.02	39.55	39.59	630800
20181023	39.38	39.79	38.97	39.44	774000
20181024	39.44	39.71	38.92	38.96	892500
20181025	39.01	40.75	39.01	40.53	1187900
20181026	40.47	41.03	39.77	40.62	1256200
20181029	40.96	41.44	40.48	40.80	928700
20181030	40.99	42.06	40.80	40.87	1299400
20181031	40.78	41.15	40.46	40.66	1455500
20181101	41.28	42.23	40.85	41.04	1276000
20181102	41.16	41.16	39.31	39.92	1258200
20181105	40.02	41.11	40.02	40.88	959700
20181106	40.99	41.01	40.36	40.48	806600
20181107	40.85	40.85	40.11	40.74	865100
20181108	40.65	40.98	40.28	40.50	967700
20181109	40.47	41.10	40.45	40.86	560800
20181112	40.97	41.53	40.71	40.77	507100
20181113	40.82	41.25	40.22	41.00	830300
20181114	41.24	41.37	40.64	40.93	1266300
20181115	40.61	40.69	38.50	38.89	1758300
20181116	38.90	39.38	38.77	39.34	853900
20181119	39.24	39.93	39.24	39.86	1254600
20181120	39.58	39.88	38.72	38.82	1322400
20181121	38.68	39.54	38.62	38.95	698200
20181123	38.95	39.21	38.59	38.93	237300
20181126	39.02	39.26	38.81	39.12	915500
20181127	38.68	39.04	38.51	38.93	1343900
20181128	38.92	39.77	38.86	39.75	1080900
20181129	39.66	40.24	39.50	40.02	1199100
20181130	39.93	40.23	39.74	40.20	1086300
20181203	40.38	40.49	40.06	40.48	704100
20181204	40.48	40.67	39.57	39.62	1916300
20181206	39.41	40.75	38.84	40.70	2659500
20181207	40.56	40.83	40.23	40.48	1152800
20181210	40.49	40.52	39.58	40.00	798400
20181211	40.10	40.57	39.38	39.42	1556700
20181212	39.54	39.86	37.55	37.66	2755600
20181213	37.87	40.37	37.78	38.99	3817700
20181214	38.83	38.87	38.02	38.19	1188800
20181217	38.26	38.39	35.56	35.81	1519700
20181218	35.95	36.19	35.53	35.88	1282800
20181219	35.48	35.62	33.96	34.20	1724900
20181220	34.04	34.20	32.89	33.43	1797900
20181221	33.73	34.32	32.93	33.35	2927600
20181224	33.17	33.30	32.75	32.80	1079400
20181226	32.91	34.30	32.69	34.28	1539000
20181227	33.85	34.54	33.38	34.54	1526400
20181228	34.82	35.05	33.96	34.48	944000
20181231	34.58	34.63	33.56	34.60	900700
20190102	34.16	34.60	33.61	34.24	826700
20190103	34.21	35.12	34.19	34.85	1583400
20190104	35.01	35.64	35.01	35.36	1039800
20190107	35.44	36.63	35.44	36.29	1357800
20190108	36.48	37.33	36.31	37.18	1083600
20190109	37.17	37.28	36.77	37.14	774400
20190110	36.20	37.11	36.20	36.76	1362800
20190111	36.78	36.83	36.20	36.33	1015200
20190114	36.16	36.43	35.87	36.02	961500
20190115	36.12	36.64	36.12	36.61	1006700
20190116	36.60	36.87	36.31	36.47	1283300
20190117	36.33	36.73	35.88	36.72	1662500
20190118	36.70	37.09	36.64	36.99	745900
20190122	37.00	37.00	35.95	36.16	1062700
20190123	35.97	36.15	35.49	35.82	1064600
20190124	35.96	36.09	35.63	35.96	764500
20190125	36.22	36.91	35.95	36.88	1272700
20190128	36.79	37.49	36.74	37.17	1701100
20190129	37.12	37.31	36.91	37.04	1446300
20190130	37.09	37.61	36.93	37.12	1471500
20190131	37.12	37.23	36.54	36.90	4079900
20190201	37.07	37.35	35.81	36.46	1412500
20190204	36.36	36.61	36.05	36.35	1238300
20190205	36.42	36.46	35.95	36.36	1489800
20190206	36.30	36.51	35.73	35.87	1414900
20190207	34.92	34.97	33.28	34.24	3285000
20190208	33.92	34.84	33.92	34.56	2466200
20190211	34.52	35.08	34.32	34.99	1969200
20190212	35.16	35.32	34.80	35.04	1182000
20190213	35.06	35.41	34.94	35.35	617000
20190214	35.14	35.19	34.68	34.79	1170800
20190215	35.02	35.06	34.75	34.92	1185400
20190219	34.94	35.39	34.92	35.33	1415300
20190220	35.39	35.46	35.07	35.39	1335900
20190221	35.23	35.78	35.22	35.75	1385000
20190222	35.89	36.03	35.51	35.58	891400
20190225	35.73	35.85	35.57	35.70	1143200
20190226	35.80	35.81	35.09	35.12	650300
20190227	34.92	35.24	34.58	34.85	965900
20190228	34.96	35.60	34.75	35.45	1874500
20190301	35.39	35.54	34.17	34.93	1430700
20190304	35.10	35.31	34.33	34.92	1261800
20190305	34.87	35.32	34.81	35.07	792200
20190306	35.03	35.33	34.84	34.90	745100
20190307	34.91	35.06	34.43	34.60	1009400
20190308	34.51	34.73	34.09	34.15	837300
20190311	34.27	34.80	34.10	34.79	927000
20190312	34.90	35.28	34.75	35.16	724700
20190313	35.25	35.49	35.19	35.33	1210300
20190314	35.35	35.52	34.93	35.27	1011500
20190315	35.28	35.32	34.54	34.66	1658700
20190318	34.84	35.01	34.49	34.66	859400
20190319	34.71	34.84	34.54	34.72	648100
20190320	34.79	35.06	34.32	34.89	754200
20190321	34.83	35.80	34.81	35.62	1083000
20190322	35.67	35.97	35.51	35.60	603500
20190325	35.60	35.62	35.12	35.14	1191900
20190326	35.33	35.98	35.06	35.84	950900
20190327	35.84	36.01	35.23	35.25	1179200
20190328	35.23	35.41	34.86	35.30	1426900
20190329	35.41	35.70	35.16	35.25	1004000
20190401	35.27	35.30	34.58	35.06	989000
20190402	35.07	35.52	34.69	35.43	900700
20190403	35.44	35.71	35.31	35.45	584700
20190404	35.45	35.71	35.32	35.62	421300
20190405	35.67	36.01	35.58	35.96	580600
20190408	36.00	36.37	35.45	35.48	464300
20190409	35.47	35.56	34.97	35.31	888800
20190410	35.49	35.65	34.82	35.29	814700
20190411	35.36	35.61	34.86	35.03	530800
20190412	34.98	35.42	34.88	35.39	1000300
20190415	35.53	35.60	34.87	34.97	760000
20190416	34.84	35.08	32.55	33.37	2709800
20190417	33.47	33.74	32.92	33.39	1346800
20190418	33.33	33.93	33.24	33.71	723000
20190422	33.58	33.58	32.29	32.81	1836300
20190423	32.94	33.66	32.88	33.53	862500
20190424	33.65	34.08	33.46	33.49	704700
20190425	33.31	33.54	32.92	33.01	694100
20190426	33.22	33.45	32.97	33.40	1082400
20190429	33.40	33.75	33.18	33.62	1450000
20190430	33.63	33.69	32.42	32.64	2340800
20190501	32.66	33.30	32.48	32.54	1762100
20190502	33.17	34.10	32.93	33.52	1888600
20190503	33.69	34.11	33.20	34.01	978000
20190506	33.91	34.58	33.56	34.45	1039000
20190507	34.46	34.46	33.30	33.53	1143700
20190508	33.49	34.23	33.49	33.73	1008200
20190509	33.61	33.74	32.91	33.60	929000
20190510	33.57	34.45	33.40	34.44	885600
20190513	34.10	34.61	34.01	34.43	1262900
20190514	34.67	34.93	34.27	34.83	1149000
20190515	34.89	35.43	34.69	35.17	898400
20190516	35.17	35.41	34.69	34.74	600700
20190517	34.53	34.81	34.33	34.55	748600
20190520	34.55	34.63	33.63	33.65	815100
20190521	33.77	34.43	33.64	34.39	903500
20190522	34.37	34.40	33.58	33.60	995900
20190523	33.34	33.49	32.78	33.34	1402100
20190524	33.53	33.70	32.96	33.45	684200
20190528	33.65	33.74	32.62	32.67	1482700
20190529	32.63	32.72	30.49	30.74	2721400
20190530	30.98	31.42	30.50	30.58	1424500
20190531	30.27	30.40	29.05	30.07	2666300
20190603	30.07	30.54	29.81	30.39	1620700
20190604	30.42	30.83	30.11	30.72	1233000
20190605	31.06	31.31	30.53	30.89	2337100
20190606	30.84	30.88	29.71	29.73	2157300
20190607	29.79	29.90	29.21	29.33	3083500
20190610	29.47	29.70	28.92	29.10	3111500
20190611	29.29	29.49	28.68	28.76	2724500
20190612	28.82	29.16	28.47	28.77	1363700
20190613	29.18	29.58	28.95	29.17	1763100
20190614	29.12	29.22	28.58	28.58	1067800
20190617	28.65	29.22	28.65	29.09	1289200
20190618	29.36	29.75	28.98	29.08	1366000
20190619	29.10	29.34	28.60	28.95	1776600
20190620	29.16	29.23	27.93	28.23	2800600
20190621	28.17	28.23	27.52	27.96	3029400
20190624	28.05	28.05	27.05	27.27	1662200
20190625	27.27	27.64	27.02	27.09	1679800
20190626	26.97	27.09	26.52	26.66	1569400
20190627	26.90	27.93	26.90	27.68	2389000
20190628	27.64	27.96	27.34	27.72	2450200
20190701	27.86	28.10	26.43	26.85	2786400
20190702	26.99	27.59	26.86	27.50	1829600
20190703	27.63	28.08	27.38	27.54	1099300
20190705	27.33	27.70	27.04	27.55	1074400
20190708	27.73	28.10	27.62	27.82	2009700
20190709	27.67	27.95	27.48	27.90	1586400
20190710	28.04	28.25	27.67	28.14	1404900
20190711	28.15	28.27	27.51	27.57	1711200
20190712	27.57	27.79	27.30	27.62	1318600
20190715	27.65	28.00	27.59	27.89	1459900
20190716	27.73	28.18	27.67	27.86	1693200
20190717	28.00	28.03	27.00	27.14	1478500
20190718	27.14	27.32	26.51	27.28	1607000
20190719	27.26	27.30	26.26	26.71	2140400
20190722	26.73	26.95	26.10	26.51	1983400
20190723	26.61	27.47	26.47	27.18	1826300
20190724	27.32	27.67	27.19	27.60	1614800
20190725	27.53	27.62	27.06	27.39	1295300
20190726	27.39	27.52	26.89	27.13	921500
20190729	27.15	27.45	27.04	27.35	1204700
20190730	27.33	27.71	27.04	27.71	991000
20190731	27.73	27.91	27.08	27.36	3377600
20190801	28.02	28.15	26.57	26.71	2178500
20190802	26.49	27.14	26.42	26.80	1396700
20190805	26.63	26.66	25.46	25.87	2275100
20190806	25.82	26.10	25.53	25.60	2041200
20190807	25.47	25.86	25.11	25.74	1592300
20190808	25.74	25.78	25.40	25.65	1570900
20190809	25.54	25.62	24.97	25.25	1872900
20190812	25.35	25.70	24.92	25.16	1159000
20190813	25.21	25.78	25.10	25.20	1286800
20190814	24.95	25.03	23.90	24.76	2739900
20190815	25.35	25.37	24.50	24.73	3286500
20190816	24.89	26.03	24.73	24.88	2012900
20190819	25.06	25.19	24.56	24.70	1892400
20190820	24.62	24.79	23.76	23.78	2839800
20190821	23.93	24.07	23.50	23.50	2416700
20190822	23.56	24.70	23.56	24.51	3570700
20190823	24.38	24.46	23.60	23.67	1666700
20190826	23.91	23.91	23.51	23.81	1216800
20190827	23.95	23.97	23.45	23.57	2010400
20190828	23.45	24.06	23.38	24.01	1397500
20190829	24.16	24.27	23.83	23.95	1196900
20190830	23.95	24.27	23.90	24.23	1317400
20190903	24.05	24.33	23.83	24.25	1246700
20190904	24.45	24.99	24.45	24.54	1632500
20190905	24.54	25.38	24.45	25.30	2643500
20190906	25.22	25.75	25.02	25.64	1915500
20190909	25.69	27.02	25.57	26.96	2984900
20190910	26.91	28.58	26.87	28.58	4838500
20190911	28.62	28.98	27.69	28.78	2775000
20190912	28.89	28.89	27.44	28.30	2474300
20190913	28.19	28.66	27.75	28.22	2643300
20190916	28.22	28.35	27.83	28.30	1753500
20190917	28.29	28.30	27.09	27.40	2646300
20190918	27.37	27.60	27.20	27.44	1532900
20190919	27.58	27.70	27.27	27.45	1080600
20190920	27.54	28.22	27.43	27.53	2767400
20190923	27.30	27.68	27.01	27.50	1152900
20190924	27.51	27.63	26.82	26.86	1539400
20190925	26.78	27.39	26.78	27.21	1008000
20190926	27.15	27.46	26.65	27.38	1202000
20190927	27.41	27.73	27.18	27.44	897200
20190930	27.48	27.58	26.80	26.82	1768400
20191001	26.76	26.98	25.45	25.55	2298100
20191002	25.39	25.45	24.40	24.96	2443400
20191003	24.90	25.02	24.27	24.86	2248100
20191004	24.86	25.08	24.23	24.63	1210500
20191007	24.55	24.64	24.28	24.40	1433800
20191008	24.16	24.33	23.35	23.50	2098000
20191009	23.77	23.83	23.02	23.47	1884800
20191010	23.54	23.89	23.16	23.36	1784300
20191011	23.52	24.52	23.44	23.76	1909300
20191014	23.71	23.76	23.02	23.46	1361400
20191015	23.44	23.50	23.10	23.26	2243500
20191016	23.38	23.58	23.18	23.30	1811800
20191017	23.27	23.73	23.27	23.44	1847300
20191018	23.37	23.50	23.10	23.27	1295600
20191021	23.37	24.12	23.37	24.00	2312300
20191022	24.10	24.98	23.61	24.82	2056300
20191023	24.82	25.01	24.48	24.57	1613100
20191024	24.62	24.62	23.63	23.78	1856400
20191025	23.66	24.30	23.50	24.20	1322100
20191028	24.20	24.45	24.05	24.16	1124800
20191029	24.20	24.28	23.70	23.77	1957900
20191030	23.78	23.89	22.82	23.23	3372400
20191031	23.96	23.96	22.85	23.35	2752100
20191101	23.44	23.94	23.36	23.94	2909800
20191104	24.03	25.09	23.86	24.93	2697200
20191105	24.92	25.25	24.53	24.62	1798000
20191106	24.62	24.93	24.22	24.65	1616700
20191107	24.97	25.04	24.56	24.84	1638900
20191108	24.81	24.81	24.08	24.18	1812600
20191111	24.01	24.31	23.66	24.26	1417200
20191112	24.07	24.25	23.77	23.80	1846800
20191113	23.71	24.00	23.58	23.79	1430800
20191114	23.84	24.51	23.77	24.06	1661100
20191115	24.12	24.52	23.94	24.23	1591400
20191118	24.25	24.39	23.90	24.37	1383600
20191119	24.37	24.37	23.46	23.72	2415600
20191120	23.51	23.58	22.29	23.03	2706000
20191121	22.92	22.92	22.25	22.61	2595800
20191122	22.64	22.86	22.31	22.54	1522000
20191125	22.84	23.24	22.51	23.16	2269100
20191126	23.24	23.44	22.79	23.28	6569200
20191127	23.37	23.82	23.19	23.55	1710500
20191129	23.50	23.70	23.27	23.47	841000
20191202	23.47	23.80	23.11	23.11	1920000
20191203	23.00	23.34	22.60	23.11	2396800
20191204	23.08	23.65	23.04	23.47	1591900
20191205	23.48	23.65	23.18	23.31	1466700
20191206	23.40	23.85	23.39	23.68	1114500
20191209	23.73	24.00	23.38	23.98	1389400
20191210	23.99	24.00	23.50	23.73	1371300
20191211	23.73	23.78	23.13	23.21	1309000
20191212	23.22	23.58	22.93	23.10	1989500
20191213	23.19	23.39	22.51	22.71	2704500
20191216	22.87	23.17	22.58	22.84	3935900
20191217	22.58	22.81	22.37	22.62	3017900
20191218	22.81	23.40	22.78	23.18	2975000
20191219	23.19	23.78	23.12	23.77	3225800
20191220	23.85	24.10	23.03	23.07	24817100
20191223	23.20	23.30	22.64	22.69	2881100
20191224	22.75	23.30	22.75	22.99	1505100
20191226	23.06	23.39	22.87	22.92	1402200
20191227	23.01	23.26	23.00	23.10	1544900
20191230	23.10	23.33	22.85	22.90	1726000
20191231	22.84	23.53	22.77	23.46	2233400
20200102	23.49	23.52	22.44	22.60	3039000
20200103	22.45	22.63	22.04	22.53	2303400
20200106	22.47	22.85	22.37	22.63	1646600
20200107	22.43	22.60	22.08	22.53	1903400
20200108	22.49	22.83	22.32	22.66	1904600
20200109	22.66	22.67	21.95	22.00	2669600
20200110	22.02	22.05	21.75	21.80	2474000
20200113	21.89	22.19	21.74	22.01	1615800
20200114	22.01	22.58	21.93	22.53	1262300
20200115	22.23	22.42	21.97	22.33	1819200
20200116	22.32	22.87	22.32	22.61	1540000
20200117	22.63	22.71	22.35	22.45	1788700
20200121	22.44	22.85	22.32	22.80	1773000
20200122	22.89	23.02	22.22	22.33	1507200
20200123	22.28	22.40	21.98	22.39	1040700
20200124	22.36	22.37	21.76	21.79	1968600
20200127	21.57	21.66	20.68	20.92	3149700
20200128	21.00	21.04	20.72	20.72	1250700
20200129	20.80	21.00	20.68	20.68	1050300
20200130	20.53	20.59	19.81	20.02	2255300
20200131	19.98	19.98	19.39	19.45	2934600
20200203	19.59	20.30	19.46	19.91	2520200
20200204	20.09	21.90	19.69	21.02	7748600
20200205	21.16	21.49	20.77	20.83	3823300
20200206	21.72	21.98	21.18	21.72	3428200
20200207	21.64	21.72	20.17	20.36	3374100
20200210	22.77	22.77	21.49	22.66	11819600
20200211	22.92	23.00	21.10	21.12	7249900
20200212	21.10	21.32	20.19	20.26	5869000
20200213	20.09	20.35	19.73	19.93	7347800
20200214	19.88	20.10	19.73	19.91	2865300
20200218	20.18	20.61	20.07	20.51	3503200
20200219	20.48	20.57	20.00	20.46	4397400
20200220	20.59	21.14	20.54	21.11	2681700
20200221	21.06	21.58	20.95	21.34	2650600
20200224	20.75	20.75	20.26	20.62	2887700
20200225	20.68	20.70	19.69	19.93	3580900
20200226	19.99	20.03	19.16	19.30	2790600
20200227	19.06	20.03	18.05	19.24	4690200
20200228	18.76	18.90	17.95	18.39	6947700
20200302	18.45	18.46	17.36	18.33	5322100
20200303	18.27	19.33	18.01	18.57	4715900
20200304	18.76	19.24	18.46	19.20	3606300
20200305	18.74	18.74	18.01	18.31	2968000
20200306	17.80	17.92	16.77	17.49	5900900
20200309	16.02	16.02	14.78	14.83	6114400
20200310	15.76	15.87	14.54	15.68	3854000
20200311	15.13	15.14	13.28	13.84	7052000
20200312	12.24	12.59	11.03	12.29	7396800
20200313	13.25	13.44	10.20	12.09	8432300
20200316	8.18	9.80	7.65	8.70	10030000
20200317	8.84	8.95	6.73	8.11	7669900
20200318	7.64	7.64	5.65	5.97	8575400
20200319	5.94	7.33	4.97	6.94	8572300
20200320	7.25	8.36	6.48	6.64	8110700
20200323	6.53	6.55	5.38	6.17	6256700
20200324	6.66	6.93	6.13	6.72	4878700
20200325	6.97	7.78	6.09	6.96	4880900
20200326	7.19	7.25	6.10	6.21	6521400
20200327	6.23	6.26	5.40	5.56	7441000
20200330	5.59	5.64	4.94	5.41	7779400
20200331	5.41	5.58	4.95	5.07	6958600
20200401	4.75	5.19	4.55	5.01	5818400
20200402	4.96	5.19	4.37	4.52	6842100
20200403	4.56	4.68	4.33	4.56	5606500
20200406	4.86	5.57	4.74	5.47	10462000
20200407	6.02	7.43	5.99	6.62	19161200
20200408	7.07	7.84	6.73	7.31	11835200
20200409	8.04	9.81	8.00	8.48	13797100
20200413	8.70	8.81	7.56	7.90	6308400
20200414	8.31	8.52	7.91	7.91	4286400
20200415	7.47	7.47	6.84	6.94	4535800
20200416	6.98	7.00	5.74	5.87	8118300
20200417	6.67	6.87	6.19	6.28	7618500
20200420	5.93	6.25	5.60	5.64	10518600
20200421	5.26	5.66	5.13	5.51	8502200
20200422	5.66	5.70	4.97	5.16	10484900
20200423	5.21	5.65	5.05	5.43	7845800
20200424	5.42	5.63	5.02	5.46	7372700
20200427	5.54	6.41	5.42	6.17	10115900
20200428	6.57	6.94	6.13	6.64	11514500
20200429	7.32	7.48	6.86	7.14	11476700
20200430	6.82	7.31	6.32	6.83	9626700
20200501	6.45	6.57	6.20	6.26	5154400
20200504	5.99	6.95	5.72	6.46	10609800
20200505	6.65	7.04	6.28	6.30	6270900
20200506	6.43	6.51	5.76	5.98	8535500
20200507	6.11	6.22	5.79	5.92	7039400
20200508	6.07	6.63	6.02	6.26	8340700
20200511	6.16	6.19	5.85	5.98	6585100
20200512	6.42	6.49	5.86	5.86	10261200
20200513	5.75	5.83	5.26	5.59	9062700
20200514	5.38	5.88	5.13	5.67	6271300
20200515	5.58	5.88	5.47	5.82	4403100
20200518	6.19	6.78	6.19	6.62	9259300
20200519	6.59	7.13	6.36	6.81	5914000
20200520	6.93	7.09	6.59	6.75	5449300
20200521	6.68	7.02	6.60	6.73	5950700
20200522	6.68	6.76	6.32	6.36	6013100
20200526	6.76	6.91	6.55	6.82	10685000
20200527	7.07	7.17	6.70	7.01	9042900
20200528	7.06	7.09	6.54	6.62	5718000
20200529	6.43	6.55	6.22	6.23	8711800
20200601	6.25	6.78	6.18	6.53	6647500
20200602	6.67	7.14	6.64	6.88	8392200
20200603	7.10	8.01	7.10	7.86	12355700
20200604	7.93	8.63	7.59	8.56	14369700
20200605	10.06	10.76	9.88	10.21	19703700
20200608	11.51	12.06	10.75	12.01	18935600
20200609	10.82	11.62	10.43	10.94	11235700
20200610	10.71	10.71	9.24	9.74	12729900
20200611	8.77	9.03	8.23	8.38	10749900
20200612	9.20	9.42	8.38	8.93	7848300
20200615	8.18	9.15	8.08	8.76	7070700
20200616	10.19	10.20	8.67	8.81	8954500
20200617	8.79	8.99	8.42	8.46	4465800
20200618	8.30	8.64	8.01	8.50	5006800
20200619	8.72	8.74	8.03	8.10	9034400
20200622	8.04	8.20	7.80	8.14	4351500
20200623	8.23	8.59	8.11	8.22	5352000
20200624	8.01	8.04	7.47	7.80	7894200
20200625	7.50	8.13	7.48	7.84	6823700
20200626	7.78	7.93	7.26	7.37	21135500
20200629	7.45	8.07	7.26	8.03	5473600
20200630	8.16	8.40	7.96	8.21	5009700
20200701	8.24	8.45	7.82	7.96	6037600
20200702	8.19	8.30	7.67	7.73	4396500
20200706	7.93	8.00	7.48	7.82	3619000
20200707	7.63	7.63	7.35	7.40	4385700
20200708	7.37	7.67	7.16	7.62	3837900
20200709	7.55	7.55	6.95	7.19	5118800
20200710	7.10	7.74	7.08	7.74	3210400
20200713	7.80	8.04	7.42	7.84	4236500
20200714	7.73	8.05	7.53	7.67	3759900
20200715	7.93	8.27	7.86	8.21	5248500
20200716	8.05	8.19	7.69	7.77	3535400
20200717	7.78	7.83	7.48	7.48	3201200
20200720	7.48	7.54	7.13	7.14	3952600
20200721	7.26	7.63	7.20	7.43	3428600
20200722	7.38	7.56	7.21	7.49	2619800
20200723	7.40	7.67	7.37	7.48	2503200
20200724	7.47	7.49	7.24	7.27	2584600
20200727	7.16	7.23	6.90	7.21	4104900
20200728	7.15	7.68	7.12	7.58	5171300
20200729	7.61	7.78	7.33	7.78	3076200
20200730	7.50	7.61	7.36	7.47	2642700
20200731	7.40	7.47	6.97	6.98	6590000
20200803	6.91	6.98	6.59	6.95	6206100
20200804	6.96	7.54	6.94	7.45	6427700
20200805	7.55	7.64	7.29	7.31	3133800
20200806	7.26	7.35	7.09	7.14	3688900
20200807	7.08	7.26	6.89	7.18	6013200
20200810	7.34	7.82	7.34	7.53	8820000
20200811	7.73	8.09	7.40	7.48	9037000
20200812	7.68	7.75	7.23	7.59	4945800
20200813	7.50	7.71	7.21	7.23	4480400
20200814	7.18	7.48	7.11	7.32	4879100
20200817	7.32	7.61	7.17	7.43	4911500
20200818	7.36	7.45	7.17	7.20	4956900
20200819	7.22	7.26	7.00	7.00	3684200
20200820	6.97	7.28	6.86	7.16	3294200
20200821	7.08	7.11	6.90	6.93	4525800
20200824	7.01	7.48	6.80	7.47	5961600
20200825	7.52	7.64	7.14	7.39	3316000
20200826	7.27	7.43	7.07	7.11	3105200
20200827	7.14	7.36	7.12	7.23	3271400
20200828	7.22	7.54	7.08	7.54	3920300
20200831	7.46	7.49	7.30	7.39	3518500
20200901	7.25	7.34	7.15	7.23	4068100
20200902	7.15	7.29	7.05	7.28	4436900
20200903	7.26	7.72	7.25	7.43	5660800
20200904	7.52	7.82	7.49	7.71	4944900
20200908	7.71	7.80	7.36	7.71	5660800
20200909	7.72	7.72	7.27	7.33	5593000
20200910	7.35	7.39	7.08	7.08	5175300
20200911	7.08	7.13	6.80	6.85	4621000
20200914	6.84	6.90	6.48	6.79	7708800
20200915	6.80	7.23	6.76	6.96	4805700
20200916	6.95	7.43	6.88	7.25	5260300
20200917	7.08	7.31	7.04	7.28	3426800
20200918	7.18	7.19	6.91	6.98	8758900
20200921	6.81	6.87	6.39	6.40	9812000
20200922	6.53	6.73	6.33	6.34	5738700
20200923	6.39	6.55	6.14	6.26	5651100
20200924	6.22	6.45	6.11	6.29	4130600
20200925	6.18	6.36	6.18	6.30	3448200
20200928	6.45	6.77	6.43	6.61	3353200
20200929	6.58	6.58	6.30	6.43	6041500
20200930	6.43	6.64	6.29	6.33	4119300
20201001	6.33	6.54	6.24	6.53	3470300
20201002	6.29	6.95	6.28	6.91	3974900
20201005	7.01	7.07	6.81	6.96	2343100
20201006	7.08	7.27	6.86	6.94	3594700
20201007	6.99	7.19	6.99	7.10	3142600
20201008	7.22	7.28	7.06	7.22	2770200
20201009	7.27	7.31	6.97	7.01	2889700
20201012	6.97	7.08	6.85	7.01	2219500
20201013	6.90	6.94	6.70	6.76	3567800
20201014	6.79	6.82	6.65	6.68	2418800
20201015	6.67	7.04	6.59	6.87	4352200
20201016	6.84	6.92	6.63	6.78	3872100
20201019	6.81	6.93	6.67	6.77	5953100
20201020	6.88	6.98	6.64	6.67	3262900
20201021	6.65	6.79	6.57	6.68	1860300
20201022	6.65	6.93	6.61	6.91	3404500
20201023	6.97	7.07	6.81	6.98	1886200
20201026	6.89	6.89	6.67	6.85	2686500
20201027	6.78	6.80	6.47	6.47	3835300
20201028	6.31	6.41	6.09	6.09	5593100
20201029	6.10	6.40	5.98	6.36	3532700
20201030	6.33	6.49	6.21	6.49	2962500
20201102	6.54	6.67	6.38	6.67	2958000
20201103	6.76	7.03	6.71	6.94	4296400
20201104	6.86	6.86	6.46	6.74	6258500
20201105	6.58	6.90	6.51	6.60	5189600
20201106	6.73	7.02	6.56	6.59	4658600
20201109	7.91	8.98	7.90	8.59	19573100
20201110	8.42	8.98	8.30	8.60	8684600
20201111	8.58	8.64	8.02	8.15	5835500
20201112	7.95	8.35	7.77	8.18	5384000
20201113	8.32	8.55	8.14	8.39	6808000
20201116	8.99	9.20	8.51	8.61	10823900
20201117	8.49	8.89	8.41	8.55	5438900
20201118	8.60	8.95	8.26	8.29	7369700
20201119	8.29	8.90	8.26	8.77	7977400
20201120	8.78	9.17	8.73	9.09	7868900
20201123	9.53	10.16	9.36	9.60	16030300
20201124	9.76	10.78	9.76	10.38	14058200
20201125	10.14	10.61	9.92	10.41	7073400
20201127	10.64	10.64	10.19	10.33	3164700
20201130	10.38	10.57	9.50	9.52	8905600
20201201	9.83	9.98	9.50	9.50	6485200
20201202	9.51	10.41	9.29	9.90	11471000
20201203	10.10	11.04	9.85	10.54	10249100
20201204	10.88	11.43	10.73	11.32	7819300
20201207	11.36	11.36	10.88	11.08	5499300
20201208	11.02	11.42	10.96	11.39	3211400
20201209	11.61	11.88	11.32	11.63	8293600
20201210	11.09	11.52	11.05	11.43	5272700
20201211	11.37	11.37	10.90	11.08	3653200
20201214	11.46	11.49	10.44	10.49	7019600
20201215	10.46	11.09	10.46	11.09	3671800
20201216	11.09	11.11	10.40	10.51	5948400
20201217	10.68	10.71	10.38	10.61	3369200
20201218	10.52	10.57	9.86	10.01	7995100
20201221	9.50	10.22	9.44	10.04	5333900
20201222	10.14	10.21	9.77	9.84	2801200
20201223	9.98	10.31	9.94	10.21	2564500
20201224	10.29	10.51	10.00	10.38	1684300
20201228	10.46	10.62	10.39	10.47	3262200
20201229	10.62	10.62	10.07	10.13	2290600
20201230	10.07	10.42	10.04	10.14	2073200
20201231	10.11	10.24	9.97	10.16	2959900
20210104	10.19	10.29	9.82	10.15	3668300
20210105	10.33	10.67	10.23	10.45	3288300
20210106	10.67	11.60	10.65	11.04	7164600
20210107	11.17	11.44	10.88	10.91	2489600
20210108	10.90	11.12	10.53	11.11	2483200
20210111	10.64	11.05	10.64	10.88	1881000
20210112	10.91	11.44	10.86	11.39	2534700
20210113	11.42	12.37	11.22	12.20	6274800
20210114	12.49	14.38	12.48	13.52	14053400
20210115	13.27	13.50	12.61	12.93	5916400
20210119	13.26	14.33	13.24	13.89	7021400
20210120	13.86	14.15	13.32	13.40	3873300
20210121	13.58	13.60	12.64	12.69	4854200
20210122	12.51	14.10	12.40	13.57	6979600
20210125	14.14	17.94	14.10	16.42	21128200
20210126	16.68	20.18	16.30	18.53	17421700
20210127	20.11	24.75	17.69	21.32	58466600
20210128	20.81	22.60	17.24	18.11	21758600
20210129	18.62	19.13	14.78	14.95	14640700
20210201	15.32	15.52	12.83	13.34	25428800
20210202	13.27	13.33	11.59	11.72	22124500
20210203	12.00	12.29	11.16	11.82	14747800
20210204	12.09	13.29	11.93	12.26	14325100
20210205	12.43	12.81	12.31	12.35	6826600
20210208	12.52	12.90	12.40	12.65	6164900
20210209	12.87	13.04	12.22	12.38	5974900
20210210	12.48	12.61	12.22	12.43	7374600
20210211	12.38	12.68	11.97	12.14	5986700
20210212	12.09	12.41	12.00	12.29	4055800
20210216	12.38	12.71	12.17	12.20	6573000
20210217	12.16	12.28	11.86	12.08	4439300
20210218	11.92	12.14	11.64	12.00	4512500
20210219	12.00	12.32	11.85	12.07	5614200
20210222	12.20	13.22	11.99	12.88	12079300
20210223	12.66	13.27	12.20	12.67	12887200
20210224	12.53	13.44	12.39	13.29	8418900
20210225	13.72	14.31	12.54	12.71	11450600
20210226	12.86	13.18	12.17	12.45	7196500
20210301	12.79	13.15	12.50	12.53	6466900
20210302	12.67	12.93	12.51	12.53	5219200
20210303	12.67	13.36	12.66	13.14	9469600
20210304	13.69	14.25	12.46	13.23	13764900
20210305	13.29	13.62	12.08	12.94	7877000
20210308	13.03	13.18	12.70	13.09	7340700
20210309	13.20	13.71	12.65	13.06	11272900
20210310	13.19	14.25	12.97	13.25	11807700
20210311	13.30	13.43	12.90	12.92	6988000
20210312	13.01	13.25	12.82	12.94	5863400
20210315	12.96	14.24	12.92	13.73	13282100
20210316	13.73	13.86	12.92	12.96	7833600
20210317	12.90	13.26	12.83	13.23	5461500
20210318	13.18	13.58	12.74	12.85	7067400
20210319	12.81	12.91	12.39	12.53	10771700
20210322	12.53	12.87	12.43	12.51	5649300
20210323	12.42	12.53	11.82	11.90	9607800
20210324	11.96	12.24	11.52	11.53	7187400
20210325	11.49	12.01	11.15	11.70	6870200
20210326	12.48	12.48	11.47	11.74	17617500
20210329	11.82	11.85	10.64	11.15	19233800
20210330	11.09	11.61	10.85	11.37	11091500
20210331	11.42	11.60	11.21	11.28	5081400
20210401	11.45	11.54	11.25	11.54	3916300
20210405	11.65	11.76	11.28	11.43	3763900
20210406	11.40	11.95	11.40	11.74	4088100
20210407	11.76	12.04	11.76	11.93	4117900
20210408	11.94	12.06	11.57	11.91	3972800
20210409	11.99	12.03	11.69	11.73	3205000
20210412	11.74	11.83	11.43	11.79	3850300
20210413	11.79	11.81	11.32	11.72	4126000
20210414	11.74	12.21	11.73	11.88	3629200
20210415	12.09	12.17	11.85	12.05	3745700
20210416	12.05	12.53	12.03	12.14	10744400
20210419	12.17	12.32	11.91	12.21	3959900
20210420	12.05	12.18	11.53	11.83	6216700
20210421	11.71	12.35	11.56	12.30	3164500
20210422	12.33	12.59	12.15	12.22	2948900
20210423	12.25	12.53	12.10	12.51	2012800
20210426	12.71	13.14	12.57	12.99	5082900
20210427	13.01	13.70	12.84	13.57	5784000
20210428	13.49	14.19	13.42	13.59	4653900
20210429	13.78	14.04	13.41	13.60	5201900
20210430	13.49	13.53	13.00	13.29	6053500
20210503	13.33	13.62	13.20	13.44	3077800
20210504	13.40	13.48	12.78	13.05	3738500
20210505	13.06	13.45	12.94	13.01	4469900
20210506	13.12	13.17	12.73	13.13	2969900
20210507	13.07	13.47	12.95	13.39	2280900
20210510	13.46	14.05	13.46	13.83	8084300
20210511	13.11	13.83	12.67	13.78	8211400
20210512	13.71	13.83	12.69	12.70	6674500
20210513	12.67	13.49	12.67	13.10	4818700
20210514	13.23	13.85	13.23	13.65	5560500
20210517	13.65	13.99	13.50	13.95	5996800
20210518	14.08	14.34	13.73	14.16	5269800
20210519	13.74	14.06	13.31	14.06	5319600
20210520	14.08	14.08	13.60	13.83	3638600
20210521	13.89	14.25	13.77	13.97	2278000
20210524	14.03	14.68	13.82	14.59	4326800
20210525	14.67	15.17	14.45	14.58	4698100
20210526	14.63	15.77	14.51	15.36	8163800
20210527	15.45	15.79	15.21	15.74	10718800
20210528	15.83	16.00	15.35	15.51	4555100
20210601	15.63	16.50	15.61	16.22	5868400
20210602	16.43	17.98	16.09	17.69	9584200
20210603	17.64	17.87	16.94	17.11	6359700
20210604	17.21	17.31	16.43	16.62	5831500
20210607	16.87	17.78	16.73	17.25	4963100
20210608	17.41	18.16	17.34	17.53	5737300
20210609	17.74	18.03	17.50	17.55	4269900
20210610	17.59	17.83	16.61	16.90	4114100
20210611	16.90	17.24	16.59	17.24	3407000
20210614	17.26	17.63	16.83	16.99	3567100
20210615	16.95	17.18	16.60	16.67	4440400
20210616	16.64	17.50	16.58	17.34	6367900
20210617	17.23	17.62	16.39	16.76	6122800
20210618	16.58	16.97	16.47	16.72	20405400
20210621	16.71	17.46	16.48	17.32	4577700
20210622	17.38	17.38	16.81	17.26	4606600
20210623	17.26	17.83	17.15	17.73	4149900
20210624	17.81	18.01	17.40	17.91	5710000
20210625	17.89	18.30	17.82	17.96	9992100
20210628	18.38	18.40	17.35	18.02	6740100
20210629	17.93	18.38	17.87	17.89	4361800
20210630	17.83	18.09	17.69	17.79	2853300
20210701	17.79	18.19	17.74	18.03	2770100
20210702	18.01	18.31	17.94	18.23	5326300
20210706	18.13	18.23	16.60	17.13	5995900
20210707	16.95	17.23	16.30	16.70	3549100
20210708	15.97	17.15	15.95	16.76	3769200
20210709	17.05	17.55	16.99	17.43	3088700
20210712	17.28	17.75	17.11	17.70	1681100
20210713	17.54	17.67	16.96	17.07	2530600
20210714	17.06	17.52	16.53	17.08	3817400
20210715	17.25	17.42	16.62	17.16	3222400
20210716	17.38	17.45	16.32	16.35	3530400
20210719	15.73	15.76	14.84	15.31	5451400
20210720	15.46	16.43	15.04	16.30	3219000
20210721	16.40	17.15	16.39	16.83	2536700
20210722	16.66	16.68	16.04	16.15	1884500
20210723	16.28	16.44	15.81	16.05	1587400
20210726	15.97	16.49	15.97	16.44	1422600
20210727	16.33	16.46	15.95	16.14	1815700
20210728	16.20	16.43	15.78	16.12	1640100
20210729	16.14	16.61	16.14	16.27	1488600
20210730	16.31	16.54	15.76	15.89	3236000
20210802	15.94	16.50	15.67	15.74	2375300
20210803	15.86	16.03	15.27	16.03	3918100
20210804	15.62	16.08	15.06	15.19	6728600
20210805	15.36	16.22	15.35	16.19	3811100
20210806	16.34	16.73	16.20	16.41	3025300
20210809	16.24	16.52	15.96	16.41	3278200
20210810	16.47	16.81	16.28	16.57	1909400
20210811	16.59	16.80	16.32	16.72	1651700
20210812	16.83	16.92	16.30	16.56	1958700
20210813	16.66	16.67	16.34	16.43	1958200
20210816	16.30	16.36	15.79	15.80	2733100
20210817	15.59	15.64	14.95	15.12	4386800
20210818	15.12	15.59	14.90	15.26	2876300
20210819	15.07	15.40	14.61	15.12	4251100
20210820	15.08	15.49	15.00	15.42	2552600
20210823	15.63	15.84	15.34	15.75	2865500
20210824	15.85	16.21	15.79	16.03	2045200
20210825	16.11	16.44	15.80	16.13	2074500
20210826	16.11	16.11	15.74	15.89	2089500
20210827	15.94	16.71	15.85	16.48	2897200
20210830	16.43	16.56	16.03	16.56	2327600
20210831	16.60	16.93	16.37	16.81	7439800
20210901	16.74	16.97	16.59	16.76	2464700
20210902	16.83	17.24	16.73	17.12	3239700
20210903	17.06	17.13	16.64	17.00	2051700
20210907	16.81	17.21	16.70	17.00	2457100
20210908	16.95	17.20	16.48	16.89	4326000
20210909	16.93	17.16	16.68	16.99	2746300
20210910	17.11	17.11	16.62	16.62	2454500
20210913	16.80	17.47	16.80	17.30	3057000
20210914	17.39	17.51	16.83	17.08	2252500
20210915	17.09	17.65	16.98	17.49	2602900
20210916	17.44	17.84	17.42	17.46	2304200
20210917	17.61	17.82	17.10	17.10	13248800
20210920	16.53	16.99	16.31	16.67	3780800
20210921	16.86	17.12	16.81	17.00	1937200
20210922	17.16	17.59	17.15	17.52	2237900
20210923	17.67	18.09	17.61	17.91	2464200
20210924	17.72	17.92	17.42	17.52	1622200
20210927	17.63	18.13	17.49	17.56	2282800
20210928	17.52	17.66	17.28	17.35	2237900
20210929	17.36	17.42	16.89	17.06	1826800
20210930	17.05	17.09	16.37	16.45	3141300
20211001	16.72	17.39	16.55	17.13	2927300
20211004	17.21	17.41	16.83	16.87	2129400
20211005	16.93	16.99	16.67	16.69	1834000
20211006	16.41	16.89	16.24	16.88	1959800
20211007	17.01	17.44	16.95	17.44	2630200
20211008	17.39	17.76	17.23	17.23	2552800
20211011	17.32	17.47	17.13	17.18	886000
20211012	17.09	17.21	16.87	17.02	1760500
20211013	16.89	17.41	16.75	17.38	1778100
20211014	17.50	17.67	17.25	17.47	1468200
20211015	17.72	17.91	17.31	17.42	2181200
20211018	17.31	17.87	17.28	17.86	2339000
20211019	18.07	18.13	17.72	17.77	2254500
20211020	17.70	18.42	17.67	18.41	2508900
20211021	18.35	18.54	17.83	17.90	2051200
20211022	17.91	18.34	17.88	18.13	1850800
20211025	18.17	18.31	17.85	18.04	2349700
20211026	18.16	18.54	17.96	18.05	1789700
20211027	18.03	18.03	17.54	17.61	2089100
20211028	17.64	17.91	17.33	17.82	1792300
20211029	17.66	17.89	17.50	17.80	3895500
20211101	17.87	18.61	17.79	18.58	4710200
20211102	18.95	21.31	18.93	21.06	11766000
20211103	19.67	21.90	19.58	21.37	5595800
20211104	21.36	21.93	21.06	21.30	3080200
20211105	21.94	22.52	21.75	21.86	4059700
20211108	21.86	22.01	21.35	21.53	4378200
20211109	21.28	21.39	20.75	21.26	2309400
20211110	21.29	21.38	20.45	20.45	2642500
20211111	20.55	21.19	20.45	20.95	1474700
20211112	20.98	20.98	20.51	20.82	1207000
20211115	20.94	21.07	20.69	20.80	1156300
20211116	20.73	21.12	20.59	20.95	1380900
20211117	20.73	21.08	20.48	21.02	1682000
20211118	21.39	21.69	20.96	21.45	2136700
20211119	21.04	21.13	20.61	20.95	1676800
20211122	21.20	21.65	21.03	21.33	1625600
20211123	21.16	21.50	21.12	21.17	2665100
20211124	20.90	20.90	20.34	20.57	2277000
20211126	19.62	19.71	18.77	19.50	3186100
20211129	19.81	19.90	19.22	19.63	2493900
20211130	19.33	19.33	18.45	18.69	3448400
20211201	19.32	19.51	17.28	17.40	4805100
20211202	17.52	18.58	17.32	18.32	4067200
20211203	18.35	18.46	17.59	17.93	2596400
20211206	18.08	18.96	18.04	18.64	1836400
20211207	18.95	19.33	18.78	19.01	2835900
20211208	19.02	19.11	18.57	18.62	3237200
20211209	18.33	18.42	17.59	17.61	3855600
20211210	17.88	17.94	17.24	17.69	2105800
20211213	17.48	17.52	16.68	17.12	3918900
20211214	17.11	17.32	16.78	16.83	2582300
20211215	16.83	17.05	16.37	17.02	2292900
20211216	17.13	17.27	16.45	16.75	2969300
20211217	16.64	16.80	16.25	16.51	3969800
20211220	16.25	16.27	15.35	15.72	4058500
20211221	15.93	17.02	15.93	16.45	3567100
20211222	16.42	16.92	16.26	16.89	2323800
20211223	17.06	17.18	16.78	16.87	2358400
20211227	16.84	17.14	16.75	17.06	2313600
20211228	17.09	17.22	16.91	17.07	1995200
20211229	17.13	17.21	16.87	17.10	3366300
20211230	17.02	17.63	17.02	17.38	2136900
20211231	17.34	17.45	17.10	17.12	1554800
20220103	17.49	17.90	17.15	17.34	2771600
20220104	17.66	18.67	17.61	18.57	3702400
20220105	18.54	19.00	18.12	18.23	4477900
20220106	18.20	18.65	18.02	18.40	2639700
20220107	18.40	18.54	17.99	18.00	2440800
20220110	17.71	17.94	17.37	17.70	2262900
20220111	17.60	18.05	17.40	17.90	1830900
20220112	18.07	18.26	17.86	17.96	2120300
20220113	18.23	18.33	17.86	17.89	1561600
20220114	17.71	17.88	17.25	17.62	2373000
20220118	17.43	17.48	16.90	16.94	2164000
20220119	17.07	17.26	16.50	16.56	2389700
20220120	16.68	17.21	16.56	16.59	3713900
20220121	16.45	16.88	16.05	16.11	3766000
20220124	15.61	16.28	14.93	16.19	4282700
20220125	15.86	16.63	15.75	16.55	2510700
20220126	16.97	17.47	16.77	17.02	4239900
20220127	17.23	17.43	16.15	16.19	3201200
20220128	16.19	16.70	15.77	16.70	2495100
20220131	16.50	16.50	15.99	16.39	3241400
20220201	16.36	16.67	16.02	16.38	3148200
20220202	16.44	16.63	16.12	16.29	1771900
20220203	16.16	16.44	15.89	15.92	2067800
20220204	15.79	15.85	15.16	15.43	3744400
20220207	15.40	16.05	15.40	15.92	2161200
20220208	15.88	15.96	15.53	15.56	4632000
20220209	15.57	15.99	15.57	15.98	6757200
20220210	16.15	17.44	15.90	16.37	4347600
20220211	16.60	16.96	15.86	15.99	3456400
20220214	15.87	16.01	15.33	15.53	3910700
20220215	15.71	16.03	15.56	15.84	3226200
20220216	15.95	16.43	15.86	16.32	2368600
20220217	16.20	16.41	15.87	15.93	3155800
20220218	15.83	16.17	15.59	15.68	3029900
20220222	15.45	15.80	15.13	15.29	2358100
20220223	15.50	15.65	14.69	14.72	2856300
