20170103	133.50	141.77	133.50	140.18	2947900
20170104	140.15	142.15	139.31	141.28	1897900
20170105	140.03	140.66	138.05	139.30	1299000
20170106	139.71	140.18	137.77	139.70	1334900
20170109	139.16	140.74	138.50	139.62	1158900
20170110	139.08	141.29	138.52	139.60	1185000
20170111	139.30	140.30	134.16	136.16	2041600
20170112	135.25	137.94	134.71	137.57	1298200
20170113	138.36	140.50	137.93	139.95	1272800
20170117	139.46	141.96	138.85	141.14	2310300
20170118	142.86	143.07	140.90	142.38	1348900
20170119	142.32	142.32	139.34	140.05	1120600
20170120	140.25	144.36	140.25	142.89	3076900
20170123	142.27	142.82	141.13	141.98	1788500
20170124	141.36	141.65	140.40	141.02	1586300
20170125	141.42	143.81	141.36	143.67	2905000
20170126	134.07	137.22	130.82	131.74	7175800
20170127	132.38	132.40	128.80	130.02	3354700
20170130	130.28	130.65	127.58	130.37	3119900
20170131	130.69	132.43	129.09	132.31	3109900
20170201	132.83	133.60	131.89	133.15	2800100
20170202	132.94	132.94	131.07	132.17	2701000
20170203	131.99	132.84	131.09	132.02	3957500
20170206	132.31	133.21	131.23	132.95	1579400
20170207	133.33	135.15	132.25	133.05	1797700
20170208	133.03	134.18	132.55	134.01	1127000
20170209	134.01	134.57	131.95	132.84	1532600
20170210	133.15	133.47	132.36	132.71	1221700
20170213	133.64	134.08	132.92	133.59	1363700
20170214	133.59	138.63	133.17	138.06	3548200
20170215	139.10	142.49	137.64	142.17	2538300
20170216	141.71	142.11	139.65	142.08	1590900
20170217	141.62	143.14	140.82	142.87	1883900
20170221	142.83	144.12	141.92	143.47	1312700
20170222	142.64	143.57	141.56	141.73	1313900
20170223	142.15	142.22	140.79	141.65	1267000
20170224	141.61	143.46	140.45	143.44	1248900
20170227	143.51	144.80	142.87	144.28	1567100
20170228	143.81	144.03	141.49	143.02	2075500
20170301	144.13	144.50	141.84	141.91	2901100
20170302	141.85	144.05	141.25	143.05	1234800
20170303	143.47	145.82	143.05	145.30	1449100
20170306	144.53	144.72	142.40	143.12	1372000
20170307	141.69	142.64	139.73	140.26	2342400
20170308	140.82	144.36	140.33	140.83	2381600
20170309	141.28	143.04	140.48	142.39	1380100
20170310	142.97	143.19	140.36	140.67	1311900
20170313	141.28	141.67	139.72	141.04	1695400
20170314	140.92	142.17	140.04	140.14	904600
20170315	140.81	141.73	139.29	141.24	2071700
20170316	141.55	143.19	140.60	141.78	2222500
20170317	142.39	142.39	140.66	140.92	1907000
20170320	140.99	141.70	139.57	140.20	1415900
20170321	140.50	140.70	138.65	139.08	1467600
20170322	139.15	139.82	138.27	139.38	1058300
20170323	139.35	140.61	138.58	138.91	969600
20170324	138.81	139.47	137.04	138.73	1632000
20170327	138.30	141.72	137.61	141.46	1340600
20170328	140.99	142.99	140.76	142.78	1785600
20170329	142.77	144.25	142.02	144.18	1873600
20170330	143.70	144.20	141.95	142.40	1196700
20170331	141.86	142.16	140.67	141.24	1733600
20170403	141.35	141.82	138.88	139.25	2143400
20170404	139.02	140.04	137.84	138.86	959100
20170405	139.66	139.83	137.67	137.89	1027900
20170406	137.60	138.40	137.20	137.98	1937700
20170407	138.01	138.25	137.02	137.09	1293000
20170410	137.06	138.95	136.58	138.60	1229200
20170411	138.69	138.95	137.41	138.49	1169800
20170412	137.77	138.36	136.56	137.07	1248100
20170413	137.00	137.53	136.09	136.42	840800
20170417	136.71	137.60	136.07	137.39	1181700
20170418	132.41	132.53	128.99	131.08	5010900
20170419	131.26	131.76	129.56	129.64	2258000
20170420	130.24	131.90	129.52	131.14	1593900
20170421	130.61	130.84	128.73	129.48	1336800
20170424	130.76	130.93	129.32	129.70	1402000
20170425	128.60	129.46	127.48	128.60	2468500
20170426	129.07	130.50	128.76	129.59	1381800
20170427	130.11	132.98	129.98	132.21	1796200
20170428	132.13	132.41	131.17	131.74	1523400
20170501	131.77	132.55	131.06	131.91	1283300
20170502	132.36	133.26	130.67	132.61	1596400
20170503	132.47	132.47	130.76	131.66	989400
20170504	131.98	135.98	131.98	135.48	1669700
20170505	135.51	135.97	134.21	134.77	921400
20170508	135.13	135.37	133.76	134.20	799800
20170509	134.89	136.12	134.73	135.74	1041100
20170510	135.66	136.69	134.91	136.44	1367700
20170511	135.83	139.71	135.55	138.80	1804800
20170512	138.49	138.70	137.20	137.73	1405900
20170515	137.52	140.21	137.41	138.44	1978300
20170516	138.45	138.69	137.05	138.05	1139700
20170517	138.05	138.05	135.05	135.31	1823000
20170518	135.81	137.57	133.94	134.74	2016500
20170519	145.81	148.41	144.80	145.76	7889300
20170522	146.23	151.15	146.21	148.06	3369800
20170523	150.08	152.42	150.00	151.47	2954100
20170524	150.65	154.33	150.65	153.59	2699800
20170525	153.59	155.66	152.91	154.67	2495000
20170526	154.36	155.18	153.49	153.56	1126100
20170530	152.92	155.99	152.91	154.43	1114100
20170531	153.07	155.61	152.99	155.36	1997100
20170601	155.22	158.35	154.85	158.33	2027400
20170602	158.16	158.41	156.92	158.12	1522200
20170605	158.56	158.58	156.76	158.31	1350000
20170606	157.93	157.93	153.87	154.53	2362300
20170607	154.69	154.76	153.26	154.20	1255100
20170608	154.20	155.42	153.64	154.73	1205100
20170609	154.57	156.03	154.23	155.92	1078800
20170612	155.93	157.04	154.00	154.37	2147300
20170613	155.18	155.46	153.92	154.73	1070600
20170614	155.16	157.09	154.37	155.90	1004000
20170615	154.73	157.34	154.10	156.41	1587000
20170616	156.71	156.98	151.64	152.52	2961300
20170619	152.99	154.76	152.22	154.35	1754600
20170620	153.89	154.74	153.39	153.61	815800
20170621	153.17	155.72	152.75	155.42	1181000
20170622	155.72	159.58	155.41	158.00	1753600
20170623	158.23	159.45	156.74	159.32	3922200
20170626	159.65	160.88	158.98	159.94	1563200
20170627	159.31	161.55	158.47	159.07	1450300
20170628	160.08	160.73	158.33	159.00	1080100
20170629	159.34	159.65	154.92	156.16	2021600
20170630	156.97	157.76	155.80	157.01	1235200
20170703	157.73	159.40	156.96	157.02	577100
20170705	157.15	158.65	156.36	157.71	1029000
20170706	157.44	158.76	154.83	155.62	1333700
20170707	156.11	157.71	155.27	157.15	1119600
20170710	156.50	158.04	156.13	157.18	1557600
20170711	157.45	158.15	156.16	157.64	1075300
20170712	158.41	159.73	157.52	158.73	947400
20170713	159.06	159.40	157.52	158.72	720800
20170714	158.49	160.63	158.12	159.84	908900
20170717	159.91	161.15	159.05	160.43	1624200
20170718	159.95	159.98	157.61	157.84	1575800
20170719	158.62	158.66	155.15	157.31	1992900
20170720	157.13	159.24	157.08	157.52	1908200
20170721	157.91	158.58	157.09	158.33	1217300
20170724	157.45	159.71	157.45	159.11	1365200
20170725	159.20	160.39	158.42	159.96	939700
20170726	158.53	159.91	156.80	158.74	1405000
20170727	152.68	156.34	148.95	155.10	3253900
20170728	155.63	155.63	152.05	155.08	1962900
20170731	155.12	155.35	154.08	154.47	1377100
20170801	155.83	155.97	153.21	153.88	1319500
20170802	152.67	153.34	147.91	152.31	2467800
20170803	149.96	150.82	146.93	148.24	2338500
20170804	148.96	149.54	146.94	147.62	1090100
20170807	147.67	148.56	146.77	148.56	969400
20170808	148.28	151.09	147.96	150.07	1510100
20170809	149.54	149.61	146.55	147.21	1474900
20170810	146.35	146.35	144.12	144.16	1990500
20170811	144.47	144.61	142.88	143.13	1623800
20170814	144.15	144.76	142.16	142.26	1388000
20170815	142.64	142.83	142.17	142.43	1271100
20170816	142.98	143.06	140.40	140.89	2517000
20170817	140.54	142.50	139.74	140.11	1871400
20170818	139.51	140.52	139.02	139.32	1980300
20170821	139.38	140.08	138.49	139.46	2343700
20170822	139.74	142.22	138.96	141.50	1897400
20170823	141.02	141.68	139.84	140.46	1804900
20170824	140.84	141.35	140.03	140.15	1249500
20170825	140.91	141.26	140.43	140.83	954700
20170828	141.37	142.01	140.43	141.55	1019100
20170829	140.43	141.32	140.13	140.48	1308700
20170830	140.38	140.78	139.38	140.31	1002300
20170831	140.77	143.81	140.57	142.81	1873400
20170901	142.97	144.30	142.47	142.91	885500
20170905	142.15	143.03	140.35	141.39	1552600
20170906	142.27	145.86	142.16	145.47	2437800
20170907	145.49	149.66	145.42	149.06	2462500
20170908	150.38	153.78	149.92	150.11	1436600
20170911	151.12	152.96	150.56	152.31	1351300
20170912	152.13	152.13	145.75	149.55	2424400
20170913	149.32	150.92	148.95	150.82	1118900
20170914	147.58	148.24	144.75	145.08	1908100
20170915	145.23	145.30	142.88	143.36	2903100
20170918	143.86	144.34	141.57	141.96	2494800
20170919	144.15	144.65	141.80	141.91	2044600
20170920	142.46	144.15	141.59	143.64	2017500
20170921	143.59	146.57	143.19	145.93	1407900
20170922	145.69	147.63	145.09	147.31	1616700
20170925	146.55	147.96	146.17	147.78	1752500
20170926	147.78	149.13	147.34	148.14	1199500
20170927	148.44	149.53	147.62	149.16	1129400
20170928	148.59	148.71	145.48	147.03	2297900
20170929	147.86	149.47	146.46	146.92	1440100
20171002	147.12	149.48	146.92	148.50	1610300
20171003	148.58	149.02	145.80	147.29	1467100
20171004	147.18	149.40	146.67	146.92	1351000
20171005	147.48	147.84	146.24	147.03	1706200
20171006	147.18	149.00	142.50	144.70	2666300
20171009	145.38	145.38	140.06	141.69	1873700
20171010	142.91	144.04	141.93	142.91	1708900
20171011	142.40	143.63	142.40	143.41	1288200
20171012	143.41	144.91	142.73	144.11	1025600
20171013	143.60	144.34	138.94	140.76	2388400
20171016	140.06	142.13	139.24	140.23	1603600
20171017	140.15	141.08	139.28	140.04	1614200
20171018	140.05	141.67	139.49	139.85	1583000
20171019	139.99	143.88	139.96	143.43	2322200
20171020	144.01	145.36	143.71	144.22	1404100
20171023	143.83	144.04	141.73	141.84	1936600
20171024	141.46	144.05	140.60	143.23	1355000
20171025	143.71	145.86	142.69	144.79	2183300
20171026	151.90	155.53	136.39	137.29	7193800
20171027	137.38	137.38	128.56	129.72	4208200
20171030	129.35	131.08	128.41	129.14	4156500
20171031	129.84	135.19	129.84	131.88	4050400
20171101	132.74	136.71	131.99	133.59	2843600
20171102	133.59	134.59	129.78	131.09	2763300
20171103	130.55	132.90	130.31	131.62	1750400
20171106	130.88	131.17	128.91	129.32	2752300
20171107	129.78	131.88	129.41	130.97	2083400
20171108	130.70	135.56	130.41	134.25	2206300
20171109	133.91	136.31	133.13	134.01	1817000
20171110	133.21	134.68	131.18	131.62	2088200
20171113	131.48	134.32	129.78	132.04	2289800
20171114	131.97	131.97	129.15	130.24	1482300
20171115	130.08	132.90	129.48	132.82	3334000
20171116	132.92	136.79	132.47	136.49	2732100
20171117	135.54	136.62	134.76	135.94	1849000
20171120	135.25	135.82	130.87	132.22	3618300
20171121	132.85	136.75	132.37	136.65	2326100
20171122	136.78	140.23	136.40	139.45	2220500
20171124	139.45	140.05	137.78	138.36	768700
20171127	138.00	139.61	138.00	138.55	1831600
20171128	138.71	141.42	138.35	141.32	3752800
20171129	141.67	145.76	141.19	141.67	3283200
20171130	142.76	143.31	138.49	141.63	2767600
20171201	140.96	141.63	137.92	140.34	2560700
20171204	138.35	147.25	138.35	146.76	2866400
20171205	146.95	146.98	141.32	144.46	1908800
20171206	144.46	145.97	143.46	144.25	1262900
20171207	144.43	145.05	142.90	143.81	1315100
20171208	144.36	146.72	143.66	146.26	1400500
20171211	146.61	148.59	146.00	147.45	1423200
20171212	148.08	149.26	147.54	148.16	1981500
20171213	147.90	150.55	147.40	148.80	1461100
20171214	150.16	154.59	149.74	150.70	2443500
20171215	152.43	157.50	151.05	155.88	3323300
20171218	153.31	154.16	150.28	153.64	2662400
20171219	153.43	155.23	153.06	153.36	2045100
20171220	154.08	155.20	153.06	154.00	1119000
20171221	154.02	154.91	152.50	152.80	1056000
20171222	153.48	153.48	150.97	151.89	1249000
20171226	151.99	153.51	150.74	152.33	957200
20171227	152.43	152.56	150.60	151.49	673800
20171228	151.32	152.25	149.91	151.21	692400
20171229	151.74	151.81	149.41	149.51	641700
20180102	150.43	152.51	150.19	152.43	809900
20180103	151.44	152.05	148.62	150.28	1588400
20180104	150.31	151.60	146.20	148.65	1946500
20180105	149.78	150.73	148.36	150.67	938800
20180108	150.80	153.27	149.69	152.57	1502600
20180109	152.02	154.75	151.17	154.00	2008200
20180110	153.12	154.08	151.19	154.03	1278700
20180111	154.35	156.06	152.61	155.59	1544200
20180112	156.62	159.44	155.59	159.38	1838400
20180116	160.00	164.73	159.62	163.61	2686800
20180117	164.09	166.66	163.70	165.69	1747300
20180118	164.81	164.89	162.37	164.68	1369000
20180119	164.60	165.97	162.23	163.32	2399800
20180122	163.63	166.69	163.37	165.81	1561200
20180123	165.78	165.88	163.22	163.55	1788700
20180124	165.98	170.62	165.25	167.37	1939300
20180125	166.90	168.19	164.87	167.96	1022000
20180126	168.36	170.64	168.28	169.42	1354100
20180129	169.21	171.47	168.51	169.04	1613900
20180130	163.75	165.18	160.30	164.65	2691100
20180131	166.30	166.83	161.20	161.90	2755700
20180201	157.60	161.06	153.79	159.40	2663600
20180202	158.09	158.23	152.01	152.63	2173900
20180205	152.03	153.04	146.09	146.09	2315000
20180206	144.17	148.92	141.94	146.22	2996600
20180207	145.34	149.83	145.04	146.51	1485200
20180208	146.31	149.25	143.93	144.02	2751000
20180209	145.86	145.92	138.86	142.78	2232800
20180212	143.44	145.20	141.80	142.86	1261100
20180213	139.01	141.31	137.17	140.14	2461100
20180214	139.35	143.89	139.02	142.62	1875800
20180215	143.11	143.44	140.17	142.55	1539300
20180216	142.10	145.76	141.94	144.28	1719800
20180220	143.80	144.44	141.81	142.70	1078300
20180221	142.57	145.15	142.51	143.41	1139600
20180222	143.57	146.50	143.19	143.89	1583800
20180223	144.49	146.74	144.09	146.34	1233900
20180226	146.21	148.85	145.93	148.13	1264100
20180227	148.59	148.96	145.57	147.33	1969600
20180228	147.72	147.87	143.25	143.38	1796000
20180301	143.65	144.45	140.04	140.80	1993100
20180302	140.08	144.26	139.13	144.02	1511200
20180305	143.43	146.17	142.16	145.38	1309600
20180306	145.76	145.95	144.10	145.24	1162700
20180307	144.12	146.25	144.06	145.80	715000
20180308	145.81	148.01	145.80	147.94	1670900
20180309	148.73	150.13	148.06	149.68	1267500
20180312	149.99	152.08	149.65	151.61	1304500
20180313	152.26	154.56	151.20	151.51	1490100
20180314	151.84	152.56	147.96	149.35	2001600
20180315	149.35	150.74	147.58	147.92	2487600
20180316	148.04	148.18	145.80	146.36	3664200
20180319	145.96	146.52	141.72	141.83	2787100
20180320	142.20	142.90	135.20	136.25	3067700
20180321	136.05	138.84	135.68	137.32	1304100
20180322	136.43	138.13	135.64	136.14	1662100
20180323	136.78	136.97	133.41	133.59	1942200
20180326	135.30	135.54	131.73	133.83	1526800
20180327	134.15	135.34	132.51	133.31	1411900
20180328	133.88	136.91	133.88	135.15	1693900
20180329	135.56	136.39	134.69	135.35	1560400
20180402	134.76	136.84	132.15	134.33	1916400
20180403	135.04	135.80	132.59	135.02	1496500
20180404	133.40	136.58	133.37	135.81	1752500
20180405	136.69	138.16	135.25	137.02	1420400
20180406	135.91	136.52	133.68	134.23	2013000
20180409	134.72	136.42	133.31	134.54	911600
20180410	136.04	138.61	135.59	137.59	1391300
20180411	135.92	138.53	135.66	137.47	790700
20180412	138.06	138.89	137.01	138.30	1516600
20180413	138.73	139.13	136.06	137.25	1601200
20180416	138.07	144.79	136.33	142.08	3443500
20180417	143.10	144.85	142.25	143.64	2123700
20180418	143.47	144.93	142.97	143.43	1701700
20180419	142.65	142.92	140.47	141.33	1188800
20180420	141.83	141.83	139.41	140.52	1007900
20180423	140.74	143.04	140.74	142.52	1189600
20180424	143.62	145.22	142.10	143.05	1282800
20180425	142.18	146.20	142.09	145.76	1512000
20180426	147.00	148.16	144.28	147.92	1818500
20180427	147.77	152.44	146.98	151.93	1799400
20180430	152.02	154.53	150.07	150.09	2110400
20180501	149.51	150.75	146.96	148.16	1439300
20180502	147.80	152.05	147.47	148.57	1512500
20180503	144.54	145.08	139.92	140.84	3794800
20180504	140.58	142.29	139.62	141.06	1682500
20180507	141.09	142.66	137.86	138.62	2534300
20180508	140.03	140.03	136.98	138.36	1515200
20180509	138.78	140.11	137.96	139.13	1325900
20180510	139.80	143.27	139.80	141.49	1301200
20180511	141.31	144.60	140.03	143.36	1739600
20180514	144.17	145.79	144.17	145.10	914700
20180515	144.73	145.81	142.95	143.73	910700
20180516	144.26	145.25	143.17	144.27	1001400
20180517	144.65	145.91	143.64	145.07	1247000
20180518	145.16	145.59	143.01	143.08	1090900
20180521	143.23	143.62	140.40	140.76	1531900
20180522	140.92	141.95	140.10	140.70	2304200
20180523	140.72	141.65	140.19	141.07	2145500
20180524	138.35	139.59	133.32	138.38	3543400
20180525	138.29	140.93	137.44	140.09	2076900
20180529	139.22	139.22	134.64	135.68	2649600
20180530	136.43	139.40	135.93	138.77	1870700
20180531	138.47	138.47	136.02	136.70	2331000
20180601	137.67	137.87	136.21	136.99	1026200
20180604	136.76	138.59	136.32	137.53	1567600
20180605	137.48	138.57	137.17	138.46	2405000
20180606	139.29	140.94	138.59	140.26	2279400
20180607	138.83	140.96	138.49	140.25	1180800
20180608	140.62	140.76	138.58	140.00	1136500
20180611	139.92	140.97	139.03	139.85	1251400
20180612	140.29	140.52	138.46	140.16	1366700
20180613	140.72	144.79	140.69	144.00	3584900
20180614	144.46	145.65	143.29	144.46	2024500
20180615	144.20	145.49	143.69	144.46	3216200
20180618	143.91	143.91	140.28	140.65	1775600
20180619	139.64	141.67	138.97	141.32	1119200
20180620	141.28	143.04	140.59	142.05	1347700
20180621	142.50	142.84	140.88	141.05	1163900
20180622	141.90	143.91	141.60	143.38	1788300
20180625	142.81	143.54	140.07	140.68	1237900
20180626	140.68	141.22	138.56	139.58	1026500
20180627	139.58	140.67	138.45	139.32	1150700
20180628	133.23	134.11	126.58	130.78	4687800
20180629	130.88	131.23	127.93	128.47	2260200
20180702	128.31	130.54	127.17	129.90	1548100
20180703	129.98	130.58	128.86	129.60	693700
20180705	130.37	131.74	129.18	131.02	1884000
20180706	131.05	133.20	130.78	132.79	1024400
20180709	133.35	134.61	132.30	133.16	1389600
20180710	133.73	134.69	133.05	133.40	1162300
20180711	132.10	132.10	129.01	129.72	1603500
20180712	130.50	131.01	129.38	130.96	1320400
20180713	130.78	132.41	130.45	131.55	814100
20180716	131.72	131.72	129.88	130.57	898800
20180717	130.31	130.96	129.46	129.61	1134000
20180718	129.38	130.47	128.28	129.38	1281800
20180719	128.42	129.92	124.79	128.87	2574400
20180720	127.70	128.87	126.61	127.99	1946600
20180723	127.64	128.89	127.32	127.73	1328000
20180724	127.90	129.19	127.04	127.11	1679600
20180725	127.42	128.59	126.06	128.42	2167100
20180726	127.11	127.29	121.84	122.37	3292600
20180727	121.85	122.08	118.38	119.31	2031300
20180730	119.42	122.21	119.05	121.25	2011800
20180731	121.18	123.14	120.47	120.96	2850800
20180801	121.04	122.31	119.93	120.18	3179900
20180802	120.01	120.30	118.46	119.41	2259800
20180803	119.32	122.23	119.32	121.55	1346900
20180806	120.73	123.52	120.73	122.07	1549300
20180807	122.14	123.35	120.86	122.07	860400
20180808	121.90	122.07	119.23	119.48	1650700
20180809	119.42	120.12	119.06	119.30	1066200
20180810	118.94	119.28	118.10	118.59	990700
20180813	118.47	122.26	118.41	121.38	1689900
20180814	121.55	122.42	121.41	122.00	1418400
20180815	121.28	122.01	120.18	121.75	1345100
20180816	122.79	123.34	121.08	122.40	1560700
20180817	122.14	125.76	122.06	124.60	1814200
20180820	124.56	126.21	124.43	125.82	1665100
20180821	125.73	126.16	124.98	125.57	1067800
20180822	125.23	125.57	124.24	124.93	1003100
20180823	125.04	125.56	124.44	124.58	694300
20180824	125.02	125.76	124.53	124.88	1173500
20180827	125.24	126.92	124.97	125.51	1672400
20180828	125.62	125.79	124.43	125.20	1773800
20180829	125.35	126.27	124.73	125.20	1676800
20180830	124.88	125.78	123.50	125.18	1477800
20180831	124.31	125.47	123.30	124.37	1271700
20180904	123.94	124.61	119.61	119.68	1833300
20180905	118.99	120.03	118.32	119.23	1750300
20180906	119.11	121.85	119.07	121.23	2509700
20180907	120.33	125.58	120.13	125.32	3931700
20180910	125.40	127.16	125.25	125.92	1598400
20180911	125.46	125.76	124.75	125.65	1375900
20180912	125.62	127.10	124.74	125.86	1144400
20180913	126.73	127.37	125.01	125.20	1784900
20180914	125.58	126.24	124.08	124.18	1779900
20180917	124.29	127.99	123.22	127.29	1526400
20180918	127.06	129.21	126.17	128.55	1757900
20180919	128.70	130.81	128.60	129.70	1260200
20180920	129.96	132.01	129.89	131.23	1097800
20180921	131.29	131.45	129.71	130.36	2770500
20180924	130.34	130.34	127.29	128.13	1039800
20180925	128.28	128.51	126.90	127.24	985500
20180926	127.02	128.51	126.95	127.47	864300
20180927	127.49	129.20	126.90	127.21	1161700
20180928	127.02	128.87	126.46	128.14	1168500
20181001	128.44	129.76	127.66	127.82	951300
20181002	128.04	128.73	127.82	128.02	1088100
20181003	128.72	128.79	125.72	126.06	883800
20181004	126.10	129.00	125.89	127.76	1257500
20181005	127.79	130.82	127.79	129.52	1191500
20181008	129.28	132.28	128.93	131.42	1353400
20181009	131.35	132.41	129.74	132.18	2200400
20181010	132.14	134.21	130.79	130.89	1238100
20181011	130.74	130.74	124.74	124.84	1921900
20181012	125.58	127.29	124.47	126.34	1428700
20181015	125.94	127.93	125.48	126.90	1515700
20181016	127.55	129.31	126.58	128.90	1071800
20181017	128.89	132.45	128.29	130.44	1377600
20181018	130.41	130.77	127.46	128.18	1905300
20181019	128.42	130.45	127.70	127.88	1919400
20181022	125.22	127.12	121.16	122.42	1842200
20181023	120.99	123.54	120.45	122.96	1185300
20181024	122.49	124.06	117.26	117.44	2444700
20181025	115.93	119.42	113.75	117.84	3269400
20181026	116.85	116.88	113.20	114.36	2650500
20181029	116.16	118.07	115.39	116.66	1665500
20181030	117.12	119.97	116.12	119.90	1608400
20181031	120.64	121.69	119.42	120.51	1360100
20181101	121.21	124.80	121.14	124.70	1399400
20181102	125.25	125.58	119.48	121.14	1601400
20181105	121.38	123.55	121.18	122.79	1275500
20181106	122.36	125.42	119.97	124.22	1120500
20181107	124.67	128.33	124.67	128.20	1754900
20181108	127.54	130.52	126.96	128.06	1431500
20181109	128.07	128.42	125.29	126.36	886000
20181112	126.39	127.33	125.81	126.03	834500
20181113	126.32	127.05	124.82	125.72	1194100
20181114	126.17	127.37	123.56	124.50	1656500
20181115	123.82	124.06	119.90	123.13	1349500
20181116	122.77	123.81	119.50	119.67	1961300
20181119	119.71	123.14	119.59	121.89	2477900
20181120	121.45	122.08	118.16	118.38	1385000
20181121	118.27	118.96	117.34	117.66	1258700
20181123	116.97	117.35	114.95	117.04	631000
20181126	118.13	118.19	115.62	116.53	1392400
20181127	116.33	121.51	116.22	121.41	1994500
20181128	121.44	122.83	120.23	122.83	2941100
20181129	122.67	123.62	121.19	122.69	1331600
20181130	123.00	123.02	119.34	120.63	2585900
20181203	119.21	123.24	119.21	123.21	1785600
20181204	122.57	123.85	120.69	121.17	2472800
20181206	120.15	122.55	116.29	122.47	3005900
20181207	121.74	123.75	120.83	121.06	2137900
20181210	120.96	121.04	116.97	119.28	1579300
20181211	119.99	121.56	116.92	118.36	1458700
20181212	118.20	122.20	118.17	119.50	1402500
20181213	119.50	120.61	117.53	119.04	1288500
20181214	117.52	118.11	112.61	113.04	1698900
20181217	111.67	112.35	107.81	108.42	2722500
20181218	109.62	109.87	105.18	105.80	2286900
20181219	105.59	109.49	104.62	107.19	2401400
20181220	108.51	110.86	105.32	106.45	3307400
20181221	105.07	108.57	104.44	104.97	2888900
20181224	104.96	106.33	102.81	104.87	1353600
20181226	104.96	107.43	103.30	107.34	1837400
20181227	106.36	107.67	104.41	107.61	2251700
20181228	107.99	108.43	105.74	106.62	1584000
20181231	106.94	107.81	106.14	107.04	962300
20190102	106.45	110.64	105.77	109.56	2151100
20190103	108.96	110.89	108.41	109.43	3595500
20190104	110.03	111.41	108.55	110.78	1532600
20190107	110.92	113.83	110.75	111.78	1378500
20190108	112.45	114.96	112.45	114.05	1956600
20190109	114.40	115.22	113.65	114.59	1610600
20190110	114.41	118.78	113.80	118.25	2183500
20190111	117.53	118.66	116.47	118.37	1259600
20190114	117.26	118.74	116.62	117.91	1529800
20190115	117.99	119.30	117.25	119.23	1196200
20190116	119.14	120.93	118.71	119.76	1164100
20190117	119.62	121.25	119.51	120.53	1199300
20190118	121.16	123.37	121.13	122.74	1839000
20190122	121.98	122.13	120.29	121.96	1135600
20190123	122.16	122.91	120.62	122.20	1319900
20190124	121.99	122.86	120.59	121.57	1960900
20190125	122.92	124.62	122.64	123.10	1093300
20190128	122.49	122.90	120.82	121.86	1178800
20190129	122.25	122.27	120.56	121.40	1335100
20190130	121.41	122.16	120.45	121.09	1274600
20190131	121.34	125.94	121.34	124.27	2962500
20190201	119.72	123.76	118.66	123.37	3215700
20190204	123.72	128.15	123.69	128.15	2496400
20190205	128.44	129.60	127.45	127.68	2354400
20190206	127.26	129.08	126.93	128.50	1387400
20190207	128.68	129.34	126.24	126.54	1257000
20190208	126.11	126.52	123.58	124.50	1447200
20190211	124.74	126.82	124.23	126.38	1437700
20190212	127.57	130.31	124.87	129.84	2794700
20190213	130.13	131.10	129.48	130.00	1170000
20190214	129.41	131.30	128.10	130.22	1071100
20190215	131.12	131.93	130.28	131.35	1072400
20190219	131.17	132.90	130.36	132.07	1260400
20190220	130.99	131.68	129.71	129.88	1149500
20190221	129.93	130.06	127.41	127.85	1372000
20190222	127.85	128.31	126.75	127.41	1303700
20190225	128.30	128.30	125.87	126.14	1437100
20190226	126.05	126.28	123.04	123.20	2037900
20190227	123.04	123.48	121.89	123.46	1432200
20190228	123.71	124.85	123.03	123.59	1268200
20190301	124.03	124.89	120.56	121.03	1549100
20190304	121.03	121.21	116.39	116.73	2225400
20190305	117.02	117.53	113.56	113.87	2954300
20190306	113.68	114.08	109.90	110.32	1582600
20190307	110.16	110.76	108.56	109.13	2450000
20190308	108.98	109.31	107.42	108.72	1389200
20190311	109.14	110.41	108.94	110.29	1231400
20190312	110.79	112.66	110.79	112.36	1285600
20190313	113.01	114.79	112.54	114.17	1186800
20190314	114.16	115.00	113.25	114.41	1064300
20190315	114.72	116.29	114.43	115.91	2296700
20190318	116.44	118.04	116.36	117.96	1516800
20190319	118.16	119.79	117.99	119.08	1302600
20190320	119.24	119.24	117.04	117.26	1512600
20190321	116.94	118.91	116.15	118.80	818500
20190322	118.39	118.57	115.18	115.21	1115800
20190325	115.42	115.42	111.91	112.40	1335900
20190326	112.60	113.66	111.74	112.60	961000
20190327	112.18	113.39	111.25	112.46	831000
20190328	112.86	113.77	111.80	112.05	668800
20190329	112.76	113.96	111.95	113.77	1115900
20190401	114.69	115.59	114.08	115.50	1155400
20190402	113.46	114.89	111.49	111.57	2709300
20190403	112.55	114.48	110.68	111.85	1753000
20190404	112.11	112.41	110.02	111.78	1746900
20190405	112.27	114.51	111.86	113.42	2471000
20190408	113.43	114.50	112.58	113.54	1161100
20190409	113.01	113.68	111.39	112.55	917100
20190410	112.81	113.21	110.23	112.03	1127000
20190411	112.42	112.66	110.29	110.98	989700
20190412	111.64	113.82	111.17	112.79	1343100
20190415	113.22	115.21	112.83	113.92	1059600
20190416	114.70	115.57	111.97	113.33	992700
20190417	113.88	113.96	108.57	109.33	1441600
20190418	109.40	111.39	108.77	110.90	1193600
20190422	110.58	111.63	108.76	109.31	707200
20190423	109.36	113.11	109.08	111.96	1089800
20190424	111.99	112.77	110.87	112.09	958000
20190425	111.85	112.64	110.50	111.97	652400
20190426	112.53	114.56	112.53	114.28	1458400
20190429	114.39	115.65	114.18	115.05	1059100
20190430	115.70	116.96	114.54	115.90	1105700
20190501	116.30	117.20	115.32	115.67	1007200
20190502	115.74	119.21	115.73	119.19	1244500
20190503	119.49	121.82	119.05	120.01	1759200
20190506	118.81	121.68	117.92	121.41	1370800
20190507	120.20	122.38	119.99	122.15	2539700
20190508	123.43	129.48	120.39	128.00	3147800
20190509	127.78	131.70	126.50	130.82	2057900
20190510	129.84	131.04	125.30	127.18	1281100
20190513	125.76	126.15	121.78	122.90	1447600
20190514	123.05	123.94	122.03	122.08	1469700
20190515	122.04	123.13	119.66	122.76	1016100
20190516	123.43	124.40	121.65	122.05	2189600
20190517	120.90	123.34	120.88	121.49	1720500
20190520	120.80	123.02	120.13	122.85	2175700
20190521	123.01	126.78	122.85	124.73	1819900
20190522	124.65	126.42	124.29	125.99	1312600
20190523	125.49	127.05	124.58	125.46	1420400
20190524	125.54	126.91	125.12	126.27	1283800
20190528	125.84	127.93	125.71	126.45	1502000
20190529	125.98	126.25	121.67	121.87	2021500
20190530	121.97	122.96	119.31	120.37	1674500
20190531	119.32	120.44	118.14	119.08	1584900
20190603	119.22	122.12	119.21	121.44	1050900
20190604	122.98	125.39	122.70	124.37	1675500
20190605	125.20	126.36	122.99	124.18	1013300
20190606	123.86	126.19	123.86	124.94	1274500
20190607	125.68	127.93	125.38	127.02	1042700
20190610	127.86	130.56	127.02	129.43	1212100
20190611	130.05	130.65	128.38	129.28	1456900
20190612	128.90	130.83	128.62	130.67	1133400
20190613	131.11	131.52	129.68	131.47	735700
20190614	131.62	131.63	129.69	129.80	1056500
20190617	130.49	130.74	128.89	130.48	950000
20190618	131.79	131.79	129.62	130.13	1126800
20190619	130.42	131.96	129.79	131.55	1125200
20190620	132.35	132.35	129.63	131.09	1072600
20190621	131.09	131.09	129.04	129.73	1957000
20190624	129.94	130.08	127.00	127.85	924600
20190625	128.51	129.94	127.10	128.50	1050900
20190626	128.45	128.63	126.23	126.93	1330000
20190627	127.75	130.72	127.57	130.57	1080400
20190628	130.49	131.58	129.41	131.03	3192300
20190701	131.62	132.03	129.91	130.88	818200
20190702	130.60	132.86	128.83	132.46	1154300
20190703	133.56	138.75	132.72	137.22	1574200
20190705	137.08	140.15	135.56	136.53	991900
20190708	136.04	137.22	134.24	136.97	1040000
20190709	136.08	137.69	135.52	135.76	1152800
20190710	136.36	137.52	134.83	137.48	671700
20190711	142.26	144.52	138.19	140.22	2206700
20190712	140.43	142.69	139.26	140.98	1521200
20190715	141.23	141.36	137.89	139.15	1329700
20190716	139.20	139.64	135.86	139.38	1535000
20190717	138.28	138.68	134.71	135.16	1517900
20190718	134.39	136.39	133.10	136.19	906100
20190719	136.43	136.61	134.46	135.43	818500
20190722	135.94	136.78	134.51	135.29	627900
20190723	135.36	135.58	133.85	134.66	876700
20190724	135.04	137.38	134.47	136.86	945200
20190725	136.86	137.82	134.30	134.66	1098200
20190726	135.27	135.82	134.16	135.47	842400
20190729	135.46	137.95	135.33	137.75	983400
20190730	136.50	139.67	135.62	138.95	904700
20190731	138.53	138.99	134.30	135.47	1735800
20190801	141.11	146.24	139.69	144.54	2892300
20190802	144.30	144.70	141.55	144.42	1268600
20190805	142.85	143.56	140.56	141.04	1605600
20190806	141.04	144.25	130.76	135.52	4835800
20190807	134.18	136.08	129.73	135.73	2695300
20190808	136.04	138.14	135.05	136.99	2031000
20190809	136.99	138.08	135.70	136.68	1500800
20190812	136.41	139.69	135.82	139.14	1375400
20190813	139.47	143.92	138.68	142.65	1833400
20190814	141.02	142.03	137.60	138.31	1496400
20190815	138.31	139.03	137.26	137.74	1318400
20190816	138.56	142.09	137.26	141.66	1208300
20190819	143.01	144.79	142.21	142.31	1506900
20190820	142.35	144.25	140.87	141.16	2009500
20190821	141.36	144.94	141.24	142.83	2168300
20190822	144.07	146.44	143.69	144.06	1859900
20190823	143.18	147.05	140.37	141.23	2141500
20190826	142.48	144.01	141.98	143.40	1200600
20190827	143.58	144.29	134.85	135.28	2663900
20190828	134.65	135.52	133.51	134.65	1378600
20190829	135.81	136.21	133.81	134.51	1561500
20190830	135.60	135.92	133.61	135.21	1358500
20190903	134.55	136.50	132.78	136.07	2228500
20190904	137.50	138.53	135.96	137.43	799900
20190905	139.08	140.05	138.10	138.24	1056900
20190906	138.90	140.86	138.38	140.43	1213100
20190909	140.61	142.00	139.11	140.61	1463700
20190910	139.99	140.08	136.50	139.68	2081600
20190911	140.68	145.90	138.63	145.25	2000600
20190912	145.29	145.85	142.69	142.87	1100100
20190913	142.98	144.33	139.59	140.36	1913500
20190916	138.86	141.13	137.78	140.97	1101000
20190917	141.46	142.46	140.50	140.57	825600
20190918	140.40	140.86	139.25	140.54	992200
20190919	141.43	144.02	141.10	142.48	896900
20190920	143.82	145.35	143.00	143.57	2924700
20190923	143.29	143.29	136.84	139.77	1502600
20190924	140.43	141.76	137.09	137.21	1498700
20190925	136.93	141.58	136.59	139.15	1696700
20190926	139.72	139.97	134.68	136.09	1361900
20190927	136.62	136.62	128.48	132.53	3544600
20190930	132.02	134.94	131.99	133.64	1905900
20191001	134.40	135.34	132.38	132.80	1342300
20191002	131.65	132.61	127.65	128.19	2246200
20191003	128.17	129.35	125.71	128.20	1522400
20191004	127.48	128.49	125.42	127.79	1740800
20191007	127.69	128.04	126.42	127.35	1957000
20191008	126.71	128.56	126.12	127.39	1347700
20191009	127.98	129.81	127.15	129.31	999200
20191010	129.13	131.46	128.32	129.87	883600
20191011	130.82	133.17	130.46	131.76	904600
20191014	131.75	132.20	130.74	131.14	1164900
20191015	132.91	135.56	132.16	135.12	1288400
20191016	142.36	145.28	138.86	141.64	3978200
20191017	141.97	147.72	141.86	147.18	2492100
20191018	146.33	149.16	146.03	148.89	3241900
20191021	146.48	149.91	141.21	144.09	3618700
20191022	143.38	144.83	141.65	143.67	1043800
20191023	142.52	144.19	141.52	142.83	1409600
20191024	143.53	143.70	140.72	142.38	1583100
20191025	141.80	143.56	140.84	142.73	1163700
20191028	142.99	143.62	142.05	142.26	1124600
20191029	142.42	146.19	141.63	146.10	1335700
20191030	139.28	141.79	132.94	133.77	3098500
20191031	132.46	133.77	128.55	130.06	2387100
20191101	131.06	134.51	130.85	134.08	2377400
20191104	134.24	135.21	131.14	134.56	1325200
20191105	135.12	139.53	134.61	134.72	3066500
20191106	134.98	135.72	132.30	132.65	1199200
20191107	134.86	137.40	133.80	134.27	1130300
20191108	133.75	137.25	133.39	137.10	939800
20191111	135.88	137.29	134.76	137.24	1325300
20191112	138.33	142.73	137.98	141.63	2309600
20191113	140.64	143.96	139.53	142.48	1569300
20191114	142.48	143.50	140.87	141.45	1664300
20191115	141.29	145.54	141.08	145.04	1065000
20191118	145.06	146.61	144.73	146.28	1309400
20191119	146.44	147.94	146.07	146.93	1025300
20191120	146.41	148.70	145.83	147.37	1808400
20191121	147.28	149.43	146.48	148.89	1447800
20191122	149.47	151.37	148.13	149.24	1536700
20191125	149.50	150.37	148.39	149.88	1252000
20191126	149.45	149.72	141.96	142.58	2215200
20191127	141.95	143.52	140.87	143.06	1185900
20191129	142.40	143.08	141.67	141.84	513100
20191202	141.61	141.71	139.70	140.73	1128300
20191203	139.39	140.12	137.89	139.04	1624200
20191204	139.25	140.73	137.98	140.19	1364600
20191205	140.05	141.06	137.65	137.89	1730300
20191206	139.00	140.33	138.79	139.52	1438400
20191209	139.59	141.62	139.36	140.11	1151900
20191210	139.91	140.17	137.96	139.99	797800
20191211	140.38	141.05	139.27	140.58	921300
20191212	140.67	142.17	139.80	141.14	773300
20191213	140.30	141.31	137.32	137.88	749200
20191216	138.24	140.64	137.31	139.45	1096500
20191217	139.25	139.43	134.41	135.23	1662700
20191218	135.08	137.35	134.27	134.34	1652900
20191219	134.54	135.25	132.05	132.98	1541900
20191220	133.90	135.26	132.79	134.98	2440400
20191223	135.30	136.18	134.31	134.94	1022200
20191224	134.58	136.17	134.41	136.12	320200
20191226	136.81	136.94	135.65	136.61	626700
20191227	136.64	137.21	135.19	136.74	570300
20191230	136.82	136.99	134.43	134.51	606900
20191231	134.05	135.72	133.66	135.64	626700
20200102	136.42	137.14	134.86	136.00	976500
20200103	133.89	134.97	132.95	134.07	746600
20200106	133.41	135.49	132.60	135.49	1225200
20200107	134.37	135.21	133.17	135.18	681100
20200108	135.33	138.02	134.69	137.84	845600
20200109	137.91	139.28	137.29	138.56	802900
20200110	141.72	142.60	140.48	141.03	1157500
20200113	140.75	142.16	139.62	140.87	936900
20200114	145.62	148.40	145.10	147.75	2318600
20200115	147.76	152.91	147.43	151.05	1385800
20200116	151.99	153.29	150.96	153.23	921500
20200117	153.76	153.93	152.04	153.30	1687000
20200121	152.78	153.09	151.25	152.26	1267000
20200122	152.66	153.42	151.55	152.72	1681700
20200123	152.17	152.45	149.59	152.11	1137500
20200124	152.49	152.49	146.66	149.67	1135900
20200127	147.04	148.37	145.96	147.71	1200700
20200128	148.18	150.59	147.89	149.17	699700
20200129	149.37	149.91	146.38	146.45	1129000
20200130	145.62	146.70	141.94	144.35	1330600
20200131	144.03	144.27	139.16	139.85	1473800
20200203	140.26	143.99	140.07	141.11	1361100
20200204	145.14	149.84	144.89	146.36	2440400
20200205	147.11	153.10	146.83	149.20	1615300
20200206	151.78	156.02	151.50	155.25	2128200
20200207	157.05	158.79	152.75	153.29	1792300
20200210	158.48	161.65	156.69	159.00	6018500
20200211	159.20	162.21	157.64	161.46	3337100
20200212	162.01	165.12	160.86	164.77	3604400
20200213	163.05	166.39	162.81	164.66	5000500
20200214	163.86	165.24	161.07	164.78	6157600
20200218	165.12	165.76	163.53	164.38	5202300
20200219	164.67	165.09	162.95	164.76	4262400
20200220	164.94	167.91	163.77	167.47	3313600
20200221	166.46	168.85	165.22	167.65	3727200
20200224	163.80	165.98	162.09	162.35	6332900
20200225	163.96	164.13	157.09	157.74	5059200
20200226	158.71	159.98	154.66	155.90	5578100
20200227	152.98	154.06	144.80	144.85	5900100
20200228	140.99	144.42	135.65	137.53	9285800
20200302	139.22	147.99	136.93	147.91	11921100
20200303	148.06	152.22	143.35	145.34	18003100
20200304	150.52	151.07	146.69	149.73	18687000
20200305	146.99	148.69	138.77	142.71	16884200
20200306	137.67	142.79	134.82	139.14	22272500
20200309	130.07	135.03	119.29	129.78	25015700
20200310	132.33	135.77	126.86	135.70	17595400
20200311	131.91	137.54	131.16	132.92	9719600
20200312	126.57	129.80	118.52	121.97	10738600
20200313	129.52	130.75	121.96	130.37	9345300
20200316	117.40	127.83	110.73	119.26	9402600
20200317	122.43	137.73	118.00	137.15	6674700
20200318	129.37	144.66	122.72	133.64	5796000
20200319	130.57	137.66	124.22	125.28	3531600
20200320	125.75	129.30	117.52	122.89	2993800
20200323	121.18	121.88	111.82	113.82	2754100
20200324	120.32	124.79	116.68	124.21	3116500
20200325	124.11	127.97	118.12	119.22	2491400
20200326	121.25	129.83	119.36	129.47	2282200
20200327	124.03	126.50	120.91	123.61	9223000
20200330	125.12	137.32	125.10	135.72	2538400
20200331	131.05	136.32	130.13	133.01	3114200
20200401	128.29	132.33	127.00	130.85	1902600
20200402	126.74	128.59	119.13	127.05	2926000
20200403	125.88	127.83	121.19	123.40	2268000
20200406	128.94	133.62	126.00	132.95	2327100
20200407	137.67	139.22	129.35	129.88	1988200
20200408	129.17	131.98	126.67	129.37	2106500
20200409	129.96	133.58	128.44	131.10	1857000
20200413	130.74	131.74	127.01	128.84	1604200
20200414	133.88	135.48	130.87	135.37	2701700
20200415	134.67	136.92	131.18	135.69	2131800
20200416	134.41	137.31	132.87	135.81	2213100
20200417	139.12	139.40	135.12	139.25	1558300
20200420	137.86	139.88	135.96	138.15	899100
20200421	136.20	136.20	129.09	130.24	2193100
20200422	132.06	134.32	132.06	132.97	1395700
20200423	133.52	137.04	132.16	134.30	1023900
20200424	134.62	137.86	133.07	137.61	2660500
20200427	139.20	141.79	137.09	140.90	1264800
20200428	142.59	142.99	137.61	138.03	1966800
20200429	139.64	140.12	136.96	137.93	1252800
20200430	137.19	140.08	135.75	138.90	2536400
20200501	136.82	136.82	130.77	132.46	1071500
20200504	131.77	133.96	130.60	133.42	908900
20200505	135.19	135.92	130.73	131.33	1705000
20200506	132.27	132.91	129.17	129.67	1096000
20200507	131.22	133.78	130.81	132.34	1421400
20200508	134.20	135.13	132.23	133.71	943100
20200511	135.70	139.43	134.83	137.93	1571800
20200512	138.83	139.34	132.48	132.53	1627000
20200513	131.55	131.80	126.74	127.47	2064200
20200514	125.86	127.77	123.56	127.27	1909000
20200515	128.69	134.30	128.20	134.18	2173300
20200518	137.81	141.46	136.86	140.31	1730600
20200519	140.64	143.62	140.18	142.22	1877800
20200520	137.77	148.80	136.90	143.93	3224100
20200521	142.59	146.92	142.12	143.39	1598100
20200522	143.48	147.51	143.46	146.93	902900
20200526	149.91	151.15	146.34	146.71	1259700
20200527	147.11	152.80	147.11	152.76	1561600
20200528	154.12	156.66	153.04	154.25	1573700
20200529	154.88	156.83	152.92	156.44	1642300
20200601	156.10	158.32	155.41	156.71	991800
20200602	156.67	161.05	154.22	160.90	3981800
20200603	162.34	162.34	158.86	159.45	1147200
20200604	158.13	159.97	156.16	157.28	1558100
20200605	158.82	162.72	158.44	159.35	1518200
20200608	158.94	162.81	158.79	162.37	1272200
20200609	161.12	161.12	158.18	158.92	787100
20200610	159.36	159.60	152.20	152.22	1435600
20200611	149.35	149.68	142.53	144.50	1570400
20200612	148.32	148.98	142.71	146.17	894600
20200615	143.79	150.21	142.37	149.59	1856800
20200616	153.63	155.39	151.15	154.12	1067500
20200617	154.62	154.76	152.01	152.28	780500
20200618	151.09	152.07	149.71	151.26	771300
20200619	153.97	156.21	152.59	154.50	1502300
20200622	154.23	155.27	151.81	152.71	1001200
20200623	154.07	154.21	151.26	151.51	1132500
20200624	150.41	152.16	146.58	148.44	1008500
20200625	148.32	149.65	147.00	149.16	877900
20200626	148.48	150.16	145.13	146.13	3726300
20200629	147.25	150.18	146.97	149.64	817200
20200630	148.71	152.32	147.85	151.26	1038800
20200701	151.26	152.71	148.29	148.79	1168600
20200702	149.99	153.64	149.99	150.58	841000
20200706	152.26	152.64	148.27	149.38	706400
20200707	146.13	147.52	143.71	143.75	1571300
20200708	144.21	145.37	141.51	142.54	1190300
20200709	142.71	143.42	137.80	138.91	1141100
20200710	139.02	141.86	138.87	141.01	958400
20200713	141.90	144.90	140.39	142.94	1078500
20200714	142.03	146.22	141.06	145.76	1259000
20200715	147.80	151.71	147.40	151.34	1339100
20200716	150.85	153.22	149.80	151.21	635400
20200717	151.53	153.46	151.30	152.63	653500
20200720	152.63	153.00	149.66	151.34	630000
20200721	151.84	154.81	151.34	153.79	856800
20200722	153.64	155.44	152.86	154.05	988300
20200723	154.43	155.86	153.68	154.46	891300
20200724	154.46	155.56	152.69	153.16	594300
20200727	152.32	155.17	150.67	154.94	744400
20200728	154.79	154.92	151.48	151.73	921600
20200729	152.80	154.91	150.62	153.51	1451900
20200730	152.32	152.32	148.87	151.45	748200
20200731	151.34	151.34	144.71	148.05	1487700
20200803	153.47	158.14	152.37	157.65	1452000
20200804	156.77	157.07	153.81	154.81	1051300
20200805	155.81	156.03	150.60	151.51	1234100
20200806	150.49	151.36	148.90	149.62	1216600
20200807	148.71	149.97	148.61	149.86	569000
20200810	149.80	151.62	148.65	150.25	816500
20200811	151.12	151.96	148.55	149.18	892000
20200812	149.86	152.44	148.83	150.85	920100
20200813	149.96	150.19	146.94	150.05	874800
20200814	149.24	157.75	148.94	156.44	3209700
20200817	157.75	157.83	153.40	153.60	1069400
20200818	153.39	155.09	153.21	153.35	727500
20200819	153.18	153.98	150.82	151.18	599700
20200820	149.82	150.92	149.30	149.76	629500
20200821	149.34	149.83	147.55	148.85	1335900
20200824	149.82	149.86	145.96	147.56	783600
20200825	147.97	150.16	146.72	149.86	669100
20200826	148.84	150.41	147.65	149.94	587800
20200827	150.29	153.18	148.54	152.09	935000
20200828	152.09	152.41	150.09	151.71	517500
20200831	151.39	153.34	150.51	151.70	952200
20200901	152.42	152.76	146.70	148.51	1276300
20200902	148.70	155.09	148.40	154.48	1386600
20200903	156.34	157.25	150.96	152.57	1308300
20200904	151.63	153.90	148.39	150.70	1095800
20200908	150.57	152.01	148.00	148.23	1234100
20200909	149.31	152.05	148.15	150.58	1002200
20200910	150.65	153.15	148.91	149.02	934100
20200911	149.58	150.32	147.99	148.66	730800
20200914	149.42	151.17	147.81	149.19	1016500
20200915	149.62	151.92	149.10	149.16	982100
20200916	150.12	152.93	149.87	151.02	1411800
20200917	148.65	151.28	147.74	149.78	1515600
20200918	148.79	152.17	148.79	150.40	2188300
20200921	147.35	148.30	144.80	146.55	1461000
20200922	146.43	149.15	146.43	147.91	1437500
20200923	147.73	149.43	145.16	145.42	1002500
20200924	145.14	147.87	143.35	144.90	1024500
20200925	144.84	147.50	144.46	146.82	993500
20200928	149.14	149.89	147.36	148.39	1161000
20200929	148.57	148.57	144.84	144.90	1465600
20200930	144.57	148.78	144.40	147.24	1384500
20201001	147.75	148.45	144.61	145.29	1377700
20201002	143.58	147.13	142.94	145.31	1330400
20201005	146.32	148.40	145.65	147.49	982300
20201006	147.86	148.95	144.10	144.57	1550200
20201007	145.53	147.18	145.01	146.45	857300
20201008	147.17	152.34	146.45	152.24	1013400
20201009	152.71	152.80	149.11	149.57	1075300
20201012	150.19	150.72	148.55	148.97	616900
20201013	148.10	150.97	147.96	149.92	642200
20201014	149.29	153.04	149.29	152.26	854200
20201015	150.55	154.92	150.55	154.77	899800
20201016	155.33	157.12	154.04	154.89	977800
20201019	154.69	157.00	150.54	150.69	686900
20201020	152.14	153.64	150.84	151.30	785000
20201021	151.00	152.70	150.34	150.89	889500
20201022	151.10	152.99	150.56	152.48	602400
20201023	153.31	154.77	152.63	154.63	556600
20201026	153.32	153.61	149.51	150.54	639600
20201027	150.41	151.57	147.42	147.52	618600
20201028	144.85	147.05	142.26	142.46	919900
20201029	142.21	143.55	139.72	142.16	1012900
20201030	141.63	145.91	141.63	145.82	1125100
20201102	148.63	150.85	146.54	150.30	1348500
20201103	154.33	161.39	153.54	158.19	1706000
20201104	162.63	168.30	162.18	164.15	1903100
20201105	166.64	172.07	165.95	169.01	1119300
20201106	168.08	170.24	167.64	168.98	730800
20201109	177.98	181.35	174.21	176.48	2200400
20201110	177.96	183.92	177.69	181.36	1633600
20201111	181.91	182.40	175.50	175.79	1338000
20201112	174.57	177.69	174.26	175.92	818600
20201113	176.68	182.07	176.15	180.91	805800
20201116	184.73	185.54	180.51	181.57	1272400
20201117	176.00	176.72	167.89	171.67	3924300
20201118	174.69	177.86	172.03	174.53	2010500
20201119	173.95	173.95	167.76	169.99	1816900
20201120	169.32	170.69	166.96	167.94	1131000
20201123	169.90	172.43	168.60	171.51	991100
20201124	174.50	179.15	172.52	177.71	1937300
20201125	179.34	179.34	176.31	177.46	991100
20201127	177.62	179.71	177.07	177.96	469400
20201130	179.12	180.87	177.62	178.28	1797900
20201201	181.40	181.88	177.20	177.38	1163200
20201202	177.19	180.27	176.97	179.21	990100
20201203	178.92	179.43	177.09	177.54	946000
20201204	177.82	179.55	177.16	179.13	812100
20201207	178.47	178.70	175.54	176.65	981200
20201208	175.37	179.30	174.98	178.79	953400
20201209	178.92	179.51	175.29	177.06	777100
20201210	175.94	177.52	175.33	176.07	905300
20201211	175.35	175.49	171.53	173.08	747400
20201214	174.90	174.90	170.25	170.77	910500
20201215	171.95	172.83	169.83	171.51	819700
20201216	171.24	172.02	169.19	170.79	969200
20201217	172.24	172.43	169.52	171.35	802700
20201218	171.44	172.60	169.29	171.98	2085500
20201221	169.55	170.14	167.67	169.87	956500
20201222	169.92	170.65	167.81	168.47	710900
20201223	168.57	171.39	168.46	168.53	504400
20201224	169.18	169.44	167.56	169.24	256700
20201228	170.30	173.21	169.71	172.74	1023800
20201229	173.57	175.29	171.51	172.60	813700
20201230	172.47	173.55	171.49	171.85	579800
20201231	171.44	172.57	170.21	172.35	663200
20210104	172.70	173.42	168.96	172.85	1072000
20210105	172.94	176.35	172.08	174.01	1548500
20210106	172.43	180.85	172.30	177.31	1478800
20210107	178.27	182.10	177.89	181.36	2120500
20210108	182.20	182.72	180.20	181.89	1171300
20210111	180.95	183.31	179.59	181.74	1119300
20210112	182.39	182.67	180.31	181.61	696600
20210113	181.32	182.35	180.59	181.74	616100
20210114	181.62	182.83	180.21	181.17	684800
20210115	180.67	183.80	177.96	182.75	901700
20210119	182.32	183.15	179.77	180.82	788700
20210120	180.85	182.60	179.12	182.49	644300
20210121	182.52	183.16	179.17	181.14	760700
20210122	181.21	184.91	180.52	183.34	917000
20210125	181.51	183.71	180.65	181.49	893200
20210126	182.21	184.30	181.32	182.75	664400
20210127	181.28	182.44	175.75	176.58	1245400
20210128	176.69	181.15	176.63	178.50	906900
20210129	177.89	179.14	171.21	172.89	1718300
20210201	174.84	179.61	173.81	178.10	1418100
20210202	182.74	185.68	178.46	178.92	1680200
20210203	179.40	180.83	176.66	179.87	1544800
20210204	179.76	185.12	179.36	184.39	1373200
20210205	184.47	185.02	180.62	181.40	873800
20210208	180.58	182.19	179.47	182.14	914200
20210209	182.79	183.76	181.25	183.31	770700
20210210	184.63	184.93	181.17	182.38	752500
20210211	182.35	182.74	178.74	180.13	657100
20210212	180.13	181.84	179.04	180.59	906200
20210216	181.61	182.34	178.85	179.17	1459000
20210217	178.07	180.11	176.83	179.65	710200
20210218	178.33	179.06	175.79	176.11	953700
20210219	176.41	178.17	175.80	176.01	845400
20210222	175.74	177.02	173.30	176.38	746100
20210223	177.58	179.55	175.22	178.95	1007400
20210224	177.86	180.33	177.35	179.65	815100
20210225	180.29	180.80	171.97	172.54	1265300
20210226	173.38	173.38	167.81	167.99	1880100
20210301	170.02	174.59	169.78	172.61	1195500
20210302	173.42	173.68	171.81	172.58	970800
20210303	171.80	173.55	170.05	171.08	1603900
20210304	170.46	172.82	168.88	171.18	1253800
20210305	172.37	174.62	168.63	173.96	880200
20210308	175.18	178.25	174.26	174.93	804900
20210309	175.41	180.09	174.85	177.54	991600
20210310	178.89	183.88	177.97	182.30	1249100
20210311	182.60	185.12	180.35	181.92	1018500
20210312	182.88	186.44	182.28	186.32	1087500
20210315	185.43	188.47	185.41	187.63	991000
20210316	186.94	187.76	184.23	185.31	893200
20210317	185.94	187.43	184.26	185.78	896300
20210318	184.77	188.59	184.23	186.75	701200
20210319	186.89	190.51	185.44	188.52	2182700
20210322	188.68	191.18	187.79	191.11	1029200
20210323	191.32	192.09	186.35	187.19	955100
20210324	187.01	190.04	186.53	186.56	1003300
20210325	186.32	190.56	184.93	190.19	873900
20210326	191.26	192.87	189.96	192.81	735300
20210329	192.08	196.03	191.48	194.71	863800
20210330	195.77	197.12	194.40	195.24	934700
20210331	194.88	196.10	192.39	193.76	1189800
20210401	193.55	193.74	188.41	192.30	824100
20210405	193.54	194.59	191.73	193.33	674800
20210406	193.32	193.58	189.66	190.19	790900
20210407	190.29	192.26	189.87	191.99	683900
20210408	191.85	192.15	188.19	188.22	811700
20210409	188.93	190.36	188.37	189.61	688000
20210412	188.69	191.79	188.69	190.45	839200
20210413	189.03	189.58	185.98	187.92	941100
20210414	188.04	190.71	187.95	189.36	694100
20210415	190.15	191.40	189.09	190.11	751400
20210416	190.27	192.09	188.70	191.91	868800
20210419	192.95	193.53	191.07	192.42	645900
20210420	191.76	193.99	191.51	193.25	512700
20210421	194.36	195.95	192.54	194.75	572900
20210422	194.20	195.94	193.26	194.04	855100
20210423	194.48	195.91	192.69	194.81	661000
20210426	194.88	194.96	190.06	190.36	757100
20210427	189.75	189.76	186.47	188.08	1017700
20210428	187.75	187.89	185.80	186.70	900600
20210429	187.57	189.25	186.18	189.02	518400
20210430	188.97	189.49	185.94	186.33	919500
20210503	188.26	191.11	187.24	190.86	1150300
20210504	190.50	192.86	190.12	192.40	1167200
20210505	191.32	191.97	184.46	187.84	1519300
20210506	183.78	184.38	179.23	183.87	1808600
20210507	192.23	197.04	189.84	196.31	1948700
20210510	195.71	203.31	195.71	200.80	1506300
20210511	200.87	201.23	195.15	196.64	1587900
20210512	196.17	197.13	193.48	195.77	1395300
20210513	196.25	198.21	194.31	194.47	1288700
20210514	195.79	195.88	192.74	193.72	1103100
20210517	193.28	200.01	192.91	198.05	1596600
20210518	196.92	198.07	194.49	195.99	1069500
20210519	195.21	197.52	191.31	197.43	1469600
20210520	197.09	200.38	196.06	199.09	1117700
20210521	199.97	203.10	198.99	201.35	1157500
20210524	202.19	202.40	198.28	198.33	916200
20210525	198.42	198.98	194.42	194.73	914600
20210526	194.27	194.74	189.74	193.02	1361300
20210527	194.41	194.41	192.13	193.03	1290200
20210528	193.30	195.42	191.45	191.54	1265400
20210601	188.28	191.99	187.24	190.98	1060700
20210602	191.04	192.17	189.66	190.53	1044200
20210603	190.44	194.10	189.70	193.00	1158200
20210604	193.52	194.45	191.69	194.08	1126700
20210607	194.93	195.76	193.55	194.17	1041300
20210608	192.00	194.55	189.85	191.08	1080900
20210609	191.63	191.89	189.60	189.71	1053000
20210610	190.54	195.13	189.98	194.64	1244300
20210611	195.74	197.09	193.58	194.63	939100
20210614	194.22	194.22	190.29	192.06	949500
20210615	192.57	194.12	191.36	193.40	1102300
20210616	193.53	193.89	189.60	190.57	919600
20210617	190.86	191.14	186.96	188.56	1155900
20210618	186.77	187.65	183.61	184.07	2471500
20210621	184.69	188.38	184.50	187.88	1323000
20210622	187.74	191.49	186.76	189.26	1612000
20210623	189.16	189.30	187.52	187.99	1136300
20210624	188.49	188.68	186.74	188.14	1045000
20210625	188.90	192.09	188.32	190.49	4423500
20210628	190.54	192.39	189.63	191.21	1167300
20210629	192.27	193.68	190.71	190.95	1174200
20210630	190.77	191.90	189.60	190.39	1048000
20210701	191.06	193.11	190.38	191.82	1073500
20210702	191.50	192.54	190.06	191.73	771000
20210706	190.81	191.01	185.83	188.50	1330700
20210707	187.83	190.11	187.83	189.00	1039800
20210708	187.16	188.83	185.89	187.73	783500
20210709	189.14	189.86	187.76	188.26	647500
20210712	187.15	189.66	187.08	189.12	917800
20210713	188.72	189.44	187.74	188.48	1061700
20210714	188.20	188.67	187.00	188.26	1051300
20210715	187.66	190.02	187.66	188.66	2183700
20210716	189.12	189.19	188.01	188.38	1152400
20210719	186.54	189.11	185.78	187.59	1810800
20210720	197.13	200.74	192.41	193.50	2714600
20210721	193.87	197.30	193.18	196.66	1494900
20210722	196.93	198.52	194.98	198.15	1063100
20210723	199.11	203.22	198.56	201.73	1370100
20210726	201.97	204.45	200.37	201.60	913100
20210727	200.73	204.00	199.67	203.22	997700
20210728	203.36	204.34	202.20	203.26	975000
20210729	204.41	204.93	203.33	204.31	602400
20210730	204.31	205.57	202.67	202.93	879000
20210802	202.94	204.02	202.24	202.67	1179200
20210803	202.13	205.63	201.25	205.51	1394200
20210804	204.21	208.34	203.35	204.46	1280800
20210805	206.48	209.07	196.28	198.79	1832200
20210806	198.49	200.67	196.49	199.04	925600
20210809	198.81	199.91	195.33	195.96	1000500
20210810	195.41	195.96	191.53	194.21	954900
20210811	194.44	197.14	193.74	196.44	922800
20210812	196.15	197.40	195.61	197.11	1148600
20210813	197.46	198.53	196.39	197.55	1417700
20210816	197.07	199.24	196.17	199.06	618900
20210817	198.32	202.42	197.70	202.22	975500
20210818	202.22	202.91	198.78	198.84	750700
20210819	198.33	200.48	197.38	198.38	678600
20210820	197.94	200.11	197.30	199.52	665300
20210823	201.12	202.17	199.71	201.43	723700
20210824	201.70	201.71	199.34	199.52	631900
20210825	199.30	200.35	196.65	199.41	673800
20210826	199.68	199.68	194.77	196.76	832500
20210827	197.78	200.84	197.34	200.23	641600
20210830	200.07	201.20	199.09	200.28	457600
20210831	200.26	203.96	199.90	203.71	888500
20210901	203.12	203.32	199.36	202.56	718900
20210902	203.28	207.44	202.52	206.37	824000
20210903	205.82	207.00	205.51	205.85	508300
20210907	205.09	206.13	202.83	205.06	868600
20210908	204.89	206.41	204.22	205.74	602100
20210909	205.21	206.47	204.17	204.21	608200
20210910	203.79	204.15	201.06	202.30	581900
20210913	202.79	206.55	201.85	205.61	975600
20210914	206.38	206.55	202.90	203.56	1131900
20210915	202.84	208.66	201.75	208.22	1010800
20210916	208.92	209.25	205.59	207.33	919100
20210917	206.27	208.45	206.27	207.31	2219200
20210920	205.44	205.44	199.36	201.47	933100
20210921	202.80	204.32	199.89	200.68	720700
20210922	202.00	204.11	201.00	202.20	520500
20210923	203.11	204.96	202.16	202.25	609800
20210924	201.70	203.91	201.70	202.72	550800
20210927	202.24	204.65	202.24	204.04	549200
20210928	203.57	204.70	201.46	202.16	676900
20210929	202.36	205.86	201.71	205.02	607300
20210930	206.30	208.04	198.93	198.96	825300
20211001	199.42	199.92	194.90	199.60	774300
20211004	199.90	203.78	198.07	199.54	859200
20211005	199.40	201.38	197.77	197.80	688300
20211006	196.11	197.87	193.48	197.79	678300
20211007	198.49	200.91	197.89	199.18	419100
20211008	199.36	200.68	198.70	199.78	320500
20211011	200.23	203.80	199.99	201.36	427600
20211012	201.05	202.16	199.22	199.71	833800
20211013	199.04	199.76	193.86	198.84	714600
20211014	201.20	203.92	199.71	202.63	457700
20211015	203.93	205.15	202.57	203.74	689300
20211018	202.51	203.32	200.32	200.38	427700
20211019	201.78	203.30	201.17	202.16	356900
20211020	202.45	206.99	202.37	205.66	493500
20211021	205.57	206.81	204.29	206.75	383600
20211022	207.54	208.87	206.41	208.65	339700
20211025	208.86	209.73	206.84	207.01	629000
20211026	207.32	208.71	205.57	207.53	777800
20211027	207.12	207.98	202.18	202.60	713600
20211028	203.30	205.63	202.89	204.59	688100
20211029	203.68	208.16	202.91	207.44	963500
20211101	208.14	210.23	207.30	207.64	1282200
20211102	215.75	221.66	212.06	218.47	1910100
20211103	218.46	224.83	217.07	223.76	1317600
20211104	222.18	223.29	218.18	222.62	934300
20211105	223.54	227.33	219.46	221.22	954300
20211108	221.49	222.95	219.39	219.77	831900
20211109	219.52	221.73	218.07	219.00	1069100
20211110	219.55	221.45	217.91	219.18	727100
20211111	218.57	222.98	218.57	222.39	647100
20211112	223.08	225.64	221.92	224.36	666200
20211115	224.37	225.75	220.94	221.46	960700
20211116	221.66	223.44	219.72	220.15	1679700
20211117	219.87	224.83	219.15	223.35	659100
20211118	223.96	225.14	222.25	224.97	1367500
20211119	225.52	227.39	220.06	220.44	1078000
20211122	219.90	223.95	219.56	221.60	1232800
20211123	222.11	226.26	221.89	225.97	1007500
20211124	225.07	228.65	224.79	225.54	867900
20211126	222.51	224.60	220.09	221.14	504700
20211129	222.40	225.15	220.34	222.80	734600
20211130	221.91	222.90	216.09	216.76	1348400
20211201	219.61	220.06	215.27	215.41	1244200
20211202	216.53	223.46	216.38	220.41	1092400
20211203	222.60	224.09	217.03	218.66	1426100
20211206	221.89	225.25	220.57	224.00	1252300
20211207	225.07	226.68	223.25	224.57	1471700
20211208	228.50	232.14	219.23	226.68	1912400
20211209	227.66	231.85	226.07	230.74	1835300
20211210	231.65	233.74	228.73	233.09	934900
20211213	233.17	233.46	228.19	230.80	1036600
20211214	230.57	235.45	229.19	229.63	955800
20211215	229.84	232.50	228.86	232.29	908200
20211216	233.02	236.82	232.08	232.45	872500
20211217	232.64	235.23	230.75	233.09	1659800
20211220	232.22	234.91	229.04	234.27	1088300
20211221	235.40	238.65	234.49	236.09	896500
20211222	235.89	237.78	234.56	236.48	525700
20211223	236.84	241.54	236.84	240.78	639300
20211227	241.00	245.46	241.00	245.34	612800
20211228	245.51	247.46	245.50	246.49	460100
20211229	246.46	250.34	246.46	248.46	677400
20211230	248.65	251.04	248.65	248.90	614700
20211231	248.23	250.94	248.23	248.57	478800
20220103	247.54	248.44	244.07	248.10	643400
20220104	247.87	249.43	246.13	248.00	664300
20220105	248.38	251.03	246.91	247.31	1087600
20220106	246.39	249.81	244.51	244.61	713300
20220107	249.00	251.49	245.16	249.76	889900
20220110	245.10	251.62	240.42	250.72	1526500
20220111	251.29	255.47	248.77	254.83	875800
20220112	254.60	255.01	249.91	254.63	652000
20220113	253.64	256.85	251.90	254.75	641300
20220114	254.12	256.68	252.53	256.52	705300
20220118	255.29	255.42	249.85	252.54	935200
20220119	253.15	254.86	250.07	251.15	782500
20220120	251.46	256.44	250.00	251.84	994200
20220121	252.44	252.44	245.74	246.62	1206600
20220124	244.37	249.57	237.61	248.35	1635300
20220125	245.70	247.35	238.59	245.63	862400
20220126	246.00	248.67	243.77	246.97	893100
20220127	250.46	255.60	248.63	255.10	1261200
20220128	255.07	258.28	250.64	258.21	907000
20220131	256.26	258.12	252.61	256.72	1586700
20220201	257.01	258.00	252.82	256.92	860100
20220202	256.17	260.61	255.00	258.46	1310300
20220203	270.30	271.63	264.70	267.42	1654900
20220204	263.40	269.54	262.48	265.56	1239000
20220207	266.40	271.00	261.29	270.20	1334500
20220208	271.50	278.23	269.60	277.03	1210100
20220209	278.53	282.73	277.21	278.79	1553300
20220210	277.43	280.14	271.80	273.53	1595400
20220211	273.19	273.96	270.44	271.19	1175300
20220214	269.07	272.31	266.14	270.67	1371900
20220215	274.07	275.99	272.56	273.90	934400
20220216	272.84	277.14	272.31	275.82	1040000
20220217	274.30	276.09	272.18	273.35	870400
20220218	273.75	276.33	270.06	270.81	935300
20220222	270.81	271.81	266.42	269.00	1870600
20220223	270.91	273.62	267.90	268.30	794700
