20170103	201.68	204.15	200.08	201.75	492800
20170104	202.00	206.41	202.00	205.88	544100
20170105	205.45	206.18	203.09	204.35	540500
20170106	204.55	206.37	203.32	204.44	590900
20170109	205.28	205.77	203.52	203.73	458300
20170110	203.14	205.52	203.00	203.18	520100
20170111	203.82	204.16	200.84	202.20	494200
20170112	200.96	202.04	199.90	201.74	468600
20170113	201.62	203.13	201.11	202.41	387900
20170117	201.73	202.67	200.74	201.81	457400
20170118	202.17	204.60	201.53	204.09	777500
20170119	204.51	210.21	204.51	205.90	863300
20170120	206.40	208.01	206.40	207.14	617500
20170123	207.08	210.30	206.74	209.52	892000
20170124	210.63	215.99	210.63	214.87	1027700
20170125	215.63	217.96	215.19	215.38	942900
20170126	215.33	216.52	213.89	215.45	417800
20170127	214.88	215.29	214.04	215.17	334900
20170130	213.42	216.08	212.13	215.46	484500
20170131	215.63	216.42	213.43	215.84	558100
20170201	215.85	217.25	213.07	215.87	493400
20170202	215.58	216.98	214.80	216.03	558600
20170203	216.31	217.51	214.83	215.39	455600
20170206	214.46	216.48	212.77	213.38	749000
20170207	214.46	216.18	213.75	214.00	566300
20170208	214.27	215.50	213.47	214.10	458100
20170209	214.10	215.37	211.13	214.77	999200
20170210	212.50	224.17	209.90	222.72	2023900
20170213	224.41	225.53	222.68	223.80	688400
20170214	223.39	224.30	222.19	224.23	540700
20170215	224.00	224.98	222.41	222.98	459000
20170216	223.20	224.01	220.24	221.78	421700
20170217	221.37	222.00	219.22	221.55	470600
20170221	222.08	224.88	219.53	224.54	603500
20170222	225.02	226.15	223.56	225.05	532300
20170223	226.17	226.58	224.45	225.31	394800
20170224	224.92	226.23	223.37	225.96	343700
20170227	225.26	228.30	224.33	228.08	461000
20170228	228.02	228.52	226.06	226.36	489100
20170301	229.31	233.70	228.26	231.53	547000
20170302	230.40	232.46	229.71	230.15	354900
20170303	230.57	232.45	229.25	229.67	368200
20170306	227.78	229.76	226.74	228.04	396700
20170307	227.93	229.36	226.24	227.30	345100
20170308	227.90	230.89	227.00	229.57	360100
20170309	229.20	230.55	226.74	228.13	332900
20170310	229.51	230.98	228.94	230.39	344500
20170313	230.27	231.47	229.28	231.07	308500
20170314	229.46	231.19	228.94	229.92	267500
20170315	231.00	231.62	228.53	231.00	525200
20170316	231.00	233.57	230.16	231.40	626700
20170317	231.23	231.55	229.20	230.20	665200
20170320	230.83	231.99	228.97	231.90	848100
20170321	232.18	232.20	229.07	229.42	341600
20170322	227.45	228.17	224.01	227.92	693600
20170323	228.30	230.81	227.95	229.38	296200
20170324	229.57	230.06	225.53	227.02	732200
20170327	224.74	228.07	223.84	227.63	330600
20170328	227.32	228.85	226.03	227.99	438700
20170329	226.82	230.21	226.42	229.96	473500
20170330	229.84	232.14	228.84	228.91	397100
20170331	228.87	230.29	227.67	229.49	401200
20170403	229.92	231.08	226.66	228.33	422600
20170404	228.13	229.29	226.81	227.85	425100
20170405	228.87	230.38	226.82	227.15	331100
20170406	227.45	229.86	226.57	228.39	351400
20170407	228.26	229.01	227.50	228.35	364300
20170410	228.31	229.55	227.98	228.68	291500
20170411	228.79	230.08	227.06	229.93	308500
20170412	232.05	233.86	228.93	230.46	389200
20170413	229.95	230.92	228.84	229.75	357800
20170417	230.38	232.49	229.43	232.48	301700
20170418	231.26	232.27	229.95	231.66	330400
20170419	233.14	234.99	231.80	234.22	519100
20170420	235.38	237.58	234.95	236.29	447700
20170421	236.43	237.02	234.77	234.93	708800
20170424	237.75	238.16	234.74	235.78	499400
20170425	236.83	240.20	236.83	238.42	550900
20170426	239.10	240.08	238.02	238.35	618600
20170427	238.46	241.02	237.06	238.88	860200
20170428	230.00	236.37	227.99	234.79	1745900
20170501	235.95	236.04	233.06	234.68	539600
20170502	234.68	235.11	231.73	231.97	588700
20170503	231.37	232.39	228.80	229.92	484700
20170504	230.60	232.65	230.42	232.56	547600
20170505	232.71	233.92	231.99	232.20	298900
20170508	234.12	235.12	232.06	234.09	463000
20170509	234.14	235.30	233.83	234.39	325800
20170510	233.60	234.93	232.57	233.70	290400
20170511	232.70	234.97	231.46	234.81	404300
20170512	234.30	234.48	229.92	230.53	416400
20170515	231.05	233.36	230.16	232.20	448400
20170516	233.37	233.65	231.10	231.27	487900
20170517	231.27	231.27	227.71	228.75	530700
20170518	228.49	229.70	226.65	228.48	343900
20170519	228.94	231.11	228.48	230.02	396400
20170522	230.65	232.00	230.55	231.58	200200
20170523	232.53	234.50	231.86	232.87	673600
20170524	232.97	235.80	231.93	235.54	414900
20170525	236.86	238.47	235.92	236.98	419300
20170526	236.35	237.13	235.18	235.89	259400
20170530	235.83	237.63	234.78	237.25	219700
20170531	238.48	239.43	236.37	239.30	520100
20170601	239.08	240.59	237.66	238.98	574700
20170602	239.07	240.00	238.48	239.40	313200
20170605	239.89	240.32	238.58	240.22	247500
20170606	239.00	240.61	238.37	239.72	297400
20170607	240.46	241.23	239.17	240.18	260400
20170608	240.18	241.10	237.69	239.21	290500
20170609	239.50	241.43	238.89	240.16	250100
20170612	239.52	240.52	238.02	239.54	290000
20170613	239.75	242.33	239.16	241.95	338200
20170614	243.44	245.90	242.07	243.79	546500
20170615	242.97	243.37	240.94	242.49	332700
20170616	242.94	242.94	238.89	241.93	349100
20170619	242.38	244.50	242.19	243.88	179500
20170620	243.90	244.85	241.86	243.01	227700
20170621	243.20	243.20	241.30	242.92	391200
20170622	242.70	243.18	240.68	242.70	321100
20170623	244.25	246.74	243.11	246.50	1364200
20170626	247.55	248.24	245.93	246.65	297900
20170627	246.53	246.79	243.44	243.63	239000
20170628	244.88	244.88	243.39	243.94	395000
20170629	243.00	244.02	237.47	239.71	571200
20170630	240.51	242.85	239.83	241.69	325900
20170703	242.37	242.38	240.37	241.07	224400
20170705	241.71	243.96	240.56	243.76	253300
20170706	242.39	244.32	241.04	241.67	273700
20170707	242.77	247.33	242.65	245.75	376700
20170710	245.92	247.27	245.02	246.64	368100
20170711	246.68	246.78	244.89	246.53	350700
20170712	247.72	249.25	246.28	247.86	394300
20170713	247.79	249.61	247.31	248.02	245700
20170714	248.37	249.07	246.77	247.61	319900
20170717	247.68	248.57	246.53	248.19	225800
20170718	248.00	249.30	246.01	246.88	310300
20170719	247.20	249.20	247.20	247.89	429000
20170720	248.54	248.54	241.70	242.58	672200
20170721	242.24	246.79	241.89	245.12	565200
20170724	244.60	245.73	243.87	244.02	456700
20170725	245.00	245.00	240.09	241.27	1112100
20170726	243.74	244.56	239.35	240.13	637500
20170727	240.21	241.08	236.48	238.34	882400
20170728	243.57	251.69	242.28	248.65	1202600
20170731	249.75	249.92	247.50	248.99	587700
20170801	249.90	252.23	249.59	252.07	729500
20170802	251.72	252.89	250.24	251.70	394700
20170803	251.56	251.81	249.02	250.98	323200
20170804	251.18	252.09	249.21	250.88	268500
20170807	250.01	250.14	247.91	249.38	505600
20170808	249.07	250.74	247.34	248.96	339900
20170809	249.07	250.20	248.19	249.68	372300
20170810	247.91	248.70	246.10	246.41	419300
20170811	246.72	248.50	245.32	245.43	313000
20170814	247.01	249.68	246.11	248.57	443500
20170815	249.68	250.88	248.97	249.94	388600
20170816	250.43	252.76	250.07	252.11	396500
20170817	251.74	252.16	248.06	248.10	493500
20170818	247.52	249.35	246.73	248.97	603300
20170821	248.52	249.16	246.87	246.91	304600
20170822	247.00	250.38	246.72	249.58	310400
20170823	248.60	249.67	245.47	248.06	379900
20170824	248.64	249.29	244.77	245.90	338100
20170825	247.10	248.46	245.43	247.06	310900
20170828	247.58	248.39	246.95	247.12	230000
20170829	245.90	248.63	245.65	248.57	328800
20170830	248.81	251.04	248.09	250.85	316700
20170831	252.45	254.75	252.16	253.12	399300
20170901	253.20	255.54	252.51	254.80	445600
20170905	253.98	255.46	253.98	254.76	466200
20170906	255.04	256.33	253.25	255.56	463500
20170907	255.88	255.88	250.70	252.53	647500
20170908	252.50	258.38	252.22	257.92	603400
20170911	259.00	259.91	256.93	258.07	407600
20170912	258.61	259.84	257.77	259.69	325400
20170913	259.69	259.69	255.59	256.37	328600
20170914	255.87	256.21	253.34	253.76	439400
20170915	253.58	254.79	253.20	254.67	484200
20170918	255.06	258.28	253.69	254.34	618700
20170919	252.57	254.49	251.14	254.45	511900
20170920	254.45	256.22	254.09	256.00	480900
20170921	256.00	256.75	254.03	254.11	297600
20170922	248.24	248.74	242.49	245.67	1162500
20170925	244.87	245.94	243.79	245.03	611300
20170926	245.04	247.94	245.04	245.72	400800
20170927	246.28	247.47	243.75	244.97	404800
20170928	245.49	248.73	245.49	248.08	566500
20170929	247.39	248.63	245.81	247.51	759800
20171002	248.16	251.23	247.51	249.04	794600
20171003	249.82	252.48	247.97	252.02	1044800
20171004	251.80	257.21	251.56	256.91	704000
20171005	258.00	258.36	254.43	256.14	572000
20171006	255.11	257.38	255.11	256.77	419100
20171009	257.19	257.65	256.34	256.74	316200
20171010	257.44	257.97	254.38	254.83	443700
20171011	254.71	257.22	254.26	257.06	349100
20171012	257.05	258.28	256.49	258.24	396500
20171013	257.40	258.15	253.19	254.99	513800
20171016	255.89	257.64	255.00	257.18	217000
20171017	257.30	259.33	257.13	258.73	321100
20171018	258.28	260.69	258.28	260.00	408400
20171019	259.48	262.30	257.79	261.04	520600
20171020	262.21	264.68	261.01	264.52	358900
20171023	265.69	265.98	263.38	264.14	403800
20171024	264.09	267.12	262.33	266.51	587200
20171025	266.68	266.68	261.63	263.15	522200
20171026	264.71	264.71	261.10	262.98	1496600
20171027	262.07	268.46	262.00	264.34	866300
20171030	264.23	264.90	262.08	262.96	837300
20171031	262.48	264.43	261.27	261.76	547400
20171101	261.39	263.31	260.94	262.45	402200
20171102	261.49	262.46	256.36	257.79	597100
20171103	258.11	259.95	256.32	257.33	313800
20171106	258.09	262.06	256.90	260.62	539900
20171107	260.49	261.50	259.21	260.92	252300
20171108	261.10	263.67	259.76	263.48	371700
20171109	262.36	264.85	261.95	264.61	358000
20171110	264.35	265.42	263.43	263.85	274500
20171113	264.03	265.57	263.29	265.02	354500
20171114	263.75	267.63	261.66	267.14	366600
20171115	266.51	268.06	263.89	267.10	397000
20171116	268.13	271.69	267.04	270.65	367100
20171117	270.34	272.46	269.46	272.20	224500
20171120	272.75	278.20	272.75	276.74	716000
20171121	275.64	279.85	273.05	274.25	546900
20171122	274.44	275.48	273.03	274.01	347900
20171124	274.55	275.98	273.28	275.55	146200
20171127	276.60	277.68	274.67	275.53	467500
20171128	276.72	280.46	276.21	280.09	335300
20171129	279.92	280.22	278.46	279.10	367300
20171130	280.17	283.22	278.68	282.61	631500
20171201	283.10	286.29	279.09	284.82	653600
20171204	285.05	286.85	282.93	284.65	872500
20171205	284.12	284.71	279.22	281.26	428200
20171206	280.97	281.57	277.45	277.67	482100
20171207	277.81	281.58	277.02	280.32	414300
20171208	281.44	282.32	279.34	280.57	376300
20171211	280.37	280.50	276.79	277.37	388600
20171212	277.94	279.84	275.20	275.34	577500
20171213	275.23	277.82	274.15	275.51	533700
20171214	275.07	276.47	272.26	273.56	453400
20171215	274.52	275.52	273.20	274.71	686400
20171218	275.00	276.52	271.54	275.14	495600
20171219	275.50	277.60	274.22	276.56	583400
20171220	276.89	279.03	276.01	277.55	586500
20171221	277.97	279.77	277.19	277.86	562600
20171222	278.58	278.58	275.28	276.46	413900
20171226	276.49	277.98	275.87	276.45	332100
20171227	276.38	277.28	273.41	273.44	369200
20171228	273.97	276.50	273.12	276.14	371200
20171229	276.56	278.48	275.80	275.90	311700
20180102	277.04	277.04	273.47	276.00	471400
20180103	275.71	276.87	274.25	275.14	467200
20180104	275.22	277.00	274.62	275.26	403800
20180105	276.42	278.40	274.25	276.67	550500
20180108	276.84	279.41	275.42	279.15	474400
20180109	278.54	282.21	278.44	279.79	617300
20180110	279.40	279.69	270.66	272.09	882100
20180111	272.13	272.93	269.25	271.72	664700
20180112	271.39	274.79	269.92	274.07	667700
20180116	275.71	277.95	274.46	274.49	513900
20180117	276.16	278.31	274.63	277.80	438800
20180118	277.69	278.81	276.89	278.13	339500
20180119	279.15	279.92	276.96	279.14	524500
20180122	279.28	280.80	277.93	279.56	579200
20180123	280.17	280.64	278.08	278.81	591600
20180124	280.08	280.98	274.13	274.56	620800
20180125	274.49	276.95	272.45	276.77	597600
20180126	277.63	281.00	276.79	280.69	662600
20180129	280.12	281.29	278.45	279.14	624600
20180130	276.93	280.65	275.98	278.34	484000
20180131	280.00	281.48	277.16	281.06	661200
20180201	280.27	280.80	275.06	276.08	656900
20180202	274.40	275.93	268.81	270.58	924200
20180205	269.24	271.83	262.77	263.35	870700
20180206	257.91	268.33	255.61	268.05	1389900
20180207	267.04	270.92	266.06	267.66	758700
20180208	267.12	268.25	255.97	256.57	1025800
20180209	259.00	261.49	238.63	249.46	2167100
20180212	253.02	257.46	248.29	254.55	1524000
20180213	253.74	254.35	249.17	251.28	965200
20180214	249.49	253.77	249.23	253.50	670100
20180215	254.46	254.46	250.42	252.50	867800
20180216	251.80	252.20	249.34	249.76	1067900
20180220	250.00	251.88	246.70	247.07	902500
20180221	247.00	250.00	246.01	246.40	592700
20180222	247.13	250.36	246.18	249.00	771900
20180223	250.00	251.58	247.04	251.39	672100
20180226	251.93	252.38	247.87	250.54	564600
20180227	251.10	253.01	246.54	246.54	622700
20180228	246.78	247.50	239.88	239.88	1123900
20180301	239.87	243.62	237.06	241.10	1010900
20180302	238.54	238.88	233.68	236.56	1196500
20180305	235.96	238.90	235.15	238.44	631900
20180306	239.10	241.34	237.89	241.29	629700
20180307	239.15	241.35	236.99	237.22	486100
20180308	237.66	240.64	237.66	240.08	500100
20180309	241.25	245.08	239.79	245.00	590100
20180312	245.00	248.81	245.00	247.93	683600
20180313	249.81	253.55	248.92	250.59	1104800
20180314	251.20	251.69	247.62	248.89	499700
20180315	249.36	250.25	245.57	246.40	455700
20180316	246.25	248.74	245.15	247.90	500300
20180319	247.02	247.80	241.83	243.02	437100
20180320	243.98	247.11	243.01	246.79	671600
20180321	247.18	249.65	245.69	247.10	418100
20180322	246.06	246.98	239.47	240.28	761100
20180323	240.98	240.98	230.04	230.57	1172600
20180326	234.59	237.87	230.95	234.20	935600
20180327	235.36	235.36	226.62	227.90	1193600
20180328	227.90	231.52	227.37	228.89	687400
20180329	230.41	233.61	228.92	232.22	563700
20180402	232.22	232.22	223.99	227.61	778700
20180403	228.31	231.41	228.05	230.70	545000
20180404	227.85	239.10	226.84	238.91	935200
20180405	239.65	241.09	237.25	239.50	852900
20180406	238.36	239.69	234.19	236.08	606600
20180409	238.44	239.47	235.15	235.37	554100
20180410	238.12	240.02	236.09	238.83	472200
20180411	237.15	239.83	236.96	238.51	330500
20180412	238.99	240.69	237.29	239.57	717900
20180413	240.45	241.03	237.95	239.20	399100
20180416	240.77	241.96	238.63	239.54	640800
20180417	241.73	244.14	240.37	243.48	620500
20180418	244.40	247.13	242.33	245.94	645100
20180419	245.45	245.79	238.52	240.98	648400
20180420	241.45	241.99	235.05	235.57	1156700
20180423	236.16	237.19	232.50	235.93	613900
20180424	236.49	236.49	225.96	227.25	1316900
20180425	227.43	227.98	221.96	227.12	1032800
20180426	227.79	227.80	223.81	227.20	1132800
20180427	220.50	227.71	216.67	217.36	3139900
20180430	214.47	216.48	209.47	209.88	1861100
20180501	209.75	216.22	207.79	215.86	1302000
20180502	214.81	216.63	212.02	212.31	961200
20180503	212.33	215.55	211.49	215.42	932000
20180504	213.93	219.39	213.90	216.36	737700
20180507	216.60	218.27	214.50	215.41	579300
20180508	216.11	217.15	211.89	213.43	773900
20180509	214.01	214.01	209.14	210.38	1094900
20180510	212.14	213.18	211.53	211.53	598100
20180511	211.53	215.48	210.92	213.58	1221300
20180514	213.89	213.89	209.52	210.64	1502700
20180515	209.96	210.05	207.87	208.98	885000
20180516	208.30	210.97	206.74	210.55	887400
20180517	210.93	212.59	209.88	211.84	794400
20180518	212.14	217.24	211.26	216.15	1838600
20180521	216.99	218.82	215.41	216.12	1111100
20180522	215.72	217.57	214.70	215.09	780700
20180523	214.66	215.93	213.37	214.87	436900
20180524	214.36	215.55	210.95	212.39	632500
20180525	211.95	215.47	211.55	213.36	799300
20180529	211.41	212.27	208.62	210.64	780900
20180530	210.91	211.32	207.72	208.57	575500
20180531	208.75	208.75	203.87	204.04	861200
20180601	204.53	205.71	203.04	204.35	850000
20180604	205.54	207.41	203.88	206.84	1071600
20180605	206.97	207.92	205.62	205.80	527600
20180606	204.84	205.87	202.75	205.82	803400
20180607	205.99	208.22	205.61	207.97	652700
20180608	207.84	210.67	207.52	210.44	446400
20180611	210.77	212.64	210.23	210.96	556200
20180612	210.76	214.20	210.49	213.95	603600
20180613	214.03	214.48	209.47	209.61	903300
20180614	210.00	214.64	209.98	214.11	780600
20180615	212.71	213.13	210.84	213.01	824300
20180618	210.96	212.12	209.55	210.15	974900
20180619	207.85	210.85	207.85	210.59	859300
20180620	211.22	212.59	209.81	210.71	571600
20180621	211.42	212.09	209.87	210.91	784600
20180622	211.06	212.22	208.20	211.87	963000
20180625	211.87	211.87	209.00	211.50	640400
20180626	212.51	214.27	211.32	213.50	604100
20180627	212.86	214.31	210.43	211.90	1207100
20180628	212.54	212.54	208.87	211.34	874900
20180629	212.36	215.81	210.86	214.27	1150100
20180702	212.38	214.20	211.48	213.86	839600
20180703	215.00	216.51	214.46	215.03	405700
20180705	215.27	217.60	214.51	217.46	414600
20180706	217.96	220.31	217.06	218.74	479100
20180709	220.01	222.13	218.70	220.84	426000
20180710	220.78	220.78	217.93	219.07	491800
20180711	217.83	228.49	217.70	224.84	2242000
20180712	225.86	226.31	220.48	223.30	2168600
20180713	223.33	225.66	221.63	223.86	934600
20180716	223.97	224.34	220.51	221.52	890000
20180717	221.00	224.71	220.94	224.37	482800
20180718	224.01	225.61	222.76	224.38	628200
20180719	224.05	224.34	222.66	223.25	660100
20180720	221.80	225.06	221.80	224.23	852500
20180723	223.18	224.18	216.74	217.28	1153000
20180724	217.41	220.83	216.34	219.55	1456800
20180725	219.79	220.33	214.56	217.37	1982500
20180726	189.11	189.11	177.00	179.31	7360500
20180727	178.53	185.51	177.43	183.06	3307800
20180730	182.53	186.89	182.50	184.70	1804400
20180731	185.70	189.57	184.10	188.36	1205600
20180801	189.00	191.39	188.36	189.39	1520900
20180802	187.58	188.73	185.77	186.42	1464900
20180803	187.09	188.20	185.33	186.61	1028600
20180806	187.45	188.11	186.35	187.03	1152800
20180807	187.58	190.04	186.68	186.87	1032100
20180808	186.25	187.75	185.66	186.10	854300
20180809	186.44	187.42	183.86	184.29	1130700
20180810	183.70	185.98	180.71	182.32	1099700
20180813	182.11	184.16	180.58	181.89	1157100
20180814	181.30	184.11	180.74	181.86	710200
20180815	181.48	185.22	180.45	185.08	1047000
20180816	186.55	189.93	184.91	188.12	1160800
20180817	188.44	191.17	187.87	190.06	690300
20180820	190.97	192.45	190.15	190.51	669500
20180821	192.42	193.79	190.27	193.41	670000
20180822	193.01	194.90	191.57	192.98	707900
20180823	193.18	193.78	190.69	190.89	685400
20180824	191.28	191.64	190.12	190.41	715500
20180827	191.21	194.08	190.24	192.93	497600
20180828	193.53	193.64	192.13	192.86	413100
20180829	192.85	196.30	192.00	195.98	699800
20180830	195.51	195.88	192.36	193.23	521500
20180831	193.11	194.19	189.95	191.59	626600
20180904	191.20	192.26	189.83	190.16	1020300
20180905	189.50	192.35	189.27	191.00	578600
20180906	190.30	192.45	190.18	190.72	532200
20180907	189.85	190.94	188.19	188.62	574300
20180910	190.11	190.88	188.21	189.77	548400
20180911	189.75	191.68	188.43	189.74	504600
20180912	188.02	188.83	183.97	185.56	1899900
20180913	186.31	186.72	183.26	185.89	1508400
20180914	186.60	188.03	185.24	187.10	1021200
20180917	187.10	188.83	186.73	186.91	973200
20180918	186.58	187.60	184.34	185.27	1173300
20180919	186.68	189.20	185.78	187.33	816500
20180920	188.00	188.87	185.50	186.18	1052100
20180921	186.53	187.63	185.95	186.60	899200
20180924	185.53	186.77	182.61	182.96	936400
20180925	182.90	183.72	180.98	181.38	723200
20180926	181.68	182.15	180.39	180.59	860500
20180927	180.39	180.80	179.09	179.33	780400
20180928	179.36	179.74	173.82	175.35	1022800
20181001	175.91	176.74	173.59	173.70	726700
20181002	173.05	174.45	169.57	170.03	1094200
20181003	170.30	172.10	168.13	170.85	1971500
20181004	170.06	171.99	169.87	171.11	754000
20181005	171.19	172.43	167.21	168.09	1212700
20181008	168.08	169.59	167.20	169.35	732800
20181009	162.01	164.78	160.27	160.67	1319200
20181010	161.65	162.96	159.39	159.63	1202000
20181011	159.00	161.44	157.16	157.22	843800
20181012	159.57	159.57	153.88	156.12	1325500
20181015	153.92	157.18	153.92	155.33	1517600
20181016	155.87	156.91	153.61	156.25	1284200
20181017	155.38	156.75	152.56	155.95	1042800
20181018	155.54	155.99	151.50	152.29	802400
20181019	152.01	152.48	148.47	150.31	801900
20181022	150.99	151.23	148.10	148.38	939100
20181023	146.30	151.60	143.68	151.21	1842700
20181024	150.42	153.88	147.28	147.51	1518400
20181025	148.99	151.79	148.51	151.07	1778200
20181026	124.06	126.43	113.45	115.03	9601800
20181029	115.85	119.39	114.89	116.28	5546900
20181030	116.05	124.14	115.40	123.94	3092900
20181031	125.42	128.62	123.21	124.73	2217300
20181101	125.43	132.73	124.91	131.71	2452600
20181102	132.41	133.29	128.54	131.78	1641200
20181105	131.29	132.22	126.87	127.93	1185400
20181106	127.62	129.44	125.91	126.55	1319800
20181107	127.99	127.99	124.54	126.39	849700
20181108	125.26	128.64	123.52	127.23	1600300
20181109	127.06	128.76	123.83	125.65	981100
20181112	124.26	125.04	121.35	121.53	887900
20181113	122.23	125.96	121.85	123.25	1070700
20181114	124.51	125.85	121.26	121.41	1097400
20181115	120.65	124.70	119.09	123.73	1221100
20181116	123.44	124.55	122.38	123.52	657200
20181119	123.90	125.16	122.34	124.36	1177300
20181120	122.53	127.48	122.53	124.60	738700
20181121	125.25	128.19	124.60	126.35	683400
20181123	125.85	127.91	125.31	126.84	224600
20181126	128.91	129.92	127.44	128.75	850200
20181127	128.03	129.45	125.75	126.50	811800
20181128	126.29	131.21	122.75	130.89	1042000
20181129	129.85	130.92	126.11	127.38	760300
20181130	127.34	128.28	126.12	128.06	822400
20181203	130.23	130.69	124.67	126.31	1725200
20181204	125.63	126.86	121.13	121.30	1091800
20181206	118.23	123.20	116.67	123.01	1487600
20181207	122.20	122.50	119.12	120.44	1114500
20181210	120.15	121.37	118.25	119.98	1233700
20181211	122.11	122.69	118.69	119.25	999400
20181212	120.71	122.95	118.83	118.91	1231400
20181213	119.53	119.96	117.68	118.20	780400
20181214	117.08	119.47	116.28	116.98	872800
20181217	116.48	119.72	115.00	115.75	938200
20181218	116.50	119.90	115.94	118.38	1173900
20181219	118.28	123.82	116.46	116.97	1226300
20181220	116.34	118.79	114.30	115.50	1180600
20181221	116.20	118.64	112.82	113.21	1747500
20181224	112.05	114.48	110.79	111.31	540700
20181226	111.62	117.20	109.35	117.10	1006000
20181227	115.43	117.86	112.64	117.86	777500
20181228	118.22	119.31	115.76	117.20	762200
20181231	118.07	119.49	115.15	116.96	698800
20190102	114.94	119.77	114.36	118.60	1192400
20190103	117.57	118.31	115.58	116.90	651600
20190104	118.53	123.57	118.45	122.13	1041600
20190107	122.65	125.86	121.15	124.15	1033300
20190108	125.72	125.99	122.33	123.06	895500
20190109	122.75	128.15	122.74	127.41	1041300
20190110	126.81	127.54	125.40	126.59	671200
20190111	123.69	126.01	122.40	125.67	813300
20190114	125.08	127.50	124.55	126.01	865700
20190115	125.00	125.56	121.31	124.04	796100
20190116	124.42	125.28	122.74	123.10	688400
20190117	122.70	124.68	122.09	124.18	1174000
20190118	125.19	126.70	124.02	126.62	739000
20190122	125.70	127.31	124.00	126.72	1199000
20190123	127.41	127.71	123.23	124.73	785400
20190124	124.83	127.22	124.22	127.15	621900
20190125	128.56	129.17	126.23	127.56	1116600
20190128	126.78	128.39	125.88	128.00	891300
20190129	128.00	128.21	126.13	127.04	1689000
20190130	127.50	127.69	124.40	125.79	1251500
20190131	125.62	128.84	125.28	128.79	1536000
20190201	127.79	129.89	127.18	128.78	987900
20190204	128.87	129.10	127.28	127.88	904900
20190205	127.97	129.48	126.45	126.90	1608500
20190206	126.44	127.72	125.54	127.43	1220100
20190207	127.46	128.97	126.01	128.20	1723700
20190208	136.14	136.82	132.09	135.78	3807500
20190211	135.57	138.46	129.36	137.98	2428400
20190212	138.62	143.97	138.50	143.14	1781100
20190213	143.00	143.17	139.15	139.41	1144000
20190214	138.75	139.28	136.83	138.80	888900
20190215	139.80	141.07	138.89	139.21	855800
20190219	138.60	141.16	138.00	139.71	793800
20190220	140.17	141.07	139.12	139.77	812000
20190221	139.77	140.82	138.88	140.03	777800
20190222	140.20	141.26	139.86	140.50	608000
20190225	141.10	142.74	141.10	141.40	707800
20190226	140.55	141.72	139.79	140.02	605800
20190227	140.00	140.38	138.50	138.60	683300
20190228	138.42	138.42	135.77	136.12	599600
20190301	137.71	139.27	136.88	137.48	749200
20190304	138.34	139.01	136.40	138.23	1028400
20190305	137.75	138.32	135.10	135.17	692000
20190306	135.00	136.17	132.85	133.33	650900
20190307	132.78	132.91	129.04	129.61	1359100
20190308	129.20	132.22	128.79	132.08	1052600
20190311	131.81	133.44	131.75	133.11	501600
20190312	133.41	134.06	132.96	133.26	564100
20190313	133.37	133.90	132.74	133.00	680100
20190314	132.05	132.29	128.46	129.26	966200
20190315	129.23	129.87	128.04	128.57	970500
20190318	129.04	129.85	128.13	129.51	545300
20190319	129.76	130.70	127.49	127.90	509500
20190320	127.60	128.19	124.28	126.02	646800
20190321	125.68	128.87	125.68	128.14	523000
20190322	127.66	128.47	124.51	124.86	698200
20190325	124.91	125.75	123.46	124.75	627600
20190326	124.69	126.24	123.30	125.26	875400
20190327	125.83	127.96	125.19	126.13	1004400
20190328	126.40	127.79	124.59	125.98	758900
20190329	125.80	127.44	124.45	126.15	681500
20190401	127.04	128.76	126.51	127.88	537200
20190402	127.52	128.64	127.05	127.36	399600
20190403	128.08	128.25	126.58	126.82	745100
20190404	126.70	129.79	126.42	129.69	532600
20190405	130.25	132.02	129.98	131.59	379400
20190408	131.40	132.83	130.65	132.75	532100
20190409	132.71	132.71	130.64	131.31	595700
20190410	131.00	132.24	129.12	131.20	646500
20190411	130.92	132.06	130.71	131.40	320900
20190412	132.19	133.34	130.75	132.13	467100
20190415	131.80	133.59	131.45	131.58	691300
20190416	131.86	132.52	129.24	131.10	587500
20190417	131.50	132.43	130.38	130.87	395800
20190418	130.65	131.94	130.07	131.77	615400
20190422	131.04	132.18	130.89	131.40	709900
20190423	131.87	134.33	131.54	134.14	880600
20190424	133.98	134.80	132.47	134.16	1232200
20190425	133.00	134.13	130.14	130.71	1318400
20190426	128.88	130.09	118.25	127.00	1971800
20190429	127.21	131.52	126.88	130.56	720900
20190430	134.37	137.04	133.02	136.25	1411800
20190501	136.79	138.49	135.32	135.35	808100
20190502	135.59	138.15	135.38	135.83	675800
20190503	137.04	139.44	136.11	139.09	413700
20190506	136.46	138.34	135.10	137.78	615700
20190507	136.63	138.12	134.90	136.46	807500
20190508	136.17	136.82	133.95	134.04	400800
20190509	132.81	133.78	130.98	132.84	497100
20190510	133.03	135.58	130.84	135.36	515900
20190513	132.83	133.09	130.05	131.16	774200
20190514	131.17	135.12	130.78	134.21	599600
20190515	132.89	136.13	131.21	135.97	543900
20190516	137.68	141.49	136.89	140.31	1248000
20190517	139.27	141.63	138.35	138.69	669200
20190520	137.74	137.95	136.59	137.12	691100
20190521	137.58	141.04	137.44	141.03	560200
20190522	139.73	140.71	138.13	140.49	657800
20190523	139.49	141.87	138.26	141.71	933800
20190524	142.40	146.47	142.03	145.90	1264600
20190528	145.82	145.88	141.43	141.45	1020500
20190529	140.83	140.83	137.43	138.54	644600
20190530	139.53	140.85	138.47	140.58	511100
20190531	138.18	138.18	134.96	135.55	942400
20190603	135.44	138.97	134.69	138.32	737100
20190604	139.84	145.14	139.54	145.10	883500
20190605	145.95	146.79	143.33	145.53	556600
20190606	145.32	147.43	144.46	147.14	699600
20190607	147.77	148.83	146.35	146.95	637000
20190610	147.89	149.50	147.23	149.06	529700
20190611	150.50	151.08	148.53	149.13	916700
20190612	149.31	150.00	148.00	149.00	576300
20190613	150.00	150.64	148.68	150.61	579600
20190614	151.39	152.84	149.61	152.29	750800
20190617	152.23	152.51	150.13	150.22	687300
20190618	151.42	153.54	149.37	150.66	482800
20190619	151.05	151.30	148.25	149.10	918400
20190620	150.30	150.42	147.00	148.45	717500
20190621	148.66	148.66	145.97	146.03	1150400
20190624	146.73	146.96	144.72	145.93	609800
20190625	145.52	146.19	142.17	142.40	768200
20190626	142.38	142.38	140.36	141.75	802700
20190627	142.60	145.18	141.56	145.09	421900
20190628	145.09	147.65	145.09	147.47	704600
20190701	149.00	150.89	148.26	150.71	562000
20190702	150.54	151.52	149.02	151.47	389100
20190703	152.12	153.30	150.90	153.25	207300
20190705	152.22	152.35	150.41	151.40	325200
20190708	151.30	152.12	150.11	150.27	593700
20190709	149.72	150.66	147.86	149.88	364400
20190710	150.35	150.56	147.96	148.60	325200
20190711	149.19	149.19	146.08	148.96	301800
20190712	149.59	151.71	148.64	151.13	443600
20190715	151.64	151.85	148.60	149.58	334500
20190716	149.74	151.38	149.35	150.04	413100
20190717	150.51	151.35	149.25	150.95	614600
20190718	150.89	154.71	149.00	154.51	1040500
20190719	154.46	155.26	152.83	152.98	758400
20190722	153.73	153.95	151.30	151.81	829400
20190723	152.96	154.04	151.37	153.98	372400
20190724	153.09	154.86	152.46	154.44	662300
20190725	154.54	156.60	154.13	156.36	1008200
20190726	138.00	140.56	127.27	128.84	4420300
20190729	127.46	127.46	123.84	124.48	2400100
20190730	124.90	126.13	122.27	125.25	1353000
20190731	125.17	126.72	123.69	124.69	901600
20190801	124.39	125.32	121.38	122.39	941400
20190802	122.00	122.81	120.33	120.38	759800
20190805	119.18	120.58	117.36	118.24	1038200
20190806	118.80	119.20	116.60	117.53	804400
20190807	116.20	118.80	115.55	118.45	985400
20190808	118.55	119.30	117.08	117.96	850900
20190809	118.40	118.63	116.60	116.77	540200
20190812	116.11	116.44	113.78	113.93	747200
20190813	114.32	118.12	113.63	114.81	655400
20190814	113.15	114.52	111.57	112.46	972500
20190815	112.28	112.65	109.71	110.45	943400
20190816	110.45	112.65	108.93	111.34	667200
20190819	112.78	115.31	112.57	114.07	917400
20190820	113.52	114.07	111.93	113.03	667100
20190821	117.26	117.35	115.54	115.98	693500
20190822	116.05	116.90	114.28	116.30	442000
20190823	115.32	116.07	111.52	112.09	639700
20190826	113.34	114.34	112.19	113.58	709900
20190827	114.37	114.37	111.58	112.58	534500
20190828	112.04	113.83	111.03	113.18	376900
20190829	114.74	117.46	114.60	116.71	652600
20190830	117.85	119.78	117.59	118.89	661200
20190903	116.82	117.04	113.04	114.34	725600
20190904	114.99	116.09	114.72	115.01	458400
20190905	116.42	118.68	116.20	117.83	532400
20190906	118.42	119.98	117.82	118.81	444800
20190909	119.59	122.07	119.37	121.29	644700
20190910	121.05	126.43	120.91	125.90	704700
20190911	126.85	129.80	123.13	129.08	665000
20190912	129.85	129.85	125.10	125.41	760200
20190913	123.02	126.79	121.20	125.65	508900
20190916	125.63	125.76	122.00	122.45	846600
20190917	121.62	122.50	121.01	122.20	807200
20190918	122.46	123.54	121.19	122.94	606700
20190919	123.13	125.00	122.54	124.23	605900
20190920	124.53	125.48	122.57	123.39	958000
20190923	122.07	123.50	121.28	121.70	580600
20190924	121.70	122.60	119.83	120.14	833600
20190925	121.01	122.43	120.61	122.23	603300
20190926	122.26	123.40	121.34	121.52	467000
20190927	122.78	124.77	122.68	123.58	540200
20190930	123.80	125.17	123.72	124.07	396100
20191001	125.03	126.18	121.09	121.27	531900
20191002	120.41	120.86	117.52	118.98	825100
20191003	119.32	122.07	118.97	121.95	1053800
20191004	122.64	124.12	122.00	124.06	648900
20191007	122.91	126.03	122.87	124.06	1064700
20191008	122.92	124.12	121.61	122.31	604900
20191009	123.36	123.48	122.46	123.13	635900
20191010	123.59	123.92	122.93	123.41	593900
20191011	124.72	126.39	124.10	124.42	664900
20191014	121.57	123.77	120.76	123.26	473500
20191015	123.49	125.69	123.29	125.01	508100
20191016	125.45	127.29	125.14	125.55	588200
20191017	126.30	126.86	124.37	125.08	536800
20191018	124.67	125.54	123.11	125.17	724300
20191021	126.00	126.92	125.16	125.87	824200
20191022	126.18	126.79	125.21	125.90	958600
20191023	126.23	128.98	125.50	128.50	1042400
20191024	127.80	130.81	127.17	129.92	1472800
20191025	137.62	146.66	136.00	144.13	3327700
20191028	145.78	146.84	144.15	145.20	1604900
20191029	145.15	145.97	144.32	144.69	835900
20191030	143.71	144.80	141.40	144.33	795400
20191031	143.60	143.60	138.44	143.38	928300
20191101	143.61	144.19	142.02	143.03	771300
20191104	144.25	147.88	143.70	147.43	1043800
20191105	148.15	149.70	146.91	148.70	910600
20191106	148.43	150.22	146.73	150.17	726100
20191107	151.05	153.05	150.48	152.12	1036500
20191108	152.14	152.65	151.31	152.03	817700
20191111	150.86	152.72	149.69	150.06	818300
20191112	150.26	151.03	147.19	148.93	749300
20191113	147.90	147.90	145.64	147.11	653200
20191114	146.44	146.82	143.11	143.22	755700
20191115	143.97	144.22	140.03	140.31	911300
20191118	140.65	142.59	139.60	141.84	815200
20191119	142.29	142.29	138.66	138.73	632500
20191120	139.03	141.61	137.45	140.01	594600
20191121	139.33	140.34	138.56	138.82	459500
20191122	139.95	140.72	139.22	140.27	498600
20191125	140.78	142.48	140.75	141.43	649500
20191126	141.79	142.96	140.74	141.50	709900
20191127	141.44	141.93	140.60	141.26	426100
20191129	140.91	141.31	138.92	139.37	246200
20191202	139.87	139.87	137.30	137.65	563800
20191203	135.84	135.96	133.42	133.86	648900
20191204	133.60	136.53	133.47	134.83	629600
20191205	135.20	138.20	134.92	138.01	819900
20191206	140.27	141.40	138.45	138.72	720200
20191209	138.70	140.44	138.44	138.88	654900
20191210	138.16	138.49	133.07	133.54	711500
20191211	133.09	136.94	133.09	136.67	475400
20191212	137.33	139.73	136.52	139.06	463100
20191213	138.70	139.52	137.08	137.94	402000
20191216	138.00	139.45	137.31	137.35	387600
20191217	136.72	137.78	134.95	135.31	505000
20191218	135.73	136.46	134.85	136.03	443900
20191219	136.00	136.45	135.32	136.02	359900
20191220	137.32	138.01	135.74	136.69	686000
20191223	136.48	137.79	134.51	134.55	328300
20191224	134.85	135.43	134.36	135.14	153800
20191226	134.98	135.44	133.37	134.47	226100
20191227	134.84	135.16	134.14	134.42	280300
20191230	134.58	136.37	133.94	135.38	319200
20191231	135.38	136.86	135.04	136.38	318500
20200102	136.55	137.45	134.04	134.79	585200
20200103	133.31	133.47	130.03	130.95	843700
20200106	130.25	132.13	129.01	131.00	1035300
20200107	131.65	132.17	127.66	128.01	739600
20200108	128.22	129.12	127.08	127.61	594400
20200109	128.31	128.54	126.43	126.75	658300
20200110	127.02	128.23	125.94	127.00	723400
20200113	127.00	129.93	126.99	129.92	654700
20200114	129.78	133.00	129.44	132.58	916800
20200115	132.47	137.64	132.01	137.50	973100
20200116	139.80	141.28	138.89	140.65	819000
20200117	140.72	141.15	139.01	139.70	772900
20200121	138.64	141.55	138.38	141.29	827400
20200122	141.91	142.06	140.37	141.19	619200
20200123	140.49	144.05	139.71	143.81	797400
20200124	143.03	144.37	140.81	141.86	530500
20200127	139.02	141.15	137.35	139.92	620000
20200128	141.03	141.80	139.52	139.97	380900
20200129	140.24	140.82	135.19	135.53	499200
20200130	134.10	135.46	132.97	135.15	532300
20200131	135.68	135.68	131.15	131.68	484800
20200203	132.22	133.68	131.26	133.17	572600
20200204	134.98	135.92	132.88	133.12	465900
20200205	133.19	136.26	133.12	133.97	782600
20200206	135.11	135.82	130.49	130.50	508200
20200207	129.94	129.94	126.96	127.01	432800
20200210	126.60	128.10	125.21	127.30	577000
20200211	127.57	129.28	127.08	128.25	712300
20200212	129.54	133.83	129.50	133.18	672600
20200213	132.10	133.75	131.80	132.64	688800
20200214	132.76	142.61	128.01	137.98	2264600
20200218	136.80	139.31	131.23	131.42	1082400
20200219	132.04	133.16	130.71	131.33	778100
20200220	131.24	135.58	130.79	134.17	769300
20200221	133.98	135.09	133.12	135.00	833700
20200224	131.86	132.30	128.27	128.79	887500
20200225	129.89	131.25	124.77	125.36	966700
20200226	125.79	129.21	125.38	125.83	1283400
20200227	122.77	128.04	121.96	123.34	1044300
20200228	119.67	125.25	118.55	121.15	1615500
20200302	121.59	122.62	118.95	120.86	1223000
20200303	120.90	121.66	116.60	117.22	1304400
20200304	119.00	123.21	117.84	123.17	798100
20200305	119.43	121.40	118.87	119.70	683000
20200306	115.71	119.88	115.35	118.57	1049500
20200309	112.32	115.89	110.06	112.38	979300
20200310	115.55	117.22	112.38	117.20	851500
20200311	115.05	116.20	108.00	108.50	1163900
20200312	103.29	104.83	97.42	97.43	1231900
20200313	101.42	102.73	90.32	96.48	1663600
20200316	87.58	95.13	81.33	85.43	1332900
20200317	86.75	89.40	83.56	85.87	1219400
20200318	81.47	81.81	59.88	65.05	1463100
20200319	64.39	67.78	58.50	66.38	1785500
20200320	66.62	67.64	58.23	58.66	1745700
20200323	58.70	64.53	56.62	63.33	1289200
20200324	66.98	77.63	66.01	77.29	1183600
20200325	77.48	86.35	71.78	82.37	1410100
20200326	83.60	85.36	79.92	82.29	1177000
20200327	81.58	82.00	76.30	78.04	1117800
20200330	78.40	81.52	75.00	80.15	1101600
20200331	79.17	79.62	75.95	76.24	1034600
20200401	72.67	74.38	65.74	66.92	1218300
20200402	68.78	71.93	63.51	64.86	1639000
20200403	64.86	67.06	60.05	62.01	1078300
20200406	65.23	74.17	65.00	73.35	1360600
20200407	80.08	84.67	76.16	81.18	1613400
20200408	80.73	86.09	78.36	85.09	1083800
20200409	87.26	90.94	86.25	88.01	941100
20200413	87.13	87.13	81.63	83.41	516500
20200414	84.91	85.72	80.72	82.74	639000
20200415	77.93	79.87	76.40	79.30	579100
20200416	76.54	76.97	72.38	74.74	934000
20200417	79.17	80.81	78.39	79.60	1212300
20200420	75.90	78.49	74.97	76.24	590600
20200421	73.50	75.27	72.51	73.05	721400
20200422	75.16	76.15	73.51	75.06	570100
20200423	76.13	78.55	76.02	77.32	980800
20200424	77.79	80.36	77.13	78.96	1090800
20200427	80.27	84.41	79.50	83.74	953000
20200428	86.52	88.27	85.58	87.51	878800
20200429	90.85	94.63	90.18	93.02	844700
20200430	90.64	90.90	87.59	87.72	477100
20200501	85.42	86.55	82.14	83.38	486400
20200504	82.58	86.12	81.55	84.99	1001400
20200505	86.23	86.29	79.05	82.43	1352200
20200506	81.58	82.56	78.70	78.98	741100
20200507	79.95	82.45	79.02	80.37	607600
20200508	82.35	85.42	81.35	84.86	672700
20200511	83.11	83.35	79.86	80.90	715800
20200512	81.21	81.81	77.62	77.82	651100
20200513	76.73	77.61	72.79	73.94	874100
20200514	72.29	76.56	69.87	75.96	754500
20200515	74.94	77.59	74.36	76.58	563400
20200518	81.24	86.87	80.41	85.97	803900
20200519	85.13	86.55	82.37	82.44	662500
20200520	83.77	85.48	81.30	83.03	483100
20200521	81.44	85.58	81.44	84.14	500200
20200522	84.63	85.17	81.62	83.31	361700
20200526	87.97	94.33	87.30	93.47	1077600
20200527	98.56	99.79	95.43	99.43	816300
20200528	99.40	99.99	92.72	93.16	833500
20200529	92.15	93.74	90.02	93.20	1488100
20200601	93.14	94.56	92.10	93.09	563300
20200602	94.01	97.34	94.01	97.00	592500
20200603	98.44	104.67	98.37	104.46	848800
20200604	103.75	108.65	102.12	108.00	1177500
20200605	115.79	116.96	107.53	108.65	1137800
20200608	113.32	116.48	112.30	115.69	802500
20200609	111.67	113.60	109.24	112.72	711400
20200610	111.14	112.95	105.94	106.05	871900
20200611	97.49	100.93	94.75	95.97	1004600
20200612	98.67	100.98	94.35	97.74	687900
20200615	93.20	98.57	92.49	97.72	726500
20200616	103.65	103.82	96.98	98.25	849500
20200617	98.17	99.05	94.92	95.35	787600
20200618	94.51	97.35	93.74	94.89	461300
20200619	96.97	96.97	92.96	93.07	1136400
20200622	92.00	93.17	89.89	92.22	461600
20200623	94.50	104.39	94.41	103.88	3397700
20200624	101.38	103.30	98.62	99.29	1154100
20200625	98.20	98.70	94.75	98.36	697200
20200626	97.52	98.29	94.05	95.71	902600
20200629	97.08	100.05	95.97	99.80	538900
20200630	99.36	102.53	97.96	101.76	723800
20200701	101.48	103.20	97.39	97.51	612800
20200702	99.90	102.88	97.88	99.21	542400
20200706	101.65	103.65	100.51	103.26	917500
20200707	102.00	102.79	95.51	95.98	1519000
20200708	95.48	96.97	89.18	91.39	2594100
20200709	89.41	91.39	68.10	73.12	10934600
20200710	73.26	78.99	69.21	70.47	4359100
20200713	71.81	77.33	69.44	76.60	3949000
20200714	69.89	74.88	67.79	74.21	4160700
20200715	76.64	77.78	75.17	76.54	1497400
20200716	76.04	80.70	75.47	77.93	1789900
20200717	78.24	79.11	77.24	78.48	1435100
20200720	78.68	79.32	77.19	78.78	1230200
20200721	79.10	82.01	78.87	79.42	1059700
20200722	79.09	84.37	78.55	83.87	1278100
20200723	83.72	85.76	82.34	83.66	908300
20200724	83.87	85.54	82.17	85.01	1553100
20200727	84.87	87.41	83.80	87.33	1554900
20200728	85.00	87.70	83.55	85.14	1681900
20200729	85.84	87.08	85.54	86.01	903900
20200730	84.82	85.64	83.25	83.29	710600
20200731	83.91	84.11	79.00	79.85	1045200
20200803	80.01	80.59	78.93	79.45	1194300
20200804	79.77	83.85	79.77	81.25	978400
20200805	82.63	85.18	81.43	85.18	942400
20200806	84.51	87.45	83.86	86.36	1058900
20200807	88.44	90.36	83.07	85.65	1338400
20200810	86.29	91.41	86.22	90.66	967300
20200811	92.75	94.42	90.50	91.29	640700
20200812	92.29	92.89	89.39	91.44	753100
20200813	90.21	91.81	88.41	89.01	468200
20200814	87.96	90.93	87.34	90.26	617400
20200817	90.41	92.26	90.00	91.65	787400
20200818	91.57	92.22	90.12	90.60	976000
20200819	91.45	91.46	89.53	90.17	578000
20200820	88.86	91.36	88.15	89.85	530400
20200821	90.04	91.30	89.64	90.32	560400
20200824	90.66	94.47	90.66	93.51	638400
20200825	93.96	94.42	90.45	93.32	629600
20200826	93.54	94.03	92.15	93.26	454600
20200827	94.21	97.86	93.53	96.96	821300
20200828	96.94	97.91	95.56	96.33	675500
20200831	95.93	95.93	92.20	92.33	712200
20200901	92.63	94.06	91.11	91.93	785100
20200902	92.47	94.31	91.48	93.92	522200
20200903	94.37	94.46	90.21	91.29	570900
20200904	91.12	94.10	90.99	92.43	432500
20200908	92.13	94.20	91.27	92.54	499700
20200909	92.00	94.52	91.82	94.09	422000
20200910	94.98	95.62	93.15	93.75	537900
20200911	94.70	97.05	93.84	96.94	532800
20200914	97.88	101.34	97.39	100.46	642100
20200915	100.00	101.68	98.15	98.79	762600
20200916	99.79	102.30	99.41	100.29	527400
20200917	101.97	103.75	100.18	103.38	596400
20200918	102.75	103.82	100.12	101.16	849500
20200921	97.92	98.56	92.56	95.88	584500
20200922	95.67	97.78	95.29	96.31	422900
20200923	97.13	99.43	94.51	94.70	290400
20200924	94.16	95.86	92.17	94.81	524500
20200925	94.00	94.60	92.83	94.24	487300
20200928	97.28	99.60	95.72	98.42	569700
20200929	97.91	98.43	95.61	96.27	407400
20200930	95.65	98.75	95.58	97.59	732700
20201001	99.24	100.18	96.79	98.40	508800
20201002	95.70	102.48	95.53	102.19	504800
20201005	103.53	107.33	103.53	106.98	454100
20201006	107.04	109.16	104.32	104.91	500900
20201007	106.72	108.64	105.49	106.38	368500
20201008	107.63	109.58	107.25	109.01	415300
20201009	110.00	110.00	102.95	104.24	740800
20201012	106.36	106.95	103.76	105.15	445700
20201013	104.70	105.48	101.76	102.24	515900
20201014	103.84	104.64	102.04	103.61	561100
20201015	102.67	103.17	101.92	103.00	378200
20201016	103.55	106.52	102.95	105.38	582400
20201019	105.36	106.38	100.88	101.58	540300
20201020	102.96	105.91	102.44	102.89	374200
20201021	101.91	102.83	99.54	99.71	438000
20201022	100.16	103.54	99.00	101.93	553700
20201023	103.29	105.70	102.91	104.68	471800
20201026	102.77	102.91	98.12	99.32	593400
20201027	99.51	99.86	96.57	97.32	448300
20201028	94.54	96.67	92.04	92.21	512900
20201029	92.21	95.26	90.98	93.05	762300
20201030	105.92	109.95	98.40	103.19	1809100
20201102	106.46	115.15	105.66	114.69	1886800
20201103	116.04	118.08	115.36	116.99	975700
20201104	115.84	119.17	114.51	118.09	908100
20201105	118.40	122.61	118.40	122.17	720000
20201106	121.71	123.47	120.25	120.58	541700
20201109	127.05	133.21	122.19	122.23	1117900
20201110	123.70	126.00	122.54	122.80	792600
20201111	122.93	123.14	117.76	118.94	794000
20201112	119.33	120.29	115.79	117.83	621300
20201113	118.79	123.61	118.76	123.14	523200
20201116	124.88	130.73	124.32	129.12	711600
20201117	127.53	131.68	125.22	131.15	656100
20201118	130.63	132.82	128.24	128.25	493700
20201119	127.78	128.08	124.25	126.98	717700
20201120	126.87	127.40	124.96	127.15	397400
20201123	128.46	131.46	127.87	130.50	547100
20201124	133.00	135.03	131.65	134.86	737300
20201125	133.71	133.71	129.78	133.13	474400
20201127	132.25	132.25	129.39	130.55	244900
20201130	129.66	130.29	125.71	125.83	840100
20201201	127.79	128.73	125.33	126.73	560400
20201202	125.53	129.79	124.16	124.76	684700
20201203	130.87	134.52	127.27	132.28	991100
20201204	132.13	134.53	131.62	132.85	483800
20201207	131.42	135.35	130.13	134.60	1044900
20201208	132.27	134.57	131.02	132.77	432900
20201209	133.67	135.05	132.70	134.41	823600
20201210	132.73	135.15	132.00	132.98	838700
20201211	131.97	137.06	131.97	134.75	579000
20201214	136.08	136.65	131.41	131.53	832400
20201215	133.68	134.63	130.96	134.14	569500
20201216	134.95	135.54	131.33	132.61	642500
20201217	133.08	135.26	132.38	135.25	798100
20201218	135.86	139.48	135.54	138.43	1563000
20201221	135.01	137.54	134.16	136.60	574500
20201222	137.12	138.27	135.36	135.67	462500
20201223	136.51	138.43	136.00	137.15	424300
20201224	136.98	138.87	135.46	138.72	161800
20201228	140.27	141.99	138.85	140.49	333300
20201229	140.31	140.74	137.95	139.47	397700
20201230	139.85	142.84	139.56	142.51	349300
20201231	141.86	142.10	139.59	140.95	363700
20210104	140.77	140.89	134.09	136.11	590900
20210105	136.20	140.27	135.81	138.59	580000
20210106	139.71	144.50	138.88	142.97	550300
20210107	144.06	145.30	142.00	144.31	397300
20210108	145.23	145.67	141.42	143.68	431600
20210111	141.66	148.34	141.59	147.58	793200
20210112	147.41	151.18	147.41	150.87	530000
20210113	151.70	152.05	148.40	149.67	407200
20210114	150.22	153.35	149.94	151.97	436100
20210115	150.92	150.92	147.48	148.97	387000
20210119	151.32	151.32	147.87	148.90	319100
20210120	149.49	152.05	148.25	151.21	348000
20210121	150.80	152.49	149.28	150.93	353300
20210122	149.00	150.64	146.31	149.77	367200
20210125	147.95	151.90	147.74	148.82	373600
20210126	150.83	151.62	146.66	148.75	204900
20210127	146.39	148.42	141.84	144.34	473600
20210128	145.80	149.50	145.11	148.29	442000
20210129	147.50	147.50	141.64	143.60	444800
20210201	145.89	146.56	142.64	145.85	287000
20210202	147.41	147.48	144.98	145.32	515800
20210203	146.41	149.06	145.34	148.40	242000
20210204	148.77	151.22	148.26	149.06	392800
20210205	150.75	153.60	148.50	152.52	570700
20210208	152.69	154.36	150.94	153.10	526500
20210209	152.01	157.84	151.65	156.08	665400
20210210	156.52	160.63	156.00	159.91	901600
20210211	160.09	161.78	157.42	159.71	767500
20210212	168.04	178.19	167.00	169.28	1303000
20210216	172.00	172.01	166.63	171.11	652700
20210217	170.00	171.99	168.02	168.45	595000
20210218	171.22	171.22	165.00	166.33	482600
20210219	166.50	172.66	166.50	171.90	360200
20210222	169.23	175.35	167.12	173.70	605900
20210223	173.57	178.11	169.59	177.93	599200
20210224	177.10	183.49	176.36	182.98	594000
20210225	182.50	183.12	171.30	172.60	681200
20210226	174.08	177.66	172.38	174.99	838200
20210301	177.19	181.08	175.05	179.76	425500
20210302	180.00	183.08	179.27	181.48	554700
20210303	181.59	185.85	180.21	182.63	473400
20210304	182.07	183.18	168.81	175.69	638800
20210305	178.65	186.81	176.46	186.11	569900
20210308	186.52	192.57	185.81	187.27	572700
20210309	186.59	189.13	180.78	183.64	493400
20210310	184.01	188.13	182.91	184.99	546400
20210311	185.02	186.83	181.93	185.78	395800
20210312	186.25	189.59	184.03	189.04	335400
20210315	189.04	189.04	185.05	188.32	429000
20210316	187.23	189.31	181.18	182.86	536300
20210317	182.78	186.02	181.50	185.94	627100
20210318	186.13	186.55	182.82	183.35	855000
20210319	182.48	185.39	178.75	183.74	1329700
20210322	184.49	185.24	180.12	183.15	495600
20210323	181.44	186.59	180.09	181.28	777900
20210324	183.71	188.05	183.71	185.40	785400
20210325	183.70	192.53	183.16	192.30	613400
20210326	194.44	196.38	192.49	195.67	569800
20210329	195.24	196.00	190.07	191.27	452600
20210330	190.57	195.76	190.07	195.03	307300
20210331	194.63	197.36	192.17	192.31	447400
20210401	194.57	199.00	192.57	198.28	501700
20210405	200.13	201.51	197.76	201.19	438900
20210406	200.77	202.94	198.35	200.68	607200
20210407	199.00	201.00	197.06	197.74	399600
20210408	196.82	198.65	194.13	198.45	476200
20210409	199.36	202.97	197.34	202.93	472000
20210412	205.00	206.20	201.29	204.11	429800
20210413	203.07	203.84	198.42	202.59	556500
20210414	201.90	205.02	201.51	201.74	387100
20210415	203.07	203.29	200.27	201.67	360600
20210416	203.09	205.01	202.08	204.81	321900
20210419	204.13	204.13	199.60	199.91	467100
20210420	199.99	200.78	194.24	196.05	487400
20210421	196.51	201.20	195.05	201.11	291900
20210422	200.92	202.73	197.48	199.17	447200
20210423	200.69	203.71	199.41	203.34	647300
20210426	204.17	207.46	203.27	206.71	421600
20210427	206.03	209.80	205.58	208.36	391300
20210428	208.00	209.41	206.40	207.70	489900
20210429	209.33	213.61	208.00	212.98	500500
20210430	208.36	214.49	203.67	205.50	737700
20210503	212.21	227.45	211.32	221.00	1992400
20210504	221.00	221.53	214.40	219.84	752700
20210505	221.82	225.78	218.56	224.30	475800
20210506	225.35	226.08	220.97	224.88	288900
20210507	223.12	230.75	221.17	229.74	390200
20210510	230.53	231.80	226.04	226.48	445700
20210511	222.44	223.42	215.11	219.47	470400
20210512	219.07	219.26	208.65	209.49	405900
20210513	209.83	220.69	209.55	218.97	510200
20210514	220.35	221.68	217.73	219.10	258700
20210517	218.99	219.68	214.79	218.25	381600
20210518	218.69	218.97	214.59	214.69	476200
20210519	211.06	212.75	205.50	207.86	573200
20210520	208.42	209.19	204.71	207.96	509900
20210521	209.40	212.71	206.36	207.21	529800
20210524	209.10	209.50	206.53	208.28	241200
20210525	208.78	210.98	206.69	207.36	450400
20210526	207.64	209.49	204.58	208.81	610000
20210527	211.40	213.49	210.15	212.98	820700
20210528	214.32	214.33	208.49	210.68	463500
20210601	206.38	206.38	195.45	204.65	1975200
20210602	204.61	204.99	199.75	202.77	903900
20210603	202.64	202.64	198.12	201.93	475100
20210604	203.00	203.11	197.56	201.41	423000
20210607	202.34	203.14	198.98	201.25	291100
20210608	200.90	204.75	200.16	203.14	264700
20210609	202.47	203.65	198.22	198.40	368100
20210610	200.13	200.38	190.41	190.94	966300
20210611	192.82	193.90	191.11	193.13	453000
20210614	191.84	192.50	186.61	188.24	452700
20210615	188.21	190.04	186.96	189.62	625800
20210616	188.52	189.61	184.56	186.60	532200
20210617	186.60	187.37	180.33	183.88	470200
20210618	179.94	181.44	178.29	180.66	696200
20210621	184.25	189.61	182.61	187.20	587000
20210622	186.66	191.46	185.56	190.05	538700
20210623	191.15	192.10	188.29	188.32	379500
20210624	189.85	191.26	186.50	190.22	467700
20210625	191.89	196.99	190.64	195.72	692800
20210628	194.60	194.60	189.15	189.89	497700
20210629	191.64	192.02	189.60	190.35	425000
20210630	189.35	192.43	189.27	192.19	539300
20210701	193.83	197.99	191.81	197.30	616600
20210702	197.12	197.81	194.58	195.08	555200
20210706	196.40	198.21	191.23	193.71	659600
20210707	192.76	199.05	192.76	197.87	473700
20210708	192.67	196.02	189.87	193.15	421600
20210709	197.32	200.97	196.64	198.95	473000
20210712	195.93	199.51	194.78	198.76	424600
20210713	196.89	197.29	193.59	194.47	403100
20210714	195.68	196.84	192.20	194.32	388700
20210715	192.00	193.29	188.14	190.79	475100
20210716	191.00	192.19	185.46	186.16	493000
20210719	181.59	181.75	176.50	180.62	596000
20210720	180.76	187.34	178.73	186.52	515300
20210721	191.15	195.43	189.04	192.64	361900
20210722	192.10	192.10	187.25	187.38	274000
20210723	189.27	192.17	188.46	191.84	316600
20210726	192.24	193.79	189.61	191.07	338800
20210727	188.82	190.45	186.55	189.35	382400
20210728	190.83	192.27	186.52	189.91	319700
20210729	190.51	195.95	190.51	195.84	529300
20210730	194.06	202.49	193.25	194.90	888400
20210802	196.58	201.27	194.56	194.60	602200
20210803	196.03	199.85	191.37	199.31	481000
20210804	197.89	200.26	195.79	196.64	519300
20210805	198.25	200.20	197.81	199.10	356600
20210806	201.20	202.85	199.33	201.29	379300
20210809	198.99	200.88	196.43	196.53	328800
20210810	196.70	202.09	195.55	201.05	273000
20210811	201.21	208.53	200.44	208.51	483100
20210812	209.00	211.75	207.19	209.80	495300
20210813	209.58	211.03	207.91	209.16	262100
20210816	209.25	209.25	204.85	207.44	310200
20210817	204.81	205.26	197.88	199.74	561400
20210818	198.52	202.21	197.60	197.86	499600
20210819	194.20	198.58	193.76	196.95	466000
20210820	198.00	202.36	197.06	200.78	441700
20210823	202.62	202.91	198.68	201.10	283400
20210824	201.23	205.20	201.23	203.32	216000
20210825	204.34	207.79	203.60	204.76	334200
20210826	204.20	204.55	199.79	201.09	342400
20210827	201.50	204.42	201.50	203.65	298700
20210830	203.65	204.11	201.64	202.17	263400
20210831	202.83	202.83	196.44	197.76	616500
20210901	197.97	198.76	195.27	196.00	333800
20210902	196.29	198.60	195.00	198.52	368600
20210903	197.13	197.61	193.82	194.07	242900
20210907	193.16	194.62	190.51	192.18	439600
20210908	190.64	190.64	186.22	187.72	375000
20210909	188.26	192.26	187.34	190.34	321300
20210910	192.08	193.98	187.45	187.62	334000
20210913	190.89	194.42	189.04	192.32	377800
20210914	193.23	193.23	186.13	186.44	359900
20210915	186.20	188.12	184.45	187.86	623700
20210916	188.01	188.60	183.68	184.98	403300
20210917	182.93	184.80	179.98	181.82	1183300
20210920	179.50	182.70	175.95	182.24	576700
20210921	184.20	184.20	179.63	179.64	391000
20210922	181.73	185.35	181.41	184.08	401900
20210923	186.14	188.43	185.00	185.28	391200
20210924	183.90	185.85	183.08	184.39	350600
20210927	184.84	188.70	184.84	187.08	429500
20210928	186.45	188.12	183.84	184.46	454200
20210929	186.26	186.95	182.62	182.95	567200
20210930	183.79	184.31	177.10	177.40	774800
20211001	177.93	181.05	176.15	179.23	531100
20211004	178.80	181.70	177.36	177.92	403200
20211005	177.92	182.88	176.39	178.30	548000
20211006	175.68	180.09	174.68	179.12	493600
20211007	181.29	184.79	180.68	181.32	497600
20211008	180.89	181.96	178.30	178.63	488100
20211011	178.84	183.48	178.14	179.41	321400
20211012	179.62	182.67	179.47	181.03	437800
20211013	181.81	182.20	178.12	179.80	432400
20211014	181.25	187.23	181.25	185.79	509300
20211015	187.98	189.05	184.02	184.03	396400
20211018	182.81	186.84	182.81	186.59	365600
20211019	187.49	188.68	185.00	185.77	319700
20211020	185.54	189.64	185.02	189.57	407400
20211021	190.00	194.24	189.71	191.85	414700
20211022	192.04	194.27	191.01	192.12	373300
20211025	192.30	195.68	191.55	193.59	558800
20211026	194.36	196.87	193.21	193.24	433900
20211027	192.86	198.84	192.26	192.87	659600
20211028	193.67	199.37	193.22	199.06	626500
20211029	189.00	191.91	174.17	177.21	1556600
20211101	176.76	184.98	176.54	183.57	962900
20211102	182.59	182.59	174.01	174.35	669000
20211103	174.21	178.91	174.00	177.79	642300
20211104	178.89	180.79	174.40	174.81	527600
20211105	178.19	180.29	176.52	177.00	457500
20211108	178.52	179.21	174.89	175.91	730400
20211109	176.02	178.20	172.00	173.22	720800
20211110	173.25	177.01	173.20	175.00	623000
20211111	175.61	176.34	173.41	173.50	537100
20211112	174.13	178.19	174.13	177.32	395800
20211115	178.04	178.56	175.82	176.02	510500
20211116	176.62	180.67	176.62	179.32	525900
20211117	179.50	180.30	174.58	175.03	724700
20211118	176.02	176.72	174.01	174.56	455400
20211119	174.47	179.03	174.26	177.34	672300
20211122	177.93	182.31	177.16	181.28	613700
20211123	180.70	182.07	178.79	181.25	387300
20211124	178.93	181.96	178.02	179.70	409200
20211126	173.68	175.83	172.13	175.42	440300
20211129	176.95	177.03	171.46	174.38	554200
20211130	172.73	173.34	166.36	167.87	1019200
20211201	172.60	174.06	165.13	165.31	598700
20211202	166.89	172.95	166.28	171.51	729400
20211203	171.89	175.12	171.25	172.84	824100
20211206	174.94	178.84	174.32	175.35	739200
20211207	177.51	181.61	177.51	179.33	599800
20211208	179.54	180.36	177.96	178.83	441100
20211209	177.76	181.23	177.76	179.28	460100
20211210	180.66	181.34	177.99	178.38	396900
20211213	178.37	178.55	173.15	174.60	593000
20211214	173.61	177.61	173.08	175.14	555600
20211215	171.99	176.87	171.90	176.63	558400
20211216	178.12	179.28	173.30	173.45	622800
20211217	171.75	173.13	169.66	170.64	1094300
20211220	168.18	168.64	162.63	163.95	632700
20211221	165.00	169.37	165.00	168.43	851400
20211222	168.74	170.64	167.94	169.25	707100
20211223	170.58	173.29	170.55	171.16	317200
20211227	171.20	174.92	171.20	174.61	378000
20211228	174.02	178.51	174.02	175.81	341300
20211229	175.87	178.33	175.87	176.66	258100
20211230	176.61	178.93	175.66	177.89	422300
20211231	178.42	183.88	178.25	182.18	664200
20220103	183.35	185.43	181.85	183.97	629400
20220104	186.23	189.35	184.98	188.25	440000
20220105	188.56	192.00	181.90	182.42	589200
20220106	183.68	183.68	179.00	180.47	358900
20220107	180.45	180.85	176.47	176.55	441800
20220110	173.14	174.09	169.75	172.46	655400
20220111	172.25	176.93	172.25	176.44	384300
20220112	176.56	178.33	174.47	176.74	408400
20220113	177.86	179.43	175.85	176.42	305300
20220114	173.65	175.61	167.21	170.77	619000
20220118	168.74	169.60	165.78	166.14	385300
20220119	165.89	165.89	161.85	161.88	351800
20220120	161.90	165.79	160.79	161.33	544500
20220121	160.64	161.03	155.18	156.38	824600
20220124	152.60	159.13	149.70	158.83	769600
20220125	155.00	159.77	153.16	157.88	468900
20220126	160.38	160.97	152.00	154.04	417800
20220127	155.85	157.76	150.00	150.85	409400
20220128	149.89	151.26	146.86	151.24	744700
20220131	150.26	157.94	150.26	157.87	681700
20220201	158.42	159.75	155.47	158.61	547900
20220202	158.65	159.34	156.20	158.50	431800
20220203	157.05	157.13	152.51	152.67	328900
20220204	152.69	152.69	147.51	150.08	736000
20220207	151.43	152.07	148.20	149.06	767000
20220208	149.18	154.35	149.18	153.92	804100
20220209	155.46	158.54	154.64	157.54	597800
20220210	154.07	156.95	150.49	152.10	755300
20220211	153.00	158.99	143.25	144.17	1068300
20220214	144.16	147.45	143.38	143.82	843200
20220215	146.36	151.13	146.36	148.32	827300
20220216	146.58	151.23	146.58	150.17	585700
20220217	148.56	151.09	146.61	146.80	819000
20220218	146.88	149.98	146.69	148.26	712500
20220222	146.80	147.62	139.31	139.91	863200
20220223	141.29	143.51	138.44	138.81	754500
