20210104	138.49	138.60	134.09	135.82	61785
20210105	134.37	137.33	134.37	136.92	41631
20210106	136.94	139.18	135.27	138.00	60729
20210107	138.83	141.19	138.63	140.52	52569
20210108	141.10	142.33	140.47	141.88	39505
20210111	141.54	142.61	140.38	142.56	42520
20210112	142.02	142.36	139.97	140.62	36788
20210113	140.41	140.70	138.08	138.67	33301
20210114	139.27	140.47	136.62	136.98	41040
20210115	136.27	138.03	135.61	136.42	64124
20210119	136.68	136.91	134.18	135.02	65378
20210120	136.09	138.84	135.73	138.44	46544
20210121	138.06	139.42	136.82	137.28	40112
20210122	136.78	137.55	135.05	135.09	41505
20210125	134.74	134.93	130.62	133.35	59987
20210126	133.55	133.64	130.59	130.97	53123
20210127	128.18	128.80	126.29	127.02	78159
20210128	128.32	132.20	127.48	130.60	62446
20210129	129.86	130.91	128.11	129.51	71661
20210201	131.23	131.89	129.23	131.56	43668
20210202	132.87	135.59	132.57	135.33	71328
20210203	135.43	135.78	133.79	134.40	46786
20210204	135.29	136.74	134.68	136.33	45337
20210205	137.02	141.12	136.97	140.68	61515
20210208	140.72	141.42	138.44	139.03	63043
20210209	139.21	139.81	137.37	137.46	34363
20210210	138.10	138.24	136.60	138.11	41257
20210211	138.63	139.94	138.06	139.16	38287
20210212	138.74	139.07	137.08	137.78	36370
20210216	138.99	138.99	136.72	137.38	48734
20210217	136.98	140.14	135.93	139.59	64371
20210218	138.61	140.95	136.90	140.66	44868
20210219	140.99	141.06	137.18	137.68	74860
20210222	137.22	138.11	132.10	132.49	89859
20210223	131.87	132.65	127.56	131.97	103641
20210224	130.93	131.81	129.86	131.51	63609
20210225	133.40	134.93	130.42	131.40	56743
20210226	132.02	132.94	129.55	130.93	66502
20210301	131.76	135.17	131.63	133.72	57178
20210302	133.63	134.31	131.73	133.10	52927
20210303	133.17	133.48	130.32	130.42	48884
20210304	130.17	131.27	126.46	128.27	71815
20210305	129.72	129.86	125.50	129.54	59571
20210308	129.82	131.75	128.59	130.71	49830
20210309	131.64	134.06	131.58	132.06	59778
20210310	132.60	134.25	132.21	133.66	45196
20210311	135.20	138.14	134.60	137.16	56965
20210312	136.00	136.88	134.64	136.44	41432
20210315	136.68	140.86	136.65	140.80	54139
20210316	141.71	141.97	139.73	140.52	56230
20210317	139.11	141.97	139.11	140.68	51344
20210318	140.24	142.47	138.48	139.08	101884
20210319	136.00	138.78	131.64	133.56	249804
20210322	133.70	134.84	132.14	134.32	75373
20210323	134.53	136.62	132.65	133.20	55826
20210324	132.55	133.98	129.08	129.35	81576
20210325	123.42	125.69	121.86	124.96	184758
20210326	127.84	129.38	126.06	129.19	100105
20210329	129.14	130.08	126.93	129.68	71539
20210330	128.57	129.54	127.47	129.15	60266
20210331	129.29	130.35	128.15	129.09	68789
20210401	130.84	130.84	128.43	128.74	57206
20210405	129.30	131.80	129.30	131.26	55089
20210406	131.57	133.77	131.07	133.24	46701
20210407	133.08	134.29	132.46	132.64	66460
20210408	133.36	133.39	129.60	129.86	87484
20210409	130.11	131.63	129.68	131.58	60568
20210412	130.90	132.99	130.38	132.74	56382
20210413	131.72	132.10	129.59	129.72	87782
20210414	129.72	130.35	128.05	128.48	73541
20210415	129.20	130.24	128.89	129.85	62848
20210416	130.86	130.92	129.91	130.47	68525
20210419	130.46	130.54	128.37	128.78	56136
20210420	125.48	126.19	122.11	123.48	132687
20210421	123.94	126.61	123.73	126.19	71109
20210422	126.18	126.64	124.32	125.49	64429
20210423	125.25	126.92	124.79	126.47	74890
20210426	126.76	127.94	125.62	127.84	82178
20210427	128.23	129.00	127.65	128.33	58331
20210428	128.48	128.55	126.62	126.97	81954
20210429	128.00	130.29	127.48	129.45	66125
20210430	128.66	130.05	128.28	128.83	56436
20210503	129.56	130.61	128.80	129.23	50530
20210504	128.45	128.80	126.75	127.79	61295
20210505	128.91	130.38	128.31	128.43	62342
20210506	128.81	130.02	128.17	129.68	52010
20210507	131.14	135.38	130.87	133.87	105667
20210510	134.06	134.93	132.40	132.50	56693
20210511	134.43	134.43	131.15	133.20	80454
20210512	131.55	132.91	129.53	129.58	58651
20210513	129.88	131.17	128.70	129.79	62843
20210514	130.50	132.77	130.22	132.05	43679
20210517	132.43	133.15	131.63	132.51	39342
20210518	132.54	133.54	131.58	131.69	56647
20210519	129.67	130.14	128.19	129.16	55823
20210520	129.96	130.37	128.41	129.46	49348
20210521	130.01	130.34	128.63	128.87	53297
20210524	129.30	130.51	129.01	130.23	43132
20210525	131.08	131.31	130.02	130.48	48858
20210526	131.34	133.98	131.14	132.98	67815
20210527	133.62	134.36	132.56	132.66	128823
20210528	132.61	133.69	132.47	132.83	41535
20210601	134.18	134.38	130.64	130.93	55779
20210602	131.01	131.88	129.98	130.60	52261
20210603	129.65	131.10	128.98	130.60	50274
20210604	130.92	131.35	128.76	130.18	52171
20210607	130.43	131.60	129.90	130.38	37650
20210608	131.10	131.13	128.89	129.80	49152
20210609	130.06	131.31	127.95	128.33	64481
20210610	128.00	129.04	126.72	127.49	65841
20210611	128.00	128.48	127.06	128.43	54145
20210614	128.19	128.54	126.67	127.86	57436
20210615	128.04	128.24	126.37	126.82	51681
20210616	126.83	127.68	126.15	126.93	79155
20210617	125.80	126.42	124.46	125.49	85681
20210618	123.31	125.60	123.31	124.99	97848
20210621	125.80	127.28	125.27	126.62	62885
20210622	127.35	129.16	126.67	128.95	60438
20210623	129.27	130.14	128.69	129.56	45660
20210624	130.34	131.23	129.36	130.04	114205
20210625	148.35	150.48	146.47	150.24	462854
20210628	149.82	149.95	147.48	148.30	131333
20210629	149.18	152.24	148.84	151.80	102799
20210630	150.67	151.21	149.43	150.38	102818
20210701	149.97	154.00	149.79	153.79	90115
20210702	154.00	155.71	153.44	155.49	63967
20210706	155.66	156.17	153.66	155.85	66710
20210707	155.90	157.20	154.07	155.90	54083
20210708	153.96	156.54	153.16	156.35	60816
20210709	157.39	157.65	156.24	156.71	50023
20210712	157.34	158.11	156.43	157.51	49922
20210713	157.06	157.99	156.72	157.29	57477
20210714	157.56	158.40	157.05	157.24	49280
20210715	156.58	157.88	156.12	157.39	64325
20210716	157.32	157.40	155.39	155.60	66037
20210719	153.94	154.59	152.43	153.67	73771
20210720	153.07	156.16	152.41	155.49	46292
20210721	156.23	157.13	155.75	156.79	53931
20210722	156.82	159.39	156.65	159.32	48515
20210723	159.98	162.02	159.37	161.93	42177
20210726	161.30	162.10	159.46	160.70	38588
20210727	160.43	161.20	158.25	160.19	43590
20210728	160.11	161.48	159.71	161.06	40936
20210729	161.48	162.58	160.99	162.55	36056
20210730	162.16	163.40	161.92	163.05	53644
20210802	164.56	165.46	163.56	164.26	55325
20210803	164.72	166.94	164.01	166.67	57181
20210804	166.80	167.75	166.41	167.33	46462
20210805	166.85	169.37	166.62	169.22	38240
20210806	169.72	169.74	168.10	168.20	40887
20210809	167.91	168.45	167.05	167.20	36128
20210810	166.99	169.33	166.87	167.68	37471
20210811	167.42	168.61	166.39	166.71	40783
20210812	166.34	166.76	164.97	166.10	39971
20210813	165.91	167.15	164.29	167.12	29662
20210816	166.16	167.81	165.14	167.77	35302
20210817	166.97	167.13	164.87	166.12	36029
20210818	165.23	167.23	164.17	164.32	54874
20210819	162.52	163.08	159.99	161.18	73363
20210820	161.84	163.54	161.02	163.32	40391
20210823	164.94	166.35	164.68	165.20	37965
20210824	165.09	166.32	164.39	165.46	31331
20210825	165.48	166.15	165.02	165.32	30038
20210826	164.87	165.01	161.84	162.48	40696
20210827	163.09	163.87	162.12	163.39	30124
20210830	163.69	164.20	162.40	163.83	35371
20210831	163.36	163.49	160.09	160.62	75456
20210901	160.80	162.45	159.98	160.44	47065
20210902	161.11	161.29	158.72	159.58	46321
20210903	159.12	160.06	158.16	159.21	42545
20210907	159.61	159.76	157.86	158.57	56488
20210908	157.95	158.04	155.75	156.69	65917
20210909	161.13	161.99	159.12	159.25	84148
20210910	160.14	161.52	159.35	159.50	42521
20210913	157.52	158.85	154.37	155.53	88145
20210914	155.19	155.40	153.14	154.79	53239
20210915	153.56	154.36	151.78	153.96	68271
20210916	153.65	155.03	153.27	153.66	50859
20210917	154.01	156.97	152.17	152.51	79448
20210920	149.89	151.39	148.51	150.39	70412
20210921	151.21	152.23	149.74	151.14	58579
20210922	152.87	154.05	151.71	153.50	68448
20210923	154.74	156.28	154.31	155.59	119815
20210924	147.26	148.05	144.30	145.85	269133
20210927	145.77	146.16	143.61	144.34	114793
20210928	143.65	143.84	141.37	141.67	106923
20210929	142.07	144.24	142.05	142.37	77949
20210930	142.23	143.79	140.81	141.60	101336
20211001	141.59	144.30	140.76	143.38	81123
20211004	143.38	143.93	142.11	143.46	79510
20211005	144.30	147.22	144.12	145.72	108819
20211006	144.30	145.72	143.82	145.08	76107
20211007	146.54	149.82	146.50	148.05	79580
20211008	148.41	149.05	146.90	148.67	63337
20211011	148.19	149.75	146.31	146.52	55512
20211012	148.61	149.76	147.52	149.51	74086
20211013	150.46	152.75	149.33	152.39	84563
20211014	154.22	154.50	152.34	153.21	60245
20211015	153.85	154.37	152.64	154.06	55321
20211018	153.38	155.48	152.05	155.44	57653
20211019	155.69	155.93	152.88	153.87	61982
20211020	154.54	154.83	153.39	154.49	44870
20211021	154.49	158.28	154.32	158.12	61217
20211022	158.22	160.50	158.22	159.39	53230
20211025	159.15	160.61	158.59	160.11	38782
20211026	160.70	161.31	159.04	159.69	47112
20211027	159.56	159.96	157.62	158.29	41639
20211028	158.93	160.48	158.74	160.35	37620
20211029	158.98	163.44	158.92	163.11	67406
20211101	163.60	164.58	161.74	162.17	36108
20211102	162.59	163.95	161.96	163.63	50380
20211103	164.77	168.55	164.43	168.19	71767
20211104	167.90	171.24	167.70	171.05	54601
20211105	171.33	174.62	171.11	173.07	58922
20211108	171.94	172.12	166.10	167.55	83011
20211109	166.97	169.58	166.67	169.47	43430
20211110	166.95	167.86	163.36	164.05	81852
20211111	165.36	165.36	162.46	162.79	49949
20211112	163.31	165.44	163.21	164.86	51263
20211115	165.46	166.10	164.31	164.63	38567
20211116	165.02	169.65	165.02	167.53	44010
20211117	167.31	168.42	165.99	167.44	39402
20211118	168.02	169.12	166.10	167.06	40442
20211119	167.84	172.77	166.26	170.51	61456
20211122	170.60	173.30	169.87	169.88	59064
20211123	168.72	169.09	166.15	167.84	53021
20211124	164.28	168.12	163.48	167.73	46376
20211126	163.86	165.44	163.35	163.82	47511
20211129	165.58	166.87	165.00	165.62	54487
20211130	164.57	167.26	163.34	165.01	110337
20211201	166.62	169.03	162.51	162.53	66182
20211202	163.10	166.28	162.82	165.75	43989
20211203	166.65	168.07	162.88	166.28	48785
20211206	166.86	167.23	164.15	164.98	56369
20211207	167.13	169.32	166.44	167.31	58987
20211208	167.24	167.79	165.89	166.29	56144
20211209	165.35	167.19	164.08	164.19	51716
20211210	164.58	166.28	163.44	165.13	47911
20211213	164.88	165.45	161.42	162.96	59723
20211214	162.42	163.19	160.39	161.55	48722
20211215	161.16	161.82	158.06	160.09	71446
20211216	158.92	162.08	158.75	158.94	71381
20211217	157.87	159.07	156.82	157.61	77051
20211220	155.63	155.89	151.85	153.33	84119
20211221	162.81	167.21	160.88	162.75	138629
20211222	163.35	165.07	160.27	161.59	58113
20211223	162.38	163.27	161.59	161.82	38769
20211227	162.65	163.79	161.63	163.68	37693
20211228	163.90	164.34	162.43	162.55	26586
20211229	163.18	165.85	162.73	164.85	38309
20211230	164.40	166.16	163.31	163.59	26668
20211231	163.66	163.82	162.34	162.79	27520
20220103	163.63	164.00	159.51	160.84	56705
20220104	162.02	163.29	161.16	162.52	60642
20220105	162.62	163.13	158.33	158.48	50210
20220106	158.32	159.39	155.36	157.29	41446
20220107	157.03	157.39	153.21	153.32	51080
20220110	147.02	147.81	145.32	146.94	104390
20220111	146.98	147.33	144.17	146.80	81754
20220112	148.59	149.89	147.23	148.67	63512
20220113	149.64	150.03	145.55	146.11	49909
20220114	144.94	145.38	143.43	144.73	60305
20220118	144.62	145.37	142.90	143.53	69310
20220119	144.32	145.63	141.65	141.73	48238
20220120	142.08	143.95	139.19	139.41	53665
20220121	140.96	142.96	139.53	139.63	75534
20220124	137.53	142.91	136.31	142.60	97332
20220125	141.60	144.52	139.20	142.10	81954
20220126	144.34	145.51	139.41	140.64	74446
20220127	141.62	143.92	140.24	141.28	63964
20220128	140.77	142.63	137.34	142.52	61302
20220131	142.87	144.73	141.84	144.63	69322
20220201	146.02	146.20	143.39	144.77	66950
20220202	144.90	145.98	144.10	145.25	54917
20220203	143.97	145.01	141.60	141.93	52402
20220204	141.99	143.07	140.30	142.01	43134
20220207	141.92	142.72	140.87	141.76	38775
20220208	141.37	142.12	138.99	140.19	58294
20220209	142.71	143.93	142.28	142.86	45510
20220210	140.61	144.11	140.50	141.45	51426
20220211	141.39	141.69	136.31	136.92	67105
20220214	136.82	139.88	136.54	138.30	68412
20220215	140.87	142.92	140.75	142.19	78202
20220216	141.65	143.53	141.25	143.08	48175
20220217	142.15	143.49	139.32	139.48	52023
20220218	140.04	140.59	138.51	139.63	51774
20220222	138.30	138.35	132.99	134.98	96045
20220223	136.41	137.69	133.33	133.65	76366
20220224	129.91	134.22	127.88	133.98	84172
20220225	134.92	135.98	133.02	135.57	54245
20220228	133.87	135.16	131.90	133.37	66133
20220301	133.54	133.57	128.10	129.14	65340
20220302	129.89	133.43	129.68	132.52	77439
20220303	133.56	133.62	130.35	130.85	45765
20220304	129.72	130.81	127.95	128.42	70845
20220307	128.25	128.27	121.56	121.82	113834
20220308	122.61	122.83	118.26	118.66	90894
20220309	124.70	126.92	123.97	124.28	88451
20220310	121.41	123.94	121.39	123.38	71674
20220311	124.34	125.18	119.93	120.05	58820
20220314	118.97	119.87	114.29	115.10	138849
20220315	117.32	117.89	115.27	116.89	104313
20220316	120.27	123.46	119.37	122.56	111004
20220317	122.31	124.73	121.10	124.73	68453
20220318	124.18	128.70	124.04	128.48	103509
20220321	126.99	129.53	125.92	127.45	143885
20220322	134.39	136.08	130.19	130.29	197312
20220323	129.85	132.55	128.44	130.20	80688
20220324	130.94	131.37	128.44	129.30	58538
20220325	130.25	131.05	128.94	130.89	62870
20220328	130.95	132.02	129.39	131.97	58041
20220329	134.95	136.81	134.07	136.21	72759
20220330	136.06	136.92	134.67	135.63	55458
20220331	134.93	135.79	131.67	131.73	72065
20220401	131.62	132.44	129.96	130.71	58075
20220404	130.25	132.37	130.07	131.51	53073
20220405	131.22	131.85	129.24	129.52	57078
20220406	127.32	127.56	123.67	125.66	69610
20220407	124.75	127.25	124.42	126.66	53205
20220408	126.72	127.20	125.19	125.45	48774
20220411	122.47	124.20	121.71	122.35	63654
20220412	122.57	125.41	121.73	122.41	51468
20220413	122.41	125.17	122.41	124.81	51193
20220414	126.37	131.55	126.18	130.65	128113
20220418	129.22	130.58	127.57	128.86	52982
20220419	130.29	134.59	129.99	134.17	73461
20220420	135.06	135.73	132.81	133.01	53097
20220421	135.64	136.21	132.24	132.61	65624
20220422	131.51	132.09	126.00	126.36	73217
20220425	125.11	126.23	122.22	125.25	65125
20220426	124.28	124.91	117.95	117.99	79779
20220427	118.54	121.39	118.54	118.69	60078
20220428	120.58	125.28	120.02	124.38	65516
20220429	123.57	125.75	121.64	122.08	58679
20220502	121.81	123.53	120.22	123.43	54284
20220503	122.39	123.12	117.69	120.28	82012
20220504	119.96	123.55	117.55	123.41	69240
20220505	121.50	122.13	114.07	116.14	84116
20220506	111.35	113.46	108.33	112.08	112375
20220509	110.59	112.02	108.26	108.87	75060
20220510	110.65	111.05	106.07	107.19	75269
20220511	108.37	108.81	105.33	105.65	66118
20220512	102.97	107.57	102.79	105.63	102454
20220513	107.94	110.73	106.38	110.63	96188
20220516	110.60	111.05	109.21	110.23	57225
20220517	113.07	114.64	110.69	113.46	60261
20220518	110.13	110.98	106.49	107.07	81883
20220519	106.66	106.82	104.04	104.20	77020
20220520	106.38	107.38	102.86	105.73	76219
20220523	105.21	106.46	103.59	106.35	71364
20220524	104.86	105.72	102.53	105.03	60234
20220525	101.28	106.60	101.28	105.92	71588
20220526	107.69	111.11	107.69	110.56	65203
20220527	111.82	113.57	111.61	113.55	50430
20220531	115.03	117.27	112.04	116.35	137746
20220601	117.31	118.21	115.14	116.18	55431
20220602	117.00	120.98	116.75	120.81	58381
20220603	117.97	120.26	117.77	118.70	52015
20220606	119.24	119.87	117.21	117.99	39634
20220607	116.45	119.70	116.26	119.41	53736
20220608	118.65	121.52	118.21	120.12	43658
20220609	119.09	119.76	116.38	116.39	38926
20220610	114.91	114.91	112.13	112.60	62926
20220613	108.34	109.94	107.21	108.39	64231
20220614	108.32	109.81	107.96	108.66	45484
20220615	110.07	112.59	109.14	111.33	48287
20220616	107.47	107.86	103.75	105.13	73848
20220617	104.18	106.53	103.88	105.34	102568
20220621	106.44	107.78	106.03	106.66	62114
20220622	103.44	104.91	102.66	102.97	98840
20220623	103.06	106.09	102.47	105.99	88984
20220624	107.88	110.84	107.57	110.81	104637
20220627	110.15	111.10	107.80	108.44	126447
20220628	106.19	111.93	100.57	100.87	312965
20220629	101.07	103.65	99.64	101.33	103266
20220630	100.04	101.46	98.90	100.30	90274
20220701	99.75	100.59	97.68	99.30	79343
20220705	98.58	102.44	98.25	102.38	99488
20220706	102.94	103.75	101.53	102.29	64329
20220707	103.68	106.27	103.31	106.12	76339
20220708	104.60	106.59	104.53	105.92	59386
20220711	104.62	105.10	102.92	103.15	49352
20220712	103.06	103.89	101.23	101.83	60174
20220713	100.04	103.91	99.67	103.15	52994
20220714	101.19	101.87	99.95	101.30	69513
20220715	102.81	103.65	102.00	102.75	78620
20220718	104.21	104.70	101.75	102.01	68348
20220719	103.64	107.54	103.47	107.16	89739
20220720	107.19	109.55	106.84	109.04	58846
20220721	108.32	109.59	108.02	109.54	42914
20220722	109.85	109.85	106.73	107.09	60393
20220725	107.57	107.57	105.68	107.25	50795
20220726	105.48	105.92	102.62	103.24	84595
20220727	104.32	106.36	103.78	105.85	74370
20220728	107.39	110.31	106.02	110.14	67735
20220729	110.66	113.07	109.43	112.78	75600
20220801	111.88	113.40	111.14	112.17	48029
20220802	111.46	111.66	109.59	109.69	63344
20220803	111.31	112.96	110.49	112.15	59865
20220804	112.51	113.20	111.71	112.35	43320
20220805	110.69	112.17	110.48	111.75	41622
20220808	111.88	113.43	111.20	111.88	60716
20220809	109.25	109.67	106.80	108.06	73776
20220810	111.13	111.71	109.78	111.03	69518
20220811	112.74	114.58	111.61	111.98	55821
20220812	112.26	113.97	111.65	113.91	44079
20220815	113.30	114.41	112.71	114.16	42790
20220816	113.78	116.27	113.66	115.86	61898
20220817	114.60	115.78	114.24	114.86	51084
20220818	113.84	114.51	113.15	113.85	47502
20220819	113.35	113.50	110.93	111.05	59676
20220822	108.95	109.60	107.80	108.29	58029
20220823	108.78	110.73	108.51	108.62	48067
20220824	108.62	110.34	107.97	109.34	47690
20220825	109.82	111.23	109.32	111.11	54337
20220826	111.20	111.61	106.22	106.27	62036
20220829	104.82	106.52	104.46	105.87	41324
20220830	106.94	108.03	105.14	105.85	51295
20220831	105.95	106.00	103.84	104.47	88848
20220901	103.83	104.57	101.87	104.51	55908
20220902	105.76	106.44	103.39	104.07	77638
20220906	103.78	104.73	102.04	103.49	91589
20220907	103.42	106.85	103.34	106.77	72383
20220908	105.31	107.07	104.41	107.01	56283
20220909	107.65	109.93	107.57	109.22	51715
20220912	109.62	111.57	109.62	110.61	48369
20220913	107.12	107.19	103.78	104.05	59556
20220914	104.45	105.67	103.49	105.31	48887
20220915	104.47	106.43	103.18	103.83	65989
20220916	102.43	103.63	101.62	102.48	80008
20220919	102.05	105.67	101.70	105.52	51623
20220920	102.18	102.79	100.10	100.80	100066
20220921	101.05	101.99	98.19	98.21	62793
20220922	98.21	98.63	96.29	96.99	96388
20220923	95.39	96.00	93.83	95.49	90265
20220926	94.57	96.19	94.20	94.54	85216
20220927	95.54	96.20	93.50	94.77	98903
20220928	95.58	97.86	95.23	97.14	94233
20220929	96.56	96.56	92.99	93.83	193392
20220930	81.98	84.84	81.20	81.81	481761
20221003	81.82	85.10	80.92	84.05	191082
20221004	86.32	87.66	85.73	87.24	151148
20221005	86.11	90.25	85.77	89.66	127327
20221006	89.06	91.18	88.39	88.75	99519
20221007	87.14	87.36	85.32	85.78	85547
20221010	86.37	86.39	83.73	85.32	79912
20221011	84.68	86.86	84.40	86.60	119032
20221012	86.61	87.48	85.93	87.11	87729
20221013	85.03	88.39	84.69	88.15	93350
20221014	89.08	89.45	86.11	86.17	78117
20221017	88.12	89.26	87.30	88.55	84519
20221018	91.14	91.44	87.74	88.26	73647
20221019	86.87	88.32	86.37	87.17	51020
20221020	88.06	89.15	85.24	85.46	135000
20221021	85.65	87.38	85.34	87.10	79763
20221024	86.40	87.44	84.88	86.62	88471
20221025	86.64	90.48	86.50	90.27	86399
20221026	89.35	92.86	89.27	90.93	86482
20221027	91.41	92.00	88.80	89.11	86179
20221028	89.76	92.40	89.03	92.35	60224
20221031	91.53	92.41	91.22	91.22	64264
20221101	94.18	94.94	91.50	92.29	72507
20221102	91.66	92.95	88.77	88.87	71766
20221103	88.55	90.16	87.32	88.97	65503
20221104	92.96	96.68	92.47	94.28	125433
20221107	94.79	95.34	91.21	91.96	90945
20221108	92.95	94.51	91.47	92.27	70178
20221109	91.21	92.42	90.51	90.65	65509
20221110	94.81	98.11	94.71	97.92	93610
20221111	98.73	105.52	98.56	104.42	125975
20221114	103.54	104.76	102.67	102.74	71349
20221115	106.29	107.58	103.86	105.03	72429
20221116	103.59	104.92	103.12	103.57	59987
20221117	102.47	103.74	101.30	103.70	52529
20221118	105.93	106.02	102.53	103.76	54989
20221121	102.96	103.81	101.96	102.19	47748
20221122	102.97	104.48	102.20	104.30	53132
20221123	104.33	105.29	103.57	104.97	38731
20221125	104.77	105.49	103.89	104.29	34261
20221128	103.59	104.62	103.00	103.30	69674
20221129	103.71	105.13	103.46	104.57	84944
20221130	105.39	107.96	103.79	107.96	162510
20221201	108.35	110.09	107.82	109.36	78229
20221202	107.26	111.27	106.96	110.77	58920
20221205	109.60	109.71	107.80	108.22	62201
20221206	108.25	109.12	105.39	106.55	70861
20221207	105.95	107.73	105.69	106.95	57515
20221208	107.21	110.07	107.08	109.94	61928
20221209	108.81	109.96	107.87	108.02	56777
20221212	108.69	110.74	108.31	110.64	64260
20221213	114.13	114.96	109.83	111.41	86553
20221214	112.25	112.66	108.82	110.03	75285
20221215	107.80	108.22	106.35	107.12	75007
20221216	105.51	106.24	103.78	104.60	140836
20221219	103.65	104.16	101.14	101.73	106203
20221220	101.69	102.08	100.38	101.89	171479
20221221	115.27	117.66	113.87	114.30	327773
20221222	112.83	115.33	112.60	115.22	171476
20221223	114.63	115.67	114.30	114.77	66037
20221227	114.98	116.69	114.34	116.06	66611
20221228	116.08	116.73	113.49	113.51	54378
20221229	114.60	116.56	114.32	115.85	45886
20221230	115.07	115.75	114.29	115.52	43555
20230103	117.04	117.96	115.94	117.23	81248
20230104	118.43	120.67	118.00	119.66	85507
20230105	118.74	120.78	118.55	119.08	60467
20230106	120.44	123.76	120.22	122.94	100807
20230109	123.40	124.99	122.96	123.26	93979
20230110	123.61	124.72	122.78	124.23	58999
20230111	124.71	126.62	124.40	126.31	69892
20230112	126.71	126.82	124.85	126.26	83664
20230113	125.04	127.58	125.04	127.21	48565
20230117	126.37	127.40	126.20	126.50	61722
20230118	126.17	126.95	124.39	124.82	68288
20230119	123.20	123.84	122.03	122.94	52735
20230120	123.09	125.02	122.46	125.00	56732
20230123	125.28	127.11	124.92	126.65	55816
20230124	125.19	126.38	118.91	125.21	54862
20230125	124.25	125.39	123.24	125.20	59337
20230126	126.82	127.34	124.40	125.90	58388
20230127	125.45	126.94	125.08	125.90	57300
20230130	124.89	125.93	124.60	124.76	64946
20230131	124.81	126.22	124.40	125.70	76869
20230201	126.27	128.56	124.61	127.85	63879
20230202	128.78	129.63	126.23	127.41	52145
20230203	125.17	127.77	124.83	125.98	49302
20230206	123.92	124.49	122.73	124.13	46664
20230207	122.38	124.32	121.68	123.73	52889
20230208	121.81	122.52	120.25	121.34	58778
20230209	123.12	123.42	119.95	120.62	59290
20230210	119.96	121.07	119.00	120.67	51955
20230213	121.25	124.12	120.90	123.55	56898
20230214	122.37	124.75	122.16	124.59	48459
20230215	123.31	125.87	123.31	125.85	56879
20230216	123.83	125.59	122.53	122.79	47222
20230217	122.13	123.30	121.86	123.25	51615
20230221	121.71	122.42	119.44	119.55	51103
20230222	119.55	119.85	118.11	118.37	50220
20230223	119.22	119.22	117.04	118.43	41019
20230224	116.46	117.22	115.84	116.53	46930
20230227	117.74	118.29	116.81	117.02	42398
20230228	117.22	118.86	116.35	117.27	84141
20230301	116.44	118.26	116.33	117.07	41205
20230302	116.05	118.43	116.05	118.05	44432
20230303	118.93	119.84	117.84	119.74	38718
20230306	119.92	120.78	118.77	118.97	51838
20230307	119.00	119.82	118.04	118.40	53457
20230308	118.08	118.85	117.55	118.67	41752
20230309	118.89	120.65	116.38	116.70	56359
20230310	117.65	117.81	115.48	116.32	59796
20230313	114.67	117.11	114.64	115.70	60382
20230314	117.82	118.30	116.06	117.82	60508
20230315	115.16	117.45	114.66	116.99	65992
20230316	115.70	119.61	115.45	119.45	56587
20230317	119.96	120.52	117.49	119.19	128689
20230320	119.79	121.46	118.62	119.99	75941
20230321	122.27	124.81	121.75	124.36	150788
20230322	122.43	124.01	118.14	118.31	176255
20230323	119.27	122.04	118.28	119.77	76281
20230324	119.03	119.80	118.13	119.51	61588
20230327	119.82	119.87	116.44	116.64	65642
20230328	116.78	117.26	115.69	116.70	44614
20230329	117.46	119.37	117.31	119.29	56440
20230330	119.83	120.23	118.15	118.90	45789
20230331	119.72	121.49	119.40	121.42	56594
20230403	121.28	121.63	119.62	120.46	48384
20230404	120.17	122.72	120.15	122.46	58953
20230405	121.78	122.10	119.36	119.70	43314
20230406	118.32	119.29	116.68	119.02	42569
20230410	118.11	120.70	117.94	120.70	37312
20230411	120.83	122.85	120.83	122.07	44710
20230412	123.52	123.62	121.99	122.43	45249
20230413	123.40	125.41	123.22	125.17	53553
20230414	125.74	126.22	124.24	124.70	48287
20230417	124.78	125.22	123.88	124.93	39179
20230418	125.96	126.01	123.78	124.95	38577
20230419	124.75	124.83	123.68	124.42	35474
20230420	123.56	124.10	122.48	123.21	38916
20230421	123.16	124.43	122.39	124.28	36514
20230424	124.26	125.87	123.90	125.83	37909
20230425	125.27	125.51	122.82	123.42	43833
20230426	122.97	123.74	122.06	122.61	40032
20230427	123.20	124.76	121.91	124.45	42521
20230428	123.90	125.81	123.72	125.46	44214
20230501	125.66	127.40	125.60	126.65	41126
20230502	125.88	126.31	123.92	125.99	38316
20230503	124.24	127.10	122.44	125.48	45601
20230504	123.70	123.94	121.60	122.44	61771
20230505	124.68	125.77	123.97	125.33	48878
20230508	125.99	126.42	124.73	125.62	38926
20230509	124.02	124.41	122.93	123.86	40821
20230510	125.03	125.20	120.95	122.28	50526
20230511	122.22	122.63	120.69	121.00	59231
20230512	119.79	119.99	117.85	119.01	65742
20230515	118.63	118.80	116.84	118.64	55182
20230516	116.33	116.67	114.96	115.32	83064
20230517	115.22	115.96	114.10	115.82	77654
20230518	116.26	117.96	115.69	117.69	59705
20230519	113.42	114.34	111.97	113.62	116743
20230522	111.73	111.73	108.93	109.08	127103
20230523	108.68	109.95	107.11	107.70	117904
20230524	107.92	108.01	106.13	107.21	85032
20230525	107.27	107.89	106.35	106.41	67298
20230526	105.94	107.37	105.94	106.44	79112
20230530	107.32	107.80	105.21	105.46	93352
20230531	104.65	105.11	103.79	104.21	214652
20230601	103.14	103.56	101.88	102.60	120252
20230602	106.91	107.69	105.42	107.06	118382
20230605	107.16	107.16	104.48	104.50	74340
20230606	104.78	106.04	104.50	105.48	78963
20230607	105.33	107.52	104.71	106.37	111239
20230608	106.44	106.80	104.96	105.49	91376
20230609	105.20	105.57	104.65	105.15	57952
20230612	105.58	106.13	103.90	106.12	79646
20230613	106.42	106.76	105.58	106.07	84605
20230614	106.76	112.64	106.76	112.10	174155
20230615	111.08	112.07	109.42	111.66	103742
20230616	113.24	113.99	112.30	112.83	144455
20230620	110.66	112.07	108.23	108.81	106024
20230621	108.40	109.62	107.98	109.24	83778
20230622	110.08	110.51	109.05	109.72	60029
20230623	107.03	109.55	106.58	108.79	143292
20230626	108.94	111.46	108.94	110.99	68871
20230627	111.78	113.42	111.68	112.85	71386
20230628	112.58	112.99	111.37	112.27	67660
20230629	112.84	113.51	111.86	112.61	124655
20230630	110.84	111.50	109.07	109.63	196296
20230703	110.32	110.56	108.38	108.38	57342
20230705	107.89	108.18	105.83	106.38	104053
20230706	104.59	105.38	102.98	104.40	99235
20230707	104.10	104.76	103.33	103.76	74631
20230710	103.78	105.60	103.55	105.07	53746
20230711	104.94	106.90	104.91	106.67	54572
20230712	107.80	108.36	106.50	107.04	83050
20230713	108.34	108.40	106.96	107.12	66923
20230714	107.22	107.91	106.47	107.23	69336
20230717	106.54	108.37	106.05	107.98	66829
20230718	107.85	109.60	107.59	108.99	57179
20230719	108.35	109.51	107.85	109.14	50271
20230720	108.84	109.28	106.76	106.81	64580
20230721	107.28	108.56	106.79	108.33	66316
20230724	109.67	109.81	107.78	108.04	67876
20230725	107.56	108.12	106.67	107.58	76928
20230726	107.58	108.86	107.23	108.57	51489
20230727	109.10	109.49	106.68	106.95	65446
20230728	107.39	108.23	106.91	107.89	59883
20230731	108.68	110.11	108.32	109.65	64060
20230801	109.26	109.79	108.41	108.67	45667
20230802	107.56	107.79	106.73	106.79	62132
20230803	106.28	108.36	105.94	107.91	50843
20230804	107.98	109.57	107.52	108.08	56214
20230807	109.13	110.20	108.45	109.74	48873
20230808	108.90	109.15	106.63	108.96	58519
20230809	109.06	109.28	107.58	108.96	43286
20230810	109.57	111.20	107.79	108.30	72765
20230811	108.17	108.80	107.14	107.37	51043
20230814	107.20	107.58	106.35	106.92	53052
20230815	105.36	106.11	104.89	105.84	61976
20230816	105.36	107.65	105.36	105.82	59531
20230817	106.71	107.11	104.08	104.35	56928
20230818	103.14	104.35	103.07	104.11	58361
20230821	104.76	104.77	101.94	102.17	66976
20230822	100.28	101.68	100.06	100.78	98201
20230823	96.33	98.53	95.90	98.09	209091
20230824	98.04	98.53	96.91	96.98	103100
20230825	97.84	98.43	97.16	98.18	72906
20230828	98.92	99.39	98.21	98.96	60066
20230829	99.36	101.48	99.05	101.09	86416
20230830	100.96	102.12	100.83	101.42	48221
20230831	101.93	102.20	100.93	101.03	70462
20230901	101.63	102.61	101.18	102.02	63594
20230905	101.16	101.62	99.89	99.98	66987
20230906	99.42	99.97	98.70	99.84	60960
20230907	97.93	98.43	97.31	97.60	99271
20230908	97.77	97.80	96.95	97.34	64350
20230911	98.00	98.05	96.26	96.46	75847
20230912	96.66	96.84	95.86	95.98	63077
20230913	95.98	96.87	95.34	95.81	71407
20230914	96.39	97.35	95.58	96.86	70753
20230915	97.82	97.82	95.81	95.94	104673
20230918	95.68	96.05	94.96	95.19	69463
20230919	94.72	95.17	94.09	94.30	93866
20230920	93.65	95.08	93.51	93.72	102742
20230921	93.11	93.18	91.17	91.28	79586
20230922	91.27	92.02	90.25	90.54	92894
20230925	89.70	90.54	89.49	90.30	82917
20230926	89.70	90.40	89.48	89.87	80605
20230927	90.26	90.40	88.91	89.12	76310
20230928	88.80	89.48	88.36	89.33	163156
20230929	99.04	99.14	94.30	95.30	349354
20231002	95.88	96.06	93.41	94.24	127763
20231003	94.00	95.73	93.86	94.77	109643
20231004	95.26	95.94	94.80	95.57	80454
20231005	95.47	95.91	94.96	95.47	74300
20231006	95.47	97.38	94.74	96.78	85329
20231009	96.45	96.81	95.60	96.55	59642
20231010	96.92	98.53	96.90	97.29	84990
20231011	97.98	98.62	97.68	98.32	76429
20231012	99.21	99.71	98.19	98.92	107052
20231013	99.26	100.51	99.12	99.57	87747
20231016	99.38	102.24	99.27	101.70	108454
20231017	101.63	103.24	101.63	102.66	92538
20231018	102.62	103.55	102.58	103.42	87573
20231019	103.42	104.00	102.50	102.70	83911
20231020	102.97	103.42	102.23	102.33	78235
20231023	101.79	103.41	101.43	102.46	59661
20231024	103.31	105.30	103.31	104.83	92522
20231025	104.11	104.69	103.14	103.19	70547
20231026	101.84	102.29	99.61	99.68	112226
20231027	99.44	100.00	97.48	97.65	96027
20231030	98.67	101.71	98.67	101.46	82067
20231031	101.06	102.58	101.06	102.42	65585
20231101	102.21	102.33	99.63	100.54	72724
20231102	101.71	105.20	101.55	104.73	81351
20231103	106.07	107.29	105.69	106.70	75680
20231106	106.60	107.24	106.01	106.89	52319
20231107	106.96	108.99	106.87	108.99	77458
20231108	109.00	110.33	108.53	109.02	86397
20231109	109.45	109.53	106.56	106.64	91542
20231110	106.98	107.47	105.26	105.75	88977
20231113	105.02	105.36	103.83	103.85	70556
20231114	105.21	106.74	105.03	105.39	96748
20231115	106.46	108.69	106.36	107.46	111408
20231116	106.74	107.64	106.64	107.25	53868
20231117	107.70	107.85	105.17	105.60	63526
20231120	105.64	106.19	104.75	105.96	61974
20231121	105.81	106.34	105.00	106.19	58035
20231122	107.14	107.67	106.46	107.56	62803
20231124	107.14	107.64	107.04	107.28	24436
20231127	107.30	107.86	106.54	107.60	57850
20231128	108.21	109.53	107.79	108.38	72874
20231129	110.43	111.77	109.78	110.00	96018
20231130	110.16	110.23	108.59	109.90	86909
20231201	110.33	113.55	109.75	113.48	80518
20231204	113.08	115.32	113.00	115.15	100866
20231205	114.66	116.04	114.60	115.41	69600
20231206	116.00	117.14	115.57	116.11	63170
20231207	114.12	116.00	114.12	114.81	72945
20240103	105.72	107.48	104.00	104.04	105737
20240104	102.46	103.62	102.30	102.30	104206
20240105	102.46	103.68	101.90	102.08	80399
