20170103	12.48	12.77	12.28	12.69	835300
20170104	12.70	13.19	12.58	13.16	1200100
20170105	13.15	13.27	13.03	13.20	1164000
20170106	13.45	13.78	13.31	13.75	1316800
20170109	13.85	13.97	13.55	13.64	1146400
20170110	13.78	13.94	13.22	13.51	688900
20170111	13.45	13.48	12.73	13.10	928200
20170112	12.97	12.98	12.53	12.82	1186500
20170113	12.90	13.28	12.90	12.93	982600
20170117	12.78	12.82	12.15	12.31	1251200
20170118	12.38	12.51	12.07	12.51	1140000
20170119	12.49	12.53	12.12	12.25	865300
20170120	12.19	12.26	11.94	12.02	1536300
20170123	12.05	12.18	11.75	12.14	967100
20170124	12.16	12.28	11.69	12.13	950800
20170125	12.22	12.43	12.18	12.41	838500
20170126	12.28	12.40	12.07	12.25	875900
20170127	12.27	12.49	12.20	12.37	1475600
20170130	12.17	12.21	11.54	11.75	1501900
20170131	11.65	12.14	11.41	12.11	1589800
20170201	12.12	12.63	12.05	12.63	1405700
20170202	12.45	12.54	12.16	12.39	1078500
20170203	12.53	12.90	12.42	12.89	1077900
20170206	12.87	13.46	12.71	13.45	1123400
20170207	13.46	13.52	13.09	13.17	813300
20170208	13.07	13.24	12.71	13.14	822100
20170209	13.13	13.70	13.05	13.69	1120200
20170210	13.37	13.96	13.13	13.29	1059800
20170213	13.42	13.42	13.08	13.25	649900
20170214	13.17	13.52	13.09	13.38	1136300
20170215	13.32	13.72	13.30	13.70	945400
20170216	13.68	13.73	12.94	12.98	1387500
20170217	12.90	13.33	12.88	13.10	1457500
20170221	13.13	13.42	12.98	13.41	938800
20170222	13.41	13.47	13.11	13.21	980800
20170223	13.20	13.48	12.86	13.20	755800
20170224	13.09	13.46	13.04	13.45	839100
20170227	13.40	13.79	13.34	13.70	1620100
20170228	13.77	13.77	12.97	13.08	1787400
20170301	13.36	13.36	12.83	13.01	2339500
20170302	12.55	15.61	12.50	14.79	6384500
20170303	14.83	15.40	14.48	14.64	3092400
20170306	14.58	14.76	14.37	14.38	894700
20170307	14.20	14.53	13.95	14.26	1261100
20170308	14.30	15.52	14.04	15.24	1913100
20170309	15.27	15.48	15.13	15.32	994600
20170310	15.41	15.63	14.99	15.34	1095000
20170313	15.70	15.74	15.27	15.69	918400
20170314	15.63	15.66	15.15	15.39	885600
20170315	15.42	15.84	15.41	15.68	886600
20170316	15.68	15.82	15.45	15.71	771600
20170317	15.62	15.62	14.96	15.50	2452200
20170320	18.78	22.32	18.51	22.11	15349700
20170321	21.95	23.37	21.60	21.83	8530400
20170322	21.83	23.29	21.73	22.89	5601900
20170323	22.86	23.25	22.36	22.53	2832100
20170324	22.51	22.85	22.16	22.42	2214300
20170327	21.83	23.44	21.50	23.38	2343200
20170328	23.35	24.05	23.14	23.93	1746800
20170329	23.92	24.88	23.91	24.20	2263900
20170330	24.25	24.39	22.76	23.25	1948600
20170331	23.24	24.07	23.06	23.47	1569300
20170403	23.64	23.77	22.43	22.57	1761800
20170404	22.80	23.14	22.20	22.36	1912000
20170405	22.16	22.39	21.07	21.08	3055400
20170406	21.00	21.48	20.73	21.04	2136200
20170407	20.86	21.07	19.65	20.11	3911000
20170410	20.13	20.22	18.49	18.50	3455200
20170411	18.45	18.91	18.16	18.52	2514400
20170412	18.40	18.45	18.03	18.22	1615400
20170413	18.17	18.92	18.00	18.73	2122000
20170417	18.61	18.93	18.36	18.86	1447300
20170418	18.64	18.72	18.32	18.59	1212400
20170419	18.70	18.90	18.37	18.61	1173700
20170420	18.80	19.72	18.57	19.13	3706200
20170421	19.12	19.33	18.17	18.37	2794500
20170424	18.63	18.91	18.38	18.86	1398500
20170425	18.99	19.52	18.99	19.39	1401300
20170426	19.27	19.64	18.77	18.79	2042600
20170427	18.94	19.16	18.48	18.93	1242000
20170428	19.00	19.28	18.74	18.97	1783100
20170501	19.00	19.05	18.38	18.77	1737900
20170502	18.95	18.95	18.32	18.56	1086500
20170503	18.52	18.79	18.27	18.39	1083900
20170504	18.48	18.65	18.30	18.58	550200
20170505	18.59	18.70	18.24	18.64	782200
20170508	18.49	18.86	17.65	17.93	1586200
20170509	18.01	18.19	17.33	17.54	2078700
20170510	17.53	19.36	17.53	18.97	2918200
20170511	18.90	19.61	18.53	19.41	1830100
20170512	19.40	19.96	19.11	19.71	1208500
20170515	19.70	19.95	19.53	19.81	947800
20170516	19.82	19.91	19.31	19.54	769200
20170517	19.25	19.34	18.80	18.90	1430700
20170518	18.90	19.68	18.51	19.54	1217200
20170519	19.53	19.84	18.80	18.95	1504300
20170522	18.99	19.32	18.78	19.28	890600
20170523	19.22	19.77	18.84	19.75	1213100
20170524	19.73	21.11	19.57	21.10	2881900
20170525	21.15	21.55	20.57	21.50	1739100
20170526	21.49	21.49	20.75	20.79	1522300
20170530	20.88	21.11	19.00	19.02	2178900
20170531	19.19	19.89	18.67	19.88	1520500
20170601	19.90	20.20	19.65	20.00	1248500
20170602	20.07	20.61	19.82	20.51	1535000
20170605	20.61	20.73	18.60	19.65	2843700
20170606	19.45	19.81	19.04	19.68	1614100
20170607	19.72	19.81	18.82	18.85	1026700
20170608	18.90	19.12	18.40	18.66	1415600
20170609	18.71	19.59	18.71	19.02	1249000
20170612	19.03	19.14	17.59	18.03	1389300
20170613	18.19	18.51	17.92	18.27	751100
20170614	18.26	18.53	17.97	18.44	734100
20170615	18.25	18.36	17.95	18.09	766700
20170616	17.81	18.32	17.81	18.20	1936800
20170619	18.29	18.74	18.18	18.39	752800
20170620	18.54	19.18	18.09	18.16	1221500
20170621	18.24	19.22	18.13	19.16	953500
20170622	19.23	19.91	19.01	19.50	966500
20170623	19.50	20.00	19.18	19.99	1099200
20170626	20.05	20.28	19.57	19.74	618100
20170627	19.74	19.74	18.78	18.82	534400
20170628	18.99	19.57	18.92	19.51	1462500
20170629	19.52	19.77	19.11	19.34	631300
20170630	19.33	19.67	19.27	19.55	666600
20170703	19.61	19.87	19.42	19.76	364400
20170705	19.73	20.41	19.43	20.05	791000
20170706	19.85	20.07	19.04	19.50	755700
20170707	19.66	19.85	19.44	19.79	624800
20170710	19.76	19.97	19.03	19.51	863900
20170711	19.56	21.05	19.51	20.96	1480900
20170712	21.16	21.19	20.67	20.85	845500
20170713	20.94	20.94	20.21	20.81	679700
20170714	20.70	20.93	20.40	20.67	459700
20170717	20.68	20.99	20.51	20.66	832900
20170718	21.20	21.96	20.46	21.60	2202200
20170719	21.85	22.02	21.26	21.66	1271500
20170720	21.75	22.50	21.28	22.17	1879300
20170721	22.19	22.82	21.98	22.24	1871200
20170724	23.50	23.80	22.27	22.95	2957600
20170725	23.25	23.45	22.90	23.23	1361100
20170726	22.92	23.31	22.87	23.12	1013200
20170727	23.05	23.30	22.42	22.61	1190300
20170728	22.55	22.99	22.26	22.91	754000
20170731	22.95	23.19	21.78	21.83	1301300
20170801	22.00	22.11	20.59	20.65	2393400
20170802	20.68	20.81	19.94	20.50	947900
20170803	20.54	20.67	19.84	20.04	745100
20170804	20.05	20.46	19.78	20.03	662000
20170807	20.24	20.61	20.00	20.25	614200
20170808	20.25	20.84	19.62	19.64	956000
20170809	20.10	20.92	18.35	18.68	2590500
20170810	18.57	18.57	17.80	17.95	1971200
20170811	17.97	18.41	17.71	18.26	1239800
20170814	18.49	19.36	18.49	19.28	1140300
20170815	19.23	19.61	19.00	19.49	764400
20170816	19.60	19.70	19.02	19.52	1024800
20170817	19.15	19.33	18.39	18.42	1527800
20170818	18.28	18.35	17.98	18.04	1075700
20170821	17.96	18.06	17.51	17.79	1107900
20170822	17.86	18.67	17.79	18.61	907400
20170823	18.43	18.85	18.30	18.33	508600
20170824	18.47	18.72	18.19	18.67	539800
20170825	18.76	18.81	18.43	18.68	602200
20170828	18.96	19.13	18.70	19.11	788800
20170829	18.91	19.65	18.90	19.19	1426800
20170830	19.02	19.68	18.91	19.51	656600
20170831	19.58	21.15	19.58	21.03	1231600
20170901	21.13	21.67	20.63	21.60	1197900
20170905	21.31	21.90	21.18	21.73	1148700
20170906	21.70	21.97	21.05	21.67	994700
20170907	21.84	22.65	21.37	22.47	1230400
20170908	22.30	22.75	21.90	22.27	880200
20170911	22.54	22.55	21.46	21.83	1174900
20170912	22.00	22.05	21.53	21.89	954900
20170913	21.88	22.22	21.65	21.76	1082200
20170914	21.65	22.07	21.34	22.00	831200
20170915	22.02	22.07	21.31	22.05	2158500
20170918	21.99	22.89	21.85	22.60	1008100
20170919	22.57	22.68	21.59	21.75	829200
20170920	21.73	21.99	21.15	21.39	1060000
20170921	21.37	21.98	21.11	21.87	750600
20170922	21.86	22.59	21.75	22.43	1469100
20170925	22.29	23.38	22.06	22.92	1288300
20170926	22.87	23.04	22.02	22.26	1286900
20170927	22.76	23.40	22.32	23.10	1431800
20170928	23.12	23.84	22.63	23.68	1571000
20170929	23.66	24.14	23.13	24.00	1498900
20171002	24.16	24.80	23.95	24.77	2144100
20171003	24.75	24.93	24.17	24.50	1342400
20171004	24.50	24.92	24.22	24.91	848300
20171005	24.96	25.02	24.51	24.69	861500
20171006	24.66	24.81	24.26	24.81	804000
20171009	24.77	24.77	23.76	23.89	1122500
20171010	23.85	24.14	23.22	23.27	1152500
20171011	23.29	23.62	22.89	23.08	934100
20171012	23.15	23.18	22.72	23.02	869900
20171013	22.96	23.29	22.75	23.20	710200
20171016	23.30	24.02	23.30	23.67	1349700
20171017	23.62	24.10	23.47	23.99	1084600
20171018	23.85	24.47	23.54	24.31	964900
20171019	24.25	24.25	23.03	23.67	1801600
20171020	23.93	24.31	23.32	24.16	1111400
20171023	24.18	24.84	23.91	24.55	1223600
20171024	24.58	24.63	23.65	24.14	1204400
20171025	24.08	24.32	23.75	24.17	881800
20171026	24.05	24.27	23.53	23.66	737900
20171027	23.60	24.07	23.45	23.61	1854700
20171030	23.65	24.09	23.16	23.51	929400
20171031	23.61	24.30	23.53	24.09	864800
20171101	24.17	24.25	22.92	23.37	914000
20171102	23.38	23.84	23.03	23.53	756800
20171103	23.54	23.76	23.20	23.75	1366500
20171106	23.85	25.35	23.85	24.28	1714000
20171107	25.00	27.40	24.94	26.84	2812000
20171108	28.99	31.74	28.27	30.30	6870000
20171109	30.60	32.60	30.30	31.74	3170400
20171110	31.99	33.67	31.37	32.50	3070500
20171113	41.12	41.34	36.45	37.10	17410800
20171114	37.10	39.98	36.25	39.56	5916800
20171115	39.00	43.15	38.39	43.07	3933600
20171116	42.54	45.76	41.89	44.93	5633000
20171117	44.75	46.98	44.20	44.99	3677900
20171120	45.33	46.47	44.55	46.40	2326000
20171121	46.28	50.00	46.09	49.98	3242400
20171122	49.91	49.91	47.59	49.75	1938900
20171124	47.94	52.67	47.90	52.59	2191300
20171127	52.32	52.86	50.19	51.97	3733800
20171128	51.75	52.65	50.12	52.12	2619000
20171129	52.40	54.95	52.01	54.14	2835500
20171130	54.15	55.42	53.21	53.99	2944000
20171201	53.57	54.17	50.73	53.34	2839300
20171204	53.79	54.73	50.67	50.73	2679300
20171205	50.74	52.50	49.67	51.92	2274900
20171206	51.86	52.35	48.45	49.69	2852900
20171207	49.88	55.23	49.84	54.83	2877400
20171208	54.79	55.20	53.29	53.97	2118300
20171211	54.23	56.35	54.03	55.21	2314000
20171212	55.67	56.25	54.25	54.87	1675500
20171213	54.55	56.87	54.01	56.63	1873200
20171214	56.54	57.83	54.68	55.05	1552600
20171215	55.13	57.42	55.12	56.90	3711600
20171218	57.60	58.47	56.07	56.90	1495600
20171219	56.89	57.89	56.39	57.05	1651000
20171220	57.16	58.13	56.47	57.88	976900
20171221	57.85	58.21	57.03	57.42	810400
20171222	57.87	61.30	57.71	57.99	2422500
20171226	58.03	60.36	57.93	60.00	1374900
20171227	60.20	60.53	58.93	59.04	1435900
20171228	59.35	61.88	59.04	60.50	1445100
20171229	60.80	60.98	59.65	59.72	1482400
20180102	59.57	59.69	56.32	57.65	2001700
20180103	57.75	59.46	57.40	57.86	1519300
20180104	57.86	58.88	56.81	58.34	1420500
20180105	58.34	58.91	57.21	57.76	1519600
20180108	57.15	57.70	54.63	57.40	1337100
20180109	58.20	69.42	58.20	68.03	5986600
20180110	67.63	73.95	65.33	68.90	6310200
20180111	68.51	70.52	68.05	69.88	2454700
20180112	70.45	72.50	69.86	72.00	1904300
20180116	73.25	75.33	68.88	69.74	3684100
20180117	69.99	70.98	68.52	69.40	2594200
20180118	69.25	70.91	68.15	70.16	1553000
20180119	69.75	72.18	69.62	71.59	3699300
20180122	72.41	79.75	72.18	76.78	3236600
20180123	76.43	77.92	74.46	77.79	2273000
20180124	78.00	78.77	75.88	76.53	2326400
20180125	76.20	79.37	75.06	78.93	1782000
20180126	79.23	81.41	77.38	79.03	2496700
20180129	79.25	82.74	79.25	82.39	2081100
20180130	80.74	84.69	79.01	82.45	1654500
20180131	83.50	84.45	82.54	83.61	1329500
20180201	82.98	90.09	82.54	88.74	3385500
20180202	87.50	99.02	83.60	88.00	6835600
20180205	87.65	89.98	81.25	82.44	3158200
20180206	80.46	83.28	73.01	78.73	3848000
20180207	80.00	80.87	70.01	76.57	3479800
20180208	78.01	78.31	73.69	74.65	2339100
20180209	75.30	76.26	69.50	74.64	2298600
20180212	74.97	79.39	73.52	78.70	2274500
20180213	78.01	78.49	75.26	75.66	1618800
20180214	72.99	86.87	70.45	84.00	8584900
20180215	86.19	86.34	81.10	82.14	2643900
20180216	81.77	84.03	81.33	83.43	2343300
20180220	83.55	87.45	82.90	83.45	2382700
20180221	83.26	89.49	83.26	86.45	2032300
20180222	86.59	90.96	86.59	88.21	2382700
20180223	88.70	89.97	87.13	89.60	1286700
20180226	89.59	90.91	89.55	90.56	1941000
20180227	90.82	91.95	89.85	90.05	1061700
20180228	89.86	90.47	86.43	86.56	1328400
20180301	86.98	86.99	82.10	84.55	2415100
20180302	88.50	104.93	87.00	102.87	6588600
20180305	102.50	105.74	100.52	102.08	2073700
20180306	99.41	101.14	97.35	98.09	3160300
20180307	96.11	101.34	96.02	101.30	2522600
20180308	102.40	108.50	100.61	108.44	2095900
20180309	107.17	109.32	105.75	108.34	1857700
20180312	109.42	111.36	101.81	103.07	3092400
20180313	103.83	103.96	99.16	103.16	2406900
20180314	103.99	109.22	102.01	104.51	3495700
20180315	104.27	105.09	99.81	102.01	2954200
20180316	102.37	105.03	101.65	103.00	34820700
20180319	103.08	107.33	102.87	105.01	3183000
20180320	105.25	109.02	104.78	107.20	3416500
20180321	107.42	109.09	106.44	106.91	1745200
20180322	105.71	108.07	103.37	104.01	1839300
20180323	103.89	105.60	102.79	103.00	1700600
20180326	104.96	107.34	103.60	107.03	2418100
20180327	106.57	107.25	103.57	104.51	1583800
20180328	104.88	106.66	103.24	105.01	1417000
20180329	105.34	107.91	104.31	106.26	1782000
20180402	106.97	108.23	97.26	98.77	2797500
20180403	99.90	100.50	96.48	99.36	1817300
20180404	97.17	102.25	96.67	101.85	1201100
20180405	102.72	103.32	100.06	101.44	1577700
20180406	94.00	95.00	89.80	93.87	4925200
20180409	95.00	105.17	94.70	104.45	2858200
20180410	105.62	106.00	99.54	102.74	2268400
20180411	102.11	103.93	101.01	102.77	1682700
20180412	103.30	104.07	101.89	103.74	1117800
20180413	104.73	104.88	100.13	100.50	1082700
20180416	101.62	101.91	81.26	93.47	7181800
20180417	95.01	95.50	90.77	93.71	2294800
20180418	93.30	93.36	90.13	92.54	1801000
20180419	92.55	92.55	89.92	90.15	1724800
20180420	89.82	90.66	85.47	86.21	3089900
20180423	86.80	86.88	82.11	85.45	2860100
20180424	86.14	87.00	83.06	84.51	2016700
20180425	84.37	86.59	79.35	82.59	2606600
20180426	83.19	85.26	81.20	84.19	1778500
20180427	83.91	84.45	81.89	83.66	1132900
20180430	83.00	86.44	82.13	83.66	1614500
20180501	83.18	84.38	82.26	84.12	1343700
20180502	83.42	86.88	83.30	85.31	2118100
20180503	84.96	85.25	80.25	82.75	1830300
20180504	82.09	82.09	75.33	77.20	3908600
20180507	77.08	80.22	76.02	78.76	1745100
20180508	77.83	78.90	76.50	78.10	1785300
20180509	78.09	78.20	76.21	77.83	1993300
20180510	78.15	80.90	76.31	77.29	2662000
20180511	75.00	80.40	70.69	79.44	4112200
20180514	79.33	85.00	79.12	80.93	2393500
20180515	80.38	85.00	80.28	83.40	2469700
20180516	83.33	85.90	81.05	85.80	2673800
20180517	80.99	82.59	76.25	79.23	5388000
20180518	79.82	86.11	79.66	85.30	3770600
20180521	85.66	86.63	81.62	83.47	1621700
20180522	83.77	84.03	80.71	81.95	1693500
20180523	81.83	83.16	80.53	82.80	1341700
20180524	83.43	83.90	80.33	80.58	1821500
20180525	80.68	81.96	79.19	79.96	2136900
20180529	79.67	80.80	76.42	77.83	1937200
20180530	78.05	81.32	78.05	80.60	1503400
20180531	81.03	83.47	80.07	80.27	10466500
20180601	79.47	92.17	79.33	90.35	4324600
20180604	62.27	63.34	50.56	52.57	30875700
20180605	53.94	57.31	52.71	55.96	12905100
20180606	56.70	65.47	56.70	59.98	15771900
20180607	61.22	62.52	52.32	52.97	10660300
20180608	53.61	55.37	52.50	54.14	7273900
20180611	52.84	54.19	50.75	53.02	5563000
20180612	52.90	54.60	52.10	53.56	4523500
20180613	53.93	54.69	53.05	53.47	4442600
20180614	53.30	56.87	53.10	56.41	5199300
20180615	56.39	59.20	55.16	57.86	7403100
20180618	57.38	58.81	56.57	58.41	3799400
20180619	58.00	58.29	56.11	57.36	3672100
20180620	57.05	58.36	56.84	58.17	2763500
20180621	58.37	58.46	55.27	55.86	4232000
20180622	56.10	56.20	52.84	52.85	21720200
20180625	52.85	53.73	50.86	51.27	5400800
20180626	51.34	51.56	47.34	49.81	7108800
20180627	49.91	50.00	45.50	46.25	6339400
20180628	46.14	48.73	44.51	48.20	4716000
20180629	48.22	49.10	47.21	48.83	3828600
20180702	48.39	49.36	48.01	48.83	3091300
20180703	48.85	49.06	47.50	48.01	1203700
20180705	47.99	48.58	46.93	47.54	1659300
20180706	47.96	48.05	46.06	47.64	2176600
20180709	47.57	48.36	47.20	47.55	2181200
20180710	47.56	47.80	46.59	47.12	2149300
20180711	47.01	47.46	46.39	46.76	1975800
20180712	47.16	47.97	46.62	47.67	1823500
20180713	47.50	48.04	46.88	47.79	1880400
20180716	47.98	48.13	46.80	47.79	1742100
20180717	47.61	49.08	47.10	48.36	1301300
20180718	48.45	48.45	47.14	47.88	1851000
20180719	47.77	49.61	47.18	49.08	1784500
20180720	48.97	49.21	47.99	48.73	2478100
20180723	48.56	49.74	48.05	49.37	1595300
20180724	49.80	50.17	45.69	46.46	2462400
20180725	46.61	50.65	46.61	49.83	2750600
20180726	49.82	50.25	48.08	50.15	1903100
20180727	50.34	51.29	49.70	50.53	1632500
20180730	50.49	51.55	48.81	51.03	2082500
20180731	51.40	53.25	51.24	52.60	2424600
20180801	52.36	53.25	51.84	52.71	1602700
20180802	52.67	54.39	51.90	54.30	1672000
20180803	54.11	54.67	53.12	53.94	1142100
20180806	54.08	56.58	53.57	55.39	1860000
20180807	55.90	56.58	53.20	54.62	2156400
20180808	54.85	56.14	54.26	55.96	2021900
20180809	53.52	59.72	51.60	59.37	5023800
20180810	58.35	61.88	58.13	59.75	3000200
20180813	59.72	61.75	59.11	59.31	2420600
20180814	59.30	60.94	59.22	60.39	1697600
20180815	60.63	60.98	58.50	58.62	1889600
20180816	58.66	59.97	56.27	59.95	2205000
20180817	60.15	60.90	58.70	60.03	1556700
20180820	60.28	60.85	59.75	60.60	1534600
20180821	60.30	62.62	60.30	61.96	2105500
20180822	61.60	63.21	61.35	63.09	1384800
20180823	63.25	64.21	62.41	63.51	1638600
20180824	63.77	64.32	63.20	63.89	1219700
20180827	64.34	66.43	64.13	65.22	1691500
20180828	65.62	66.23	64.89	66.11	1265800
20180829	66.25	67.57	66.04	66.75	1479900
20180830	66.32	67.72	65.50	66.00	1575600
20180831	66.13	67.50	65.75	66.49	2288800
20180904	67.00	68.60	65.60	68.49	2430000
20180905	68.32	69.76	65.61	67.56	2371000
20180906	67.83	68.41	64.17	66.00	1955400
20180907	65.57	66.11	64.92	65.00	1257400
20180910	65.60	66.95	65.16	66.58	1651900
20180911	66.55	66.55	63.58	64.41	1596100
20180912	65.79	65.79	62.08	62.83	1668200
20180913	63.09	63.78	60.69	61.90	2146600
20180914	61.60	61.90	58.44	59.25	2091900
20180917	59.45	59.98	57.17	58.31	1999500
20180918	58.06	59.60	57.03	58.33	1707900
20180919	58.31	58.75	55.59	56.69	1724700
20180920	56.64	58.74	56.22	58.44	2248400
20180921	58.98	59.66	58.12	59.00	4644400
20180924	58.41	62.70	58.30	60.87	2979300
20180925	61.01	62.40	60.27	61.14	1837500
20180926	61.47	61.47	59.14	59.52	1689500
20180927	59.51	61.25	59.51	60.91	1313300
20180928	60.90	61.21	59.94	60.96	2181900
20181001	59.60	60.25	54.75	56.65	5003800
20181002	56.53	56.60	55.15	55.33	2480900
20181003	55.66	55.76	52.87	53.78	2688400
20181004	53.56	53.99	51.67	52.11	2234200
20181005	52.35	53.53	51.29	52.41	1650100
20181008	52.22	53.03	50.89	51.76	1713000
20181009	51.82	52.59	51.41	51.96	1351900
20181010	52.12	52.70	48.55	48.63	2166500
20181011	48.11	49.29	47.24	47.90	2158300
20181012	49.36	49.49	48.23	48.91	2002300
20181015	49.11	49.54	48.13	49.08	1320300
20181016	49.09	50.93	49.01	50.47	1248600
20181017	50.52	50.82	49.40	50.59	1060600
20181018	50.41	50.52	48.50	49.56	1349700
20181019	49.65	51.28	48.12	48.19	1464300
20181022	48.20	48.44	39.03	39.89	6373000
20181023	38.64	40.09	37.75	39.50	4915500
20181024	39.60	40.08	35.71	36.61	4045100
20181025	36.70	38.06	35.46	36.77	2676700
20181026	36.30	37.76	35.22	36.80	2082800
20181029	37.52	38.42	35.68	36.57	2006900
20181030	36.66	37.89	36.17	37.51	1879800
20181031	37.90	39.51	37.33	38.68	2488500
20181101	38.75	40.88	38.49	40.69	2298900
20181102	41.08	42.24	38.77	39.05	1857700
20181105	39.14	40.57	38.08	40.00	2253300
20181106	38.14	38.60	35.22	36.08	4473100
20181107	36.71	38.51	36.46	37.95	2090000
20181108	38.04	38.75	34.75	35.31	4460100
20181109	35.26	36.24	33.50	34.02	2900800
20181112	35.59	37.95	34.16	36.99	6219800
20181113	37.40	38.41	35.90	37.35	3679200
20181114	37.43	38.54	37.01	37.65	3094400
20181115	37.41	38.26	35.97	38.19	3593400
20181116	38.20	38.99	37.46	38.23	2330900
20181119	38.20	38.57	36.34	38.01	2618100
20181120	36.71	38.35	36.23	38.12	2870700
20181121	38.42	38.99	36.56	37.35	2359200
20181123	37.07	38.06	36.90	37.16	782600
20181126	37.52	39.11	37.20	38.99	1965300
20181127	38.63	38.78	37.28	37.89	2529200
20181128	37.91	38.71	36.91	38.55	2144000
20181129	38.56	39.77	38.08	39.26	2012000
20181130	39.19	40.52	38.60	40.39	2708000
20181203	41.31	41.31	39.50	40.53	3183100
20181204	40.34	40.72	37.79	38.00	2748600
20181206	37.36	38.04	36.62	38.04	2067000
20181207	38.15	38.35	36.28	36.99	2001900
20181210	36.91	37.53	35.57	36.66	1778800
20181211	37.00	37.37	35.72	36.43	1632800
20181212	37.07	38.65	36.75	36.97	3153600
20181213	37.39	38.57	37.32	38.00	1983600
20181214	37.45	37.90	36.42	36.51	1710400
20181217	36.17	36.61	34.06	34.16	2958700
20181218	34.34	36.33	34.01	35.74	3534800
20181219	35.98	37.04	33.59	34.26	2135800
20181220	34.25	34.79	31.88	32.63	1797900
20181221	32.31	33.00	30.32	30.62	4490100
20181224	30.00	30.95	29.22	30.43	1170200
20181226	30.77	32.82	30.05	32.78	1618600
20181227	32.46	33.34	31.25	33.17	1322400
20181228	33.45	34.16	32.47	33.62	1465700
20181231	33.95	34.50	32.39	32.87	1980800
20190102	32.45	34.75	32.22	34.22	1828500
20190103	34.27	34.34	31.45	31.58	2499700
20190104	32.00	34.19	31.82	33.96	2344200
20190107	34.13	36.75	34.13	36.62	1795800
20190108	37.47	41.78	35.40	40.68	5929500
20190109	40.50	41.67	39.55	41.18	2604200
20190110	40.94	42.21	39.61	41.47	1529300
20190111	41.37	41.67	40.17	41.01	1587000
20190114	40.68	41.89	40.21	41.52	3012000
20190115	41.66	44.54	41.55	44.52	2258100
20190116	44.90	45.82	43.92	44.62	2065100
20190117	44.51	45.90	43.60	45.42	1943400
20190118	45.58	46.64	45.08	46.20	1605700
20190122	45.97	46.79	44.33	44.76	1219700
20190123	45.00	45.82	43.25	43.95	1247100
20190124	43.77	44.31	43.08	43.23	1094400
20190125	43.73	44.13	43.04	43.92	1511600
20190128	43.56	43.93	42.26	42.99	1374000
20190129	43.05	43.75	41.63	42.51	1027800
20190130	42.62	43.25	41.70	43.10	970400
20190131	43.07	43.88	42.17	42.34	1603600
20190201	42.52	42.83	41.93	42.24	1174900
20190204	42.23	42.85	41.96	42.50	1131200
20190205	42.52	44.36	42.50	43.75	1164200
20190206	43.67	45.35	43.40	44.34	1302900
20190207	44.06	44.72	43.13	43.82	1476100
20190208	43.51	44.93	43.21	44.89	998000
20190211	45.00	47.11	44.41	46.35	1702100
20190212	44.80	45.00	41.39	42.26	4082700
20190213	42.22	42.92	42.11	42.25	1226000
20190214	42.41	43.09	42.03	42.62	1075800
20190215	43.15	43.30	40.04	41.69	2894400
20190219	42.10	43.17	41.76	42.81	1778400
20190220	43.09	44.06	42.78	43.03	1390900
20190221	42.86	42.92	40.22	40.26	1831500
20190222	40.58	41.02	40.00	40.05	2259000
20190225	40.45	41.33	40.06	40.98	2310000
20190226	40.94	42.09	40.84	41.03	1381800
20190227	41.00	41.74	40.63	41.03	1641000
20190228	41.10	41.64	40.28	40.54	1468400
20190301	40.00	40.51	36.48	38.13	4661800
20190304	38.66	39.28	37.77	38.30	1402300
20190305	38.27	39.14	37.58	38.40	1357100
20190306	38.39	38.67	36.11	36.39	2629200
20190307	36.32	36.59	35.54	35.82	1499800
20190308	35.53	35.53	34.35	35.13	1152100
20190311	35.12	35.60	34.66	35.45	1596500
20190312	35.56	37.00	35.39	36.21	2126300
20190313	36.43	37.70	36.02	37.66	1411900
20190314	37.60	38.17	36.18	36.32	1353700
20190315	36.44	36.76	35.42	35.53	2283200
20190318	35.65	36.04	34.54	34.93	2076400
20190319	35.03	35.80	34.24	34.41	1215800
20190320	34.46	34.83	32.17	32.61	2222800
20190321	32.84	33.91	32.46	33.48	1502700
20190322	33.62	34.00	32.14	32.17	1302800
20190325	32.10	32.69	31.40	32.37	1285500
20190326	32.80	32.88	31.84	32.32	1815900
20190327	32.38	32.76	31.36	31.78	1019200
20190328	31.84	32.88	31.77	32.69	1779500
20190329	32.60	33.68	32.55	33.60	1688600
20190401	33.68	34.34	33.16	33.24	1224200
20190402	33.39	33.72	32.82	33.70	1026500
20190403	34.65	35.85	34.24	35.29	1744600
20190404	35.27	35.71	34.92	35.29	944800
20190405	35.39	36.55	35.37	36.30	997100
20190408	36.14	36.52	35.51	35.98	1068200
20190409	35.78	35.82	35.21	35.45	1138700
20190410	35.39	36.01	35.24	35.83	1089000
20190411	35.85	35.95	35.25	35.75	1155100
20190412	36.35	37.00	35.08	35.15	1208100
20190415	35.31	35.75	33.46	33.49	1580200
20190416	33.66	33.90	33.02	33.38	2089100
20190417	33.54	33.90	31.16	31.19	2023200
20190418	31.22	31.95	30.15	31.68	3747600
20190422	31.50	31.68	30.51	31.00	1291000
20190423	31.20	31.79	30.05	31.62	1548100
20190424	31.70	31.70	30.24	31.13	1686600
20190425	30.97	31.83	30.55	31.78	1385800
20190426	31.84	32.30	31.62	32.26	927200
20190429	32.33	32.80	32.01	32.33	949000
20190430	32.45	32.77	31.65	32.02	2523800
20190501	32.00	32.39	31.56	31.64	1341100
20190502	31.67	32.14	31.34	32.14	1413100
20190503	32.30	32.55	31.98	32.22	1038300
20190506	31.44	32.83	31.18	32.69	1336600
20190507	32.44	32.67	31.74	32.08	1931000
20190508	32.05	33.21	31.77	32.98	2024800
20190509	32.98	35.78	32.42	35.45	2994100
20190510	35.69	35.69	33.65	34.79	1759500
20190513	34.17	34.68	32.16	32.61	1620000
20190514	32.77	33.81	32.38	33.75	1426100
20190515	33.54	34.62	33.06	33.90	1288700
20190516	32.68	32.90	30.81	31.34	4433700
20190517	31.14	32.36	30.92	32.02	1705500
20190520	31.94	32.18	31.36	32.15	1258700
20190521	32.33	33.47	32.33	33.42	1458900
20190522	33.44	33.69	33.06	33.47	1111500
20190523	33.08	33.11	31.91	33.07	1415600
20190524	33.21	34.11	33.21	33.79	1063200
20190528	33.82	33.85	31.95	32.12	2531400
20190529	32.16	32.60	31.65	32.54	1511100
20190530	32.52	32.85	31.97	32.11	1338800
20190531	31.89	32.13	30.80	31.32	2062200
20190603	32.65	35.71	32.54	34.06	3923800
20190604	34.35	34.75	32.65	32.92	2237100
20190605	33.22	33.93	32.88	33.64	1341100
20190606	33.53	33.96	32.23	32.98	1693300
20190607	33.11	33.40	32.91	33.00	1155800
20190610	33.14	33.72	32.92	33.13	1316500
20190611	33.46	33.54	32.80	33.27	1060100
20190612	33.22	33.66	32.60	33.63	803300
20190613	33.71	34.24	33.42	34.03	759000
20190614	34.12	34.24	33.23	33.40	673700
20190617	33.80	34.24	33.30	33.70	908500
20190618	33.80	35.43	33.80	35.17	1211500
20190619	35.25	35.83	34.98	35.34	931500
20190620	35.60	36.61	35.31	35.39	1013300
20190621	35.44	35.51	34.44	34.86	2250700
20190624	34.91	35.13	33.49	33.89	1012400
20190625	34.06	35.55	33.56	34.62	1418700
20190626	34.71	35.17	33.09	33.29	1170700
20190627	33.50	34.75	33.50	34.68	931000
20190628	34.56	35.66	34.31	35.58	4513700
20190701	35.90	36.85	35.37	35.83	1635000
20190702	35.89	36.19	35.08	36.13	980100
20190703	36.34	36.85	36.04	36.27	1906500
20190705	36.08	36.64	34.98	35.14	1092200
20190708	35.02	35.31	33.77	34.18	1353600
20190709	34.03	34.88	33.83	34.84	1064700
20190710	34.91	35.03	34.10	34.79	727100
20190711	34.96	34.96	33.12	33.53	911800
20190712	33.60	33.90	32.95	33.72	991600
20190715	33.58	33.79	32.75	33.21	977900
20190716	33.26	33.50	32.35	32.49	2197500
20190717	32.61	32.75	31.90	31.98	1138400
20190718	31.99	32.36	31.75	32.07	1174800
20190719	32.11	32.25	31.87	31.97	1017900
20190722	31.93	32.68	31.82	32.34	908000
20190723	32.39	32.39	31.91	32.09	695700
20190724	32.00	32.27	31.85	32.12	769500
20190725	31.80	31.95	28.64	29.99	3794400
20190726	29.91	31.25	29.52	31.12	2157400
20190729	31.54	31.54	29.13	29.27	1810600
20190730	29.05	29.38	28.13	29.28	2238400
20190731	29.28	29.40	28.04	28.46	1458900
20190801	29.77	31.26	29.30	31.19	2669600
20190802	31.00	31.39	30.35	31.09	2356300
20190805	30.51	30.75	28.60	28.80	2062700
20190806	29.02	29.59	27.97	28.76	1231600
20190807	28.37	29.13	27.85	28.80	2235000
20190808	28.95	29.99	28.79	29.57	2371700
20190809	17.98	21.04	17.50	20.92	22863900
20190812	20.25	20.49	18.32	18.58	8194300
20190813	18.49	19.15	18.20	18.85	4600600
20190814	18.64	18.88	17.30	18.72	4428900
20190815	18.68	18.89	17.92	18.19	4192000
20190816	18.25	18.38	17.80	18.10	2997300
20190819	18.31	18.33	17.56	17.87	3641900
20190820	17.84	17.84	17.05	17.11	3644100
20190821	17.13	17.37	16.56	17.01	3820900
20190822	16.99	17.16	16.81	16.98	3027000
20190823	16.92	17.27	16.58	16.99	3736200
20190826	17.09	17.70	17.08	17.29	3188700
20190827	17.54	18.06	16.82	16.91	3403000
20190828	16.80	17.58	16.61	17.46	2103400
20190829	17.65	17.77	16.85	17.36	2590700
20190830	17.19	17.66	17.19	17.57	1713000
20190903	17.38	17.47	16.65	16.91	4514000
20190904	17.10	17.23	16.88	16.96	3338200
20190905	17.01	17.53	16.93	17.37	2679400
20190906	17.45	17.57	16.97	17.01	2130400
20190909	17.00	17.89	16.62	17.86	2902500
20190910	18.07	20.20	17.99	19.91	4734200
20190911	19.83	20.54	19.29	20.02	3223600
20190912	20.22	20.49	19.51	19.94	2250300
20190913	20.02	20.38	19.62	20.11	2284700
20190916	20.10	21.34	20.00	21.22	2691600
20190917	21.24	21.32	20.26	20.70	3006400
20190918	20.51	20.84	19.73	20.10	2040100
20190919	20.13	20.40	19.81	20.22	1757100
20190920	20.25	20.76	20.02	20.15	4797200
20190923	20.16	20.17	19.79	19.93	1678300
20190924	19.85	20.05	18.53	18.91	2452000
20190925	18.85	19.15	18.51	18.80	2041600
20190926	18.51	18.65	16.96	17.56	4061400
20190927	17.63	18.48	17.52	17.90	6117300
20190930	18.06	18.62	17.67	18.22	3204900
20191001	18.33	19.13	18.10	18.43	2679000
20191002	18.01	18.34	17.20	17.33	42656600
20191003	17.23	18.22	16.85	18.20	3921300
20191004	18.24	19.08	18.15	18.97	2173300
20191007	18.97	19.26	18.50	18.67	2589300
20191008	17.01	17.36	16.12	16.18	5485700
20191009	16.28	16.77	16.10	16.71	2372000
20191010	16.70	16.70	15.84	16.13	2777200
20191011	16.38	17.32	16.28	17.09	2930900
20191014	17.08	17.10	15.70	15.87	2738200
20191015	15.83	17.47	15.64	17.30	3213400
20191016	17.15	17.69	17.00	17.54	1927600
20191017	17.66	17.88	17.42	17.77	1517800
20191018	17.67	17.88	16.74	17.27	4903600
20191021	17.27	17.99	17.20	17.73	2009000
20191022	17.65	17.76	17.16	17.20	1565000
20191023	17.10	17.68	16.73	16.77	2391600
20191024	16.85	16.99	16.40	16.47	1480000
20191025	16.38	16.75	16.26	16.68	2050600
20191028	16.82	17.99	16.75	17.70	1701600
20191029	17.62	17.87	17.38	17.63	1553700
20191030	17.66	17.85	17.32	17.55	1575600
20191031	17.37	17.38	16.68	17.13	1835700
20191101	17.16	18.39	17.02	18.31	3335500
20191104	18.41	18.73	18.27	18.47	2479100
20191105	18.49	18.67	18.31	18.54	1957600
20191106	18.48	18.57	17.88	18.10	2269200
20191107	18.95	19.90	18.51	18.70	4992800
20191108	18.63	20.10	18.25	20.04	3963600
20191111	22.00	22.48	20.32	20.98	7288500
20191112	21.00	21.34	20.28	20.35	3222200
20191113	20.10	20.30	19.28	19.94	2342800
20191114	19.80	19.98	19.30	19.43	1990000
20191115	19.50	19.66	19.25	19.65	1965400
20191118	19.65	19.65	17.56	18.01	4462200
20191119	18.14	18.46	17.92	18.31	1716600
20191120	18.32	19.98	18.29	19.93	3249700
20191121	19.82	20.48	19.27	20.11	2534900
20191122	20.23	21.22	20.15	21.07	2172500
20191125	21.28	21.77	21.04	21.19	2482000
20191126	21.13	21.39	20.18	20.47	9872200
20191127	20.53	21.16	20.40	20.54	2347400
20191129	20.41	20.71	20.15	20.29	1184000
20191202	20.29	20.45	19.39	19.48	2120900
20191203	19.01	19.56	18.68	19.45	2572100
20191204	19.64	20.38	19.13	20.30	2452800
20191205	20.23	20.50	19.80	19.86	2113000
20191206	20.07	21.00	19.87	20.45	2285300
20191209	21.05	23.28	20.80	23.12	3782600
20191210	23.08	23.32	22.10	22.45	2117900
20191211	22.59	22.97	21.49	21.60	1893800
20191212	21.56	22.19	21.36	21.79	1589700
20191213	21.89	22.02	21.01	21.27	1649100
20191216	21.38	21.67	20.81	20.92	1595100
20191217	20.85	21.53	20.60	21.47	1783500
20191218	21.49	21.96	21.16	21.29	2067100
20191219	21.31	21.82	21.03	21.62	1338500
20191220	21.76	21.80	21.02	21.32	3300900
20191223	21.44	22.23	21.31	21.85	1940200
20191224	21.95	22.38	21.67	22.33	919300
20191226	22.34	22.49	21.92	21.98	1353600
20191227	22.03	22.07	21.50	21.57	1155200
20191230	21.61	21.72	20.58	20.77	1618800
20191231	20.72	21.81	20.59	21.59	1640700
20200102	21.80	21.93	20.71	20.96	1817700
20200103	20.62	20.72	20.16	20.53	1265200
20200106	20.28	21.15	19.95	21.00	1483500
20200107	21.12	21.37	20.68	21.26	1333500
20200108	21.30	21.91	21.05	21.76	1774300
20200109	21.90	21.95	21.34	21.59	1904200
20200110	22.58	27.02	22.48	26.92	11721500
20200113	28.60	28.60	25.67	27.40	6398100
20200114	27.35	28.49	27.01	27.96	6739100
20200115	24.44	25.57	22.75	23.49	10260900
20200116	23.45	24.25	23.20	23.90	3091300
20200117	23.87	23.87	22.28	22.48	3482100
20200121	22.50	22.98	22.27	22.42	1891200
20200122	22.55	22.97	22.10	22.13	1493500
20200123	21.95	22.20	21.36	21.77	1593600
20200124	21.79	21.81	20.61	21.13	1901800
20200127	20.38	20.54	19.67	19.77	2156000
20200128	19.93	20.68	19.91	20.37	1359400
20200129	20.32	20.93	20.26	20.57	1474000
20200130	20.44	20.68	19.84	20.29	1274800
20200131	20.18	20.23	19.56	19.89	1533900
20200203	20.75	21.73	20.60	21.54	2186700
20200204	21.70	22.75	21.61	22.04	1734400
20200205	22.33	23.35	22.20	22.93	1730000
20200206	22.93	23.15	22.52	22.81	1298600
20200207	22.66	22.98	22.48	22.61	841700
20200210	22.21	22.92	22.05	22.36	1278200
20200211	22.77	22.87	22.05	22.40	1110700
20200212	22.67	24.00	22.56	23.48	2472300
20200213	23.40	23.62	22.79	22.85	1167700
20200214	22.97	23.60	22.47	23.13	2165300
20200218	23.06	23.16	22.00	22.05	1358000
20200219	22.10	22.89	22.06	22.84	1056700
20200220	22.80	23.93	22.49	23.67	1347800
20200221	23.49	23.89	23.21	23.53	1228500
20200224	22.50	22.80	21.60	22.36	1756700
20200225	22.56	22.68	21.70	22.15	2076300
20200226	22.42	22.69	21.14	21.41	1493900
20200227	20.91	21.68	19.77	20.53	2066800
20200228	18.51	20.94	18.06	20.81	3223500
20200302	20.83	20.95	19.63	20.10	2436700
20200303	20.10	21.08	19.02	19.43	1763100
20200304	20.02	20.92	19.78	20.38	1811600
20200305	19.75	20.50	19.59	20.15	1206500
20200306	19.40	20.55	19.23	19.71	1459500
20200309	18.21	18.63	17.03	17.72	1805000
20200310	18.75	18.75	16.70	17.98	1751000
20200311	17.08	17.87	16.18	16.47	1634300
20200312	14.67	16.30	14.10	16.11	2046700
20200313	16.91	17.23	14.95	16.60	1938100
20200316	14.00	15.56	13.63	14.47	2130700
20200317	14.66	16.49	14.26	15.90	2350000
20200318	15.00	16.31	14.54	16.31	1963700
20200319	16.04	18.94	15.90	17.21	2015900
20200320	17.42	17.67	15.82	16.27	2144100
20200323	16.45	16.83	15.78	16.07	1948300
20200324	16.90	17.49	16.08	16.86	1644100
20200325	16.88	17.65	16.45	16.93	1444200
20200326	16.94	17.81	16.85	17.51	1253200
20200327	16.91	17.53	16.41	17.23	1244100
20200330	17.14	18.49	17.14	18.06	1576100
20200331	17.84	18.07	17.18	17.85	1122600
20200401	17.39	18.10	16.93	17.58	1110800
20200402	17.47	18.05	16.67	17.08	1047000
20200403	17.02	17.67	16.60	16.86	858500
20200406	17.31	18.39	17.31	18.06	1190100
20200407	18.36	18.85	17.54	17.59	1180300
20200408	17.84	18.76	17.44	18.44	1310200
20200409	18.70	19.21	18.33	18.78	1709000
20200413	18.80	18.98	17.98	18.66	794700
20200414	19.01	19.60	18.72	19.21	1700800
20200415	19.00	19.15	17.94	18.40	1321700
20200416	18.51	18.90	18.08	18.37	1443300
20200417	18.75	19.52	18.61	19.43	2047700
20200420	19.26	20.68	19.11	20.11	1414800
20200421	19.74	19.95	18.97	19.02	946100
20200422	19.61	19.88	19.21	19.50	788700
20200423	19.65	20.10	19.34	19.39	694900
20200424	19.54	19.83	19.25	19.60	889400
20200427	19.90	20.30	19.67	20.09	879300
20200428	20.30	20.30	19.76	19.89	1178400
20200429	20.25	20.34	19.62	19.68	1205200
20200430	19.41	20.21	19.18	19.20	1706100
20200501	18.94	19.08	17.83	18.06	1117500
20200504	18.01	19.08	17.63	19.07	1088000
20200505	19.50	19.87	19.20	19.48	1064100
20200506	19.83	19.85	19.24	19.53	701300
20200507	19.85	20.37	19.30	19.88	1133700
20200508	20.41	22.63	20.20	20.77	2354000
20200511	20.36	22.98	20.35	22.67	2172500
20200512	22.67	23.12	21.71	21.73	1770100
20200513	21.74	21.93	21.12	21.75	1207600
20200514	21.40	21.58	20.96	21.35	1074600
20200515	21.23	22.09	21.18	22.02	716300
20200518	22.75	22.79	22.27	22.62	1246400
20200519	22.62	22.80	22.35	22.35	817900
20200520	22.81	23.06	22.56	22.97	1273000
20200521	22.96	23.07	22.53	22.87	1150000
20200522	23.00	23.07	22.84	23.04	839200
20200526	23.54	23.74	22.73	22.79	1068600
20200527	23.00	23.00	22.09	22.85	827500
20200528	23.00	23.35	22.10	22.21	1138400
20200529	22.30	22.30	21.08	21.70	1481000
20200601	21.71	21.90	21.16	21.63	1140300
20200602	21.64	22.09	21.24	21.80	1309200
20200603	21.96	22.74	21.89	22.63	1823100
20200604	22.65	23.35	22.36	23.10	1803200
20200605	23.25	23.49	22.24	22.27	1176500
20200608	22.28	22.90	21.88	22.60	1226200
20200609	22.59	22.76	21.99	22.16	1263400
20200610	22.32	22.40	21.40	21.82	1107600
20200611	21.31	21.66	20.14	20.26	1322700
20200612	20.80	20.95	19.86	20.49	1411700
20200615	20.21	20.93	19.81	20.74	784600
20200616	21.13	21.32	20.74	21.30	948400
20200617	21.50	21.87	21.33	21.71	968300
20200618	21.68	22.19	21.37	21.98	727500
20200619	22.24	22.98	21.91	22.82	1948500
20200622	22.81	23.47	22.65	23.44	1458300
20200623	23.69	23.96	22.94	22.97	980900
20200624	22.94	23.09	22.06	22.09	1279600
20200625	21.90	22.80	21.85	22.49	848000
20200626	22.39	22.56	21.94	22.05	1412400
20200629	22.35	22.92	21.81	22.42	866000
20200630	22.26	23.33	22.15	23.16	1024100
20200701	23.25	24.11	23.16	23.45	1534500
20200702	23.76	24.34	23.45	23.52	1025200
20200706	23.89	24.44	23.48	23.98	937500
20200707	23.63	24.63	23.42	24.14	711800
20200708	24.23	24.88	23.86	24.79	854000
20200709	24.88	25.06	24.09	24.41	833900
20200710	24.28	24.53	23.88	24.03	523000
20200713	24.14	24.59	23.28	23.36	728000
20200714	23.36	23.63	22.73	23.59	949100
20200715	24.01	24.98	23.99	24.66	832900
20200716	24.53	24.53	23.66	23.96	731100
20200717	24.18	24.52	23.86	24.37	882300
20200720	24.46	24.78	24.21	24.58	624800
20200721	24.75	24.87	24.13	24.31	460500
20200722	24.27	24.63	23.90	24.01	502500
20200723	24.08	24.37	23.63	23.76	453400
20200724	23.58	23.68	23.05	23.08	734400
20200727	23.10	23.68	22.84	23.65	501800
20200728	23.69	23.76	23.12	23.19	475600
20200729	23.16	23.20	22.45	22.72	994400
20200730	22.35	23.61	22.23	23.27	790200
20200731	23.33	23.33	22.07	22.16	1062800
20200803	22.36	22.45	21.96	22.08	1130400
20200804	22.00	22.17	21.57	21.92	752400
20200805	21.70	22.07	21.43	21.75	703800
20200806	21.67	21.83	21.14	21.51	865500
20200807	22.50	22.98	21.74	21.85	1260100
20200810	21.83	22.00	21.30	21.36	724800
20200811	21.36	21.36	20.37	20.40	740200
20200812	20.41	20.81	20.06	20.10	675300
20200813	20.05	20.49	19.91	20.05	688200
20200814	19.88	19.97	19.45	19.55	754100
20200817	19.59	20.00	19.30	19.61	867800
20200818	19.68	19.83	19.06	19.49	634900
20200819	19.49	19.63	19.28	19.31	791700
20200820	19.10	19.38	18.97	19.18	661700
20200821	19.08	19.33	18.97	19.15	909200
20200824	19.16	19.45	18.93	19.16	928100
20200825	19.22	19.69	18.94	19.34	839600
20200826	19.18	19.46	19.06	19.45	997500
20200827	19.40	19.57	19.02	19.17	1121300
20200828	19.18	19.29	18.86	19.14	834900
20200831	19.13	19.46	19.09	19.34	635700
20200901	19.39	19.47	18.95	19.15	1208100
20200902	19.20	19.41	19.06	19.20	714900
20200903	19.06	19.57	18.85	19.15	1198300
20200904	19.23	19.41	18.16	18.92	1512200
20200908	18.63	18.82	18.32	18.44	1017600
20200909	18.65	19.09	18.47	18.85	811400
20200910	18.92	19.55	18.81	18.82	650400
20200911	19.00	19.23	18.59	18.82	687200
20200914	19.01	19.86	19.01	19.75	1400200
20200915	19.91	20.41	19.82	20.01	1184100
20200916	20.02	20.65	20.01	20.31	900600
20200917	20.07	20.48	19.86	20.34	969500
20200918	20.51	20.55	19.95	20.17	2004800
20200921	19.74	19.79	18.94	19.41	1142200
20200922	19.46	20.13	19.16	19.90	1497600
20200923	19.84	20.10	18.90	18.91	1035500
20200924	18.85	18.85	17.87	18.03	1145200
20200925	17.91	18.16	17.48	17.61	1336100
20200928	17.65	17.70	16.70	16.84	1566200
20200929	16.82	17.26	16.60	16.89	1578600
20200930	16.89	17.00	16.41	16.59	1479900
20201001	16.56	16.75	16.46	16.71	1313200
20201002	16.44	16.69	16.22	16.28	1042700
20201005	16.53	17.30	16.50	17.28	1068100
20201006	17.36	17.63	17.13	17.19	999600
20201007	17.30	17.97	17.10	17.82	623500
20201008	17.92	18.23	17.90	18.13	758000
20201009	18.31	18.31	17.83	17.87	502000
20201012	17.91	17.94	17.19	17.26	692200
20201013	17.10	17.40	16.91	16.98	764700
20201014	17.01	18.09	16.92	17.54	1622900
20201015	17.29	17.98	17.22	17.69	920800
20201016	17.69	17.87	17.12	17.14	1897800
20201019	17.16	17.34	16.77	16.87	743700
20201020	17.05	17.37	16.83	17.17	730800
20201021	17.07	17.21	16.55	16.61	1192300
20201022	16.63	17.48	16.57	17.18	941000
20201023	17.34	17.57	16.85	17.54	677500
20201026	17.26	17.58	16.91	16.97	947300
20201027	16.56	16.96	16.37	16.48	1747200
20201028	16.11	16.49	15.80	15.91	1314600
20201029	15.89	16.32	15.40	16.21	1297800
20201030	16.12	16.20	15.66	15.84	1339100
20201102	16.20	16.25	15.61	16.12	1553800
20201103	16.25	16.55	15.64	15.77	1364600
20201104	15.85	17.26	15.85	16.97	1118700
20201105	17.23	17.58	16.84	16.89	1051200
20201106	17.33	18.99	17.18	17.42	1562400
20201109	18.17	18.79	17.09	17.09	1415400
20201110	17.08	17.25	16.52	16.84	1124500
20201111	16.88	17.40	16.77	17.11	1162800
20201112	17.20	17.65	16.99	17.14	911600
20201113	17.25	17.50	17.14	17.27	584400
20201116	17.46	17.48	16.70	16.95	920600
20201117	16.93	17.66	16.73	17.56	799200
20201118	17.56	17.64	17.07	17.11	804400
20201119	17.05	17.37	16.90	17.27	529100
20201120	17.34	17.34	16.72	16.76	833400
20201123	16.84	16.85	16.20	16.53	1134200
20201124	16.54	16.99	16.42	16.69	999600
20201125	16.58	16.75	16.35	16.48	643600
20201127	16.50	16.83	16.35	16.79	336600
20201130	16.91	16.96	16.29	16.39	1004700
20201201	16.39	16.64	16.16	16.47	1094000
20201202	16.50	17.55	16.50	17.27	939000
20201203	17.24	17.39	17.00	17.07	605000
20201204	17.17	17.54	17.10	17.40	556500
20201207	17.45	17.72	17.25	17.34	505100
20201208	17.16	17.50	17.04	17.28	761500
20201209	17.37	17.46	16.46	16.59	712900
20201210	16.61	16.94	16.51	16.80	444100
20201211	16.76	16.85	16.42	16.75	596200
20201214	16.92	18.23	16.90	17.64	1232100
20201215	17.86	18.49	17.35	18.43	1121200
20201216	18.48	18.65	17.57	17.66	1163900
20201217	17.79	19.15	17.70	19.03	1504700
20201218	19.33	19.40	18.16	18.75	3128500
20201221	18.65	18.80	18.34	18.65	727800
20201222	18.95	19.46	18.61	18.73	982900
20201223	18.89	18.90	18.35	18.51	639800
20201224	18.52	18.54	18.25	18.45	286400
20201228	18.60	18.81	18.16	18.67	1106300
20201229	18.75	18.81	17.80	18.25	1118100
20201230	18.20	18.59	17.93	17.94	817700
20201231	17.89	17.93	16.68	17.00	1902900
20210104	17.18	17.70	17.04	17.66	1240300
20210105	17.56	18.00	17.38	17.98	940200
20210106	17.63	18.07	17.37	17.53	1079300
20210107	17.64	18.66	17.64	18.60	660800
20210108	18.69	19.28	18.61	19.21	749500
20210111	19.21	19.67	18.32	18.74	1151300
20210112	18.69	19.66	18.66	19.03	963900
20210113	19.03	19.14	18.27	18.33	700600
20210114	18.58	18.73	17.73	17.80	1400200
20210115	17.75	18.10	16.85	16.98	2358300
20210119	17.13	17.29	16.73	17.22	1229700
20210120	17.36	17.48	16.87	16.91	951900
20210121	16.94	17.01	16.53	16.66	916300
20210122	16.53	16.71	16.41	16.56	681300
20210125	17.10	17.76	16.88	17.74	1235700
20210126	17.90	18.75	17.83	18.24	1169700
20210127	18.03	19.10	17.57	18.78	2226400
20210128	18.84	19.07	18.25	18.44	1880400
20210129	18.45	22.12	18.38	19.70	4357500
20210201	22.94	23.00	20.60	20.69	2984400
20210202	21.67	21.69	19.41	19.54	1881900
20210203	19.51	20.33	19.25	19.90	2264800
20210204	20.11	20.66	19.49	20.60	1991500
20210205	20.25	20.73	19.73	20.18	1265200
20210208	20.41	21.01	20.25	21.01	1260400
20210209	21.15	22.62	20.93	22.61	1334900
20210210	22.80	23.89	22.25	23.20	1572800
20210211	23.26	23.32	22.42	22.75	903000
20210212	22.83	23.17	22.39	22.86	1217100
20210216	22.64	22.80	22.01	22.46	1380200
20210217	25.00	26.75	23.81	25.46	5316400
20210218	24.92	25.95	24.34	25.05	1327400
20210219	25.00	25.78	24.67	24.92	1104300
20210222	24.16	24.48	22.19	22.31	1526000
20210223	21.76	22.74	21.20	22.53	1264200
20210224	22.25	22.94	21.96	22.77	832700
20210225	22.78	23.09	22.09	22.44	1092900
20210226	22.70	23.75	22.23	22.69	1742500
20210301	23.02	24.40	22.83	23.62	1461700
20210302	23.59	24.50	23.42	23.74	1336200
20210303	23.82	24.29	23.16	23.44	776200
20210304	23.23	23.59	21.72	22.38	2152900
20210305	22.36	22.49	20.84	22.31	1286600
20210308	22.32	22.42	21.08	21.22	943400
20210309	21.01	22.53	21.01	21.85	925300
20210310	22.38	22.73	21.67	22.10	653200
20210311	22.39	22.73	21.78	22.59	578800
20210312	22.55	22.91	21.91	22.82	601100
20210315	22.86	22.94	22.16	22.50	720700
20210316	22.73	22.89	21.63	22.01	829800
20210317	21.84	23.14	21.78	23.08	984100
20210318	23.10	23.50	21.99	22.10	819800
20210319	22.26	22.67	21.59	21.67	1772700
20210322	21.53	22.62	21.47	22.38	725700
20210323	21.87	22.19	20.32	20.63	1068400
20210324	20.70	20.80	19.70	19.79	736200
20210325	19.70	20.59	19.59	20.33	880900
20210326	20.32	20.90	19.44	19.99	608200
20210329	19.85	20.22	19.53	19.57	529300
20210330	19.49	19.85	18.88	19.51	743000
20210331	19.62	20.32	19.48	20.00	1197100
20210401	20.21	20.89	19.78	20.40	791400
20210405	20.54	20.90	19.79	20.08	480200
20210406	20.51	20.67	20.03	20.25	697400
20210407	19.94	20.09	19.55	19.62	632200
20210408	19.71	20.01	19.13	19.24	777600
20210409	19.13	19.13	18.49	18.63	836100
20210412	18.55	19.00	18.14	18.68	645400
20210413	18.81	18.95	18.30	18.69	642300
20210414	18.84	20.00	18.77	19.14	1053100
20210415	19.16	19.79	19.16	19.36	886600
20210416	19.33	19.53	18.84	19.00	1681700
20210419	18.94	19.42	18.52	18.80	787900
20210420	18.82	19.24	18.68	18.81	579100
20210421	18.76	19.80	18.67	19.73	888500
20210422	19.73	20.44	19.46	20.10	761200
20210423	20.17	20.53	19.62	19.68	786100
20210426	19.65	20.44	19.64	20.39	553600
20210427	20.57	20.57	19.86	20.09	543200
20210428	20.09	20.66	19.99	20.25	640900
20210429	20.20	20.28	19.84	20.09	719000
20210430	19.93	20.18	19.57	19.61	695200
20210503	19.83	19.90	19.05	19.66	1052500
20210504	19.58	19.65	18.76	18.80	792300
20210505	18.76	18.95	18.40	18.68	736600
20210506	18.55	18.75	18.25	18.52	1443800
20210507	18.34	20.23	18.31	20.10	2918400
20210510	20.17	20.25	19.56	19.73	976000
20210511	19.18	19.91	19.13	19.29	909600
20210512	19.31	19.56	18.51	18.57	864600
20210513	18.57	18.99	18.35	18.86	939500
20210514	18.94	19.18	18.59	18.98	555500
20210517	18.79	18.99	17.95	18.19	1083700
20210518	17.91	18.38	17.71	18.13	891000
20210519	17.88	18.49	17.59	18.46	964900
20210520	18.19	18.65	17.98	18.15	1100600
20210521	18.35	18.49	18.01	18.02	600800
20210524	18.10	18.25	17.73	17.82	691200
20210525	17.78	17.83	17.51	17.57	504100
20210526	17.57	18.09	17.42	18.04	562400
20210527	17.98	18.23	17.60	17.96	652700
20210528	18.00	18.37	17.90	18.07	528200
20210601	18.12	18.22	17.75	18.08	635300
20210602	18.13	18.35	17.75	17.89	679300
20210603	17.80	18.10	17.67	17.87	565200
20210604	17.86	17.96	17.09	17.13	1076600
20210607	16.97	17.07	15.97	16.54	2373500
20210608	16.61	16.94	16.42	16.52	1360700
20210609	16.68	17.17	16.59	16.81	1049000
20210610	16.83	17.93	16.68	17.84	1327100
20210611	17.85	17.87	17.43	17.61	673400
20210614	17.72	18.13	17.57	17.68	831500
20210615	17.66	17.80	17.36	17.75	780800
20210616	17.79	17.98	17.24	17.36	850200
20210617	17.21	17.47	17.01	17.24	662500
20210618	17.08	17.28	16.93	17.00	1421700
20210621	17.02	17.21	16.65	16.86	820700
20210622	16.80	16.97	16.50	16.67	675700
20210623	16.63	16.84	16.49	16.67	631700
20210624	16.65	17.18	16.63	17.02	1155500
20210625	17.01	17.31	16.61	17.27	1866200
20210628	18.12	18.12	17.20	17.75	1962200
20210629	17.70	17.85	17.38	17.41	667400
20210630	17.30	17.48	17.11	17.16	564900
20210701	17.28	17.73	17.23	17.52	794000
20210702	17.50	17.50	16.89	17.11	492100
20210706	17.07	17.20	16.81	16.91	735000
20210707	16.92	17.11	16.58	16.62	525400
20210708	16.43	17.11	16.35	16.81	974700
20210709	16.83	17.62	16.69	17.37	922500
20210712	17.29	17.49	17.06	17.23	751500
20210713	17.14	17.21	16.85	17.08	655500
20210714	17.15	17.15	16.39	16.47	1033600
20210715	16.35	16.71	16.10	16.59	1108600
20210716	16.71	16.73	16.08	16.11	1629300
20210719	15.94	16.34	15.75	16.32	791900
20210720	16.39	16.83	16.28	16.73	862300
20210721	16.76	16.85	16.39	16.78	452100
20210722	16.69	16.82	16.34	16.38	385600
20210723	16.37	16.70	16.25	16.51	462300
20210726	16.42	16.59	16.14	16.24	542600
20210727	16.25	16.36	15.77	15.91	899000
20210728	15.93	16.31	15.91	16.25	471400
20210729	16.33	16.50	15.99	16.06	455800
20210730	15.92	16.15	15.75	15.79	611200
20210802	15.83	16.27	15.77	15.96	604600
20210803	15.95	16.02	15.37	15.80	829300
20210804	15.66	16.13	15.41	15.62	817600
20210805	15.74	15.95	15.55	15.87	731800
20210806	15.99	16.15	15.48	15.77	877700
20210809	15.87	15.93	15.30	15.50	680000
20210810	15.59	15.63	14.97	14.99	1046600
20210811	15.00	15.07	14.34	14.35	1213300
20210812	14.42	14.43	14.16	14.30	1025800
20210813	14.28	14.47	14.19	14.29	747800
20210816	14.32	14.32	13.68	13.77	1185800
20210817	13.53	13.74	13.40	13.67	946900
20210818	13.67	13.82	13.49	13.52	601900
20210819	13.42	13.56	13.07	13.07	884400
20210820	13.08	13.79	12.92	13.61	819000
20210823	13.74	14.08	13.73	14.04	690800
20210824	14.10	14.19	13.77	14.08	777000
20210825	14.01	14.61	13.98	14.42	713300
20210826	14.33	14.57	14.13	14.23	880200
20210827	14.21	15.25	14.14	14.95	1435000
20210830	15.24	15.72	14.96	15.15	1093000
20210831	15.14	15.53	15.04	15.48	972800
20210901	15.58	15.96	15.48	15.76	922200
20210902	15.76	15.94	15.61	15.86	799300
20210903	15.81	15.92	15.52	15.87	641000
20210907	15.92	16.10	15.71	16.03	735900
20210908	16.04	16.30	15.72	16.21	786300
20210909	16.13	16.27	15.76	15.78	637000
20210910	15.79	15.99	15.40	15.95	789900
20210913	16.00	16.53	15.83	16.37	836700
20210914	16.47	16.73	15.90	15.97	711100
20210915	15.93	16.48	15.91	16.18	715600
20210916	16.21	16.32	15.87	16.26	564900
20210917	16.26	16.58	15.94	16.51	1748100
20210920	16.37	16.66	16.18	16.34	615600
20210921	16.76	17.84	16.68	17.72	1470900
20210922	17.68	18.29	17.38	17.78	1064200
20210923	17.78	18.54	17.71	18.46	1136800
20210924	18.35	18.67	18.01	18.51	822500
20210927	18.54	19.37	18.50	18.84	1179900
20210928	18.78	18.92	18.35	18.42	808800
20210929	18.50	18.52	17.90	17.93	673400
20210930	17.94	18.29	17.87	17.96	877800
20211001	17.92	18.55	17.76	18.41	970100
20211004	18.40	18.69	18.05	18.11	770600
20211005	18.12	18.40	17.12	17.14	1097300
20211006	16.57	17.03	15.95	16.12	1607800
20211007	16.21	17.01	16.21	16.84	922500
20211008	16.78	17.15	16.68	17.02	570800
20211011	17.07	17.44	16.97	17.22	579900
20211012	17.23	17.76	17.17	17.66	504500
20211013	17.68	17.91	17.05	17.07	644600
20211014	17.26	17.47	16.85	17.07	1004900
20211015	17.13	17.47	16.90	17.31	1696300
20211018	17.22	17.25	16.27	16.33	902300
20211019	16.31	16.73	16.23	16.66	1153900
20211020	16.60	16.66	16.22	16.24	626000
20211021	16.24	16.68	16.19	16.56	591000
20211022	16.47	16.61	16.25	16.35	406800
20211025	16.35	16.55	16.10	16.12	562500
20211026	16.22	16.43	16.03	16.25	569800
20211027	16.20	16.30	15.86	15.92	962900
20211028	15.93	16.36	15.93	16.13	660000
20211029	16.10	16.22	14.98	15.16	1856500
20211101	15.12	16.30	14.90	16.23	1631200
20211102	16.06	17.04	15.83	16.67	1517600
20211103	16.58	17.14	16.58	17.02	836500
20211104	17.79	17.79	16.58	16.65	1163500
20211105	14.11	14.82	12.35	13.45	5447400
20211108	13.94	14.71	13.15	14.65	2600200
20211109	14.51	14.69	13.76	13.82	1666900
20211110	13.73	14.10	13.57	13.58	1235700
20211111	13.46	13.75	13.32	13.55	1261800
20211112	13.64	13.78	13.05	13.36	1526000
20211115	13.30	13.66	13.21	13.34	1208200
20211116	13.28	13.52	12.84	13.29	1764600
20211117	13.18	13.39	12.79	12.85	1583100
20211118	12.71	12.77	11.56	11.76	2425200
20211119	11.82	12.23	11.65	11.80	1481500
20211122	11.85	11.96	11.35	11.52	1504300
20211123	11.51	11.53	11.00	11.41	1414800
20211124	11.29	11.70	11.09	11.62	1142100
20211126	11.38	11.74	11.16	11.21	955800
20211129	11.34	11.62	10.97	11.11	1786900
20211130	10.99	11.32	10.78	11.26	1667600
20211201	11.29	11.73	11.15	11.20	1787200
20211202	11.32	11.57	11.06	11.41	1103700
20211203	11.52	11.56	10.59	10.83	1575100
20211206	11.32	11.97	11.27	11.86	3882700
20211207	11.95	12.50	11.92	12.18	3926700
20211208	12.18	12.90	11.91	12.73	2597500
20211209	12.90	12.90	12.40	12.43	2444800
20211210	12.45	12.90	12.27	12.36	1972000
20211213	12.20	12.73	12.13	12.65	1746100
20211214	12.46	12.92	12.39	12.68	1625200
20211215	12.70	13.02	12.39	12.96	2122200
20211216	13.03	13.69	13.02	13.22	2161100
20211217	13.24	13.75	12.91	13.67	34976800
20211220	13.50	14.75	13.40	14.67	3385700
20211221	14.73	15.40	14.37	15.37	2591500
20211222	15.20	15.81	15.20	15.73	1949200
20211223	15.80	15.95	15.52	15.67	1320400
20211227	15.65	15.72	15.12	15.38	1540400
20211228	15.24	15.42	14.93	15.04	1778900
20211229	14.87	14.91	14.17	14.20	2016500
20211230	14.14	14.60	13.92	14.00	1644400
20211231	13.97	14.32	13.47	13.51	1246400
20220103	13.58	14.06	13.40	13.66	2603500
20220104	13.54	13.84	13.27	13.72	2189200
20220105	13.66	13.82	12.55	12.77	2001300
20220106	12.23	12.78	12.03	12.70	2721500
20220107	12.75	13.27	12.63	12.68	2010800
20220110	12.66	12.68	12.27	12.54	1458000
20220111	12.57	12.76	12.32	12.37	1865700
20220112	12.36	12.42	11.84	12.28	2274900
20220113	12.30	12.45	11.84	12.00	2358200
20220114	11.83	12.14	11.50	12.10	2377200
20220118	12.00	12.24	11.41	11.72	3425900
20220119	11.77	12.32	11.70	12.14	2402500
20220120	12.27	12.59	11.77	11.78	1917100
20220121	11.58	11.90	10.91	10.95	3641300
20220124	10.63	11.23	10.14	11.18	2470200
20220125	11.00	11.19	10.63	10.90	2195400
20220126	11.00	11.23	10.64	10.65	1943500
20220127	10.87	11.09	10.29	10.36	1339500
20220128	10.40	10.65	10.13	10.65	1194300
20220131	10.71	11.15	10.60	11.12	2366200
20220201	11.14	11.34	10.72	11.06	2127700
20220202	11.17	11.17	10.48	10.51	3146300
20220203	10.38	10.38	9.85	9.93	1971600
20220204	9.90	10.63	9.75	10.46	2155200
20220207	10.50	10.84	10.42	10.58	1571800
20220208	10.56	10.69	10.19	10.67	1245700
20220209	10.75	11.29	10.69	11.28	1575500
20220210	11.10	11.59	10.95	11.05	1654400
20220211	11.03	11.30	10.76	10.91	1336200
20220214	10.88	11.12	10.81	10.86	1605300
20220215	11.03	11.32	10.94	11.18	1433900
20220216	11.15	11.29	10.77	11.19	1481100
20220217	10.94	11.12	10.60	10.69	1508700
20220218	10.58	10.77	10.33	10.55	1587200
20220222	10.35	10.65	10.28	10.33	1609500
20220223	10.39	10.59	9.76	9.78	1785000
