20170103	3.79	3.99	3.77	3.77	29000
20170104	3.81	3.82	3.80	3.80	7500
20170105	3.95	3.96	3.90	3.90	4800
20170106	3.91	3.91	3.74	3.81	18000
20170109	3.71	3.87	3.71	3.85	14500
20170110	3.87	3.98	3.80	3.83	44800
20170111	3.83	3.92	3.75	3.80	36900
20170112	3.87	3.87	3.82	3.82	700
20170113	3.84	3.88	3.82	3.85	3700
20170117	3.88	3.89	3.88	3.89	2000
20170118	3.80	4.03	3.80	3.95	33300
20170119	3.93	4.09	3.80	3.86	44600
20170120	3.83	4.01	3.83	3.97	9600
20170123	3.99	4.59	3.98	4.43	56400
20170124	4.43	4.45	4.12	4.22	39200
20170125	4.28	4.37	4.24	4.24	2600
20170126	4.25	4.34	4.25	4.33	1700
20170127	4.25	4.25	4.00	4.06	12800
20170130	4.12	4.18	4.05	4.05	24500
20170131	4.12	4.31	4.11	4.15	10700
20170201	4.12	4.13	4.07	4.11	4400
20170202	4.14	4.14	4.04	4.04	1700
20170203	4.11	4.12	3.94	4.03	5000
20170206	4.03	4.03	3.93	3.93	1600
20170207	3.95	3.95	3.90	3.90	2000
20170208	3.94	4.08	3.94	4.03	7800
20170209	4.00	4.29	3.98	3.98	4600
20170210	4.07	4.10	3.92	4.03	13300
20170213	4.13	4.18	4.06	4.08	13000
20170214	4.22	4.60	4.04	4.31	100500
20170215	4.40	4.57	4.14	4.32	9500
20170216	4.29	4.30	4.14	4.14	11100
20170217	4.21	4.43	4.17	4.32	28000
20170221	4.37	4.37	4.16	4.19	13300
20170222	4.12	4.38	4.12	4.14	12900
20170223	4.37	4.37	4.15	4.19	11500
20170224	4.16	4.23	3.95	4.23	28900
20170227	4.24	4.52	4.08	4.25	48100
20170228	4.12	4.30	4.08	4.29	12200
20170301	4.19	4.32	4.18	4.22	17100
20170302	4.09	4.24	4.07	4.20	7100
20170303	4.40	4.40	4.16	4.26	2000
20170306	4.32	4.32	4.32	4.32	300
20170307	4.13	4.46	4.12	4.33	31900
20170308	4.14	4.29	4.14	4.21	11400
20170309	4.05	4.05	3.71	3.81	56800
20170310	3.72	3.85	3.72	3.76	8700
20170313	3.69	3.74	3.53	3.53	15200
20170314	3.56	3.56	3.41	3.54	22300
20170315	3.48	3.75	3.35	3.62	33200
20170316	3.65	3.74	3.35	3.55	24100
20170317	3.55	3.65	3.47	3.47	20700
20170320	3.48	3.56	3.48	3.50	2400
20170321	3.45	3.51	3.44	3.44	8200
20170322	3.58	3.58	3.48	3.48	6200
20170323	3.49	3.64	3.47	3.59	16500
20170324	3.56	3.90	3.55	3.65	15300
20170327	3.62	3.77	3.60	3.76	15500
20170328	3.75	3.75	3.65	3.70	16300
20170329	3.74	3.75	3.66	3.66	8200
20170330	3.51	3.69	3.51	3.69	11900
20170331	3.68	3.70	3.62	3.65	12400
20170403	3.57	3.67	3.57	3.65	7600
20170404	3.89	3.89	3.62	3.68	17000
20170405	3.52	3.68	3.52	3.61	15400
20170406	3.56	3.68	3.56	3.68	10300
20170407	3.66	3.66	3.59	3.61	7000
20170410	3.65	3.65	3.55	3.62	1300
20170411	3.60	3.85	3.60	3.75	42000
20170412	3.79	3.86	3.65	3.65	36800
20170413	3.65	3.72	3.60	3.68	19600
20170417	3.63	3.73	3.63	3.67	17300
20170418	3.58	3.61	3.51	3.61	9100
20170419	3.74	3.74	3.69	3.74	8100
20170420	3.74	3.74	3.74	3.74	0
20170421	3.74	3.74	3.74	3.74	0
20170424	3.73	3.73	3.64	3.64	4400
20170425	3.65	3.65	3.64	3.64	1000
20170426	3.64	3.64	3.64	3.64	0
20170427	3.64	3.64	3.64	3.64	0
20170428	3.63	3.63	3.58	3.60	3100
20170501	3.58	3.58	3.42	3.51	13100
20170502	3.69	3.69	3.46	3.55	23100
20170503	3.59	3.70	3.52	3.57	25400
20170504	3.55	3.67	3.51	3.52	9100
20170505	3.51	3.59	3.50	3.55	19000
20170508	3.59	3.60	3.53	3.60	19600
20170509	3.56	3.58	3.45	3.45	8500
20170510	3.46	3.48	3.25	3.40	23500
20170511	3.45	3.51	3.40	3.40	15600
20170512	3.42	3.46	3.35	3.41	33500
20170515	3.39	3.43	3.39	3.43	2700
20170516	3.43	3.43	3.43	3.43	400
20170517	3.43	3.43	3.43	3.43	0
20170518	3.34	3.34	3.26	3.26	1500
20170519	3.29	3.30	3.20	3.23	6700
20170522	3.45	3.45	3.30	3.33	2600
20170523	3.32	3.38	3.32	3.32	1800
20170524	3.34	3.34	3.33	3.33	1600
20170525	3.13	3.20	3.13	3.19	1800
20170526	3.46	3.46	3.25	3.25	3200
20170530	3.35	3.50	3.27	3.30	8100
20170531	3.38	3.54	3.31	3.31	8000
20170601	3.24	3.41	3.24	3.30	10400
20170602	3.33	3.55	3.27	3.35	18100
20170605	3.25	3.36	3.21	3.36	5200
20170606	3.29	3.63	3.29	3.41	12200
20170607	3.37	3.50	3.33	3.42	25100
20170608	3.42	3.45	3.32	3.40	19300
20170609	3.36	3.45	3.36	3.44	1600
20170612	3.54	3.54	3.29	3.29	1700
20170613	3.25	3.30	3.25	3.30	1400
20170614	3.24	3.50	3.24	3.43	7700
20170615	3.41	3.45	3.33	3.41	7700
20170616	3.35	3.50	3.33	3.33	22900
20170619	3.37	3.55	3.36	3.41	7800
20170620	3.28	3.45	3.28	3.45	3500
20170621	3.46	3.55	3.39	3.55	8200
20170622	3.29	3.57	3.29	3.33	7800
20170623	3.43	3.66	3.38	3.54	9000
20170626	3.53	3.69	3.52	3.69	3500
20170627	3.69	3.69	3.69	3.69	0
20170628	3.69	3.70	3.69	3.69	2500
20170629	3.60	3.66	3.53	3.65	14900
20170630	3.63	3.63	3.58	3.58	4700
20170703	3.64	3.64	3.64	3.64	200
20170705	3.64	3.64	3.64	3.64	0
20170706	3.51	3.55	3.51	3.51	1200
20170707	3.51	3.64	3.51	3.64	25500
20170710	3.63	3.65	3.57	3.60	10300
20170711	3.56	3.61	3.56	3.59	700
20170712	3.59	3.59	3.59	3.59	0
20170713	3.59	3.59	3.59	3.59	0
20170714	3.58	3.58	3.51	3.51	3700
20170717	3.51	3.51	3.51	3.51	0
20170718	3.50	3.61	3.40	3.60	30800
20170719	3.60	3.60	3.60	3.60	0
20170720	3.60	3.68	3.60	3.68	400
20170721	3.65	3.65	3.65	3.65	2100
20170724	3.65	3.65	3.65	3.65	0
20170725	3.53	3.70	3.53	3.60	1400
20170726	3.65	3.75	3.65	3.75	2500
20170727	3.65	3.65	3.65	3.65	2500
20170728	3.62	3.62	3.54	3.55	3500
20170731	3.69	3.70	3.69	3.70	800
20170801	3.69	3.69	3.61	3.61	1800
20170802	3.61	3.61	3.61	3.61	0
20170803	3.61	3.61	3.61	3.61	0
20170804	3.61	3.61	3.61	3.61	0
20170807	3.53	3.53	3.53	3.53	100
20170808	3.57	3.58	3.56	3.58	1500
20170809	3.58	3.58	3.58	3.58	0
20170810	3.53	3.53	3.53	3.53	10400
20170811	3.53	3.53	3.53	3.53	0
20170814	3.53	3.53	3.53	3.53	0
20170815	3.53	3.53	3.53	3.53	300
20170816	3.58	3.58	3.51	3.51	2200
20170817	3.51	3.51	3.42	3.42	500
20170818	3.40	3.42	3.40	3.42	500
20170821	3.40	3.41	3.16	3.41	3400
20170822	3.39	3.59	3.29	3.51	20700
20170823	3.39	3.51	3.35	3.51	6000
20170824	3.37	3.37	3.33	3.35	3500
20170825	3.50	3.50	3.40	3.42	9300
20170828	3.42	3.42	3.42	3.42	0
20170829	3.42	3.42	3.42	3.42	0
20170830	3.49	3.49	3.49	3.49	200
20170831	3.41	3.41	3.41	3.41	200
20170901	3.47	3.47	3.47	3.47	300
20170905	3.46	3.46	3.46	3.46	100
20170906	3.29	3.50	3.29	3.43	1600
20170907	3.42	3.42	3.42	3.42	200
20170908	3.42	3.42	3.42	3.42	100
20170911	3.59	3.59	3.52	3.52	1100
20170912	3.54	3.54	3.54	3.54	200
20170913	3.52	3.52	3.51	3.51	6100
20170914	3.44	3.44	3.44	3.44	300
20170915	3.43	3.44	3.41	3.41	1800
20170918	3.41	3.58	3.41	3.54	2400
20170919	3.45	3.45	3.45	3.45	400
20170920	3.55	3.55	3.41	3.41	2700
20170921	3.41	3.41	3.41	3.41	500
20170922	3.41	3.53	3.41	3.50	3800
20170925	3.44	3.44	3.36	3.37	1500
20170926	3.45	3.45	3.42	3.42	700
20170927	3.45	3.45	3.40	3.40	600
20170928	3.42	3.42	3.42	3.42	700
20170929	3.40	3.41	3.36	3.37	2700
20171002	3.37	3.37	3.37	3.37	0
20171003	3.51	3.54	3.46	3.46	900
20171004	3.45	3.54	3.44	3.54	3000
20171005	3.47	3.60	3.47	3.60	4100
20171006	3.55	3.90	3.55	3.90	4100
20171009	3.78	3.78	3.57	3.60	3800
20171010	3.58	3.78	3.45	3.46	22100
20171011	3.45	3.48	3.38	3.38	10400
20171012	3.37	3.48	3.37	3.38	6200
20171013	3.36	3.75	3.36	3.50	4900
20171016	3.38	3.65	3.38	3.50	6300
20171017	3.73	3.76	3.73	3.73	1800
20171018	3.53	4.49	3.53	4.20	143700
20171019	4.19	4.24	4.10	4.20	15000
20171020	4.25	4.25	3.85	4.02	30900
20171023	4.11	4.17	4.04	4.09	3600
20171024	4.19	4.19	3.91	3.92	4300
20171025	3.80	6.24	3.80	4.23	475100
20171026	4.19	4.44	3.81	4.17	47200
20171027	4.02	4.12	3.90	3.97	14000
20171030	3.95	4.25	3.89	4.16	8100
20171031	4.14	4.26	3.89	4.20	6700
20171101	4.17	4.17	3.85	3.88	7600
20171102	3.89	4.13	3.85	3.99	10300
20171103	4.02	4.42	4.02	4.19	3200
20171106	4.19	4.49	4.01	4.02	7100
20171107	4.14	4.21	4.02	4.12	7400
20171108	4.46	4.46	4.03	4.03	7600
20171109	3.93	4.40	3.86	3.86	22500
20171110	3.87	4.11	3.85	3.93	10400
20171113	3.92	4.13	3.87	3.91	3800
20171114	3.85	4.00	3.82	3.82	14600
20171115	3.81	4.40	3.81	4.31	42000
20171116	4.28	4.52	4.17	4.39	22300
20171117	4.30	4.45	4.30	4.43	17200
20171120	4.42	4.79	4.41	4.64	61800
20171121	4.63	4.87	4.42	4.43	32800
20171122	4.85	4.85	4.44	4.44	2300
20171124	4.45	4.70	4.30	4.30	6800
20171127	4.31	4.40	4.25	4.30	15700
20171128	4.30	4.70	4.30	4.30	18000
20171129	4.32	4.43	4.32	4.43	700
20171130	4.55	4.55	4.10	4.22	13800
20171201	4.25	4.33	4.04	4.20	5300
20171204	4.00	4.06	3.95	3.95	7400
20171205	4.09	4.19	3.85	4.06	4500
20171206	4.15	4.15	3.90	3.97	10200
20171207	3.91	4.07	3.85	4.07	7900
20171208	3.94	4.12	3.94	4.10	5000
20171211	4.10	4.10	4.00	4.02	5000
20171212	4.10	4.65	4.05	4.16	29000
20171213	4.00	4.10	4.00	4.07	2700
20171214	4.05	4.21	4.02	4.06	9100
20171215	4.06	4.44	3.91	4.11	20700
20171218	4.02	4.11	3.93	3.93	8000
20171219	3.89	4.04	3.89	3.97	5700
20171220	3.99	4.15	3.92	3.92	14100
20171221	3.89	4.05	3.83	3.95	9200
20171222	3.98	3.98	3.83	3.83	1100
20171226	3.84	3.94	3.84	3.93	500
20171227	3.87	3.96	3.81	3.91	15000
20171228	3.99	4.12	3.87	3.96	4400
20171229	3.87	3.91	3.78	3.86	14900
20180102	3.87	4.43	3.87	3.92	82800
20180103	3.98	3.99	3.82	3.91	8300
20180104	3.86	3.98	3.82	3.88	7100
20180105	3.86	3.96	3.80	3.80	9600
20180108	3.78	3.81	3.71	3.77	16600
20180109	3.77	3.77	3.77	3.77	0
20180110	3.86	3.87	3.74	3.74	5300
20180111	3.81	3.81	3.71	3.71	11400
20180112	3.74	3.80	3.74	3.76	4700
20180116	3.79	3.82	3.61	3.70	16600
20180117	3.79	3.79	3.70	3.75	6000
20180118	3.70	3.78	3.70	3.77	22400
20180119	3.77	4.85	3.70	3.74	213700
20180122	3.74	3.75	3.64	3.66	8900
20180123	3.75	3.96	3.51	3.56	53000
20180124	3.56	3.58	3.50	3.55	8800
20180125	3.52	3.54	3.51	3.51	3900
20180126	3.50	3.98	3.50	3.88	120700
20180129	4.09	4.37	3.70	3.98	147900
20180130	3.97	3.97	3.71	3.80	25700
20180131	3.66	3.85	3.65	3.73	16500
20180201	3.70	3.70	3.58	3.66	14200
20180202	3.55	3.62	3.55	3.55	5200
20180205	3.60	3.60	3.56	3.56	3300
20180206	3.44	3.59	3.44	3.58	10700
20180207	3.52	3.70	3.52	3.70	3300
20180208	3.62	3.62	3.62	3.62	300
20180209	3.46	3.63	3.35	3.35	14800
20180212	3.38	3.49	3.27	3.37	4700
20180213	3.44	3.65	3.41	3.44	9600
20180214	3.53	3.54	3.42	3.49	3000
20180215	3.56	3.56	3.56	3.56	100
20180216	3.52	3.52	3.52	3.52	900
20180220	3.52	3.54	3.52	3.53	700
20180221	3.53	3.57	3.52	3.52	600
20180222	3.53	3.53	3.52	3.52	1500
20180223	3.52	4.14	3.50	3.57	179600
20180226	3.50	3.69	3.41	3.62	48700
20180227	3.62	3.80	3.47	3.48	22900
20180228	3.49	3.77	3.40	3.50	7300
20180301	3.41	3.51	3.38	3.45	6700
20180302	3.52	3.63	3.34	3.49	6000
20180305	3.45	3.50	3.37	3.49	12800
20180306	3.54	3.61	3.47	3.47	13700
20180307	3.47	3.48	3.45	3.45	2500
20180308	3.58	3.58	3.45	3.45	600
20180309	3.50	3.50	3.41	3.42	2000
20180312	3.42	3.56	3.41	3.53	7900
20180313	3.68	3.70	3.50	3.56	12300
20180314	3.51	3.83	3.51	3.63	12100
20180315	3.63	3.68	3.59	3.64	4000
20180316	3.63	3.74	3.63	3.74	12400
20180319	3.58	3.75	3.56	3.69	42100
20180320	3.60	3.60	3.60	3.60	300
20180321	3.60	3.66	3.55	3.65	7100
20180322	3.59	3.77	3.59	3.77	1200
20180323	3.75	3.75	3.54	3.73	9900
20180326	3.65	3.70	3.55	3.65	6700
20180327	3.55	3.65	3.55	3.61	5700
20180328	3.54	3.54	2.87	2.97	30100
20180329	2.94	3.07	2.94	3.01	4500
20180402	2.95	3.02	2.90	2.90	12400
20180403	2.82	2.89	2.79	2.81	2000
20180404	2.77	2.81	2.77	2.81	1300
20180405	2.79	2.83	2.79	2.82	2800
20180406	2.98	2.98	2.83	2.83	3300
20180409	2.91	3.00	2.91	2.92	10300
20180410	3.00	3.14	3.00	3.00	6600
20180411	3.10	3.33	3.10	3.10	25000
20180412	3.12	3.34	3.10	3.11	14500
20180413	2.98	3.12	2.98	3.12	1900
20180416	3.12	3.12	3.05	3.05	600
20180417	3.12	3.16	3.10	3.16	7000
20180418	3.16	3.16	3.16	3.16	0
20180419	3.16	3.32	3.16	3.32	600
20180420	3.34	3.34	3.06	3.19	3800
20180423	3.10	3.10	3.09	3.09	1200
20180424	3.10	3.10	3.10	3.10	200
20180425	3.19	3.19	3.19	3.19	1000
20180426	3.10	3.16	3.10	3.16	4100
20180427	3.21	3.22	3.21	3.21	800
20180430	3.21	3.21	3.21	3.21	0
20180501	3.37	3.37	3.32	3.32	1500
20180502	3.29	3.29	3.29	3.29	1200
20180503	3.25	3.25	3.25	3.25	100
20180504	3.13	3.13	3.13	3.13	100
20180507	3.20	3.45	3.15	3.20	68000
20180508	3.33	3.57	3.26	3.34	27900
20180509	3.30	3.30	3.23	3.29	3900
20180510	3.19	3.29	3.18	3.29	5900
20180511	3.16	3.35	3.14	3.33	11600
20180514	3.35	3.35	3.15	3.15	4500
20180515	3.16	3.28	3.16	3.19	3500
20180516	3.12	3.21	3.03	3.21	1200
20180517	3.21	3.21	3.21	3.21	0
20180518	3.21	3.21	3.21	3.21	0
20180521	3.30	3.34	3.23	3.23	2400
20180522	3.15	3.15	3.15	3.15	200
20180523	3.24	3.25	3.13	3.16	10400
20180524	3.20	3.25	3.08	3.14	7100
20180525	3.17	3.20	3.17	3.17	400
20180529	3.16	3.16	3.16	3.16	200
20180530	3.17	3.25	3.08	3.08	2700
20180531	3.19	3.24	3.14	3.14	3500
20180601	3.24	3.24	3.24	3.24	3700
20180604	3.18	3.18	3.18	3.18	1400
20180605	3.18	3.18	3.18	3.18	0
20180606	3.32	3.32	3.17	3.17	1600
20180607	3.17	3.25	3.17	3.23	1400
20180608	3.24	3.25	3.23	3.23	7400
20180611	3.25	3.25	3.20	3.22	2500
20180612	3.21	3.65	3.05	3.22	55600
20180613	3.43	3.43	3.26	3.26	1900
20180614	3.24	3.24	3.09	3.24	13900
20180615	3.18	3.24	3.18	3.23	600
20180618	3.23	3.23	3.23	3.23	0
20180619	3.24	3.25	3.23	3.23	7600
20180620	3.27	3.50	3.23	3.24	3400
20180621	3.22	3.23	3.21	3.23	4400
20180622	3.28	3.50	3.28	3.44	3300
20180625	3.44	3.56	3.44	3.48	8900
20180626	3.43	3.43	3.24	3.30	20000
20180627	3.32	3.54	3.32	3.39	1600
20180628	3.32	3.67	3.30	3.63	9300
20180629	3.60	3.60	3.42	3.42	1500
20180702	3.48	3.48	3.48	3.48	1600
20180703	3.58	3.58	3.53	3.53	1500
20180705	3.67	3.67	3.47	3.47	1500
20180706	3.49	3.50	3.49	3.50	1600
20180709	3.41	3.42	3.41	3.42	1400
20180710	3.42	3.42	3.42	3.42	0
20180711	3.37	3.39	3.37	3.39	1300
20180712	3.38	3.59	3.38	3.58	15400
20180713	3.42	3.42	3.26	3.27	15600
20180716	3.31	3.31	3.31	3.31	500
20180717	3.31	3.31	3.31	3.31	0
20180718	3.43	3.43	3.42	3.43	600
20180719	3.42	3.42	3.38	3.38	1100
20180720	3.38	3.38	3.38	3.38	0
20180723	3.42	3.42	3.21	3.21	3800
20180724	3.34	3.34	3.33	3.33	400
20180725	3.33	3.33	3.31	3.31	1300
20180726	3.36	3.47	3.35	3.47	400
20180727	3.32	3.32	3.31	3.31	2100
20180730	3.25	3.48	3.25	3.48	300
20180731	3.22	3.33	3.21	3.33	3000
20180801	3.46	6.50	3.42	6.34	1407700
20180802	7.00	8.08	4.25	4.56	2307200
20180803	4.52	5.35	4.11	4.24	633600
20180806	4.12	4.34	3.60	3.83	186700
20180807	3.78	3.84	3.65	3.72	66500
20180808	3.78	3.78	3.56	3.66	45100
20180809	3.73	4.14	3.65	3.76	196200
20180810	3.76	3.91	3.68	3.70	67500
20180813	3.80	3.85	3.70	3.70	29000
20180814	3.57	3.73	3.57	3.64	69300
20180815	4.50	4.68	3.76	3.94	262400
20180816	3.87	4.05	3.80	3.96	75300
20180817	3.99	4.14	3.85	4.12	66600
20180820	4.15	4.15	4.00	4.00	61700
20180821	3.88	4.09	3.88	4.01	13900
20180822	3.99	4.07	3.94	3.94	1100
20180823	4.00	4.05	4.00	4.00	51400
20180824	4.13	4.38	4.05	4.30	177900
20180827	4.30	4.35	4.20	4.22	32500
20180828	4.24	4.29	4.16	4.29	6500
20180829	4.29	4.31	4.22	4.30	14400
20180830	4.30	4.45	4.28	4.39	37700
20180831	4.44	4.44	4.25	4.26	14200
20180904	4.25	4.30	4.20	4.23	11800
20180905	4.35	4.35	4.22	4.29	9900
20180906	4.29	4.29	4.18	4.18	19500
20180907	4.27	4.27	4.04	4.04	9800
20180910	4.14	4.14	4.01	4.02	16300
20180911	4.02	4.11	4.02	4.05	8200
20180912	4.06	4.15	4.05	4.15	8100
20180913	4.07	4.15	4.00	4.03	14400
20180914	4.05	4.05	4.03	4.03	600
20180917	4.05	4.19	4.05	4.19	6400
20180918	4.20	4.28	4.11	4.25	12500
20180919	4.11	4.18	4.07	4.11	20100
20180920	4.05	4.20	4.05	4.18	11700
20180921	4.07	4.18	4.07	4.10	15100
20180924	4.12	4.13	4.08	4.08	3300
20180925	4.10	4.33	4.10	4.10	52500
20180926	4.09	4.11	4.08	4.10	11100
20180927	4.29	4.29	4.06	4.12	12400
20180928	4.29	4.29	4.10	4.10	2100
20181001	4.09	4.18	4.09	4.09	3300
20181002	4.10	4.16	4.08	4.11	5000
20181003	4.08	4.21	4.08	4.21	5100
20181004	4.10	4.18	4.10	4.10	7300
20181005	4.15	4.26	4.06	4.07	26100
20181008	4.15	4.15	4.08	4.09	5200
20181009	4.10	4.16	4.09	4.12	7400
20181010	4.12	4.12	4.05	4.09	11700
20181011	4.00	4.05	3.93	4.01	17000
20181012	4.01	4.25	4.00	4.18	6500
20181015	4.15	4.15	3.96	3.96	1100
20181016	4.07	4.10	4.07	4.08	1600
20181017	4.10	4.15	4.07	4.15	2400
20181018	4.23	4.30	4.17	4.29	7100
20181019	4.32	4.54	4.32	4.36	22200
20181022	4.35	4.40	4.31	4.40	1600
20181023	4.31	4.49	4.25	4.36	7000
20181024	4.47	4.54	4.30	4.48	15100
20181025	4.48	4.48	4.31	4.41	1200
20181026	4.30	4.48	4.30	4.32	1600
20181029	4.30	4.47	4.20	4.35	6900
20181030	4.21	4.26	4.21	4.26	2100
20181031	4.26	4.35	4.26	4.35	400
20181101	4.26	4.46	4.26	4.35	12300
20181102	4.31	4.47	4.28	4.28	7900
20181105	4.54	4.75	4.35	4.38	8900
20181106	4.54	4.85	4.54	4.58	4300
20181107	4.61	4.75	4.55	4.75	14400
20181108	4.81	4.81	4.60	4.65	6800
20181109	4.61	4.67	4.56	4.65	8100
20181112	4.70	4.73	4.70	4.70	1000
20181113	4.73	4.75	4.46	4.64	4100
20181114	4.69	4.75	4.43	4.69	8000
20181115	4.69	4.98	4.42	4.89	23600
20181116	4.90	5.50	4.83	4.94	60100
20181119	4.59	5.45	4.59	5.45	26700
20181120	5.40	5.40	4.91	4.91	2500
20181121	5.04	5.05	4.81	4.82	5500
20181123	4.88	4.88	4.84	4.84	300
20181126	4.76	4.76	4.62	4.66	2900
20181127	4.68	4.69	4.51	4.68	9100
20181128	4.87	4.99	4.77	4.77	6100
20181129	4.97	5.10	4.77	4.82	10200
20181130	5.00	5.39	4.89	5.15	42400
20181203	5.16	5.30	4.82	5.10	5400
20181204	5.09	5.09	4.73	4.73	13500
20181206	5.06	5.06	4.86	5.02	900
20181207	4.82	5.03	4.72	4.72	9300
20181210	4.53	4.64	4.53	4.57	3600
20181211	4.39	4.48	4.35	4.48	5000
20181212	4.31	4.33	4.22	4.23	6200
20181213	4.24	4.48	4.24	4.28	3600
20181214	4.28	4.28	4.28	4.28	0
20181217	4.21	4.25	4.19	4.19	1800
20181218	4.15	4.15	4.10	4.11	2800
20181219	3.95	3.95	3.95	3.95	900
20181220	3.99	4.00	3.67	3.98	10200
20181221	4.02	4.02	3.70	3.71	6200
20181224	3.55	3.55	3.52	3.52	1000
20181226	3.61	3.65	3.53	3.56	4700
20181227	3.70	3.71	3.51	3.52	9100
20181228	3.65	3.75	3.58	3.58	5200
20181231	3.60	3.60	3.54	3.55	3900
20190102	3.58	3.96	3.58	3.96	2700
20190103	3.99	4.21	3.68	4.20	10900
20190104	4.42	4.42	4.01	4.16	1500
20190107	4.01	4.47	3.97	4.47	3800
20190108	4.48	4.48	4.03	4.03	4300
20190109	4.23	4.23	4.23	4.23	100
20190110	4.30	4.30	4.27	4.29	2000
20190111	4.30	4.34	4.22	4.22	2600
20190114	4.42	4.42	4.00	4.18	3500
20190115	4.48	4.48	4.11	4.14	800
20190116	4.27	4.27	4.27	4.27	400
20190117	4.25	4.43	4.25	4.30	2100
20190118	4.52	4.52	4.32	4.32	1300
20190122	4.30	4.30	4.30	4.30	700
20190123	4.35	4.38	4.25	4.25	3500
20190124	4.27	4.29	4.05	4.17	6100
20190125	4.17	4.35	4.16	4.35	6700
20190128	4.47	4.47	4.16	4.17	4800
20190129	4.20	4.20	4.16	4.16	11900
20190130	4.29	4.47	4.16	4.17	11300
20190131	4.27	4.27	4.27	4.27	300
20190201	4.27	4.27	4.27	4.27	100
20190204	4.38	4.38	4.22	4.31	1500
20190205	4.31	4.31	4.25	4.25	700
20190206	4.23	4.25	4.21	4.21	16900
20190207	4.21	4.36	4.21	4.21	3400
20190208	4.29	4.34	4.24	4.30	500
20190211	4.33	4.70	4.33	4.59	87900
20190212	4.70	4.75	4.62	4.70	40400
20190213	4.73	4.99	4.64	4.91	32400
20190214	5.09	5.25	4.92	4.92	23000
20190215	4.90	5.02	4.57	4.68	20000
20190219	4.55	4.87	4.45	4.69	29900
20190220	4.70	4.85	4.57	4.62	10800
20190221	4.60	4.85	4.55	4.85	19000
20190222	4.66	4.85	4.63	4.70	3900
20190225	4.74	4.75	4.66	4.66	2000
20190226	4.73	4.73	4.62	4.62	1300
20190227	4.62	4.73	4.58	4.64	25600
20190228	4.61	4.75	4.59	4.60	9500
20190301	4.70	4.70	4.61	4.70	2800
20190304	4.75	4.75	4.62	4.69	6300
20190305	4.70	4.70	4.61	4.67	9100
20190306	4.65	4.70	4.62	4.66	2600
20190307	4.70	4.92	4.63	4.92	21900
20190308	4.77	4.87	4.74	4.75	4800
20190311	4.74	4.74	4.64	4.72	8000
20190312	4.66	4.90	4.66	4.90	4300
20190313	4.73	4.81	4.73	4.81	600
20190314	4.90	4.90	4.90	4.90	200
20190315	4.88	4.88	4.77	4.77	600
20190318	4.84	4.89	4.74	4.74	5300
20190319	4.92	4.92	4.73	4.88	3000
20190320	4.84	4.84	4.77	4.77	2100
20190321	4.75	4.87	4.75	4.87	700
20190322	4.75	4.76	4.75	4.76	400
20190325	4.74	4.91	4.74	4.85	7000
20190326	4.98	4.99	4.73	4.74	8800
20190327	4.75	4.85	4.44	4.63	6400
20190328	4.89	4.89	4.65	4.65	1900
20190329	4.65	4.73	4.63	4.73	1300
20190401	4.60	4.78	4.59	4.70	16700
20190402	4.25	4.28	4.08	4.28	13400
20190403	4.22	4.22	4.10	4.10	5100
20190404	4.25	4.42	4.10	4.13	1500
20190405	4.13	4.44	4.12	4.44	3100
20190408	4.30	4.32	4.20	4.24	1700
20190409	4.23	4.38	4.21	4.29	4900
20190410	4.28	4.38	4.28	4.38	3100
20190411	4.18	4.28	4.18	4.28	6000
20190412	4.28	4.28	4.18	4.25	1600
20190415	4.17	4.25	4.15	4.24	3400
20190416	4.15	4.28	4.15	4.28	1500
20190417	4.18	4.18	4.15	4.18	3200
20190418	4.15	4.16	4.14	4.15	4300
20190422	4.15	4.16	4.12	4.12	2400
20190423	4.12	4.13	4.12	4.13	4400
20190424	4.12	4.12	4.03	4.03	10100
20190425	4.03	4.03	4.03	4.03	600
20190426	4.06	4.27	4.02	4.27	11500
20190429	4.22	4.25	4.01	4.03	7500
20190430	4.17	4.17	4.17	4.17	200
20190501	4.15	4.17	4.15	4.15	4500
20190502	3.95	4.12	3.95	4.12	4900
20190503	4.08	4.08	3.98	4.02	24400
20190506	4.00	4.06	4.00	4.00	16800
20190507	4.25	4.26	4.00	4.00	4000
20190508	4.25	4.25	3.89	3.89	10000
20190509	4.15	4.15	3.78	3.81	4900
20190510	3.97	4.00	3.97	3.98	1800
20190513	3.80	4.19	3.80	3.84	44100
20190514	4.00	4.20	4.00	4.06	10600
20190515	4.10	4.12	4.09	4.12	10800
20190516	4.00	4.00	3.87	3.87	14000
20190517	3.96	3.99	3.96	3.98	800
20190520	3.98	4.20	3.88	4.20	11000
20190521	4.08	4.16	4.08	4.13	8900
20190522	4.09	4.13	4.09	4.13	400
20190523	4.13	4.13	4.13	4.13	0
20190524	4.14	4.14	4.14	4.14	2100
20190528	4.09	4.09	4.09	4.09	100
20190529	4.09	4.09	4.01	4.01	400
20190530	4.01	4.01	4.01	4.01	100
20190531	4.01	4.01	4.01	4.01	100
20190603	4.01	4.01	4.01	4.01	100
20190604	3.97	4.08	3.80	3.85	33800
20190605	4.05	4.05	4.00	4.04	1400
20190606	4.00	4.00	4.00	4.00	400
20190607	4.00	4.00	4.00	4.00	100
20190610	3.90	4.04	3.79	3.92	31600
20190611	3.78	3.99	3.75	3.82	6000
20190612	3.91	3.96	3.80	3.87	8800
20190613	3.82	3.99	3.82	3.99	6300
20190614	3.99	3.99	3.81	3.93	10700
20190617	3.83	3.96	3.82	3.96	3200
20190618	3.99	3.99	3.81	3.90	4700
20190619	3.78	3.78	3.78	3.78	700
20190620	3.78	3.78	3.78	3.78	0
20190621	3.97	4.16	3.97	4.00	4500
20190624	3.81	4.02	3.81	4.02	600
20190625	4.02	4.02	4.02	4.02	100
20190626	3.87	4.10	3.78	4.07	7100
20190627	4.02	4.02	4.00	4.02	2200
20190628	4.02	4.02	4.02	4.02	0
20190701	3.98	4.16	3.98	4.16	700
20190702	3.95	4.10	3.95	4.00	900
20190703	4.00	4.00	4.00	4.00	0
20190705	4.00	4.00	4.00	4.00	100
20190708	4.00	4.00	4.00	4.00	100
20190709	4.02	4.16	3.85	3.85	900
20190710	3.85	3.85	3.85	3.85	100
20190711	3.95	4.08	3.95	3.99	1100
20190712	3.91	3.91	3.91	3.91	200
20190715	3.91	4.00	3.85	3.85	3000
20190716	3.73	3.73	3.71	3.71	400
20190717	3.71	3.71	3.71	3.71	200
20190718	3.66	3.66	3.66	3.66	300
20190719	3.65	3.65	3.65	3.65	300
20190722	3.65	3.65	3.65	3.65	100
20190723	3.65	3.65	3.65	3.65	100
20190724	3.65	3.65	3.65	3.65	0
20190725	3.90	3.90	3.66	3.84	6200
20190726	3.90	3.90	3.88	3.88	2500
20190729	3.94	3.94	3.85	3.85	1200
20190730	3.85	4.07	3.85	4.07	2500
20190731	3.95	3.95	3.70	3.70	5300
20190801	3.71	3.71	3.71	3.71	200
20190802	3.80	3.90	3.65	3.69	2200
20190805	3.80	3.80	3.60	3.60	3900
20190806	3.60	3.60	3.19	3.56	10800
20190807	3.45	3.45	3.31	3.41	7200
20190808	3.35	3.44	3.35	3.35	1400
20190809	3.35	3.44	3.35	3.35	100
20190812	3.58	3.58	3.42	3.42	1800
20190813	3.30	3.30	3.30	3.30	1500
20190814	3.30	3.30	3.30	3.30	100
20190815	3.21	3.23	3.03	3.23	13700
20190816	3.23	3.25	3.20	3.20	1700
20190819	3.17	3.50	3.17	3.24	3800
20190820	3.21	3.39	3.20	3.35	3000
20190821	3.11	3.11	3.08	3.10	900
20190822	3.22	3.22	3.22	3.22	200
20190823	3.15	3.35	3.15	3.35	2100
20190826	3.29	3.30	3.20	3.30	2200
20190827	3.15	3.22	3.15	3.21	2500
20190828	3.18	3.19	3.05	3.16	3100
20190829	3.11	3.12	3.02	3.12	9400
20190830	3.12	3.18	2.90	3.16	12100
20190903	2.96	3.09	2.93	3.08	2900
20190904	2.92	3.08	2.91	3.08	2000
20190905	2.91	3.07	2.91	3.06	1900
20190906	2.92	3.06	2.90	2.96	3100
20190909	2.90	3.00	2.90	3.00	3800
20190910	2.90	2.98	2.90	2.98	3900
20190911	2.91	2.99	2.90	2.98	4600
20190912	2.99	3.10	2.91	3.10	8600
20190913	2.94	3.03	2.94	2.99	1000
20190916	2.97	3.06	2.96	3.02	1600
20190917	3.04	3.04	2.96	2.96	5100
20190918	3.11	3.11	2.84	2.96	14100
20190919	2.95	3.02	2.93	2.99	2300
20190920	3.05	3.08	2.98	3.08	1800
20190923	2.99	3.09	2.96	2.96	6800
20190924	3.13	3.14	2.94	3.05	5300
20190925	3.02	3.02	2.95	2.95	2100
20190926	3.04	3.04	3.04	3.04	300
20190927	2.95	3.03	2.93	3.03	2200
20190930	2.93	3.03	2.93	3.03	5000
20191001	2.91	3.04	2.90	2.98	28900
20191002	2.90	2.93	2.86	2.88	8200
20191003	2.87	2.98	2.87	2.91	1400
20191004	2.87	2.96	2.87	2.91	2200
20191007	2.94	3.03	2.87	2.94	5600
20191008	2.89	2.94	2.88	2.94	3100
20191009	2.94	2.94	2.94	2.94	100
20191010	2.94	2.94	2.94	2.94	100
20191011	2.94	3.00	2.94	2.95	4100
20191014	2.91	2.99	2.90	2.98	2300
20191015	2.93	3.08	2.91	2.96	9000
20191016	2.91	3.05	2.91	2.96	9300
20191017	2.96	2.96	2.96	2.96	100
20191018	2.96	2.96	2.96	2.96	0
20191021	2.96	2.96	2.93	2.94	4500
20191022	2.88	2.94	2.88	2.92	7600
20191023	2.87	2.94	2.87	2.90	12400
20191024	2.88	2.88	2.65	2.75	35300
20191025	2.74	2.88	2.74	2.82	3300
20191028	2.74	2.75	2.74	2.75	500
20191029	2.80	2.91	2.80	2.84	7600
20191030	2.84	2.85	2.81	2.81	5200
20191031	2.81	2.81	2.81	2.81	100
20191101	2.81	2.81	2.81	2.81	100
20191104	2.84	2.84	2.77	2.84	4800
20191105	2.84	2.84	2.84	2.84	2000
20191106	2.84	2.84	2.83	2.83	2600
20191107	2.82	2.82	2.76	2.76	18000
20191108	2.76	2.76	2.70	2.70	11800
20191111	2.70	2.70	2.70	2.70	400
20191112	2.79	2.79	2.75	2.75	16000
20191113	6.05	7.46	4.00	4.10	17197900
20191114	3.92	4.40	3.82	4.29	779300
20191115	4.12	4.49	4.03	4.49	198700
20191118	4.40	4.70	4.31	4.52	188600
20191119	4.50	4.56	4.00	4.13	83400
20191120	4.20	4.41	4.09	4.14	60600
20191121	4.15	4.34	4.00	4.25	70300
20191122	4.18	4.37	4.04	4.17	70300
20191125	4.08	4.35	4.08	4.09	31000
20191126	4.16	4.31	4.08	4.08	25200
20191127	4.08	4.28	4.08	4.09	24100
20191129	4.08	4.12	4.06	4.10	5500
20191202	4.08	4.13	3.91	3.98	44700
20191203	3.92	3.93	3.85	3.87	26400
20191204	3.93	4.12	3.89	3.97	21100
20191205	4.05	4.05	3.90	3.94	11800
20191206	3.78	4.00	3.78	3.85	3800
20191209	3.84	4.08	3.84	3.98	7500
20191210	4.00	4.23	3.86	3.90	16000
20191211	3.90	4.13	3.90	4.08	7100
20191212	4.03	4.03	3.99	3.99	6200
20191213	4.01	4.05	4.00	4.02	4300
20191216	4.00	4.00	3.91	3.92	13300
20191217	3.91	3.98	3.91	3.97	2500
20191218	3.97	4.34	3.97	4.28	117500
20191219	4.28	4.43	4.28	4.38	91800
20191220	4.44	4.67	4.09	4.40	87400
20191223	4.48	4.97	4.48	4.83	35500
20191224	4.76	5.12	4.42	5.11	24800
20191226	4.90	5.42	4.70	5.12	45500
20191227	5.12	5.40	5.00	5.35	48600
20191230	5.21	5.43	4.99	5.19	39600
20191231	5.29	5.30	4.87	4.87	16200
20200102	5.15	5.27	4.97	5.22	23000
20200103	5.38	5.38	4.79	4.96	74200
20200106	4.73	5.35	4.72	5.35	6900
20200107	5.38	5.38	4.69	5.17	13400
20200108	4.99	5.20	4.86	5.01	6400
20200109	5.16	5.60	5.00	5.01	54100
20200110	5.12	5.35	5.06	5.35	3000
20200113	5.39	5.39	4.86	5.01	22700
20200114	4.90	5.33	4.86	5.19	34300
20200115	4.89	5.20	4.89	5.02	6900
20200116	4.96	5.00	4.85	4.95	4200
20200117	4.99	5.25	4.93	5.05	20600
20200121	5.17	5.17	4.87	4.90	15100
20200122	4.96	4.96	4.78	4.89	2300
20200123	4.93	4.98	4.78	4.98	7200
20200124	4.88	4.88	4.75	4.77	14300
20200127	4.85	5.00	4.83	4.97	2300
20200128	4.68	4.93	4.66	4.87	5900
20200129	4.93	4.93	4.62	4.93	4900
20200130	4.93	4.94	4.51	4.68	16300
20200131	4.68	4.68	4.68	4.68	0
20200203	4.50	4.52	4.27	4.47	10400
20200204	4.51	4.88	4.40	4.44	6300
20200205	4.47	4.51	4.47	4.51	1700
20200206	4.72	4.72	4.54	4.67	3200
20200207	4.27	4.68	4.27	4.68	1200
20200210	4.22	4.63	4.22	4.63	5000
20200211	4.79	4.84	4.62	4.62	4900
20200212	4.51	4.64	4.51	4.63	1000
20200213	4.67	4.67	4.53	4.62	900
20200214	4.56	4.56	4.56	4.56	1000
20200218	4.50	4.75	4.50	4.60	11200
20200219	4.63	4.74	4.55	4.55	2500
20200220	4.54	4.54	4.45	4.46	3300
20200221	4.45	4.59	4.45	4.59	4200
20200224	4.39	4.49	4.20	4.20	5000
20200225	4.20	4.30	4.20	4.20	4000
20200226	4.20	4.23	4.17	4.21	2300
20200227	4.10	4.10	3.96	4.01	7600
20200228	3.88	4.20	3.87	3.97	3700
20200302	3.96	3.96	3.96	3.96	1000
20200303	4.04	4.04	3.85	3.85	2000
20200304	3.92	3.93	3.84	3.88	3400
20200305	3.75	3.87	3.71	3.72	2000
20200306	3.71	3.77	3.68	3.77	5500
20200309	3.61	3.61	3.61	3.61	1500
20200310	3.61	3.61	3.61	3.61	0
20200311	3.65	3.66	3.55	3.57	13400
20200312	3.55	3.55	3.30	3.30	600
20200313	3.66	3.66	3.05	3.07	4500
20200316	3.03	3.20	2.86	2.90	3400
20200317	2.95	3.00	2.90	2.95	5200
20200318	2.95	2.95	2.95	2.95	0
20200319	2.72	3.08	2.72	3.00	6500
20200320	3.15	3.50	2.69	2.69	27400
20200323	2.65	2.91	2.65	2.84	7000
20200324	2.83	3.01	2.83	2.96	12300
20200325	2.80	2.81	2.52	2.73	19000
20200326	2.75	3.17	2.75	3.15	16400
20200327	3.23	3.23	3.20	3.20	1600
20200330	3.36	3.44	3.36	3.44	2200
20200331	3.28	3.43	3.28	3.42	2300
20200401	3.00	3.37	3.00	3.35	2700
20200402	3.36	3.36	3.36	3.36	300
20200403	3.37	3.37	3.36	3.36	900
20200406	3.51	4.24	3.45	3.48	16200
20200407	3.46	3.81	3.46	3.81	600
20200408	3.85	3.85	3.81	3.84	2700
20200409	3.55	3.88	3.55	3.88	900
20200413	3.88	3.88	3.88	3.88	0
20200414	3.65	3.75	3.29	3.75	12400
20200415	3.72	3.73	3.57	3.73	700
20200416	3.70	3.71	3.69	3.69	500
20200417	3.83	3.87	3.83	3.84	1900
20200420	3.84	3.84	3.84	3.84	0
20200421	3.31	3.31	3.30	3.30	400
20200422	3.60	3.86	3.60	3.70	1300
20200423	3.70	3.70	3.70	3.70	0
20200424	3.69	3.71	3.66	3.71	1600
20200427	3.41	3.53	3.41	3.52	700
20200428	3.40	3.65	3.40	3.65	1500
20200429	3.72	3.84	3.69	3.80	4200
20200430	3.53	3.85	3.53	3.78	4100
20200501	3.66	3.83	3.65	3.75	1000
20200504	3.58	3.83	3.48	3.48	1900
20200505	3.48	3.72	3.47	3.50	2400
20200506	3.48	3.48	3.48	3.48	300
20200507	3.57	3.57	3.57	3.57	700
20200508	3.56	3.56	3.56	3.56	500
20200511	3.73	3.73	3.73	3.73	500
20200512	3.65	3.71	3.49	3.49	1800
20200513	3.60	3.60	3.50	3.50	6800
20200514	3.75	3.89	2.91	3.68	61400
20200515	3.90	3.90	3.32	3.32	4400
20200518	3.31	3.47	3.20	3.40	4100
20200519	3.20	3.45	3.20	3.25	2600
20200520	3.27	3.50	3.25	3.50	1700
20200521	3.45	3.60	3.34	3.53	2000
20200522	3.58	3.68	3.36	3.36	2200
20200526	3.43	3.63	3.43	3.55	1700
20200527	3.60	3.60	3.48	3.48	1300
20200528	3.49	3.49	3.49	3.49	200
20200529	3.49	3.49	3.36	3.36	1100
20200601	3.40	3.49	3.37	3.49	2300
20200602	3.52	3.52	3.42	3.42	2100
20200603	3.78	3.78	3.78	3.78	500
20200604	3.46	3.46	3.46	3.46	300
20200605	3.47	3.59	3.47	3.59	1400
20200608	3.59	3.74	3.53	3.71	7700
20200609	3.71	3.74	3.62	3.62	1000
20200610	3.53	3.87	3.53	3.78	2100
20200611	3.75	4.17	3.75	4.15	24200
20200612	4.18	4.49	4.09	4.30	32400
20200615	4.26	4.90	4.25	4.27	14800
20200616	4.32	4.53	4.32	4.47	9900
20200617	4.48	5.06	4.21	4.60	34900
20200618	4.47	4.92	4.47	4.59	4100
20200619	4.41	4.46	3.89	3.91	19400
20200622	3.91	4.40	3.91	4.33	2300
20200623	4.00	4.40	4.00	4.40	5600
20200624	4.08	4.33	4.08	4.20	800
20200625	4.00	4.00	4.00	4.00	300
20200626	4.22	4.22	4.10	4.10	500
20200629	4.26	4.26	4.26	4.26	200
20200630	4.30	4.31	4.00	4.29	1800
20200701	4.29	4.29	4.29	4.29	0
20200702	4.03	4.14	4.03	4.14	8300
20200706	4.25	4.60	4.25	4.27	8700
20200707	4.39	4.39	4.39	4.39	200
20200708	4.31	4.39	4.10	4.39	3800
20200709	4.13	4.13	4.13	4.13	600
20200710	4.13	4.60	4.13	4.45	5400
20200713	4.11	4.17	4.11	4.11	1700
20200714	4.15	4.37	4.15	4.37	1100
20200715	4.46	4.70	4.17	4.22	15400
20200716	4.46	4.54	4.11	4.52	1300
20200717	4.36	4.39	4.22	4.39	1400
20200720	4.48	4.49	4.42	4.42	2300
20200721	4.42	4.50	4.40	4.40	5100
20200722	4.59	4.69	4.40	4.40	5000
20200723	4.50	4.61	4.50	4.61	600
20200724	4.53	4.53	4.46	4.46	1000
20200727	4.65	4.65	4.53	4.65	1500
20200728	4.43	4.45	4.43	4.45	800
20200729	4.45	4.55	4.45	4.45	1200
20200730	4.52	4.52	4.40	4.47	2600
20200731	4.47	4.47	4.47	4.47	0
20200803	4.51	4.51	4.51	4.51	500
20200804	4.65	4.65	4.65	4.65	2300
20200805	4.44	5.00	4.40	4.54	31700
20200806	4.76	4.76	4.45	4.45	800
20200807	4.56	4.94	4.56	4.94	4100
20200810	4.95	4.95	4.60	4.60	3000
20200811	4.88	4.93	4.64	4.64	3600
20200812	4.70	4.72	4.40	4.55	17100
20200813	4.40	4.64	4.40	4.45	4000
20200814	4.40	4.50	4.40	4.50	800
20200817	4.47	4.53	4.47	4.53	700
20200818	4.56	4.66	4.40	4.43	1000
20200819	4.48	4.57	4.40	4.40	2600
20200820	4.49	4.58	4.48	4.51	14100
20200821	4.48	4.61	4.26	4.30	16700
20200824	4.49	4.49	4.15	4.18	29500
20200825	4.14	4.30	4.00	4.20	38500
20200826	4.06	4.12	3.85	4.12	26800
20200827	4.16	4.16	3.95	3.96	230800
20200828	6.05	6.50	4.45	5.08	23751700
20200831	4.77	5.75	4.67	5.50	441500
20200901	5.27	6.00	4.90	5.85	186700
20200902	5.61	5.90	5.14	5.75	75900
20200903	5.26	5.62	5.02	5.12	56700
20200904	4.86	5.22	4.86	5.11	15800
20200908	5.01	5.01	4.52	4.84	22100
20200909	4.81	4.99	4.43	4.79	37300
20200910	4.66	4.95	4.66	4.85	9400
20200911	4.90	4.99	4.57	4.65	23800
20200914	4.81	5.05	4.68	4.80	16300
20200915	4.77	4.95	4.71	4.76	5900
20200916	5.03	5.04	4.83	4.90	11200
20200917	4.86	4.93	4.72	4.81	12900
20200918	4.81	4.85	4.80	4.81	15600
20200921	4.80	4.80	4.65	4.65	3200
20200922	4.69	4.75	4.69	4.71	4600
20200923	4.71	4.75	4.69	4.69	5900
20200924	4.65	4.65	4.58	4.60	6400
20200925	4.56	4.56	4.45	4.52	15100
20200928	4.53	4.66	4.51	4.57	8000
20200929	4.55	4.74	4.55	4.70	9800
20200930	4.66	4.69	4.58	4.69	800
20201001	4.60	4.60	4.51	4.59	4400
20201002	4.41	4.59	4.36	4.45	12300
20201005	4.39	4.42	4.37	4.42	8400
20201006	4.50	4.50	4.41	4.46	4000
20201007	4.58	5.00	4.51	4.80	17400
20201008	4.69	5.24	4.69	5.00	9600
20201009	4.67	5.00	4.67	4.76	3000
20201012	5.04	5.54	4.99	5.00	20200
20201013	4.91	4.96	4.62	4.96	3900
20201014	4.82	4.84	4.70	4.70	5800
20201015	4.70	4.70	4.70	4.70	500
20201016	4.70	4.70	4.64	4.70	4800
20201019	4.99	4.99	4.64	4.88	600
20201020	4.64	4.91	4.64	4.91	1400
20201021	4.61	4.68	4.61	4.68	1700
20201022	4.95	4.95	4.95	4.95	300
20201023	4.98	4.98	4.95	4.96	1400
20201026	4.96	4.96	4.96	4.96	0
20201027	4.75	4.81	4.69	4.78	2900
20201028	4.65	4.65	4.55	4.55	9400
20201029	4.57	4.59	4.55	4.56	1600
20201030	4.50	4.58	4.50	4.58	2300
20201102	4.66	5.00	4.58	4.60	5700
20201103	4.60	4.60	4.60	4.60	500
20201104	4.51	4.51	4.51	4.51	900
20201105	4.44	4.53	4.44	4.53	1600
20201106	4.55	4.65	4.55	4.65	4000
20201109	4.76	4.92	4.75	4.75	11100
20201110	4.75	4.75	4.75	4.75	0
20201111	4.81	4.82	4.81	4.82	400
20201112	5.00	5.00	4.40	4.44	23600
20201113	4.36	4.40	4.35	4.36	7000
20201116	4.41	4.48	4.25	4.38	4600
20201117	4.38	4.44	4.25	4.25	2500
20201118	4.26	4.38	4.26	4.30	1700
20201119	4.33	4.45	4.33	4.45	2800
20201120	4.32	4.40	4.25	4.25	11300
20201123	4.26	4.49	4.26	4.33	3300
20201124	4.22	4.44	4.22	4.41	4100
20201125	4.41	4.41	4.41	4.41	200
20201127	4.42	4.42	4.42	4.42	600
20201130	4.59	4.63	4.42	4.42	6800
20201201	4.64	4.71	4.43	4.55	3300
20201202	4.51	4.80	4.51	4.75	11900
20201203	4.75	4.75	4.75	4.75	0
20201204	4.72	4.90	4.72	4.82	3500
20201207	4.79	4.83	4.78	4.78	4500
20201208	4.80	4.85	4.74	4.74	6500
20201209	4.74	4.83	4.72	4.76	3900
20201210	4.68	4.75	4.68	4.75	3300
20201211	4.75	4.85	4.75	4.80	3800
20201214	4.96	5.00	4.89	5.00	2400
20201215	5.00	5.06	4.96	5.00	7600
20201216	4.98	5.07	4.90	4.93	3700
20201217	4.89	5.11	4.86	5.04	4800
20201218	5.20	5.74	5.13	5.48	47200
20201221	5.45	5.55	5.21	5.40	4300
20201222	5.49	5.49	5.22	5.26	17200
20201223	5.32	5.75	5.32	5.47	7600
20201224	5.74	6.17	5.51	6.00	47500
20201228	6.24	6.29	6.00	6.25	45000
20201229	6.29	7.45	6.28	6.50	137100
20201230	6.80	10.14	6.80	8.25	743100
20201231	8.25	8.50	6.69	7.17	111700
20210104	7.08	7.09	6.39	6.50	85500
20210105	6.30	6.67	6.26	6.60	31600
20210106	6.35	6.85	6.35	6.60	24900
20210107	6.62	7.33	6.62	6.93	33400
20210108	6.72	7.21	6.72	7.16	16300
20210111	7.00	7.57	6.96	7.21	30500
20210112	7.18	8.11	7.18	7.94	23600
20210113	7.93	7.93	7.57	7.83	20600
20210114	7.95	8.55	7.95	8.41	52800
20210115	8.11	8.40	7.67	7.96	21900
20210119	8.05	8.11	7.78	8.00	13300
20210120	8.19	8.19	7.58	7.83	10200
20210121	7.61	8.00	7.50	7.55	8500
20210122	7.76	7.81	7.10	7.25	31300
20210125	7.29	7.54	7.26	7.49	9900
20210126	7.53	7.77	7.43	7.47	5200
20210127	7.47	7.47	7.15	7.25	4100
20210128	7.25	7.57	7.17	7.34	12100
20210129	7.89	7.89	7.09	7.25	6800
20210201	7.23	8.69	7.17	8.25	72200
20210202	8.59	8.59	7.85	8.00	10800
20210203	8.00	8.18	7.84	7.96	6300
20210204	7.88	8.51	7.73	8.09	54100
20210205	8.08	8.46	8.08	8.35	8400
20210208	8.36	9.00	8.32	8.65	67100
20210209	8.78	8.78	8.46	8.46	12200
20210210	8.50	8.51	8.00	8.29	11600
20210211	8.39	8.39	7.60	7.97	19600
20210212	8.42	8.47	7.87	8.10	5300
20210216	8.26	8.26	8.02	8.02	2800
20210217	8.07	8.46	8.02	8.10	4200
20210218	8.23	8.23	7.70	7.78	13300
20210219	7.71	8.01	7.71	8.01	3200
20210222	7.70	8.48	7.66	7.71	38600
20210223	7.69	7.85	7.18	7.85	16700
20210224	8.00	8.47	7.64	7.80	12800
20210225	7.70	7.83	7.51	7.79	10200
20210226	7.78	7.82	7.55	7.57	7800
20210301	7.55	7.57	7.45	7.53	8700
20210302	7.67	8.07	7.62	7.87	5100
20210303	7.99	8.45	7.65	7.83	35000
20210304	7.53	8.08	7.53	7.60	12100
20210305	7.50	8.14	7.50	7.61	5700
20210308	7.62	7.92	7.61	7.73	9800
20210309	7.92	8.40	7.53	8.29	8100
20210310	7.85	8.50	7.85	8.30	23100
20210311	8.64	8.64	7.86	7.91	8600
20210312	8.20	8.38	7.90	7.90	20900
20210315	8.05	8.62	7.97	8.35	13800
20210316	8.42	8.42	8.00	8.27	4900
20210317	8.27	8.80	8.04	8.64	22900
20210318	8.70	8.70	8.24	8.24	6400
20210319	8.32	8.70	8.01	8.48	2500
20210322	8.70	8.78	8.02	8.45	17900
20210323	8.45	8.77	8.01	8.08	11400
20210324	8.03	8.48	6.75	6.75	72200
20210325	6.61	7.24	6.29	6.75	13200
20210326	6.95	7.13	6.41	6.70	19000
20210329	6.69	6.69	6.00	6.05	11000
20210330	6.05	6.30	6.00	6.23	7100
20210331	6.42	6.67	6.10	6.28	4400
20210401	6.38	6.42	6.20	6.25	4000
20210405	6.30	6.60	6.25	6.38	7200
20210406	6.40	7.35	6.15	6.29	97600
20210407	6.29	7.06	6.29	7.04	43800
20210408	6.66	7.29	6.41	7.14	36400
20210409	6.92	7.00	6.86	6.90	5600
20210412	6.63	7.00	6.63	6.81	12500
20210413	6.82	6.82	6.63	6.71	3200
20210414	6.69	6.81	6.56	6.56	3600
20210415	6.56	6.76	6.52	6.65	11000
20210416	6.63	6.68	6.43	6.67	9700
20210419	6.73	6.73	5.53	5.85	20500
20210420	5.94	6.13	5.90	6.00	11400
20210421	5.99	6.00	5.87	5.91	6400
20210422	5.62	6.35	5.62	6.15	21100
20210423	6.15	6.46	6.01	6.12	12400
20210426	6.11	6.32	6.11	6.21	1100
20210427	6.21	6.21	6.21	6.21	0
20210428	6.15	6.34	6.00	6.10	4200
20210429	6.17	6.17	6.17	6.17	300
20210430	6.05	6.05	6.05	6.05	400
20210503	6.05	6.16	5.52	5.96	19800
20210504	6.04	6.04	5.81	5.91	6000
20210505	5.90	6.48	5.80	6.21	2800
20210506	6.00	6.02	5.72	5.76	12100
20210507	5.92	7.88	5.75	6.16	92700
20210510	6.10	6.10	5.89	5.89	5500
20210511	5.81	5.95	5.68	5.82	4500
20210512	5.86	5.98	5.74	5.77	7600
20210513	5.91	5.97	5.45	5.76	6400
20210514	5.80	5.80	5.78	5.78	500
20210517	6.07	6.07	5.62	5.63	2000
20210518	5.63	5.70	5.63	5.68	900
20210519	6.10	6.15	5.65	5.96	18600
20210520	6.22	6.33	6.05	6.19	14400
20210521	6.25	6.34	6.05	6.19	2900
20210524	6.06	6.34	6.06	6.34	1900
20210525	6.41	6.41	6.17	6.18	1900
20210526	6.18	6.52	5.87	6.30	11000
20210527	6.54	6.92	5.90	6.32	39300
20210528	6.16	6.60	5.92	6.60	32100
20210601	6.50	6.51	6.15	6.15	3200
20210602	6.41	6.50	6.33	6.33	22500
20210603	6.89	7.85	6.78	7.22	60100
20210604	7.00	7.11	6.85	6.94	9500
20210607	6.85	7.02	6.75	6.81	4000
20210608	6.74	6.76	6.74	6.76	1200
20210609	6.67	6.90	6.67	6.83	3700
20210610	6.83	7.28	6.83	7.23	27400
20210611	7.60	8.10	7.36	7.79	63800
20210614	7.87	8.10	7.35	7.62	6100
20210615	7.64	8.10	7.60	7.60	13700
20210616	7.28	7.28	7.08	7.18	11200
20210617	7.31	7.47	6.96	7.44	3200
20210618	7.50	7.97	7.15	7.39	17200
20210621	7.20	7.32	7.20	7.30	2200
20210622	7.27	7.39	7.27	7.39	1000
20210623	7.34	7.45	7.05	7.37	15400
20210624	6.94	7.43	6.94	7.24	2000
20210625	7.40	7.43	7.06	7.37	12800
20210628	7.29	8.00	7.17	7.63	26900
20210629	7.56	10.67	7.23	8.20	308500
20210630	8.20	8.78	7.76	7.99	25400
20210701	8.30	8.44	7.38	7.87	92500
20210702	9.14	10.53	8.64	9.83	243400
20210706	9.92	10.40	8.71	9.29	91800
20210707	9.50	9.68	8.35	8.94	33800
20210708	8.94	9.21	8.76	8.93	13000
20210709	9.05	9.14	8.20	8.91	50100
20210712	8.89	9.12	8.41	8.85	16600
20210713	9.04	9.36	9.04	9.35	20800
20210714	9.49	9.95	8.87	9.75	20600
20210715	9.75	10.14	9.26	9.50	33500
20210716	9.50	9.80	9.01	9.03	21300
20210719	9.07	9.67	8.79	8.79	26300
20210720	8.90	9.50	8.90	9.27	16700
20210721	9.43	10.41	9.30	10.25	40100
20210722	10.28	10.87	9.99	10.05	34400
20210723	10.37	10.95	9.99	10.80	8800
20210726	11.25	14.20	9.76	10.72	168100
20210727	10.53	11.04	10.02	10.28	15000
20210728	10.47	11.22	10.47	10.96	17500
20210729	11.15	11.30	10.67	11.06	15800
20210730	11.71	12.00	11.13	12.00	18600
20210802	12.25	13.24	11.86	12.17	29800
20210803	12.14	12.14	11.17	11.88	17900
20210804	10.88	11.51	10.73	10.73	16800
20210805	10.93	11.44	10.79	11.20	10700
20210806	11.05	12.35	11.05	11.79	16100
20210809	11.97	11.97	10.81	11.54	27300
20210810	11.35	11.77	10.91	11.28	17500
20210811	11.47	12.13	10.92	11.92	13500
20210812	12.06	13.16	9.24	9.77	67200
20210813	9.77	11.79	9.73	11.14	32900
20210816	11.02	11.02	10.06	10.94	9000
20210817	10.65	11.02	10.65	10.73	1700
20210818	10.92	11.36	10.25	10.95	4200
20210819	10.68	10.68	9.42	9.62	19000
20210820	10.18	11.42	9.82	10.83	26000
20210823	10.75	11.81	10.75	11.31	16800
20210824	11.10	11.25	10.33	11.19	24800
20210825	11.14	11.38	10.29	10.78	17600
20210826	10.32	12.20	10.26	11.44	25400
20210827	11.44	12.65	10.86	11.56	49600
20210830	11.60	12.98	11.24	12.92	16900
20210831	12.56	12.96	12.56	12.96	3700
20210901	12.63	13.96	12.63	12.80	23600
20210902	13.00	13.29	12.28	13.04	9200
20210903	12.92	13.20	12.18	13.20	4000
20210907	13.26	14.00	12.90	13.37	10800
20210908	12.55	13.76	12.55	12.66	6800
20210909	12.88	12.88	12.10	12.72	3100
20210910	12.68	13.43	12.15	12.88	8500
20210913	12.80	12.80	11.31	11.78	10400
20210914	11.63	12.18	11.60	11.73	2500
20210915	11.89	12.03	11.05	11.28	11900
20210916	11.63	12.47	11.02	12.30	9600
20210917	12.01	12.26	11.20	11.62	32100
20210920	11.60	12.60	11.37	12.17	36000
20210921	11.50	11.50	10.81	11.17	19800
20210922	11.06	11.36	10.41	11.21	29100
20210923	11.28	11.60	10.36	11.17	3900
20210924	11.72	11.72	11.08	11.64	4100
20210927	10.68	12.09	10.68	12.09	3300
20210928	11.68	12.39	11.15	12.25	3200
20210929	12.63	12.68	11.33	11.33	3100
20210930	11.81	12.69	11.28	11.50	10700
20211001	12.59	12.59	11.47	11.80	4100
20211004	12.00	12.01	11.65	11.65	1200
20211005	11.36	12.05	11.36	12.00	7900
20211006	11.95	11.99	11.16	11.38	9500
20211007	11.58	12.37	11.55	12.37	20400
20211008	12.45	12.45	11.66	11.83	2600
20211011	11.96	12.35	11.76	12.35	700
20211012	12.00	12.43	11.76	11.85	8400
20211013	12.41	12.42	11.24	11.72	13700
20211014	11.64	11.64	11.64	11.64	1200
20211015	11.69	11.85	11.29	11.29	4500
20211018	11.24	11.25	10.26	10.61	5800
20211019	10.71	11.44	10.52	10.65	16300
20211020	10.84	11.88	10.60	10.88	34300
20211021	10.56	11.41	10.56	10.97	2300
20211022	10.56	11.36	10.56	11.10	21400
20211025	11.00	11.00	9.60	9.72	25700
20211026	9.51	11.14	9.51	10.94	23400
20211027	10.77	10.77	10.00	10.51	7600
20211028	10.41	11.37	10.03	10.41	21900
20211029	10.57	10.78	10.25	10.40	5100
20211101	10.49	10.49	9.82	10.37	16500
20211102	10.08	10.15	9.92	10.02	3100
20211103	9.91	10.11	9.77	10.00	7200
20211104	9.96	10.15	9.82	9.82	6300
20211105	9.86	11.05	9.86	10.61	19400
20211108	10.95	10.95	10.75	10.90	2700
20211109	10.60	10.82	10.55	10.80	3600
20211110	10.62	10.76	10.30	10.72	16800
20211111	11.00	11.42	9.99	10.30	44900
20211112	10.25	10.31	9.97	9.97	4800
20211115	9.89	10.15	9.73	9.90	12800
20211116	9.54	9.80	9.54	9.65	4500
20211117	9.23	9.90	9.02	9.87	3200
20211118	9.55	9.79	9.50	9.57	2900
20211119	9.32	10.50	9.32	10.47	5100
20211122	10.29	10.29	9.51	9.96	5100
20211123	9.57	9.91	9.57	9.91	1600
20211124	9.91	10.47	9.75	10.47	1300
20211126	10.37	10.71	10.37	10.37	1500
20211129	10.69	10.69	10.46	10.60	3100
20211130	10.16	11.07	10.16	11.07	6900
20211201	11.35	11.35	10.83	10.84	5900
20211202	10.34	10.90	10.34	10.90	900
20211203	10.86	10.86	10.30	10.48	7700
20211206	10.46	10.53	10.26	10.26	1600
20211207	10.50	10.55	10.46	10.55	3000
20211208	10.62	10.80	10.27	10.80	900
20211209	10.28	11.00	10.28	10.65	2000
20211210	10.71	10.71	10.29	10.29	5500
20211213	10.29	10.51	10.25	10.51	3200
20211214	10.27	10.27	10.27	10.27	300
20211215	10.20	10.30	10.00	10.30	2600
20211216	10.12	10.40	10.12	10.39	3400
20211217	10.36	10.36	10.02	10.02	500
20211220	10.10	10.10	10.10	10.10	300
20211221	10.01	10.01	9.85	9.85	1100
20211222	10.13	10.30	10.10	10.30	1100
20211223	10.25	10.30	10.16	10.16	1300
20211227	10.11	10.39	10.11	10.39	800
20211228	10.20	10.39	10.10	10.10	2000
20211229	10.26	10.35	9.99	10.06	1000
20211230	10.06	10.10	9.89	10.01	4600
20211231	10.20	10.35	10.20	10.35	700
20220103	10.38	11.39	10.38	10.56	18100
20220104	10.67	10.81	10.51	10.81	5600
20220105	11.05	11.05	10.50	10.50	6400
20220106	10.94	10.94	10.35	10.35	700
20220107	10.22	10.56	10.22	10.56	1100
20220110	10.99	10.99	10.08	10.54	4800
20220111	10.80	10.80	10.50	10.50	7000
20220112	10.65	10.65	10.45	10.45	700
20220113	10.24	10.55	10.24	10.55	5000
20220114	10.61	10.70	10.47	10.47	2500
20220118	10.05	10.25	10.05	10.21	1000
20220119	10.16	10.17	9.90	10.12	7400
20220120	10.12	10.29	10.12	10.29	1000
20220121	10.23	10.50	10.05	10.35	3000
20220124	10.10	10.41	9.61	10.10	1400
20220125	9.91	10.41	9.90	10.10	3600
20220126	9.63	10.18	9.63	9.86	1700
20220127	10.00	10.15	9.99	9.99	2100
20220128	10.00	10.25	9.81	9.81	2600
20220131	9.93	10.39	9.93	10.10	2900
20220201	10.26	10.39	10.09	10.13	4200
20220202	10.08	10.19	9.72	9.72	2900
20220203	9.83	10.41	9.83	10.41	3600
20220204	9.80	10.20	9.75	10.20	900
20220207	10.12	10.23	9.92	9.92	2800
20220208	10.00	10.70	10.00	10.70	14900
20220209	10.28	10.33	10.18	10.18	4700
20220210	10.16	10.25	10.16	10.24	500
20220211	10.20	10.20	9.65	10.15	2400
20220214	9.89	10.06	9.89	10.06	2200
20220215	9.98	10.21	9.58	10.21	3200
20220216	10.25	10.25	10.25	10.25	3500
20220217	10.38	10.40	10.05	10.20	7300
20220218	10.22	10.22	10.22	10.22	200
20220222	9.95	9.95	9.95	9.95	1500
20220223	10.00	10.14	10.00	10.14	2900
