20170103	6.33	6.42	6.29	6.34	118300
20170104	6.32	6.38	6.32	6.36	45000
20170105	6.35	6.40	6.32	6.36	39100
20170106	6.38	6.38	6.33	6.35	58600
20170109	6.40	6.40	6.22	6.33	94100
20170110	6.33	6.36	6.31	6.35	72400
20170111	6.31	6.41	6.31	6.41	10200
20170112	6.42	6.42	6.38	6.40	31100
20170113	6.40	6.43	6.36	6.38	47800
20170117	6.35	6.45	6.35	6.43	41800
20170118	6.41	6.47	6.41	6.46	20300
20170119	6.47	6.48	6.44	6.47	13100
20170120	6.48	6.48	6.31	6.38	104200
20170123	6.42	6.49	6.40	6.44	50600
20170124	6.44	6.46	6.40	6.45	35600
20170125	6.47	6.49	6.43	6.49	37800
20170126	6.48	6.49	6.46	6.48	42900
20170127	6.47	6.56	6.45	6.54	49700
20170130	6.52	6.52	6.45	6.45	21700
20170131	6.45	6.59	6.45	6.57	76900
20170201	6.59	6.70	6.57	6.61	71300
20170202	6.59	6.69	6.57	6.58	72600
20170203	6.61	6.66	6.55	6.63	64100
20170206	6.65	6.70	6.63	6.68	27700
20170207	6.66	6.73	6.66	6.69	55500
20170208	6.68	6.69	6.60	6.69	87000
20170209	6.67	6.67	6.61	6.63	32000
20170210	6.63	6.64	6.63	6.64	18400
20170213	6.64	6.74	6.64	6.70	50700
20170214	6.70	6.72	6.63	6.65	31300
20170215	6.65	6.68	6.52	6.59	61900
20170216	6.55	6.59	6.50	6.50	58700
20170217	6.50	6.55	6.48	6.54	64000
20170221	6.56	6.66	6.52	6.60	41300
20170222	6.61	6.65	6.61	6.62	11600
20170223	6.59	6.65	6.59	6.64	13700
20170224	6.64	6.70	6.64	6.66	26700
20170227	6.66	6.66	6.61	6.63	66800
20170228	6.63	6.66	6.63	6.65	26400
20170301	6.72	6.72	6.63	6.63	55400
20170302	6.66	6.74	6.66	6.73	63800
20170303	6.70	6.83	6.69	6.83	68700
20170306	6.77	6.78	6.70	6.72	39200
20170307	6.72	6.79	6.63	6.63	42600
20170308	6.63	6.69	6.63	6.67	41500
20170309	6.66	6.69	6.56	6.57	39200
20170310	6.59	6.62	6.51	6.60	52600
20170313	6.64	6.68	6.62	6.65	60800
20170314	6.65	6.66	6.51	6.54	74700
20170315	6.51	6.62	6.51	6.60	32700
20170316	6.63	6.70	6.59	6.70	52200
20170317	6.70	6.72	6.63	6.68	38200
20170320	6.73	6.74	6.70	6.73	38600
20170321	6.72	6.72	6.65	6.65	34000
20170322	6.65	6.66	6.51	6.61	65800
20170323	6.62	6.62	6.51	6.60	52900
20170324	6.63	6.63	6.59	6.60	22600
20170327	6.60	6.60	6.57	6.57	52100
20170328	6.57	6.59	6.54	6.56	65000
20170329	6.58	6.59	6.55	6.55	70900
20170330	6.54	6.59	6.52	6.52	68400
20170331	6.53	6.62	6.51	6.60	119400
20170403	6.57	6.62	6.57	6.57	46700
20170404	6.61	6.67	6.58	6.62	87200
20170405	6.69	6.71	6.62	6.70	62400
20170406	6.70	6.72	6.69	6.72	46500
20170407	6.71	6.73	6.68	6.72	24500
20170410	6.71	6.74	6.71	6.73	28500
20170411	6.79	6.79	6.72	6.76	30300
20170412	6.75	6.77	6.71	6.72	16300
20170413	6.71	6.72	6.68	6.68	35300
20170417	6.72	6.96	6.70	6.76	154900
20170418	6.77	6.78	6.74	6.78	16600
20170419	6.80	6.84	6.78	6.82	27000
20170420	6.84	6.86	6.79	6.85	33500
20170421	6.87	6.87	6.83	6.84	23600
20170424	6.88	6.89	6.72	6.78	114100
20170425	6.76	6.79	6.75	6.76	83400
20170426	6.69	6.76	6.69	6.72	73000
20170427	6.77	6.83	6.75	6.81	72500
20170428	6.81	6.83	6.78	6.80	75400
20170501	6.84	6.96	6.81	6.83	49900
20170502	6.88	6.91	6.86	6.90	54100
20170503	6.92	6.93	6.89	6.92	26600
20170504	6.94	6.95	6.85	6.93	63300
20170505	6.96	6.97	6.91	6.97	21800
20170508	6.99	7.02	6.97	6.97	52600
20170509	6.99	6.99	6.85	6.91	43700
20170510	6.93	6.93	6.82	6.92	98800
20170511	6.92	6.92	6.89	6.91	19900
20170512	6.87	6.98	6.87	6.89	15600
20170515	6.93	6.95	6.87	6.91	24900
20170516	6.97	7.12	6.93	7.03	94000
20170517	7.05	7.07	6.94	6.95	73800
20170518	6.95	7.02	6.95	6.98	30800
20170519	7.02	7.10	6.97	6.97	18500
20170522	7.10	7.15	7.03	7.08	43600
20170523	7.07	7.13	7.05	7.11	33600
20170524	7.12	7.12	7.09	7.11	49800
20170525	7.09	7.12	7.08	7.12	21600
20170526	7.10	7.14	7.06	7.10	53400
20170530	7.14	7.15	7.09	7.10	32000
20170531	7.08	7.23	7.08	7.14	22900
20170601	7.13	7.23	7.11	7.11	35100
20170602	7.16	7.22	7.15	7.16	60400
20170605	7.12	7.22	7.12	7.20	36000
20170606	7.19	7.23	7.18	7.18	40100
20170607	7.19	7.26	7.19	7.24	18400
20170608	7.27	7.28	7.21	7.21	40700
20170609	7.23	7.26	7.19	7.19	22600
20170612	7.18	7.25	7.18	7.23	49600
20170613	7.26	7.26	7.21	7.24	43400
20170614	7.26	7.26	7.13	7.16	61600
20170615	7.17	7.26	7.16	7.24	49300
20170616	7.26	7.30	7.21	7.29	49100
20170619	7.27	7.34	7.27	7.31	32100
20170620	7.32	7.38	7.32	7.34	34100
20170621	7.36	7.42	7.36	7.38	43200
20170622	7.38	7.44	7.28	7.36	55100
20170623	7.36	7.44	7.32	7.40	97400
20170626	7.40	7.45	7.38	7.42	63400
20170627	7.42	7.46	7.41	7.41	77600
20170628	7.42	7.46	7.42	7.46	39000
20170629	7.44	7.48	7.38	7.45	27500
20170630	7.45	7.48	7.45	7.47	25400
20170703	7.50	7.50	7.42	7.49	34600
20170705	7.53	7.57	7.48	7.54	96000
20170706	7.59	7.59	7.50	7.52	45200
20170707	7.51	7.54	7.46	7.48	33600
20170710	7.49	7.61	7.49	7.58	92500
20170711	7.63	7.66	7.61	7.63	67900
20170712	7.76	7.76	7.61	7.61	115100
20170713	7.58	7.61	7.55	7.55	30100
20170714	7.68	7.70	7.57	7.57	69700
20170717	7.59	7.67	7.59	7.60	66100
20170718	7.55	7.66	7.55	7.60	42500
20170719	7.60	7.70	7.60	7.64	68700
20170720	7.63	7.71	7.63	7.69	40900
20170721	7.70	7.90	7.69	7.76	69500
20170724	7.79	7.82	7.68	7.72	40300
20170725	7.67	7.78	7.65	7.67	88800
20170726	7.63	7.70	7.57	7.63	50700
20170727	7.62	7.72	7.62	7.68	29800
20170728	7.61	7.70	7.55	7.65	45400
20170731	7.72	7.72	7.65	7.68	35000
20170801	7.69	7.72	7.60	7.60	71800
20170802	7.60	7.70	7.60	7.63	47000
20170803	7.69	7.72	7.65	7.68	87600
20170804	7.68	7.78	7.68	7.71	70200
20170807	7.71	7.80	7.70	7.77	52300
20170808	7.77	7.80	7.76	7.76	46200
20170809	7.71	7.76	7.63	7.63	81500
20170810	7.63	7.63	7.26	7.34	253200
20170811	7.34	7.96	7.34	7.47	77900
20170814	7.49	7.56	7.47	7.51	58800
20170815	7.49	7.55	7.49	7.49	34100
20170816	7.47	7.50	7.40	7.46	82700
20170817	7.42	7.45	7.39	7.39	53400
20170818	7.38	7.57	7.38	7.52	165400
20170821	7.52	7.55	7.46	7.49	122100
20170822	7.49	7.65	7.49	7.60	77800
20170823	7.62	7.72	7.62	7.71	75300
20170824	7.69	7.76	7.69	7.74	30500
20170825	7.69	7.77	7.69	7.76	25200
20170828	7.72	7.79	7.72	7.79	43800
20170829	7.74	7.79	7.69	7.78	42800
20170830	7.76	7.84	7.76	7.80	21800
20170831	7.84	7.84	7.80	7.83	20300
20170901	7.80	7.90	7.80	7.88	40500
20170905	7.88	7.95	7.83	7.89	108700
20170906	7.95	7.99	7.92	7.96	117900
20170907	7.96	8.00	7.94	7.98	43600
20170908	7.98	8.10	7.98	7.99	21900
20170911	8.06	8.10	7.98	7.98	48900
20170912	7.94	8.03	7.84	8.00	38200
20170913	7.99	8.01	7.95	7.95	12400
20170914	7.95	8.01	7.95	8.00	12600
20170915	7.94	8.00	7.94	7.96	23600
20170918	7.96	8.05	7.96	8.00	37600
20170919	7.98	8.02	7.96	7.96	25000
20170920	7.96	7.98	7.90	7.92	71700
20170921	7.92	7.94	7.88	7.89	55900
20170922	7.86	7.90	7.85	7.88	61900
20170925	7.85	7.92	7.85	7.85	46600
20170926	7.87	7.87	7.83	7.86	53000
20170927	7.83	7.93	7.83	7.86	76500
20170928	7.86	7.92	7.86	7.86	64200
20170929	7.87	7.91	7.86	7.90	47900
20171002	7.90	7.95	7.90	7.92	62700
20171003	7.92	8.06	7.89	7.92	108500
20171004	7.96	8.00	7.92	7.98	78000
20171005	7.94	7.98	7.94	7.96	28300
20171006	7.93	7.97	7.90	7.94	26200
20171009	7.95	8.00	7.90	8.00	47300
20171010	8.00	8.00	7.91	7.95	36000
20171011	7.94	7.99	7.88	7.88	36500
20171012	7.88	7.92	7.75	7.92	56600
20171013	7.88	7.94	7.88	7.91	33500
20171016	7.91	7.92	7.88	7.92	72100
20171017	7.98	7.98	7.77	7.85	72100
20171018	7.79	7.85	7.77	7.78	102100
20171019	7.75	7.89	7.75	7.87	112600
20171020	7.94	8.06	7.90	8.02	101800
20171023	8.07	8.14	8.05	8.06	119800
20171024	8.09	8.18	8.06	8.12	46700
20171025	8.17	8.17	8.04	8.09	62400
20171026	8.09	8.18	8.07	8.14	55700
20171027	8.14	8.19	8.12	8.18	32100
20171030	8.20	8.29	8.19	8.20	91800
20171031	8.21	8.24	8.14	8.22	55200
20171101	8.22	8.24	8.14	8.18	57200
20171102	8.20	8.20	8.15	8.20	30500
20171103	8.22	8.22	8.18	8.20	29800
20171106	8.22	8.26	8.18	8.18	50300
20171107	8.18	8.22	8.18	8.18	43400
20171108	8.20	8.20	8.18	8.18	23000
20171109	8.18	8.25	8.18	8.25	39800
20171110	8.27	8.33	8.26	8.32	29800
20171113	8.26	8.33	7.96	7.96	131700
20171114	7.95	8.05	7.94	7.94	60500
20171115	7.94	7.94	7.65	7.71	208800
20171116	7.83	7.86	7.82	7.83	59400
20171117	7.83	7.87	7.80	7.84	34200
20171120	7.81	7.88	7.77	7.77	47400
20171121	7.84	7.85	7.78	7.85	18800
20171122	7.92	7.92	7.81	7.83	48000
20171124	7.85	7.85	7.81	7.84	18300
20171127	7.85	7.89	7.82	7.82	25000
20171128	7.88	7.90	7.83	7.83	55000
20171129	7.89	7.90	7.83	7.87	34000
20171130	7.88	7.92	7.88	7.89	29400
20171201	7.84	7.91	7.83	7.89	27000
20171204	7.93	8.05	7.91	7.96	47900
20171205	8.01	8.03	7.96	8.02	31900
20171206	8.02	8.11	8.02	8.04	49600
20171207	8.12	8.22	8.01	8.15	70400
20171208	8.27	8.27	8.09	8.23	42400
20171211	8.18	8.23	8.11	8.18	51000
20171212	8.15	8.15	7.96	8.02	55300
20171213	8.00	8.07	7.93	8.00	32500
20171214	7.96	8.02	7.96	7.99	11900
20171215	8.03	8.05	7.98	7.98	30700
20171218	7.94	8.03	7.94	8.02	27200
20171219	8.02	8.04	7.82	7.82	135000
20171220	7.81	7.90	7.81	7.87	26300
20171221	7.87	8.04	7.86	7.96	28700
20171222	7.95	7.97	7.93	7.96	13400
20171226	7.91	7.96	7.84	7.89	35600
20171227	7.86	7.89	7.81	7.84	71500
20171228	7.81	8.11	7.81	8.01	78600
20171229	7.94	8.11	7.94	8.03	46200
20180102	8.05	8.12	8.03	8.12	46100
20180103	8.14	8.16	8.09	8.15	45000
20180104	8.16	8.16	8.10	8.15	35000
20180105	8.09	8.14	8.09	8.09	30000
20180108	8.03	8.08	8.00	8.00	75000
20180109	7.95	7.95	7.89	7.95	53800
20180110	7.91	7.95	7.87	7.95	26200
20180111	7.93	7.98	7.93	7.97	17600
20180112	7.94	7.97	7.78	7.78	167900
20180116	7.76	7.84	7.67	7.74	106000
20180117	7.68	7.75	7.68	7.72	81700
20180118	7.69	7.74	7.67	7.68	45200
20180119	7.68	7.68	7.60	7.64	69200
20180122	7.68	7.69	7.47	7.65	76100
20180123	7.68	7.81	7.68	7.79	61400
20180124	7.83	7.86	7.63	7.68	89900
20180125	7.67	7.74	7.64	7.67	38500
20180126	7.69	7.72	7.67	7.68	16400
20180129	7.66	7.68	7.53	7.56	85500
20180130	7.53	7.53	7.40	7.44	87200
20180131	7.44	7.48	7.35	7.41	54800
20180201	7.43	7.44	7.35	7.40	59800
20180202	7.40	7.43	7.40	7.41	38700
20180205	7.46	7.47	7.25	7.26	117800
20180206	7.30	7.36	7.10	7.34	88100
20180207	7.34	7.54	7.34	7.48	72700
20180208	7.51	7.58	7.48	7.49	53400
20180209	7.50	7.57	7.31	7.44	86600
20180212	7.48	7.54	7.45	7.52	37800
20180213	7.54	7.54	7.47	7.53	17800
20180214	7.56	7.56	7.51	7.54	32800
20180215	7.56	7.56	7.47	7.52	38900
20180216	7.56	7.90	7.56	7.64	189300
20180220	7.68	7.81	7.67	7.67	110800
20180221	7.73	7.82	7.68	7.76	133100
20180222	7.90	7.97	7.86	7.96	108700
20180223	7.99	8.03	7.88	7.99	98800
20180226	8.04	8.04	7.97	8.02	54200
20180227	8.05	8.06	7.99	8.01	43900
20180228	8.03	8.06	7.99	7.99	32300
20180301	8.04	8.04	7.96	7.98	55700
20180302	7.97	8.04	7.96	7.99	82300
20180305	8.01	8.03	7.99	8.03	55000
20180306	8.03	8.03	7.96	7.98	61500
20180307	7.99	8.03	7.98	8.01	24000
20180308	8.02	8.13	8.02	8.12	153400
20180309	8.28	8.28	7.95	8.01	168900
20180312	8.16	8.18	7.90	8.18	142700
20180313	8.16	8.16	7.97	8.11	69400
20180314	8.13	8.13	7.94	7.94	79500
20180315	7.99	7.99	7.87	7.97	85100
20180316	7.97	8.06	7.91	8.03	77100
20180319	8.04	8.04	7.89	7.96	194900
20180320	7.98	8.01	7.74	7.80	129800
20180321	7.79	7.87	7.79	7.83	52900
20180322	7.86	7.91	7.82	7.91	65300
20180323	7.94	8.00	7.84	7.88	35400
20180326	7.91	7.91	7.84	7.91	16000
20180327	7.87	8.01	7.87	7.95	42800
20180328	8.03	8.18	7.84	8.02	179200
20180329	8.07	8.07	7.99	8.03	20900
20180402	8.08	8.14	8.01	8.06	35700
20180403	8.17	8.23	7.94	8.12	177700
20180404	8.08	8.09	8.03	8.06	53600
20180405	8.11	8.16	8.10	8.13	24200
20180406	8.18	8.21	8.15	8.19	25800
20180409	8.23	8.23	8.12	8.18	51800
20180410	8.18	8.21	8.16	8.19	32800
20180411	8.21	8.31	8.19	8.23	27500
20180412	8.23	8.23	8.02	8.03	47700
20180413	8.00	8.07	8.00	8.07	29800
20180416	8.04	8.12	8.04	8.11	25600
20180417	8.08	8.13	8.07	8.12	34300
20180418	8.07	8.11	8.03	8.03	29700
20180419	8.07	8.09	8.03	8.06	15800
20180420	8.10	8.10	8.01	8.06	31900
20180423	8.06	8.08	8.04	8.08	28000
20180424	8.07	8.08	8.03	8.05	19700
20180425	8.08	8.16	8.06	8.16	28200
20180426	8.13	8.18	8.13	8.16	38300
20180427	8.18	8.25	8.14	8.25	23600
20180430	8.25	8.26	8.21	8.25	33100
20180501	8.26	8.32	8.26	8.32	51500
20180502	8.36	8.38	8.33	8.38	32300
20180503	8.39	8.49	8.34	8.37	73800
20180504	8.40	8.45	8.31	8.32	48300
20180507	8.34	8.43	8.30	8.36	21300
20180508	8.41	8.47	8.38	8.47	27100
20180509	8.46	8.46	8.37	8.37	19100
20180510	8.36	8.41	8.32	8.34	23700
20180511	8.38	8.38	8.25	8.25	27900
20180514	8.28	8.30	8.21	8.23	38800
20180515	8.25	8.31	8.22	8.31	18900
20180516	8.31	8.34	8.23	8.24	35500
20180517	8.25	8.36	8.25	8.34	41100
20180518	8.38	8.38	8.34	8.36	9100
20180521	8.36	8.41	8.34	8.34	13500
20180522	8.36	8.44	8.33	8.44	31000
20180523	8.44	8.51	8.41	8.48	42400
20180524	8.42	8.51	8.42	8.48	20800
20180525	8.51	8.52	8.48	8.52	15000
20180529	8.52	8.60	8.46	8.54	51800
20180530	8.58	8.58	8.54	8.55	26700
20180531	8.57	8.57	8.43	8.45	33900
20180601	8.51	8.54	8.28	8.38	41100
20180604	8.41	8.48	8.38	8.48	32200
20180605	8.48	8.53	8.39	8.51	25200
20180606	8.54	8.59	8.49	8.56	34100
20180607	8.58	8.58	8.48	8.51	38200
20180608	8.51	8.54	8.38	8.54	29500
20180611	8.54	8.54	8.48	8.53	16200
20180612	8.53	8.54	8.45	8.51	26500
20180613	8.51	8.61	8.48	8.58	46300
20180614	8.58	8.64	8.46	8.55	45200
20180615	8.58	8.62	8.48	8.56	38100
20180618	8.52	8.64	8.48	8.61	17400
20180619	8.59	8.64	8.57	8.61	34900
20180620	8.61	8.62	8.59	8.60	14900
20180621	8.60	8.64	8.56	8.60	30000
20180622	8.64	8.67	8.46	8.47	58400
20180625	8.50	8.54	8.38	8.40	32400
20180626	8.46	8.46	8.31	8.36	44300
20180627	8.40	8.40	8.35	8.35	52200
20180628	8.36	8.40	8.35	8.35	31100
20180629	8.35	8.38	8.27	8.29	73300
20180702	8.32	8.35	8.29	8.35	14600
20180703	8.39	8.41	8.36	8.37	24500
20180705	8.43	8.43	8.39	8.39	29600
20180706	8.40	8.44	8.35	8.36	46200
20180709	8.32	8.37	8.26	8.30	57600
20180710	8.30	8.38	8.30	8.35	26700
20180711	8.35	8.35	8.31	8.33	23300
20180712	8.41	8.41	8.34	8.38	32500
20180713	8.38	8.46	8.31	8.33	44600
20180716	8.28	8.31	8.18	8.24	69200
20180717	8.25	8.25	8.14	8.17	40600
20180718	8.13	8.14	8.07	8.08	75900
20180719	8.03	8.11	8.03	8.03	60200
20180720	8.02	8.06	8.02	8.06	65200
20180723	8.06	8.14	8.06	8.09	53200
20180724	8.11	8.15	8.10	8.11	30500
20180725	8.11	8.16	8.10	8.14	32800
20180726	8.14	8.22	8.11	8.21	36300
20180727	8.21	8.27	8.19	8.19	19500
20180730	8.21	8.27	8.19	8.21	38900
20180731	8.22	8.29	8.19	8.29	44200
20180801	8.31	8.46	8.27	8.45	50900
20180802	8.45	8.49	8.43	8.46	20200
20180803	8.45	8.52	8.44	8.52	18200
20180806	8.56	8.60	8.51	8.52	55400
20180807	8.52	8.52	8.49	8.51	33700
20180808	8.49	8.50	8.41	8.43	13500
20180809	8.50	8.52	8.47	8.51	20200
20180810	8.52	8.52	8.46	8.51	18400
20180813	8.52	8.52	8.48	8.52	20500
20180814	8.50	8.52	8.44	8.45	27900
20180815	8.41	8.46	8.41	8.43	10700
20180816	8.41	8.61	8.38	8.61	86400
20180817	8.61	8.61	8.55	8.56	24500
20180820	8.52	8.57	8.45	8.45	28200
20180821	8.44	8.50	8.41	8.47	41900
20180822	8.46	8.46	8.44	8.45	11900
20180823	8.46	8.48	8.42	8.43	19300
20180824	8.41	8.48	8.41	8.44	7700
20180827	8.46	8.46	8.39	8.39	34200
20180828	8.39	8.41	8.37	8.38	29000
20180829	8.40	8.41	8.38	8.40	6100
20180830	8.41	8.47	8.40	8.43	11700
20180831	8.41	8.44	8.41	8.44	12300
20180904	8.46	8.51	8.45	8.51	18500
20180905	8.46	8.49	8.43	8.44	38600
20180906	8.52	8.52	8.46	8.49	39800
20180907	8.48	8.60	8.48	8.59	33700
20180910	8.57	8.60	8.55	8.58	8800
20180911	8.54	8.57	8.52	8.53	20800
20180912	8.57	8.57	8.48	8.56	13200
20180913	8.54	8.55	8.49	8.53	26500
20180914	8.51	8.54	8.51	8.54	25500
20180917	8.52	8.53	8.51	8.51	14500
20180918	8.51	8.54	8.51	8.52	24900
20180919	8.51	8.55	8.49	8.54	17500
20180920	8.51	8.61	8.51	8.55	13000
20180921	8.54	8.54	8.46	8.49	20900
20180924	8.51	8.51	8.47	8.49	18000
20180925	8.50	8.52	8.46	8.46	34500
20180926	8.47	8.47	8.40	8.40	44100
20180927	8.43	8.45	8.23	8.29	69500
20180928	8.31	8.41	8.31	8.35	16200
20181001	8.32	8.40	8.32	8.37	18100
20181002	8.43	8.67	8.38	8.59	82200
20181003	8.57	8.57	8.47	8.49	30900
20181004	8.53	8.54	8.18	8.27	61500
20181005	8.26	8.26	8.14	8.17	41400
20181008	8.19	8.23	8.11	8.11	18300
20181009	8.12	8.20	8.12	8.19	21800
20181010	8.19	8.29	8.03	8.05	47300
20181011	8.07	8.08	7.71	7.93	93300
20181012	8.00	8.07	7.71	7.89	76800
20181015	7.89	8.06	7.89	8.05	15200
20181016	8.07	8.12	8.00	8.01	21400
20181017	8.05	8.05	7.98	8.03	10300
20181018	8.08	8.09	7.97	8.03	12100
20181019	8.02	8.04	7.87	7.99	21700
20181022	7.99	7.99	7.86	7.96	11900
20181023	7.80	7.89	7.76	7.86	39100
20181024	7.84	7.84	7.65	7.71	97100
20181025	7.70	7.83	7.66	7.80	65900
20181026	7.76	7.83	7.72	7.74	35700
20181029	7.72	7.77	7.67	7.74	44500
20181030	7.71	7.80	7.68	7.77	37000
20181031	7.79	7.91	7.78	7.86	43000
20181101	7.93	7.99	7.89	7.98	23200
20181102	7.99	8.07	7.99	8.04	31500
20181105	8.03	8.04	7.97	8.00	33200
20181106	8.03	8.06	8.00	8.03	12200
20181107	8.01	8.11	7.98	8.06	24100
20181108	8.05	8.31	8.05	8.15	26400
20181109	8.17	8.23	8.02	8.07	22200
20181112	8.12	8.12	7.93	7.95	30800
20181113	8.01	8.04	7.96	7.98	11800
20181114	7.98	8.02	7.88	7.90	13400
20181115	7.91	7.92	7.77	7.82	30300
20181116	7.82	7.88	7.73	7.76	27500
20181119	7.73	7.78	7.61	7.67	62400
20181120	7.58	7.62	7.47	7.55	75800
20181121	7.52	7.59	7.51	7.52	38300
20181123	7.51	7.58	7.51	7.53	17600
20181126	7.54	7.62	7.54	7.56	61300
20181127	7.54	7.66	7.52	7.66	69100
20181128	7.65	7.73	7.61	7.70	44000
20181129	7.74	8.02	7.74	7.89	56500
20181130	7.99	8.13	7.97	8.03	92600
20181203	8.08	8.18	8.08	8.14	83400
20181204	8.12	8.21	8.03	8.08	82700
20181206	8.06	8.06	7.69	7.95	62300
20181207	7.91	7.94	7.84	7.91	15100
20181210	7.85	7.91	7.65	7.65	24600
20181211	7.70	7.84	7.70	7.78	28200
20181212	7.79	7.82	7.70	7.76	24200
20181213	7.73	7.77	7.57	7.62	54900
20181214	7.57	7.61	7.57	7.60	30600
20181217	7.61	7.73	7.51	7.54	59700
20181218	7.51	7.58	7.26	7.37	100000
20181219	7.41	7.52	7.23	7.39	97900
20181220	7.37	7.39	7.07	7.39	127900
20181221	7.32	7.51	7.29	7.38	30000
20181224	7.29	7.73	7.23	7.57	39400
20181226	7.52	7.75	7.52	7.67	44500
20181227	7.57	7.67	7.56	7.61	44000
20181228	7.57	7.77	7.57	7.70	55500
20181231	7.76	7.76	7.67	7.67	35200
20190102	7.67	7.77	7.67	7.77	15200
20190103	7.77	7.88	7.77	7.82	24200
20190104	7.82	8.20	7.80	8.20	48700
20190107	8.13	8.16	7.99	8.01	32200
20190108	8.01	8.16	7.94	7.94	45300
20190109	7.90	8.04	7.90	7.96	44000
20190110	7.92	8.03	7.92	7.98	13300
20190111	7.94	7.97	7.78	7.95	39700
20190114	7.93	8.01	7.88	7.88	18300
20190115	7.88	7.94	7.83	7.91	22300
20190116	7.91	8.07	7.90	8.07	20400
20190117	8.04	8.07	8.02	8.07	12400
20190118	8.08	8.16	7.92	7.94	31500
20190122	7.85	7.94	7.82	7.92	25000
20190123	7.96	8.03	7.92	8.00	28400
20190124	8.04	8.16	7.96	7.96	21500
20190125	7.97	7.99	7.84	7.88	45700
20190128	7.91	7.95	7.86	7.89	38700
20190129	7.89	7.95	7.89	7.92	42600
20190130	7.95	8.02	7.92	8.01	23500
20190131	7.99	8.05	7.85	7.94	54100
20190201	7.99	8.10	7.96	8.07	32200
20190204	8.07	8.17	8.05	8.13	35800
20190205	8.12	8.26	8.12	8.25	33100
20190206	8.19	8.23	8.17	8.20	34000
20190207	8.21	8.24	8.15	8.15	15300
20190208	8.11	8.27	8.10	8.23	35000
20190211	8.23	8.25	8.17	8.17	17300
20190212	8.13	8.22	8.13	8.19	19000
20190213	8.19	8.30	8.17	8.30	19900
20190214	8.27	8.27	8.20	8.24	11900
20190215	8.27	8.27	8.18	8.18	12000
20190219	8.21	8.25	8.19	8.25	41100
20190220	8.25	8.25	8.13	8.15	30700
20190221	8.15	8.21	8.15	8.19	17300
20190222	8.19	8.25	8.18	8.23	13000
20190225	8.25	8.31	8.20	8.23	58500
20190226	8.23	8.42	8.22	8.34	55400
20190227	8.34	8.42	8.31	8.41	39400
20190228	8.40	8.63	8.35	8.63	74600
20190301	8.60	8.60	8.47	8.54	55700
20190304	8.55	8.56	8.46	8.47	37300
20190305	8.49	8.56	8.46	8.50	33600
20190306	8.48	8.56	8.48	8.56	47900
20190307	8.53	8.53	8.43	8.43	20400
20190308	8.40	8.48	8.40	8.44	18800
20190311	8.43	8.51	8.40	8.43	35300
20190312	8.43	8.47	8.40	8.47	18500
20190313	8.50	8.58	8.40	8.46	69300
20190314	8.51	8.51	8.45	8.47	9300
20190315	8.53	8.56	8.48	8.48	22100
20190318	8.52	8.60	8.51	8.60	25400
20190319	8.63	8.63	8.50	8.52	23200
20190320	8.47	8.57	8.47	8.50	22100
20190321	8.52	8.57	8.50	8.51	14400
20190322	8.54	8.62	8.53	8.60	18700
20190325	8.60	8.61	8.55	8.60	14100
20190326	8.57	8.60	8.53	8.53	14000
20190327	8.56	8.60	8.53	8.60	30100
20190328	8.62	8.62	8.57	8.62	19200
20190329	8.62	8.62	8.58	8.61	8400
20190401	8.62	8.62	8.59	8.62	23600
20190402	8.60	8.62	8.57	8.60	34300
20190403	8.63	8.67	8.59	8.64	26200
20190404	8.64	8.66	8.60	8.64	23900
20190405	8.60	8.66	8.60	8.64	23600
20190408	8.64	8.66	8.62	8.66	25300
20190409	8.64	8.64	8.60	8.63	22200
20190410	8.55	8.69	8.55	8.62	22100
20190411	8.68	8.68	8.62	8.68	15800
20190412	8.64	8.88	8.63	8.74	36100
20190415	8.73	8.76	8.68	8.73	17300
20190416	8.71	8.71	8.66	8.68	10200
20190417	8.65	8.73	8.65	8.72	13500
20190418	8.72	8.75	8.66	8.68	12100
20190422	8.67	8.68	8.57	8.67	14100
20190423	8.68	8.74	8.62	8.73	14600
20190424	8.67	8.74	8.67	8.73	11100
20190425	8.71	8.73	8.67	8.71	24200
20190426	8.64	8.71	8.64	8.71	8200
20190429	8.71	8.72	8.66	8.72	25800
20190430	8.72	8.75	8.71	8.75	28000
20190501	8.78	8.78	8.72	8.77	19000
20190502	8.77	8.86	8.76	8.86	63900
20190503	8.81	8.88	8.81	8.88	28500
20190506	8.78	8.87	8.75	8.86	27700
20190507	8.88	8.88	8.84	8.84	19400
20190508	8.85	8.88	8.85	8.88	36300
20190509	8.88	8.88	8.80	8.88	13300
20190510	8.78	8.91	8.76	8.88	18100
20190513	8.93	8.93	8.82	8.86	35700
20190514	8.91	8.91	8.86	8.87	23500
20190515	8.87	8.96	8.87	8.96	22700
20190516	8.90	8.93	8.86	8.90	14300
20190517	8.88	8.94	8.88	8.90	11300
20190520	8.88	8.95	8.88	8.93	26400
20190521	8.91	8.94	8.91	8.94	8100
20190522	8.93	8.94	8.90	8.91	21100
20190523	8.90	8.90	8.83	8.85	22900
20190524	8.90	8.92	8.86	8.90	8000
20190528	8.88	8.91	8.83	8.84	22900
20190529	8.83	8.90	8.83	8.84	13200
20190530	8.88	8.89	8.86	8.86	7400
20190531	8.86	8.92	8.85	8.92	15100
20190603	8.92	8.96	8.87	8.96	27500
20190604	8.96	8.96	8.92	8.94	31900
20190605	8.89	8.96	8.89	8.96	25700
20190606	8.96	8.99	8.93	8.96	24000
20190607	8.98	9.02	8.98	9.02	15200
20190610	9.02	9.06	8.96	9.06	28600
20190611	9.12	9.12	9.06	9.10	14100
20190612	9.03	9.19	9.03	9.19	21200
20190613	9.18	9.22	9.09	9.10	9900
20190614	9.09	9.10	9.02	9.04	20600
20190617	9.03	9.16	9.03	9.07	26000
20190618	9.07	9.08	9.04	9.06	20800
20190619	9.06	9.06	8.98	9.03	19500
20190620	9.06	9.06	8.89	8.93	67000
20190621	8.92	8.99	8.91	8.95	27300
20190624	9.01	9.01	8.90	8.93	21200
20190625	8.99	8.99	8.90	8.90	47300
20190626	8.91	8.94	8.91	8.91	25900
20190627	8.94	8.99	8.89	8.92	33600
20190628	8.91	8.97	8.91	8.94	21000
20190701	8.94	9.00	8.94	8.99	33300
20190702	9.00	9.06	8.99	9.06	39400
20190703	9.06	9.06	9.04	9.06	23600
20190705	9.01	9.10	9.01	9.10	12300
20190708	9.06	9.10	9.05	9.08	19200
20190709	9.05	9.10	9.01	9.06	18600
20190710	9.10	9.14	9.06	9.14	32300
20190711	9.09	9.24	9.09	9.14	23300
20190712	9.13	9.14	9.02	9.08	11600
20190715	9.08	9.15	9.06	9.15	9700
20190716	9.13	9.23	9.13	9.23	28300
20190717	9.22	9.22	9.04	9.05	39000
20190718	9.05	9.10	9.00	9.00	29200
20190719	9.04	9.04	8.94	8.94	37900
20190722	8.94	8.97	8.92	8.93	78500
20190723	8.94	8.96	8.91	8.96	19000
20190724	8.96	9.02	8.95	8.95	29100
20190725	8.97	8.98	8.89	8.89	23800
20190726	8.90	8.93	8.89	8.90	26200
20190729	8.94	8.98	8.89	8.91	24800
20190730	8.89	8.93	8.82	8.83	68100
20190731	8.84	8.88	8.82	8.82	70900
20190801	8.84	9.02	8.84	8.94	63400
20190802	8.92	9.05	8.92	9.04	47900
20190805	9.02	9.06	8.92	8.96	61600
20190806	9.02	9.06	9.00	9.06	18200
20190807	9.05	9.06	9.00	9.06	41100
20190808	9.06	9.10	8.99	9.01	104000
20190809	9.02	9.11	8.98	9.11	39000
20190812	9.06	9.11	9.06	9.10	24400
20190813	9.07	9.09	9.06	9.08	27800
20190814	9.01	9.01	8.58	8.81	157600
20190815	8.78	8.81	8.60	8.65	60900
20190816	8.58	8.81	8.58	8.79	21500
20190819	8.81	8.81	8.72	8.74	39500
20190820	8.80	8.80	8.71	8.75	41100
20190821	8.75	8.92	8.75	8.84	53800
20190822	8.82	8.87	8.81	8.82	24300
20190823	8.79	8.82	8.75	8.81	24600
20190826	8.78	8.78	8.70	8.77	38000
20190827	8.80	8.80	8.73	8.74	17800
20190828	8.69	8.78	8.69	8.76	43200
20190829	8.78	8.85	8.78	8.80	41400
20190830	8.82	8.86	8.78	8.86	50900
20190903	8.82	8.85	8.70	8.71	60500
20190904	8.73	8.88	8.73	8.85	79000
20190905	8.86	8.91	8.80	8.84	65800
20190906	8.86	8.86	8.79	8.84	26700
20190909	8.81	8.84	8.78	8.82	54400
20190910	8.80	8.86	8.80	8.86	18500
20190911	8.82	8.90	8.81	8.82	46700
20190912	8.86	8.88	8.79	8.84	34200
20190913	8.81	8.90	8.81	8.86	23600
20190916	8.85	8.87	8.80	8.87	14200
20190917	8.84	8.92	8.82	8.92	30900
20190918	8.86	8.88	8.85	8.88	11100
20190919	8.89	8.94	8.86	8.92	36500
20190920	8.89	8.93	8.86	8.90	39700
20190923	8.89	8.93	8.87	8.93	55200
20190924	8.90	8.92	8.86	8.88	36100
20190925	8.86	8.89	8.86	8.89	15300
20190926	8.92	8.95	8.89	8.95	30500
20190927	8.95	8.95	8.88	8.92	13300
20190930	8.95	8.97	8.94	8.97	43300
20191001	9.01	9.03	8.97	8.99	54900
20191002	9.03	9.04	8.97	9.04	51200
20191003	9.07	9.07	8.99	9.03	37100
20191004	9.03	9.16	9.01	9.16	28200
20191007	9.16	9.16	9.00	9.10	31100
20191008	9.07	9.10	9.03	9.05	15100
20191009	9.03	9.10	9.00	9.02	56800
20191010	9.05	9.16	9.00	9.14	18500
20191011	9.09	9.14	9.09	9.12	20000
20191014	9.07	9.12	9.07	9.08	10400
20191015	9.07	9.20	9.07	9.09	55000
20191016	9.09	9.14	9.09	9.11	9800
20191017	9.16	9.22	9.13	9.15	8400
20191018	9.19	9.22	9.15	9.18	20600
20191021	9.22	9.22	9.18	9.20	25800
20191022	9.22	9.24	9.17	9.24	37800
20191023	9.24	9.24	9.21	9.23	7500
20191024	9.24	9.26	9.18	9.18	39100
20191025	9.19	9.19	9.16	9.18	8300
20191028	9.20	9.20	9.16	9.16	10600
20191029	9.17	9.20	9.12	9.18	19100
20191030	9.17	9.29	9.16	9.26	38100
20191031	9.30	9.30	9.24	9.29	40200
20191101	9.30	9.33	9.23	9.29	32200
20191104	9.33	9.38	9.31	9.38	31800
20191105	9.37	9.42	9.34	9.37	33800
20191106	9.38	9.42	9.36	9.38	30300
20191107	9.38	9.42	9.27	9.31	24500
20191108	9.29	9.36	9.24	9.33	23900
20191111	9.28	9.33	9.25	9.29	14800
20191112	9.29	9.32	9.29	9.31	11400
20191113	9.34	9.42	9.32	9.42	19600
20191114	9.39	9.45	9.38	9.38	5100
20191115	9.38	9.45	9.33	9.33	28900
20191118	9.33	9.33	9.29	9.32	19800
20191119	9.29	9.34	9.29	9.31	11800
20191120	9.32	9.38	9.32	9.33	10300
20191121	9.34	9.41	9.29	9.41	20400
20191122	9.38	9.45	9.37	9.45	25100
20191125	9.45	9.45	9.41	9.41	10200
20191126	9.45	9.47	9.41	9.47	8800
20191127	9.49	9.56	9.47	9.51	46800
20191129	9.44	9.53	9.44	9.50	3500
20191202	9.56	9.56	9.51	9.56	31800
20191203	9.52	9.60	9.49	9.51	40300
20191204	9.51	9.57	9.42	9.47	36700
20191205	9.52	9.53	9.45	9.45	14900
20191206	9.56	9.56	9.51	9.54	14600
20191209	9.50	9.54	9.44	9.44	38500
20191210	9.42	9.44	9.38	9.42	23700
20191211	9.43	9.48	9.39	9.44	33700
20191212	9.47	9.47	9.32	9.36	26600
20191213	9.29	9.37	9.28	9.36	33100
20191216	9.36	9.43	9.29	9.34	36900
20191217	9.33	9.37	9.33	9.35	16700
20191218	9.32	9.35	9.28	9.35	42800
20191219	9.33	9.38	9.32	9.33	21500
20191220	9.39	9.47	9.33	9.47	32500
20191223	9.47	9.47	9.41	9.43	29000
20191224	9.43	9.43	9.36	9.42	25700
20191226	9.38	9.42	9.36	9.40	14800
20191227	9.39	9.42	9.38	9.42	12900
20191230	9.42	9.47	9.42	9.47	24100
20191231	9.43	9.47	9.43	9.44	21500
20200102	9.47	9.52	9.33	9.38	43800
20200103	9.34	9.52	9.34	9.52	37100
20200106	9.52	9.52	9.47	9.48	38800
20200107	9.52	9.57	9.48	9.57	39000
20200108	9.57	9.71	9.57	9.61	54500
20200109	9.66	9.68	9.61	9.67	36700
20200110	9.63	9.66	9.53	9.56	33500
20200113	9.50	9.57	9.49	9.52	37800
20200114	9.52	9.56	9.49	9.51	17500
20200115	9.50	9.61	9.50	9.58	73800
20200116	9.55	9.58	9.54	9.58	26600
20200117	9.56	9.58	9.55	9.57	23300
20200121	9.58	9.67	9.54	9.64	55000
20200122	9.64	9.67	9.52	9.67	27200
20200123	9.67	9.67	9.63	9.66	3700
20200124	9.66	9.66	9.65	9.66	16200
20200127	9.72	9.76	9.66	9.69	43100
20200128	9.63	9.70	9.62	9.66	30800
20200129	9.63	9.73	9.63	9.64	26100
20200130	9.67	9.76	9.63	9.71	37400
20200131	9.66	9.69	9.62	9.69	19500
20200203	9.65	9.73	9.64	9.71	18100
20200204	9.75	9.79	9.69	9.78	27400
20200205	9.81	9.82	9.78	9.80	19300
20200206	9.83	9.83	9.76	9.78	28200
20200207	9.80	9.83	9.76	9.77	24800
20200210	9.79	9.91	9.79	9.83	76500
20200211	9.89	9.92	9.83	9.83	43800
20200212	9.96	9.99	9.83	9.83	48300
20200213	9.85	9.90	9.85	9.88	25900
20200214	9.86	9.92	9.85	9.86	19900
20200218	9.81	9.84	9.78	9.80	29400
20200219	9.78	9.87	9.78	9.87	22500
20200220	9.84	9.90	9.84	9.89	11400
20200221	9.91	10.11	9.88	10.04	49000
20200224	10.01	10.03	9.75	9.75	52000
20200225	9.77	9.85	9.36	9.41	80300
20200226	9.41	9.67	9.41	9.61	42900
20200227	9.47	9.50	9.14	9.22	73900
20200228	9.05	9.11	8.64	8.79	159000
20200302	8.81	9.35	8.81	9.22	106800
20200303	9.39	9.58	9.20	9.21	80600
20200304	9.25	9.44	9.25	9.39	59000
20200305	9.31	9.38	9.25	9.30	33100
20200306	9.18	9.19	8.98	9.12	80600
20200309	7.97	8.76	7.65	8.58	155200
20200310	8.77	8.89	8.72	8.74	58700
20200311	8.52	8.63	8.38	8.40	74500
20200312	8.25	8.25	7.51	7.87	98900
20200313	8.00	8.16	7.72	7.82	89600
20200316	7.35	7.35	6.17	6.83	205800
20200317	6.82	6.82	6.32	6.79	164400
20200318	6.52	6.52	4.87	5.46	258800
20200319	5.16	6.40	4.64	6.26	254300
20200320	6.38	6.69	6.35	6.42	57800
20200323	6.27	6.31	4.64	5.25	249800
20200324	5.39	5.93	5.38	5.82	152600
20200325	5.98	6.58	5.52	6.48	130600
20200326	6.43	6.55	6.10	6.17	176000
20200327	6.06	6.60	5.91	6.51	81400
20200330	6.83	6.83	6.19	6.80	141500
20200331	6.56	7.47	6.56	6.68	105100
20200401	6.68	6.74	5.90	6.24	91100
20200402	6.27	6.72	6.27	6.60	53300
20200403	6.48	6.66	5.97	6.04	98800
20200406	6.15	6.50	6.15	6.35	61200
20200407	6.54	6.98	6.54	6.60	117200
20200408	6.73	7.00	6.66	7.00	71500
20200409	7.15	7.59	7.04	7.18	167500
20200413	7.18	7.18	6.83	7.03	73900
20200414	7.10	7.32	6.97	7.27	82300
20200415	7.04	7.34	6.97	7.27	54700
20200416	7.19	7.41	7.05	7.08	36200
20200417	7.15	7.25	6.73	7.07	84300
20200420	7.07	7.10	6.86	6.87	72900
20200421	6.80	7.04	6.77	6.98	19300
20200422	7.10	7.10	6.82	6.86	50000
20200423	6.89	7.25	6.89	7.17	122100
20200424	7.17	7.44	7.17	7.36	56000
20200427	7.42	7.48	7.27	7.27	73400
20200428	7.31	7.65	7.30	7.43	44500
20200429	7.57	7.80	7.56	7.70	73000
20200430	7.72	7.88	7.66	7.78	45900
20200501	7.75	7.79	7.61	7.71	59100
20200504	7.70	8.00	7.65	7.77	102700
20200505	7.89	8.01	7.76	7.95	48700
20200506	7.95	7.98	7.56	7.73	71500
20200507	7.85	7.86	7.49	7.65	82300
20200508	7.67	7.78	7.63	7.70	34000
20200511	7.63	7.71	7.57	7.59	37800
20200512	7.63	7.78	7.63	7.72	27800
20200513	7.72	7.78	7.07	7.35	81900
20200514	7.21	7.24	7.07	7.14	37300
20200515	7.00	7.29	6.96	7.29	22200
20200518	7.48	7.58	7.34	7.51	48700
20200519	7.54	7.56	7.43	7.43	6300
20200520	7.45	7.80	7.45	7.63	34300
20200521	7.64	7.73	7.59	7.60	16700
20200522	7.62	7.67	7.57	7.59	16400
20200526	7.73	8.02	7.67	7.80	74300
20200527	7.88	7.97	7.85	7.94	39600
20200528	7.97	8.02	7.93	8.00	19000
20200529	8.02	8.02	7.96	8.02	28300
20200601	8.07	8.26	8.02	8.11	14000
20200602	8.14	8.23	8.11	8.20	36400
20200603	8.21	8.45	8.21	8.42	46300
20200604	8.42	8.46	8.18	8.36	66500
20200605	8.51	8.69	8.51	8.56	26800
20200608	8.58	8.65	8.57	8.57	34600
20200609	8.57	8.64	8.57	8.59	52300
20200610	8.67	8.67	8.46	8.56	27900
20200611	8.36	8.41	7.69	7.85	94200
20200612	8.11	8.39	8.02	8.18	24900
20200615	7.96	8.22	7.96	8.16	20300
20200616	8.37	8.50	8.21	8.46	29700
20200617	8.60	8.60	8.36	8.41	17700
20200618	8.38	8.48	8.31	8.45	17300
20200619	8.56	8.56	8.30	8.40	38300
20200622	8.42	8.42	8.32	8.38	17700
20200623	8.32	8.37	8.31	8.33	14700
20200624	8.31	8.31	8.06	8.12	55600
20200625	8.03	8.12	8.00	8.07	25000
20200626	8.00	8.07	7.93	7.94	25900
20200629	7.94	8.03	7.86	7.99	58500
20200630	8.04	8.19	8.00	8.14	15000
20200701	8.19	8.40	8.14	8.32	24300
20200702	8.34	8.56	8.10	8.24	65600
20200706	8.25	8.34	8.23	8.32	42000
20200707	8.30	8.40	8.19	8.32	45600
20200708	8.37	8.40	8.34	8.38	13600
20200709	8.44	8.50	8.02	8.25	30100
20200710	8.25	8.25	8.08	8.23	25100
20200713	8.24	8.25	8.16	8.18	55100
20200714	8.16	8.20	8.11	8.12	30100
20200715	8.12	8.21	8.12	8.18	18500
20200716	8.19	8.20	8.09	8.14	17500
20200717	8.17	8.45	8.17	8.45	42900
20200720	8.49	8.49	8.17	8.31	84800
20200721	8.37	8.50	8.29	8.45	39100
20200722	8.45	8.45	8.19	8.32	53100
20200723	8.32	8.41	8.25	8.29	18900
20200724	8.33	8.38	8.26	8.26	31700
20200727	8.34	8.34	8.10	8.16	55300
20200728	8.11	8.24	8.11	8.14	10400
20200729	8.19	8.25	8.13	8.18	27500
20200730	8.22	8.26	8.18	8.24	31400
20200731	8.22	8.26	8.20	8.20	23900
20200803	8.25	8.26	8.19	8.20	36100
20200804	8.14	8.33	8.14	8.33	41400
20200805	8.33	8.47	8.33	8.44	16200
20200806	8.41	8.51	8.41	8.49	11800
20200807	8.50	8.50	8.46	8.50	19700
20200810	8.50	8.62	8.46	8.54	25800
20200811	8.59	8.62	8.51	8.54	20800
20200812	8.61	8.61	8.51	8.59	12900
20200813	8.56	8.59	8.51	8.51	24200
20200814	8.52	8.52	8.37	8.39	11200
20200817	8.38	8.41	8.36	8.36	11600
20200818	8.41	8.48	8.35	8.48	22100
20200819	8.45	8.54	8.44	8.47	30500
20200820	8.52	8.56	8.49	8.56	12100
20200821	8.50	8.56	8.28	8.56	35300
20200824	8.46	8.54	8.46	8.54	30100
20200825	8.53	8.56	8.52	8.54	18600
20200826	8.56	8.60	8.42	8.48	47300
20200827	8.59	8.66	8.47	8.56	50200
20200828	8.66	8.76	8.58	8.73	39800
20200831	8.69	8.79	8.65	8.77	34900
20200901	8.79	9.01	8.67	9.01	49800
20200902	8.98	8.98	8.88	8.88	59800
20200903	8.87	8.92	8.52	8.66	71100
20200904	8.73	9.01	8.68	8.78	21200
20200908	8.80	8.85	8.68	8.70	41300
20200909	8.73	8.73	8.65	8.66	24800
20200910	8.63	8.81	8.57	8.77	22300
20200911	8.81	8.82	8.77	8.79	13100
20200914	8.81	8.92	8.76	8.84	29700
20200915	8.87	8.89	8.72	8.83	14500
20200916	8.83	8.86	8.74	8.82	16800
20200917	8.77	8.84	8.77	8.84	9600
20200918	8.86	8.86	8.64	8.74	21900
20200921	8.64	8.68	8.57	8.64	32600
20200922	8.68	8.89	8.67	8.74	31500
20200923	8.81	8.82	8.72	8.74	30600
20200924	8.72	8.77	8.67	8.77	13500
20200925	8.77	8.77	8.58	8.77	39700
20200928	8.80	8.88	8.74	8.87	27600
20200929	8.92	8.92	8.81	8.92	22100
20200930	8.92	8.97	8.84	8.97	14100
20201001	9.02	9.18	8.97	9.09	27600
20201002	9.00	9.15	8.89	9.11	18800
20201005	9.12	9.15	9.07	9.14	54400
20201006	9.10	9.18	9.10	9.18	21000
20201007	9.14	9.17	9.08	9.13	32400
20201008	9.13	9.15	8.92	9.02	39700
20201009	9.05	9.05	8.93	8.95	28500
20201012	8.90	8.97	8.89	8.94	18700
20201013	8.92	8.97	8.82	8.82	21100
20201014	8.81	8.83	8.77	8.80	22800
20201015	8.78	8.92	8.78	8.92	29500
20201016	8.86	8.90	8.78	8.79	30200
20201019	8.79	8.84	8.79	8.81	22300
20201020	8.86	8.89	8.80	8.80	15700
20201021	8.85	8.89	8.80	8.85	16800
20201022	8.81	9.01	8.81	9.01	16600
20201023	9.01	9.01	8.66	8.80	34000
20201026	8.81	8.82	8.77	8.82	9300
20201027	8.78	8.80	8.74	8.74	21700
20201028	8.72	8.72	8.63	8.66	24000
20201029	8.71	8.86	8.68	8.76	24900
20201030	8.75	8.75	8.69	8.69	17100
20201102	8.79	8.82	8.72	8.78	25600
20201103	8.78	8.81	8.76	8.76	37900
20201104	8.87	8.88	8.80	8.84	27200
20201105	8.82	8.95	8.82	8.88	46300
20201106	8.87	8.89	8.78	8.83	32300
20201109	8.95	9.01	8.84	8.94	46800
20201110	8.88	8.97	8.85	8.91	25100
20201111	8.90	9.00	8.89	8.96	27100
20201112	8.96	8.97	8.93	8.95	7500
20201113	8.97	9.03	8.95	8.97	18400
20201116	9.03	9.07	8.97	9.01	26300
20201117	9.07	9.09	9.05	9.08	15100
20201118	9.11	9.14	9.06	9.06	18000
20201119	9.09	9.17	9.09	9.17	13600
20201120	9.16	9.26	9.11	9.13	40900
20201123	9.19	9.27	9.16	9.26	27600
20201124	9.33	9.33	9.25	9.26	24400
20201125	9.16	9.41	9.16	9.39	34700
20201127	9.51	9.70	9.34	9.67	32500
20201130	9.68	9.68	9.58	9.64	31700
20201201	9.75	9.84	9.65	9.69	70300
20201202	9.75	9.90	9.70	9.86	36800
20201203	9.87	9.90	9.83	9.90	32100
20201204	9.90	10.03	9.90	9.97	16600
20201207	9.95	9.96	9.85	9.93	61400
20201208	9.86	9.87	9.73	9.78	53400
20201209	9.79	9.94	9.79	9.87	27000
20201210	9.78	9.87	9.77	9.83	11300
20201211	9.95	9.97	9.79	9.84	18500
20201214	9.84	9.86	9.72	9.72	22400
20201215	9.72	9.79	9.72	9.76	24900
20201216	9.77	9.77	9.70	9.77	28200
20201217	9.74	9.75	9.61	9.64	35600
20201218	9.68	9.72	9.67	9.72	17300
20201221	9.68	9.70	9.58	9.68	20200
20201222	9.75	9.77	9.70	9.71	23700
20201223	9.71	9.76	9.70	9.74	22200
20201224	9.76	9.77	9.72	9.77	15800
20201228	9.76	9.77	9.73	9.75	13200
20201229	9.71	9.77	9.71	9.75	29700
20201230	9.77	9.77	9.74	9.75	21800
20201231	9.74	9.77	9.71	9.73	13700
20210104	9.73	9.90	9.73	9.83	37200
20210105	9.81	9.97	9.81	9.88	17600
20210106	9.88	9.90	9.76	9.90	30100
20210107	9.89	9.97	9.87	9.92	24200
20210108	9.88	10.08	9.88	9.97	33800
20210111	9.94	9.97	9.84	9.87	35700
20210112	9.84	10.26	9.84	10.08	63500
20210113	10.06	10.12	10.05	10.07	11400
20210114	10.06	10.12	9.80	9.97	34900
20210115	9.95	10.18	9.94	10.12	32200
20210119	10.10	10.13	10.08	10.13	14200
20210120	10.14	10.28	10.14	10.23	25300
20210121	10.28	10.28	10.18	10.24	10800
20210122	10.24	10.24	10.07	10.18	13500
20210125	10.17	10.28	10.07	10.27	19100
20210126	10.23	10.28	10.19	10.25	17000
20210127	10.24	10.28	10.06	10.16	28600
20210128	10.23	10.23	10.11	10.11	14000
20210129	10.05	10.23	10.05	10.23	9100
20210201	10.28	10.34	10.14	10.29	28400
20210202	10.32	10.34	10.17	10.33	37100
20210203	10.28	10.29	10.28	10.28	13700
20210204	10.29	10.41	10.24	10.39	32000
20210205	10.28	10.37	10.23	10.34	38800
20210208	10.32	10.32	10.17	10.24	34400
20210209	10.19	10.43	10.19	10.40	20300
20210210	10.47	10.47	10.30	10.38	17700
20210211	10.38	10.49	10.26	10.37	14700
20210212	10.38	10.49	10.30	10.41	10200
20210216	10.38	10.51	10.29	10.35	28900
20210217	10.34	10.39	10.32	10.36	8200
20210218	10.31	10.48	10.28	10.31	11200
20210219	10.33	10.38	10.29	10.36	7800
20210222	10.35	10.36	10.30	10.33	18000
20210223	10.34	10.39	10.25	10.32	23900
20210224	10.26	10.33	10.20	10.26	24700
20210225	10.21	10.29	10.04	10.04	38000
20210226	10.14	10.21	10.03	10.13	24900
20210301	10.15	10.49	10.15	10.38	35200
20210302	10.37	10.58	10.37	10.45	35500
20210303	10.49	10.53	10.34	10.42	24900
20210304	10.39	10.50	10.27	10.30	28800
20210305	10.28	10.38	10.28	10.37	16600
20210308	10.32	10.39	10.32	10.38	35500
20210309	10.40	10.58	10.40	10.44	7700
20210310	10.43	10.61	10.41	10.51	15700
20210311	10.54	10.64	10.51	10.59	16700
20210312	10.56	10.56	10.46	10.46	8200
20210315	10.51	10.56	10.45	10.55	13200
20210316	10.53	10.65	10.46	10.59	11700
20210317	10.51	10.64	10.47	10.62	12900
20210318	10.60	10.64	10.55	10.61	9400
20210319	10.59	10.64	10.52	10.60	10200
20210322	10.54	10.63	10.54	10.59	30100
20210323	10.59	10.65	10.58	10.64	18300
20210324	10.62	10.63	10.62	10.63	9900
20210325	10.59	10.61	10.57	10.59	9700
20210326	10.60	10.65	10.55	10.65	9200
20210329	10.60	10.63	10.59	10.62	9200
20210330	10.62	10.63	10.59	10.61	13700
20210331	10.62	10.62	10.60	10.62	11900
20210401	10.63	10.75	10.61	10.69	34300
20210405	10.69	10.82	10.67	10.82	32800
20210406	10.79	10.79	10.74	10.77	17500
20210407	10.82	10.96	10.75	10.84	17900
20210408	10.81	10.98	10.81	10.94	16700
20210409	10.90	11.01	10.86	10.96	10700
20210412	10.82	10.87	10.74	10.78	50200
20210413	10.78	10.83	10.77	10.83	12900
20210414	10.87	10.88	10.77	10.79	24100
20210415	10.81	10.83	10.75	10.83	14500
20210416	10.81	10.98	10.81	10.91	33800
20210419	10.91	11.01	10.90	10.95	40300
20210420	10.94	10.94	10.88	10.89	15900
20210421	10.88	10.93	10.75	10.78	30000
20210422	10.77	10.89	10.73	10.85	36300
20210423	10.89	10.93	10.79	10.84	32500
20210426	10.84	10.94	10.80	10.87	22700
20210427	10.89	10.95	10.88	10.92	11800
20210428	10.91	11.01	10.91	10.98	13300
20210429	10.98	10.98	10.94	10.97	13000
20210430	10.91	10.98	10.76	10.86	37200
20210503	10.95	10.98	10.86	10.93	21000
20210504	10.96	11.05	10.88	11.00	38100
20210505	11.00	11.08	11.00	11.04	22700
20210506	11.08	11.09	11.04	11.07	34700
20210507	11.13	11.13	11.03	11.09	16600
20210510	11.28	11.91	11.16	11.21	86400
20210511	11.20	11.26	10.95	11.03	47500
20210512	10.99	10.99	10.41	10.46	57900
20210513	10.46	10.68	10.46	10.61	14500
20210514	10.60	10.74	10.57	10.66	9400
20210517	10.70	10.84	10.59	10.69	50800
20210518	10.80	10.84	10.67	10.84	17600
20210519	10.76	10.85	10.72	10.85	13700
20210520	10.91	10.98	10.83	10.91	19100
20210521	10.97	11.03	10.92	10.97	15300
20210524	10.97	11.08	10.97	10.97	12000
20210525	11.03	11.19	11.00	11.19	26300
20210526	11.17	11.17	11.01	11.08	21300
20210527	11.15	11.15	10.90	10.92	13700
20210528	10.92	11.07	10.92	11.04	24900
20210601	11.09	11.24	10.66	11.24	35400
20210602	11.08	11.17	10.92	11.11	30600
20210603	11.16	11.22	11.05	11.21	40900
20210604	11.30	11.30	11.04	11.07	29400
20210607	11.10	11.11	11.00	11.04	43600
20210608	11.01	11.18	10.99	11.16	56200
20210609	11.18	11.20	11.05	11.20	40400
20210610	11.16	11.24	11.15	11.17	12700
20210611	11.15	11.23	11.06	11.07	32500
20210614	11.08	11.22	11.08	11.11	10900
20210615	11.10	11.14	10.97	11.04	22000
20210616	11.02	11.20	10.98	11.20	47300
20210617	11.13	11.15	11.04	11.11	10700
20210618	11.12	11.20	11.09	11.15	17100
20210621	11.15	11.18	11.15	11.17	21600
20210622	11.18	11.29	11.14	11.21	19400
20210623	11.26	11.31	11.24	11.24	17700
20210624	11.33	11.34	11.23	11.25	20500
20210625	11.21	11.36	11.21	11.29	28900
20210628	11.27	11.50	11.27	11.37	38000
20210629	11.44	11.46	11.29	11.36	20200
20210630	11.43	11.50	11.16	11.22	32300
20210701	11.16	11.28	11.16	11.20	27200
20210702	11.19	11.29	11.19	11.21	23600
20210706	11.42	11.42	11.21	11.33	18400
20210707	11.26	11.39	11.26	11.37	25500
20210708	11.30	11.30	11.17	11.25	23800
20210709	11.18	11.27	11.14	11.15	24700
20210712	11.21	11.26	11.15	11.17	9900
20210713	11.12	11.32	11.12	11.19	35000
20210714	11.26	11.58	11.22	11.26	17000
20210715	11.30	11.37	11.30	11.30	22700
20210716	11.26	11.39	10.96	11.02	37300
20210719	10.96	11.01	10.68	10.73	119500
20210720	10.87	11.05	10.79	10.88	26200
20210721	10.92	11.08	10.92	11.00	26900
20210722	11.04	11.07	10.97	11.01	7900
20210723	10.99	11.08	10.99	11.03	9900
20210726	11.09	11.09	10.98	11.02	9600
20210727	11.04	11.04	10.88	10.88	18000
20210728	10.93	11.06	10.86	10.88	28900
20210729	10.96	10.96	10.76	10.90	21800
20210730	10.91	10.97	10.83	10.90	9200
20210802	10.99	11.10	10.92	11.10	33100
20210803	11.10	11.23	11.09	11.18	54100
20210804	11.16	11.23	11.16	11.21	13400
20210805	11.19	11.32	11.19	11.30	13100
20210806	11.42	11.57	11.28	11.42	26300
20210809	11.37	11.64	11.30	11.53	56000
20210810	11.51	11.51	11.33	11.38	30000
20210811	11.35	11.45	11.34	11.40	21200
20210812	11.47	11.60	11.40	11.53	25700
20210813	11.45	11.45	11.40	11.41	12300
20210816	11.40	11.46	11.35	11.36	25400
20210817	11.38	11.67	11.22	11.31	24900
20210818	11.29	11.34	11.23	11.28	36900
20210819	11.18	11.26	11.18	11.25	10500
20210820	11.34	11.51	11.25	11.42	20400
20210823	11.50	11.69	11.35	11.39	31600
20210824	11.39	11.42	11.31	11.38	29700
20210825	11.45	11.45	11.34	11.36	19100
20210826	11.36	11.36	11.19	11.19	26300
20210827	11.28	11.33	11.15	11.25	26500
20210830	11.27	11.31	11.16	11.18	51900
20210831	11.15	11.25	11.15	11.23	17400
20210901	11.30	11.30	11.16	11.21	31700
20210902	11.26	11.26	11.09	11.11	52100
20210903	11.14	11.16	10.74	10.95	54100
20210907	10.87	10.91	10.67	10.75	74900
20210908	10.78	11.11	10.78	11.09	72700
20210909	11.13	11.19	11.04	11.09	19000
20210910	11.05	11.11	11.03	11.03	23000
20210913	11.05	11.05	10.91	10.91	37200
20210914	10.93	11.05	10.89	10.90	19100
20210915	10.91	11.26	10.88	11.10	44200
20210916	11.13	11.22	11.05	11.22	17300
20210917	11.15	11.16	11.09	11.11	21300
20210920	10.92	11.08	10.91	10.91	22000
20210921	10.97	11.11	10.87	10.93	11700
20210922	10.93	11.09	10.91	11.02	19600
20210923	11.11	11.11	11.00	11.03	17600
20210924	11.02	11.09	11.02	11.03	14000
20210927	11.17	11.30	10.99	11.03	32500
20210928	11.02	11.22	10.81	10.94	44500
20210929	10.95	11.08	10.95	10.95	17600
20210930	10.96	11.24	10.95	10.95	7000
20211001	11.05	11.09	11.00	11.02	16000
20211004	11.02	11.02	10.83	10.83	63700
20211005	10.88	10.99	10.83	10.84	29400
20211006	10.81	10.94	10.81	10.91	10800
20211007	10.90	11.19	10.90	11.06	22600
20211008	11.08	11.30	11.08	11.17	15300
20211011	11.15	11.45	10.93	11.00	19300
20211012	11.12	11.12	10.91	10.91	24000
20211013	10.91	11.05	10.90	10.97	10700
20211014	11.03	11.06	10.94	10.97	17100
20211015	10.94	11.05	10.91	10.91	21000
20211018	10.96	10.96	10.72	10.75	29100
20211019	10.75	10.85	10.70	10.74	29100
20211020	10.70	10.83	10.70	10.75	34000
20211021	10.76	10.85	10.76	10.78	11000
20211022	10.81	10.85	10.78	10.78	19300
20211025	10.79	10.85	10.74	10.78	7800
20211026	10.73	10.83	10.69	10.72	44200
20211027	10.77	10.83	10.76	10.79	14300
20211028	10.77	10.85	10.77	10.78	12200
20211029	10.78	10.89	10.78	10.80	17800
20211101	10.94	10.98	10.80	10.81	24800
20211102	10.86	11.07	10.83	11.04	30700
20211103	11.04	11.17	11.04	11.12	23700
20211104	11.10	11.21	10.97	11.08	13400
20211105	11.17	11.22	11.09	11.11	16200
20211108	11.21	11.22	11.14	11.19	20900
20211109	11.20	11.20	11.16	11.19	10700
20211110	11.10	11.25	11.09	11.15	9000
20211111	11.11	11.28	11.11	11.17	8700
20211112	11.13	11.28	11.10	11.11	7900
20211115	11.19	11.28	11.16	11.26	15000
20211116	11.25	11.26	11.17	11.24	16000
20211117	11.24	11.28	11.15	11.17	11900
20211118	11.21	11.23	11.12	11.17	7000
20211119	11.18	11.22	11.11	11.15	8800
20211122	11.08	11.18	10.97	10.97	19700
20211123	10.97	11.10	10.96	10.96	18800
20211124	11.04	11.10	10.91	10.94	17100
20211126	10.96	11.09	10.79	10.94	23600
20211129	10.98	11.09	10.92	10.93	19400
20211130	10.99	11.11	10.93	10.94	26800
20211201	11.09	11.10	10.90	10.90	34300
20211202	11.03	11.06	10.85	10.88	20700
20211203	10.90	11.00	10.79	10.79	9100
20211206	10.87	10.97	10.79	10.88	29100
20211207	11.02	11.27	10.88	11.15	34700
20211208	11.13	11.13	11.00	11.05	21900
20211209	11.06	11.10	11.06	11.06	33300
20211210	10.99	11.14	10.87	10.93	31100
20211213	10.83	10.91	10.59	10.71	41800
20211214	10.61	10.76	10.44	10.44	62000
20211215	10.50	10.60	10.44	10.45	45700
20211216	10.52	10.82	10.31	10.64	45000
20211217	10.64	10.75	10.49	10.60	32300
20211220	10.67	10.67	10.22	10.36	62100
20211221	10.36	10.46	10.32	10.43	19700
20211222	10.42	10.58	10.37	10.47	47100
20211223	10.40	10.51	10.39	10.49	52400
20211227	10.51	10.53	10.40	10.51	24200
20211228	10.58	10.68	10.39	10.45	36500
20211229	10.47	10.56	10.45	10.46	34900
20211230	10.52	10.69	10.45	10.50	24600
20211231	10.52	10.67	10.52	10.56	32300
20220103	10.70	10.76	10.59	10.68	38900
20220104	10.71	10.82	10.60	10.63	35400
20220105	10.66	10.80	10.44	10.48	45300
20220106	10.54	10.60	10.44	10.51	20500
20220107	10.52	10.72	10.52	10.62	15300
20220110	10.67	10.80	10.54	10.64	16100
20220111	10.60	10.74	10.60	10.67	19800
20220112	10.62	10.75	10.58	10.61	21800
20220113	10.79	10.82	10.55	10.55	33700
20220114	10.56	10.67	10.56	10.58	27000
20220118	10.52	10.66	10.40	10.42	47600
20220119	10.42	10.63	10.40	10.41	56200
20220120	10.47	10.60	10.40	10.52	43700
20220121	10.54	10.75	10.41	10.53	67500
20220124	10.49	10.79	10.19	10.74	149600
20220125	10.62	10.74	10.42	10.64	39100
20220126	10.72	10.79	10.43	10.54	28300
20220127	10.54	10.80	10.48	10.56	13800
20220128	10.63	10.73	10.47	10.58	12400
20220131	10.57	10.72	10.57	10.68	11400
20220201	10.74	10.83	10.58	10.79	53300
20220202	10.92	11.07	10.83	10.94	72900
20220203	10.83	10.95	10.63	10.63	28900
20220204	10.58	10.81	10.56	10.75	14700
20220207	10.71	10.79	10.71	10.72	17400
20220208	10.79	10.86	10.75	10.79	10100
20220209	10.89	11.03	10.84	10.95	19400
20220210	10.81	10.98	10.81	10.83	22000
20220211	10.75	10.82	10.70	10.71	19500
20220214	10.73	10.86	10.65	10.78	39300
20220215	10.80	10.89	10.80	10.84	10000
20220216	10.86	11.03	10.83	11.03	23100
20220217	10.90	10.90	10.76	10.81	5300
20220218	10.96	11.01	10.78	11.01	35100
20220222	10.93	10.98	10.57	10.59	28600
20220223	10.63	10.96	10.53	10.59	24600
