20170103	80.31	80.75	78.21	79.27	452800
20170104	79.70	80.48	78.78	80.30	420600
20170105	79.82	81.04	79.82	80.75	286200
20170106	80.73	80.73	79.76	80.12	455600
20170109	79.89	80.14	78.89	79.41	479900
20170110	79.80	81.46	79.32	81.28	504600
20170111	81.20	81.41	80.36	80.60	379000
20170112	80.16	80.43	79.14	80.08	349200
20170113	80.36	80.95	78.51	79.03	357100
20170117	78.74	79.69	78.03	78.71	312000
20170118	78.83	78.97	78.06	78.66	200900
20170119	78.69	78.69	77.63	77.72	241000
20170120	77.67	78.37	77.40	78.09	504800
20170123	78.18	78.89	77.48	78.37	331900
20170124	78.45	78.94	77.72	78.52	275500
20170125	78.58	79.83	78.58	78.79	342600
20170126	78.48	79.56	78.48	78.92	166500
20170127	79.12	79.95	78.14	78.53	221500
20170130	78.20	79.09	77.87	78.91	208000
20170131	78.63	79.55	78.08	79.39	291400
20170201	79.80	80.63	77.09	77.12	344100
20170202	77.13	77.83	76.31	76.49	832800
20170203	76.50	77.21	75.91	76.01	695900
20170206	76.00	76.38	75.68	76.34	472000
20170207	76.41	77.50	76.27	76.61	415100
20170208	76.57	78.44	76.18	78.21	505900
20170209	78.22	79.99	78.21	78.88	486400
20170210	78.85	80.68	78.60	79.91	476500
20170213	80.02	80.23	77.75	78.31	749300
20170214	78.25	80.89	77.98	79.73	554200
20170215	79.41	80.59	79.03	80.25	343600
20170216	80.24	80.82	79.99	80.68	345900
20170217	80.54	81.23	79.53	80.32	466900
20170221	80.61	80.83	79.10	79.96	919300
20170222	76.24	77.23	72.74	74.33	3799600
20170223	73.78	74.22	71.90	73.56	1507200
20170224	73.54	73.66	72.99	73.49	652400
20170227	73.27	73.79	73.10	73.35	419500
20170228	72.80	73.94	72.59	73.70	818100
20170301	74.22	74.46	73.44	74.07	518100
20170302	73.51	74.36	72.98	73.15	446800
20170303	72.90	73.71	72.43	72.81	604300
20170306	72.66	72.71	71.83	72.43	602300
20170307	72.57	72.83	71.11	71.38	477400
20170308	71.60	71.81	70.98	71.21	260700
20170309	71.03	71.84	70.17	70.18	582100
20170310	70.57	71.20	70.29	70.77	279900
20170313	71.01	71.37	70.38	71.24	335900
20170314	71.15	71.49	70.49	70.69	260100
20170315	70.96	72.00	70.68	71.60	369700
20170316	71.69	72.39	70.73	70.93	421600
20170317	71.25	72.52	70.88	70.97	757900
20170320	71.09	71.17	70.11	70.17	538500
20170321	70.47	70.88	68.92	69.09	684300
20170322	69.08	70.18	68.89	69.93	595700
20170323	69.88	70.82	69.34	69.37	513800
20170324	69.75	72.51	69.59	71.37	997200
20170327	71.02	73.32	70.73	73.27	891900
20170328	73.27	74.04	73.10	73.71	799800
20170329	73.46	74.97	73.46	74.20	483200
20170330	74.14	74.52	73.85	74.36	277000
20170331	74.26	74.97	74.14	74.74	566800
20170403	74.73	75.49	74.29	74.85	441600
20170404	74.74	75.36	74.25	74.90	395100
20170405	74.92	76.80	74.70	75.81	708900
20170406	75.55	76.14	75.12	75.83	318100
20170407	75.74	76.19	74.24	74.28	792400
20170410	74.38	75.35	74.38	74.68	639300
20170411	74.60	76.18	74.28	76.18	599900
20170412	75.87	75.87	74.38	74.49	537600
20170413	74.04	74.69	73.40	73.41	557400
20170417	73.40	73.92	73.03	73.83	537800
20170418	73.60	74.03	71.68	72.08	928700
20170419	72.38	72.38	71.23	71.58	716600
20170420	72.09	72.91	70.55	72.51	933100
20170421	72.54	73.70	72.27	73.61	567200
20170424	74.22	74.23	72.35	72.69	588800
20170425	73.11	73.99	72.80	73.73	517900
20170426	73.68	75.47	73.50	74.45	638400
20170427	75.17	75.33	74.08	74.79	533900
20170428	74.88	75.13	73.80	73.83	499500
20170501	73.87	73.97	72.66	73.44	929700
20170502	73.28	75.91	72.75	75.14	1338500
20170503	76.10	76.54	72.80	73.98	1870600
20170504	73.33	76.25	73.33	76.18	1160500
20170505	76.21	76.31	75.24	75.95	574600
20170508	75.30	75.93	74.57	74.98	373800
20170509	75.29	75.72	74.77	75.57	369900
20170510	75.27	76.85	75.11	76.71	448000
20170511	76.55	77.34	75.66	77.15	453500
20170512	77.04	77.47	76.62	76.82	313200
20170515	76.53	77.46	76.45	76.97	343800
20170516	77.05	77.32	75.32	76.13	441300
20170517	74.90	75.49	73.50	73.60	723100
20170518	73.61	74.20	73.11	73.30	496600
20170519	73.36	73.74	72.51	73.19	477900
20170522	73.67	74.76	73.39	73.43	377900
20170523	73.69	73.71	72.75	73.20	331600
20170524	73.49	74.69	73.19	74.29	386000
20170525	74.33	75.07	74.05	74.41	251800
20170526	74.36	75.35	73.88	74.43	285600
20170530	73.97	75.28	73.92	74.58	434600
20170531	74.89	75.68	74.36	75.43	489200
20170601	75.64	76.75	74.99	76.73	499000
20170602	76.55	77.06	75.97	76.31	393900
20170605	76.26	77.74	75.60	77.58	744300
20170606	77.31	79.76	77.17	79.34	822400
20170607	79.56	79.56	77.71	77.74	582400
20170608	77.98	78.90	77.02	77.31	445400
20170609	77.50	77.56	73.93	74.34	790200
20170612	74.14	74.97	73.84	74.95	496200
20170613	75.08	75.59	74.62	74.94	436300
20170614	74.97	75.85	74.33	74.64	331600
20170615	73.91	73.98	72.30	73.08	442900
20170616	72.75	73.95	72.54	73.64	466300
20170619	73.27	73.27	70.29	70.73	1013500
20170620	70.49	70.78	69.64	70.30	563100
20170621	70.38	70.73	69.57	69.93	375100
20170622	69.73	70.46	69.15	69.48	311700
20170623	69.45	69.98	68.93	69.24	403700
20170626	69.32	70.45	69.13	70.05	511200
20170627	70.02	70.26	68.81	68.86	459600
20170628	69.21	69.82	68.56	69.28	475300
20170629	69.31	69.31	67.31	67.87	463300
20170630	68.07	68.95	67.15	67.18	471600
20170703	67.30	67.94	66.97	67.40	233900
20170705	67.34	67.48	66.21	67.28	512700
20170706	66.98	67.68	66.81	67.62	397500
20170707	67.93	68.52	67.68	67.97	298500
20170710	67.70	69.56	67.59	69.08	611300
20170711	69.09	70.38	68.68	70.28	681100
20170712	70.91	72.60	70.36	72.53	1296200
20170713	72.54	72.70	70.15	70.20	852800
20170714	70.16	71.30	70.16	70.61	405100
20170717	70.66	71.75	70.63	71.71	477600
20170718	71.62	72.22	71.23	72.13	672300
20170719	72.32	72.78	71.03	71.11	482100
20170720	71.09	71.82	70.89	71.58	313900
20170721	71.83	72.25	71.21	71.65	503300
20170724	71.82	71.82	70.09	70.54	584100
20170725	70.65	71.05	69.61	69.75	1217400
20170726	69.67	70.40	69.02	69.04	388100
20170727	69.18	69.29	67.97	68.62	628500
20170728	68.53	68.70	66.80	66.93	541400
20170731	66.83	67.81	66.54	66.78	1036000
20170801	67.24	67.38	66.48	66.59	1011200
20170802	73.67	75.91	72.90	73.01	2743000
20170803	72.88	74.14	72.53	72.64	1002200
20170804	72.79	73.17	71.81	72.26	647900
20170807	72.17	74.78	72.09	74.45	627300
20170808	74.22	74.76	72.92	73.11	583200
20170809	72.97	73.04	72.20	72.66	430900
20170810	72.53	73.95	72.53	73.11	392700
20170811	73.24	74.42	73.04	73.88	283500
20170814	74.31	74.35	73.17	73.74	721200
20170815	73.67	74.10	72.68	73.33	399900
20170816	73.28	74.01	73.19	73.49	262700
20170817	73.42	74.43	73.14	74.12	510300
20170818	73.80	74.11	73.17	73.74	366700
20170821	74.06	74.10	73.32	73.81	301300
20170822	74.12	75.86	74.11	75.33	369300
20170823	75.11	75.18	74.23	74.41	370000
20170824	74.67	75.03	72.51	72.55	317600
20170825	72.83	73.75	72.22	72.65	703200
20170828	72.63	72.81	71.52	72.29	379300
20170829	72.01	72.53	71.43	71.49	495800
20170830	71.20	71.42	69.94	70.50	1054000
20170831	70.50	70.93	70.07	70.22	750100
20170901	70.21	70.25	68.66	69.87	615200
20170905	69.38	69.80	67.53	68.31	706300
20170906	68.25	68.25	67.16	67.34	550700
20170907	68.13	69.08	67.18	67.52	615800
20170908	67.35	68.49	67.04	68.11	462300
20170911	68.65	70.11	68.59	69.73	545700
20170912	69.76	70.74	69.48	70.33	524700
20170913	70.27	71.19	69.05	69.18	760000
20170914	69.31	69.32	67.08	67.74	494400
20170915	67.74	68.73	67.19	68.21	589400
20170918	68.99	69.81	68.84	69.10	551700
20170919	69.15	69.65	68.63	69.13	397300
20170920	69.24	69.68	68.27	68.47	310700
20170921	68.47	68.48	67.50	68.10	332900
20170922	68.14	68.83	67.80	68.50	367900
20170925	68.23	68.94	66.60	67.21	620300
20170926	67.14	68.73	66.81	68.62	694100
20170927	68.96	70.48	68.88	70.13	448200
20170928	70.08	70.43	68.99	69.16	378100
20170929	69.03	69.22	68.36	68.60	407800
20171002	68.61	69.02	67.98	68.12	375400
20171003	67.67	67.81	65.66	66.29	821500
20171004	66.30	66.33	64.50	65.30	703800
20171005	65.74	66.16	64.48	65.27	595600
20171006	65.53	65.97	65.32	65.68	474200
20171009	65.57	65.94	65.21	65.25	298400
20171010	65.45	66.46	65.40	66.14	529400
20171011	66.29	67.73	66.24	67.21	931800
20171012	66.27	67.25	65.66	66.54	852600
20171013	66.50	66.50	65.66	66.30	420100
20171016	66.38	66.76	65.62	65.66	344800
20171017	65.38	66.92	65.11	66.12	460700
20171018	65.96	66.09	64.93	65.51	391100
20171019	65.20	66.52	65.12	66.32	286500
20171020	66.63	66.77	65.24	65.25	547000
20171023	65.18	65.66	64.73	64.74	513200
20171024	64.42	64.72	62.98	63.46	813800
20171025	63.12	63.71	61.92	63.39	796400
20171026	63.81	64.89	63.02	64.34	435500
20171027	64.30	64.74	63.72	64.13	538700
20171030	63.97	64.28	62.36	62.94	708100
20171031	63.15	64.06	62.44	63.89	1137200
20171101	61.50	63.61	55.73	58.45	4978400
20171102	57.70	60.90	57.27	59.17	2033100
20171103	59.16	59.90	57.36	57.71	993700
20171106	57.58	57.71	55.26	55.30	1084000
20171107	55.16	56.12	54.07	54.33	727600
20171108	54.31	54.85	54.01	54.18	611400
20171109	53.92	55.13	53.92	55.09	445600
20171110	55.60	56.67	55.49	56.10	1072700
20171113	55.88	56.47	55.15	55.21	579600
20171114	55.74	57.02	55.62	55.84	943800
20171115	55.51	55.87	54.54	54.56	703700
20171116	54.72	55.46	54.26	55.17	700700
20171117	54.81	55.19	54.16	54.17	924200
20171120	54.37	55.03	53.44	54.23	946900
20171121	54.39	54.62	53.86	54.26	672800
20171122	54.43	54.54	53.66	53.71	402400
20171124	53.72	53.78	52.97	53.02	263300
20171127	53.03	53.75	52.89	53.20	563000
20171128	53.43	53.43	51.87	52.83	1224600
20171129	53.00	54.63	52.82	54.00	870800
20171130	54.51	55.21	54.15	55.09	680200
20171201	55.20	56.51	52.91	56.50	1886500
20171204	57.02	57.58	56.40	56.84	1102700
20171205	56.99	57.14	55.87	57.07	685700
20171206	57.26	57.34	53.93	53.97	1103100
20171207	54.11	54.85	53.37	53.40	774000
20171208	53.35	54.30	51.93	54.25	1400200
20171211	54.32	55.01	54.04	54.95	662400
20171212	54.74	54.85	53.79	54.49	613000
20171213	54.59	55.40	54.10	54.81	463600
20171214	55.02	55.07	53.91	54.11	618900
20171215	54.16	54.51	53.35	53.57	1498500
20171218	53.66	54.59	52.99	54.38	997000
20171219	54.56	56.90	54.43	56.63	1241200
20171220	56.93	56.98	55.68	55.83	583300
20171221	55.80	56.52	55.64	55.81	534500
20171222	55.48	56.21	53.36	53.62	1946100
20171226	53.87	54.51	53.05	53.59	765900
20171227	53.52	54.36	53.43	54.04	405700
20171228	54.22	54.66	53.76	53.83	400600
20171229	53.95	54.05	52.85	52.87	533300
20180102	53.04	54.40	52.63	53.76	724500
20180103	53.71	55.00	53.52	54.61	628300
20180104	54.98	55.79	54.66	55.27	678800
20180105	55.58	55.84	55.21	55.38	500700
20180108	55.19	55.45	54.35	55.40	842600
20180109	55.44	56.65	54.78	56.59	1073900
20180110	56.59	56.68	55.20	55.77	750700
20180111	55.74	56.59	55.60	56.45	628700
20180112	56.61	57.65	56.49	57.52	802300
20180116	57.68	58.40	56.84	56.96	828300
20180117	56.66	56.75	54.77	55.68	1753000
20180118	54.67	60.29	54.67	60.10	2646400
20180119	60.28	60.92	57.64	59.13	1798900
20180122	58.94	63.85	58.84	63.70	2567700
20180123	64.15	65.44	62.40	64.66	2254700
20180124	65.21	65.21	60.87	62.17	1413000
20180125	62.22	62.41	60.90	61.17	973200
20180126	61.32	61.75	60.27	61.62	883100
20180129	61.16	61.29	59.37	60.73	959700
20180130	60.34	60.89	60.00	60.31	754700
20180131	60.61	61.67	60.31	61.15	631700
20180201	60.98	61.49	59.98	60.04	484400
20180202	59.58	59.75	57.48	57.64	955800
20180205	57.03	57.43	53.35	54.10	2104500
20180206	53.01	55.96	52.52	54.41	1153600
20180207	54.42	55.19	53.87	54.28	738000
20180208	54.18	55.57	53.03	53.08	920000
20180209	53.36	54.51	52.09	54.03	1275500
20180212	54.12	55.09	53.44	54.90	742900
20180213	54.76	55.24	53.96	54.40	794000
20180214	54.26	56.13	54.09	55.52	509000
20180215	56.07	56.86	55.58	56.37	470900
20180216	55.99	56.10	54.22	54.23	1154100
20180220	53.79	54.60	52.69	54.24	1130800
20180221	54.42	55.22	53.83	53.85	807000
20180222	54.31	54.98	52.96	53.35	626300
20180223	53.71	54.87	53.71	54.12	900000
20180226	54.42	54.91	53.21	54.18	1041200
20180227	54.59	56.28	53.25	53.32	1654300
20180228	51.09	55.96	51.09	54.63	4417400
20180301	55.31	57.44	54.48	56.80	2229800
20180302	56.22	58.20	55.37	57.39	1549200
20180305	57.31	58.92	56.82	58.67	1278600
20180306	58.97	59.24	57.33	57.83	758600
20180307	57.41	58.06	56.55	56.72	627900
20180308	56.73	58.93	56.64	57.18	766100
20180309	57.67	58.54	56.99	58.49	661300
20180312	58.37	59.47	58.13	59.39	1377800
20180313	59.60	60.29	58.22	58.47	885900
20180314	58.68	58.80	56.46	56.65	720200
20180315	56.79	57.12	55.91	55.94	814500
20180316	55.85	56.63	55.70	55.83	1027300
20180319	55.68	56.12	55.44	55.94	1070800
20180320	56.13	56.40	55.33	55.78	707500
20180321	55.59	56.18	55.00	55.10	692300
20180322	54.86	55.08	53.55	53.58	655300
20180323	53.70	54.49	53.26	53.36	709200
20180326	53.81	53.97	52.68	52.92	714600
20180327	52.93	54.42	52.79	53.86	924800
20180328	53.78	54.65	53.12	54.58	615400
20180329	54.63	55.14	54.10	54.21	852000
20180402	53.92	56.08	53.92	55.78	1249200
20180403	56.46	57.66	55.84	57.49	1057500
20180404	57.04	59.34	56.51	59.15	857300
20180405	59.34	59.49	58.17	59.16	657900
20180406	58.81	60.11	58.07	58.77	685300
20180409	59.06	59.06	58.02	58.49	561500
20180410	58.90	59.23	58.16	59.06	840800
20180411	58.81	59.67	58.48	58.81	404200
20180412	59.20	59.20	57.26	58.31	513300
20180413	58.41	58.41	57.46	57.76	715600
20180416	58.15	58.47	57.23	57.49	587600
20180417	57.57	58.62	57.14	58.26	401900
20180418	58.27	59.05	57.64	58.16	381600
20180419	58.12	58.89	57.60	57.89	568600
20180420	57.70	58.62	57.35	58.30	517300
20180423	58.56	59.37	57.94	58.84	532500
20180424	59.04	59.04	57.73	58.14	482100
20180425	58.13	59.49	58.11	59.04	558300
20180426	59.24	60.72	58.91	59.49	654000
20180427	59.60	60.02	58.88	58.93	599000
20180430	59.05	59.76	58.32	58.66	582700
20180501	58.52	59.80	57.66	59.73	914900
20180502	59.48	59.48	57.92	58.01	521600
20180503	57.41	57.41	55.16	56.01	955900
20180504	55.84	57.22	55.10	56.86	743000
20180507	56.99	57.33	55.83	55.93	837100
20180508	55.87	56.30	55.42	55.56	1433700
20180509	52.98	53.88	49.23	53.50	3169700
20180510	53.37	54.24	53.06	53.63	903300
20180511	53.67	53.74	49.87	49.92	2835400
20180514	49.85	49.92	47.79	48.31	2586700
20180515	48.36	49.33	47.98	49.29	1183600
20180516	49.29	50.34	49.29	50.01	1258300
20180517	49.92	50.11	49.01	49.31	802700
20180518	49.42	49.42	48.22	48.34	1243600
20180521	48.46	48.80	47.98	48.02	998000
20180522	48.13	48.91	48.13	48.63	651000
20180523	48.59	50.68	48.42	49.67	1927000
20180524	49.58	50.48	49.28	50.11	549800
20180525	50.07	50.76	49.81	49.99	550800
20180529	49.68	49.76	48.74	49.05	881600
20180530	49.31	49.95	48.89	49.55	540400
20180531	49.39	49.81	48.68	48.78	429800
20180601	48.98	49.43	48.54	48.69	407000
20180604	48.89	49.09	48.18	48.51	442500
20180605	48.41	49.05	47.98	48.71	823200
20180606	48.81	49.29	48.36	49.16	527900
20180607	49.33	49.63	48.78	49.28	455100
20180608	48.99	49.49	48.69	49.39	458300
20180611	49.35	49.83	48.98	49.55	643600
20180612	49.75	50.80	49.51	50.48	1147400
20180613	50.67	50.70	48.69	48.98	672900
20180614	49.12	50.17	48.99	49.58	824900
20180615	48.91	49.00	47.06	48.74	1268800
20180618	48.68	49.71	48.60	49.48	1024300
20180619	49.35	49.74	49.09	49.38	852000
20180620	49.25	55.28	48.54	52.12	4163400
20180621	52.01	53.90	51.44	53.07	877700
20180622	53.34	53.60	51.33	51.61	1696000
20180625	51.50	51.73	48.72	48.77	906500
20180626	48.78	49.09	48.07	48.53	940000
20180627	48.53	49.11	48.36	48.53	777300
20180628	48.45	49.33	47.86	49.17	586100
20180629	49.28	49.28	48.02	48.18	679600
20180702	47.94	48.09	46.96	47.55	705000
20180703	47.85	48.42	47.61	47.82	249000
20180705	48.10	48.58	47.51	48.50	598800
20180706	48.59	49.38	48.56	48.70	345100
20180709	48.74	49.36	48.60	48.61	457900
20180710	48.56	48.67	47.68	48.24	411500
20180711	48.13	48.55	45.40	45.91	3289700
20180712	48.35	53.03	48.07	50.98	6267800
20180713	51.03	52.74	50.51	50.87	2186800
20180716	50.33	50.34	47.64	48.83	2771100
20180717	48.49	49.16	48.06	48.96	876300
20180718	49.05	52.40	48.24	50.91	5659900
20180719	50.53	51.18	48.16	48.44	2714100
20180720	48.70	49.73	48.45	49.00	1366500
20180723	46.73	47.72	43.75	44.23	6655500
20180724	44.28	45.00	43.18	43.67	3332500
20180725	43.83	43.91	41.73	42.44	3136400
20180726	42.52	43.17	41.75	42.22	1825300
20180727	42.39	42.39	40.27	40.96	2063500
20180730	40.88	41.77	39.71	39.95	2225900
20180731	39.73	40.40	38.61	39.86	2027700
20180801	40.62	40.69	39.83	40.15	1517500
20180802	40.15	40.56	39.35	40.24	2013900
20180803	40.33	41.12	39.69	40.17	1972400
20180806	39.94	40.41	39.36	40.21	1587800
20180807	40.20	40.35	38.92	39.01	3035200
20180808	36.90	38.98	36.14	36.99	7690700
20180809	37.33	40.45	37.19	39.37	4626700
20180810	39.19	40.29	38.37	38.45	1936800
20180813	39.44	40.52	38.55	39.93	2796100
20180814	40.32	41.50	39.94	41.07	2320500
20180815	41.74	41.85	40.40	40.67	1655600
20180816	40.61	41.84	40.43	41.75	1321900
20180817	41.47	42.82	41.18	41.96	2025500
20180820	41.82	42.31	40.55	40.80	1155700
20180821	40.60	42.62	40.30	40.99	2238600
20180822	40.66	41.58	40.40	40.82	981900
20180823	40.83	41.29	40.51	40.81	604700
20180824	40.80	43.25	40.68	42.69	4845000
20180827	43.21	43.41	42.52	42.99	1947700
20180828	43.28	43.93	43.18	43.78	1440500
20180829	44.02	44.83	43.93	44.45	1976100
20180830	44.68	44.77	43.82	44.05	1046700
20180831	43.86	44.84	43.81	44.05	909600
20180904	44.07	44.27	43.39	43.73	902500
20180905	43.72	44.12	43.45	43.95	712200
20180906	44.14	44.35	43.88	44.10	564800
20180907	43.45	44.22	43.04	43.85	1013900
20180910	43.88	44.50	43.40	44.41	944800
20180911	44.18	45.08	43.94	44.65	1182500
20180912	44.65	44.86	44.28	44.30	799300
20180913	44.56	44.89	44.20	44.87	490600
20180914	44.81	44.89	44.14	44.73	596800
20180917	44.73	44.73	44.13	44.30	762100
20180918	44.25	44.56	44.17	44.25	798700
20180919	44.18	44.66	44.12	44.51	811700
20180920	44.78	45.26	44.30	44.61	990500
20180921	44.72	45.27	44.13	44.15	1201800
20180924	44.01	44.29	42.89	44.24	1181800
20180925	44.30	44.90	44.11	44.13	772700
20180926	44.30	48.97	43.65	47.89	9316100
20180927	48.06	48.85	47.70	48.76	1662000
20180928	48.86	49.11	48.44	48.97	1304600
20181001	49.46	49.61	46.61	47.06	1365600
20181002	48.40	48.61	47.05	47.90	1022200
20181003	47.75	48.49	47.51	47.54	732100
20181004	47.33	48.64	47.33	48.23	1076800
20181005	47.91	48.45	47.14	48.09	680100
20181008	46.94	48.28	46.94	48.15	693900
20181009	51.16	52.50	51.06	52.43	3610000
20181010	51.97	52.38	50.97	51.58	1474600
20181011	51.38	51.52	49.84	50.06	1229100
20181012	50.51	51.02	49.21	50.53	1361300
20181015	51.31	51.40	49.64	49.67	746800
20181016	49.82	50.49	49.10	49.99	970500
20181017	49.93	51.53	49.63	51.40	728300
20181018	51.39	51.96	50.77	51.02	712800
20181019	50.67	51.43	49.93	50.08	702300
20181022	51.42	51.53	49.78	49.85	557400
20181023	49.35	50.16	48.94	49.63	510400
20181024	49.61	50.65	49.43	49.53	499800
20181025	49.94	50.94	49.65	50.23	507200
20181026	49.95	49.95	48.48	48.88	603600
20181029	49.34	49.62	46.09	46.67	941800
20181030	46.78	51.44	46.23	51.25	3082400
20181031	51.56	52.96	50.95	52.09	1018100
20181101	52.37	53.18	52.17	52.30	573100
20181102	52.48	53.22	51.31	52.47	700800
20181105	52.79	53.00	51.92	52.07	513300
20181106	51.83	52.60	50.45	51.07	1604900
20181107	51.58	54.50	51.57	53.86	1782200
20181108	53.12	54.27	52.21	53.12	689900
20181109	53.01	53.41	51.88	52.94	765000
20181112	52.65	54.50	52.23	53.61	698300
20181113	53.65	54.04	52.82	53.49	478700
20181114	53.65	54.44	53.32	53.92	455400
20181115	53.93	58.07	52.64	56.61	2373100
20181116	56.09	57.61	54.76	56.50	1176400
20181119	56.28	56.28	53.79	55.05	881100
20181120	54.21	56.45	53.86	55.80	724300
20181121	55.80	56.45	55.00	55.06	601700
20181123	54.47	55.78	54.20	54.93	178700
20181126	55.40	55.81	54.77	55.30	554500
20181127	55.02	56.43	46.60	49.64	6225600
20181128	48.66	49.53	45.52	45.91	2713800
20181129	45.86	47.38	45.83	46.22	1268200
20181130	46.22	46.76	45.56	46.02	736100
20181203	46.36	46.51	44.51	44.85	827900
20181204	44.70	45.06	43.46	44.02	1086900
20181206	43.31	44.31	43.31	43.94	738200
20181207	43.76	44.70	43.16	43.23	920400
20181210	43.78	44.18	42.08	42.19	748200
20181211	42.82	43.09	41.47	42.69	712600
20181212	42.82	43.67	42.13	43.02	522400
20181213	43.19	44.45	42.88	44.17	949500
20181214	43.91	44.20	43.21	43.54	537000
20181217	43.53	43.53	42.19	42.70	674800
20181218	43.35	43.50	42.02	42.63	637800
20181219	42.94	43.21	41.05	41.56	521000
20181220	41.54	41.65	39.77	40.49	481000
20181221	40.69	40.95	39.05	39.14	917600
20181224	39.02	39.31	38.45	39.00	351700
20181226	39.08	40.45	38.91	40.13	511000
20181227	39.95	40.05	38.54	39.20	360100
20181228	39.31	39.58	38.38	38.77	547300
20181231	38.78	39.27	37.69	38.17	667000
20190102	38.01	38.99	37.32	38.48	370200
20190103	38.15	39.27	37.72	38.64	359100
20190104	39.03	40.06	38.59	40.02	490100
20190107	39.99	41.26	39.75	40.97	553500
20190108	41.28	41.94	40.67	41.92	541200
20190109	41.96	42.19	40.74	40.88	550600
20190110	40.74	41.34	40.43	40.73	371700
20190111	40.67	41.01	40.26	40.81	420000
20190114	40.68	41.96	40.27	40.68	534500
20190115	40.83	41.15	40.28	40.74	441400
20190116	40.55	41.13	40.19	40.46	420200
20190117	40.45	41.29	40.34	41.18	623900
20190118	41.33	41.90	40.63	41.10	571800
20190122	40.99	41.10	39.80	39.92	448200
20190123	40.17	43.34	40.01	42.98	2371800
20190124	42.94	44.15	42.44	43.82	750400
20190125	44.04	44.30	40.38	40.45	1361800
20190128	40.27	41.41	39.49	40.89	695000
20190129	40.85	41.23	39.93	40.59	498300
20190130	40.75	41.33	40.28	40.41	714200
20190131	40.50	41.04	40.30	40.55	621100
20190201	40.11	40.95	36.72	36.93	6877900
20190204	39.69	41.81	39.60	40.24	7884600
20190205	40.30	42.56	40.08	41.95	3401700
20190206	42.00	42.43	40.84	41.16	1360200
20190207	41.11	42.20	40.90	41.89	864800
20190208	41.41	41.82	40.74	41.43	1033600
20190211	41.47	42.39	41.42	42.22	846800
20190212	42.44	42.86	41.89	42.17	747800
20190213	42.24	42.56	41.18	41.68	850400
20190214	41.57	42.39	41.48	41.94	399600
20190215	42.41	43.65	41.99	43.62	1076300
20190219	42.45	42.87	41.66	41.74	1387800
20190220	42.00	42.40	41.51	41.92	604700
20190221	42.05	42.05	39.41	39.58	2413700
20190222	39.58	40.51	39.23	40.40	1021600
20190225	40.77	41.24	39.93	40.36	843200
20190226	40.40	40.75	39.98	40.28	1513800
20190227	40.96	43.65	40.66	41.21	2893200
20190228	40.92	42.19	40.49	42.13	982000
20190301	42.48	43.88	41.40	41.75	1664800
20190304	41.84	42.27	41.08	41.82	931900
20190305	42.87	44.34	41.89	43.91	1760500
20190306	43.75	43.94	43.12	43.21	916800
20190307	43.03	43.60	42.38	42.91	646900
20190308	42.51	43.19	41.94	43.09	496300
20190311	43.12	43.34	42.70	43.08	488300
20190312	42.99	44.57	42.70	43.77	749300
20190313	43.79	45.33	43.79	44.69	1511300
20190314	44.67	44.86	43.84	44.56	637400
20190315	44.82	45.93	44.58	45.49	1636000
20190318	45.72	45.97	44.61	45.63	592500
20190319	45.63	45.71	44.46	45.28	733900
20190320	45.56	45.94	44.93	45.43	449400
20190321	45.39	45.84	45.00	45.19	546800
20190322	46.99	48.19	46.51	48.00	3488200
20190325	47.84	48.05	46.50	47.00	1207600
20190326	47.39	47.93	47.14	47.45	904000
20190327	48.18	49.01	47.93	48.65	1101100
20190328	48.77	50.49	48.61	50.08	1363800
20190329	50.19	51.48	50.13	51.04	1136800
20190401	51.52	51.71	49.18	50.02	904500
20190402	49.42	50.01	48.79	49.90	778200
20190403	50.19	50.19	49.14	49.20	563500
20190404	49.30	49.55	48.55	49.40	885000
20190405	49.28	50.12	48.84	50.05	575700
20190408	49.75	49.99	47.94	48.04	716900
20190409	47.97	48.88	47.59	48.69	847800
20190410	48.53	48.82	47.94	48.61	459500
20190411	48.51	49.26	48.46	48.88	528900
20190412	48.88	48.88	47.91	48.38	624500
20190415	48.24	48.33	47.61	47.94	489000
20190416	47.96	48.17	46.46	46.96	827700
20190417	47.03	47.65	45.98	46.22	705800
20190418	46.09	47.53	46.09	47.48	605000
20190422	47.48	47.95	46.96	47.46	520200
20190423	47.57	48.19	46.51	47.13	734000
20190424	47.32	49.61	47.15	48.69	1056600
20190425	48.58	49.22	47.91	48.91	481100
20190426	48.91	49.68	48.62	49.53	599900
20190429	49.46	50.29	49.25	49.99	541100
20190430	50.06	50.47	49.04	49.31	511300
20190501	49.45	50.39	49.37	49.62	456200
20190502	49.73	50.58	49.48	50.36	524100
20190503	50.47	51.36	50.15	51.14	449500
20190506	50.58	51.55	50.36	51.55	1058300
20190507	51.28	51.61	49.04	49.55	1834100
20190508	52.54	52.68	49.95	50.37	2454400
20190509	49.92	51.55	49.92	51.29	1031900
20190510	51.05	51.62	50.63	50.79	607600
20190513	50.15	50.37	48.44	49.25	560100
20190514	49.41	50.35	48.98	49.05	417600
20190515	49.32	49.46	48.48	48.54	793100
20190516	48.51	48.72	46.58	46.63	1319100
20190517	46.52	46.98	46.02	46.29	753600
20190520	46.03	46.46	45.01	45.83	833300
20190521	46.68	46.82	45.54	45.90	1564300
20190522	45.65	46.65	45.34	45.64	791600
20190523	45.12	46.04	44.75	45.28	898000
20190524	45.35	46.33	44.93	45.21	855800
20190528	45.47	46.46	45.28	45.63	819100
20190529	45.34	45.55	44.66	45.01	767800
20190530	45.15	47.15	44.90	46.16	1060900
20190531	45.69	47.07	45.49	46.92	923900
20190603	46.80	47.30	46.71	47.11	746500
20190604	47.26	48.07	46.02	46.84	918500
20190605	47.08	47.87	46.50	47.70	653700
20190606	47.56	49.52	47.56	48.97	679100
20190607	49.05	49.61	48.13	48.96	448300
20190610	49.22	49.55	46.93	47.62	565600
20190611	47.62	48.37	47.62	47.83	492200
20190612	47.83	48.30	47.64	47.77	215000
20190613	47.90	49.11	47.64	48.88	519000
20190614	48.86	49.49	48.55	49.11	582600
20190617	49.24	49.58	48.79	49.11	296400
20190618	49.16	49.33	47.30	47.43	448900
20190619	47.46	47.57	46.42	47.56	488300
20190620	46.76	47.54	45.22	45.65	1077400
20190621	45.44	45.52	42.83	42.95	1698100
20190624	43.18	43.31	41.88	42.69	1289000
20190625	42.71	42.71	40.69	41.43	1377800
20190626	41.25	41.33	40.19	41.07	1385400
20190627	41.32	42.27	41.16	41.99	744000
20190628	41.93	43.37	41.90	43.29	1048200
20190701	43.49	44.15	42.88	43.54	726900
20190702	43.61	43.96	42.63	43.20	488200
20190703	43.38	44.67	43.18	43.90	404100
20190705	43.42	45.42	43.31	44.89	586700
20190708	44.68	45.03	43.89	44.60	499200
20190709	44.32	44.67	43.65	44.48	573400
20190710	44.52	44.73	43.68	44.50	591700
20190711	44.56	44.58	43.58	44.21	472700
20190712	44.24	45.32	44.20	44.45	864000
20190715	44.42	44.85	43.79	44.55	540400
20190716	44.01	44.22	42.06	43.03	1398000
20190717	43.03	44.08	42.83	43.76	734200
20190718	43.79	44.47	43.08	44.18	582600
20190719	44.00	45.11	43.93	43.95	745100
20190722	44.05	44.77	43.76	43.97	803100
20190723	44.38	44.56	43.02	43.85	683900
20190724	43.88	44.33	42.65	43.53	951200
20190725	43.39	44.80	42.62	44.70	874200
20190726	44.96	45.56	44.96	45.33	622400
20190729	45.36	45.36	43.72	43.83	739300
20190730	43.65	43.82	42.36	42.85	714100
20190731	42.95	43.54	42.55	43.00	603300
20190801	42.91	43.30	41.95	42.57	1056000
20190802	42.50	43.10	41.90	42.48	1177500
20190805	42.12	42.54	40.96	41.37	1135900
20190806	41.59	42.35	41.28	41.86	1323700
20190807	40.94	43.73	40.94	42.88	1962800
20190808	43.08	45.31	43.08	44.74	1773500
20190809	44.53	45.28	44.12	44.76	678100
20190812	44.77	44.97	43.66	43.71	1093100
20190813	44.24	44.63	43.48	43.96	760900
20190814	43.71	44.56	42.89	44.26	925800
20190815	44.35	44.35	41.82	41.86	1300400
20190816	41.88	42.31	41.06	41.62	834600
20190819	41.99	42.49	41.28	41.96	723500
20190820	41.93	42.28	40.46	41.84	890700
20190821	41.82	42.91	41.56	42.64	895500
20190822	42.82	43.68	41.77	43.61	1573300
20190823	43.28	43.59	41.65	41.88	974900
20190826	42.00	42.90	41.96	42.62	683100
20190827	45.76	46.92	44.26	46.69	3484100
20190828	47.86	49.85	47.06	49.02	3924400
20190829	49.58	49.84	48.22	49.11	1053900
20190830	49.26	49.53	47.93	48.40	850700
20190903	47.97	48.08	45.17	45.32	1750600
20190904	46.66	47.15	45.72	46.83	1330000
20190905	48.81	49.17	47.27	48.09	1126300
20190906	48.06	48.80	48.02	48.27	718300
20190909	48.31	49.67	47.72	49.45	993400
20190910	49.43	50.31	48.65	50.28	836500
20190911	50.22	52.00	49.70	51.97	1074800
20190912	51.98	52.74	50.41	50.62	1690000
20190913	50.59	51.26	50.22	50.81	904900
20190916	50.27	51.45	50.27	51.28	646300
20190917	51.77	52.04	50.37	50.59	716200
20190918	50.45	51.53	49.89	50.54	616100
20190919	50.64	51.47	50.59	51.01	583800
20190920	50.97	51.53	50.47	50.63	716300
20190923	50.75	50.84	49.08	49.57	635700
20190924	49.51	50.00	48.44	49.09	642200
20190925	48.93	50.16	48.74	49.83	684900
20190926	49.82	50.09	49.23	49.76	648000
20190927	49.81	50.44	49.62	50.42	714300
20190930	50.30	51.14	50.02	50.92	1052000
20191001	51.23	51.66	51.00	51.14	1025800
20191002	51.02	51.42	50.76	50.96	986000
20191003	50.89	52.15	50.87	52.14	827500
20191004	52.06	52.39	50.47	51.74	853900
20191007	51.50	52.89	51.41	52.52	830900
20191008	51.66	52.29	49.59	50.43	1569200
20191009	50.83	51.54	50.49	51.08	449100
20191010	51.54	52.16	51.04	51.43	705100
20191011	51.98	52.28	51.14	51.77	865700
20191014	51.69	51.69	50.74	50.91	519400
20191015	51.05	51.89	50.37	51.63	707000
20191016	51.74	54.03	51.31	53.48	984900
20191017	53.47	54.42	52.69	53.87	576500
20191018	53.91	54.59	52.98	53.04	831400
20191021	53.55	55.19	53.55	54.98	826500
20191022	54.70	56.13	54.65	55.42	882600
20191023	55.20	56.07	54.69	55.50	758600
20191024	55.40	56.46	55.06	56.33	757000
20191025	55.98	56.32	55.68	55.85	847800
20191028	55.91	56.67	55.26	56.38	825500
20191029	56.70	57.99	56.31	57.80	1068900
20191030	57.26	57.79	56.55	57.41	1289900
20191031	57.48	57.84	56.80	56.95	835100
20191101	57.36	58.08	56.26	56.40	1501000
20191104	55.34	55.99	54.08	55.69	1548200
20191105	55.85	56.81	55.32	55.63	1349600
20191106	57.47	60.35	57.10	59.47	2674100
20191107	59.64	61.31	58.62	61.09	1185600
20191108	61.09	61.79	59.24	60.29	1218500
20191111	60.12	61.43	60.09	61.12	666100
20191112	61.12	61.57	60.73	61.13	500000
20191113	60.66	62.06	59.60	61.71	820200
20191114	61.74	61.79	59.56	60.25	1284600
20191115	60.47	60.47	58.11	58.28	1824800
20191118	58.21	58.64	57.81	58.32	900400
20191119	58.43	58.85	58.03	58.22	535300
20191120	57.91	59.08	57.81	58.82	1416600
20191121	59.20	60.43	57.81	60.04	647600
20191122	60.69	60.69	59.83	60.05	438100
20191125	60.09	60.65	59.52	60.36	511500
20191126	60.28	60.65	59.43	60.13	560200
20191127	59.92	61.56	59.83	61.55	462700
20191129	61.45	62.54	60.98	61.78	468600
20191202	62.07	62.46	61.07	61.33	548200
20191203	60.59	60.62	58.50	58.72	889300
20191204	59.00	59.36	57.90	58.77	641000
20191205	58.93	59.20	58.07	58.28	337000
20191206	58.31	59.09	57.76	59.02	623900
20191209	59.20	60.01	58.79	59.72	512400
20191210	59.61	59.91	57.71	58.12	452600
20191211	58.13	59.44	57.88	59.37	318100
20191212	59.61	60.04	58.70	59.03	321500
20191213	58.83	59.47	58.57	58.82	286800
20191216	59.31	59.90	58.96	59.16	669900
20191217	59.35	60.54	58.97	60.51	506100
20191218	60.45	61.22	59.45	61.09	912400
20191219	61.40	62.24	60.86	61.00	711100
20191220	61.14	62.24	61.14	61.80	914700
20191223	62.01	62.71	61.80	62.55	665300
20191224	62.47	62.91	62.05	62.71	197700
20191226	62.60	64.11	62.47	63.50	529300
20191227	63.52	63.84	62.73	62.93	370200
20191230	63.07	63.31	62.06	62.21	427100
20191231	62.03	62.43	61.21	61.65	409900
20200102	61.40	61.89	60.20	61.31	806100
20200103	60.58	62.10	60.57	61.73	885600
20200106	61.64	64.12	61.41	63.02	1023800
20200107	62.71	63.41	61.70	62.15	682200
20200108	62.09	63.87	61.99	63.03	556500
20200109	63.10	64.07	62.83	63.73	443700
20200110	63.45	63.79	62.88	63.29	551500
20200113	63.31	63.52	62.33	62.46	544400
20200114	62.28	62.45	60.78	61.44	504100
20200115	61.45	62.90	61.28	62.49	523200
20200116	62.51	63.76	61.99	63.69	622500
20200117	63.84	64.16	63.49	63.52	465000
20200121	63.28	63.71	62.28	62.97	585500
20200122	63.19	65.05	63.10	64.57	1117300
20200123	63.98	65.52	63.39	65.33	771500
20200124	65.52	65.52	64.24	64.95	454800
20200127	63.28	65.02	63.27	63.40	588500
20200128	63.80	64.88	63.40	64.48	405800
20200129	64.51	64.97	64.14	64.44	488400
20200130	64.13	64.55	63.51	63.89	451000
20200131	64.01	64.62	62.49	63.24	558100
20200203	63.51	64.14	61.91	62.70	597000
20200204	63.34	63.86	62.78	63.20	487800
20200205	63.81	63.81	62.48	63.02	513200
20200206	63.12	64.52	62.52	64.19	478400
20200207	63.79	64.00	63.14	63.32	423300
20200210	63.30	64.25	63.17	63.47	731100
20200211	63.81	63.96	63.26	63.49	438800
20200212	63.75	64.37	63.43	64.15	659200
20200213	64.19	65.29	64.19	64.98	617000
20200214	65.18	66.50	64.34	64.54	438400
20200218	64.26	65.72	63.93	65.13	476800
20200219	65.59	66.51	64.85	66.03	598600
20200220	68.00	68.76	66.49	67.91	1032600
20200221	67.73	68.06	66.64	67.71	617800
20200224	66.48	67.70	65.92	67.10	806700
20200225	67.38	67.48	65.25	65.98	1145100
20200226	64.52	65.13	57.74	60.26	2958000
20200227	58.59	59.34	54.47	56.99	1643600
20200228	55.76	57.19	54.35	56.44	1401500
20200302	56.39	56.81	54.13	56.22	1247600
20200303	57.63	58.64	56.54	57.31	1306800
20200304	58.01	58.54	56.99	57.66	614000
20200305	56.72	57.03	53.96	55.41	913000
20200306	54.02	57.14	53.78	56.56	744900
20200309	52.94	56.09	51.85	53.08	1544900
20200310	54.00	56.23	53.31	56.08	1032900
20200311	55.06	56.66	53.88	54.78	929200
20200312	51.54	51.72	46.60	46.84	1556400
20200313	48.98	50.63	46.16	48.65	1065200
20200316	44.48	45.48	37.34	38.09	1560800
20200317	38.44	40.00	34.38	37.93	1684300
20200318	35.83	38.15	27.97	34.83	1537800
20200319	34.27	50.14	32.96	48.32	3014100
20200320	49.25	53.71	48.51	49.96	2286100
20200323	50.67	55.24	49.21	52.90	1732100
20200324	55.09	55.85	49.56	50.83	1347100
20200325	51.61	53.39	47.06	52.20	1385900
20200326	52.79	54.10	49.70	51.26	905200
20200327	49.86	50.81	48.77	49.56	707900
20200330	49.09	49.79	47.62	48.58	645000
20200331	47.03	52.75	46.07	52.28	1460900
20200401	51.83	55.34	51.10	54.59	1413200
20200402	54.18	55.32	50.76	52.82	916600
20200403	53.16	54.68	50.78	51.51	636000
20200406	53.35	56.11	53.05	55.67	685900
20200407	57.50	58.62	53.68	55.23	723400
20200408	56.10	60.83	55.27	58.11	888200
20200409	59.27	61.45	57.26	57.80	696200
20200413	57.99	61.20	56.46	60.33	803100
20200414	61.72	63.96	60.14	63.42	777500
20200415	61.28	63.41	60.90	62.30	557600
20200416	62.70	65.40	62.45	65.18	614200
20200417	66.59	66.59	61.77	63.80	821000
20200420	63.00	67.30	63.00	66.11	851100
20200421	65.26	68.52	65.26	68.09	952200
20200422	68.72	71.44	67.91	68.37	1185800
20200423	68.42	69.04	65.63	65.79	896200
20200424	67.22	72.32	65.58	70.53	1348500
20200427	69.78	71.80	69.01	69.29	767600
20200428	71.30	72.54	68.85	70.40	811600
20200429	72.26	72.62	70.13	70.77	764000
20200430	69.82	71.17	69.27	70.45	979400
20200501	68.94	70.49	67.80	70.11	610300
20200504	69.41	72.24	68.88	71.26	852000
20200505	71.59	74.66	70.97	74.61	1228000
20200506	72.32	76.47	71.52	75.33	2066000
20200507	76.15	79.36	75.43	79.16	1441800
20200508	78.39	80.12	77.80	79.77	1037000
20200511	79.58	82.76	79.32	81.63	1160700
20200512	81.34	81.90	78.22	78.40	846700
20200513	79.01	80.96	78.25	79.62	624900
20200514	79.40	80.42	77.49	78.84	610200
20200515	78.30	81.31	77.50	80.45	437300
20200518	82.43	82.81	76.70	76.73	812200
20200519	77.28	79.08	75.98	77.20	676800
20200520	78.44	79.55	76.68	78.20	669000
20200521	78.21	78.23	76.44	77.26	648400
20200522	77.45	77.54	75.81	76.33	428600
20200526	76.59	77.17	72.71	72.88	987200
20200527	73.59	77.66	70.09	77.37	1876400
20200528	78.13	78.38	73.93	74.59	738900
20200529	75.80	77.15	74.68	76.52	878300
20200601	77.04	80.12	76.53	78.23	780300
20200602	78.42	80.18	77.79	80.05	1038400
20200603	80.24	80.88	77.81	79.15	748700
20200604	78.45	80.74	78.45	78.96	600000
20200605	79.36	80.34	75.64	77.66	1160000
20200608	77.75	78.12	74.41	75.83	993500
20200609	75.36	79.27	74.66	78.95	878200
20200610	79.12	80.28	78.00	79.65	779500
20200611	78.41	81.88	76.78	77.24	745200
20200612	78.83	78.99	75.67	77.64	699700
20200615	76.78	78.70	76.17	77.14	485200
20200616	78.17	78.76	76.54	78.71	561700
20200617	79.61	81.72	79.31	81.42	707100
20200618	81.19	82.79	80.05	81.04	542200
20200619	81.76	82.11	80.41	81.63	737500
20200622	81.83	83.36	80.67	82.47	632100
20200623	82.98	83.50	81.20	81.59	729500
20200624	80.80	82.18	78.41	80.23	654000
20200625	80.21	82.72	79.01	81.78	603900
20200626	82.09	82.09	77.03	77.63	2325500
20200629	78.20	79.25	76.52	77.00	646100
20200630	77.43	78.14	74.42	78.01	845200
20200701	78.98	81.42	78.80	81.25	683100
20200702	82.21	82.69	80.97	82.18	596800
20200706	82.79	83.25	80.92	81.72	590000
20200707	81.29	84.25	80.86	82.40	783900
20200708	82.32	88.16	82.32	86.70	1525500
20200709	87.67	88.41	84.28	87.11	750400
20200710	87.15	87.42	85.80	87.23	550600
20200713	87.99	90.95	86.20	86.34	754700
20200714	86.34	89.44	84.69	89.37	523500
20200715	89.38	92.03	88.12	91.42	518000
20200716	91.03	92.29	89.93	91.28	354100
20200717	91.77	92.18	89.56	90.11	394100
20200720	90.40	92.89	89.50	92.56	318500
20200721	93.01	93.47	91.36	92.16	290600
20200722	92.15	92.97	91.29	92.83	387600
20200723	92.74	94.73	90.86	91.34	513300
20200724	90.58	91.71	88.79	91.41	456800
20200727	92.64	93.26	90.91	92.68	575000
20200728	92.36	92.70	89.17	89.52	390500
20200729	90.86	93.29	90.77	91.76	442400
20200730	91.23	92.25	89.89	91.60	384400
20200731	92.22	93.32	91.18	93.00	450500
20200803	93.26	97.13	93.05	94.22	581500
20200804	94.22	96.07	92.99	95.99	764100
20200805	96.48	97.76	94.82	97.39	941100
20200806	95.32	97.58	90.89	95.81	1273500
20200807	94.42	98.91	94.42	96.38	669600
20200810	96.55	97.23	92.44	92.75	632300
20200811	92.44	92.84	87.90	92.21	757400
20200812	92.88	95.11	92.50	93.71	486300
20200813	94.27	97.03	93.76	96.11	495700
20200814	96.49	97.24	94.18	94.67	350300
20200817	94.77	95.69	93.93	95.54	279800
20200818	95.60	97.09	95.16	96.93	358000
20200819	97.38	99.92	97.33	98.06	423600
20200820	97.27	100.57	96.88	100.16	489000
20200821	99.73	100.29	97.56	98.04	404300
20200824	98.44	98.46	96.06	97.85	405700
20200825	97.96	98.25	95.67	97.17	501100
20200826	96.65	97.50	95.45	95.99	434600
20200827	96.17	97.97	95.42	96.14	477700
20200828	96.41	97.81	95.28	97.10	409300
20200831	97.14	97.71	95.79	96.78	390800
20200901	97.17	100.10	96.76	100.05	510900
20200902	100.68	100.68	93.52	93.58	791800
20200903	93.46	93.46	88.12	90.48	934200
20200904	90.36	90.81	84.35	89.01	1138000
20200908	87.62	89.91	83.24	85.19	1112500
20200909	86.47	88.69	85.72	87.29	687800
20200910	88.77	91.35	88.41	88.97	704300
20200911	90.04	92.08	88.03	89.96	641000
20200914	90.73	90.91	86.18	86.97	704000
20200915	87.36	87.84	83.92	84.82	849000
20200916	84.81	85.46	81.85	83.27	869000
20200917	81.86	83.36	80.85	81.98	717700
20200918	82.78	83.15	79.34	81.08	2412000
20200921	80.07	83.30	79.51	83.17	798000
20200922	83.10	86.03	80.75	85.75	850400
20200923	85.35	87.37	83.83	84.50	712400
20200924	83.69	84.40	80.80	81.10	758000
20200925	81.55	81.70	78.58	80.38	724400
20200928	81.06	83.00	80.77	82.14	432800
20200929	82.98	85.04	82.36	84.45	639300
20200930	84.95	84.97	80.39	81.01	923400
20201001	81.98	83.94	80.97	82.05	763300
20201002	80.25	82.63	79.75	81.99	545600
20201005	82.09	83.12	80.22	81.86	515000
20201006	82.13	83.49	80.93	81.09	461000
20201007	81.54	82.89	80.48	80.89	659200
20201008	80.20	80.59	78.48	79.61	1132900
20201009	80.18	80.87	78.00	78.66	642500
20201012	78.91	79.71	78.44	78.91	601600
20201013	79.02	82.36	78.05	81.43	758800
20201014	82.20	84.14	80.67	81.21	464900
20201015	80.50	81.55	79.77	81.38	460500
20201016	81.24	81.54	79.77	80.25	810700
20201019	80.47	80.61	75.98	76.14	848400
20201020	76.61	77.22	74.86	76.18	816700
20201021	75.89	76.81	74.88	76.37	494500
20201022	75.74	76.80	74.98	76.39	541700
20201023	76.14	76.32	73.57	75.56	653200
20201026	75.10	78.24	75.10	76.65	665500
20201027	76.74	77.60	75.38	77.35	434100
20201028	76.61	79.72	76.48	78.61	816800
20201029	78.66	78.66	74.95	75.24	655000
20201030	76.61	78.03	73.86	75.42	792200
20201102	75.87	76.36	73.61	74.35	734700
20201103	74.22	74.80	71.99	73.51	690800
20201104	73.89	75.21	73.51	74.94	681100
20201105	77.29	81.18	76.58	81.01	1359800
20201106	81.06	82.56	79.36	82.23	808500
20201109	78.98	80.70	75.53	76.26	1225700
20201110	77.18	78.87	75.62	78.66	778700
20201111	78.98	82.60	78.98	82.51	648600
20201112	81.39	83.63	80.80	81.66	478800
20201113	82.08	82.58	79.40	79.95	479200
20201116	79.74	80.31	78.03	78.31	670800
20201117	79.17	79.95	76.95	77.39	628100
20201118	77.28	77.86	76.02	76.35	572200
20201119	76.11	78.47	76.06	78.16	442600
20201120	77.89	78.57	76.58	78.18	486300
20201123	78.36	80.54	76.97	80.21	796800
20201124	80.55	82.44	79.31	82.26	677700
20201125	82.26	82.26	79.06	79.19	548400
20201127	79.50	80.74	79.50	80.51	208300
20201130	80.49	80.54	78.66	79.34	420600
20201201	79.83	80.70	78.56	80.25	613900
20201202	80.23	80.23	78.83	79.45	360500
20201203	79.04	81.05	78.61	80.00	387100
20201204	80.26	81.18	79.04	79.83	283400
20201207	80.02	81.55	79.17	81.02	459200
20201208	80.54	84.60	79.99	84.36	556600
20201209	84.31	86.28	82.73	83.28	669700
20201210	83.43	84.35	82.24	83.16	304600
20201211	82.67	84.52	82.11	83.75	245300
20201214	83.63	84.86	83.36	84.55	336000
20201215	85.52	86.46	84.59	86.23	560700
20201216	86.34	88.57	86.02	86.21	505100
20201217	86.38	88.38	85.27	88.31	886400
20201218	88.57	90.02	87.89	89.32	997400
20201221	88.11	88.79	85.11	86.04	586000
20201222	86.51	87.34	84.04	85.45	344900
20201223	85.30	86.33	84.70	86.15	267600
20201224	86.38	87.08	85.59	86.43	145500
20201228	86.81	88.77	85.85	88.06	342100
20201229	87.47	87.82	83.91	84.43	361000
20201230	84.82	85.23	83.37	83.44	234700
20201231	83.44	84.38	82.28	83.77	305900
20210104	84.15	84.82	82.16	84.25	589200
20210105	84.39	89.40	83.99	89.03	723800
20210106	88.59	93.48	88.01	92.21	757200
20210107	93.33	94.28	91.87	92.53	426900
20210108	92.80	93.19	91.30	92.28	409800
20210111	92.05	93.22	91.58	92.14	309100
20210112	92.17	93.54	91.38	92.94	355300
20210113	92.44	93.79	91.75	92.57	278000
20210114	93.52	95.06	91.93	92.66	364300
20210115	92.30	94.63	91.57	93.99	344900
20210119	93.94	96.75	93.22	96.12	439100
20210120	95.46	97.43	95.32	96.83	389700
20210121	96.70	97.52	94.35	95.00	271900
20210122	95.68	97.72	93.81	97.56	391400
20210125	97.42	98.45	94.83	96.20	368600
20210126	96.33	101.73	95.72	100.74	474500
20210127	100.15	106.56	99.27	105.86	1385100
20210128	105.22	106.98	98.85	103.26	787200
20210129	103.26	105.97	100.80	100.98	496400
20210201	101.33	101.97	98.54	100.35	418600
20210202	100.86	102.16	99.23	100.10	340600
20210203	100.35	100.45	97.37	98.59	485900
20210204	98.44	99.95	96.54	99.22	392700
20210205	99.67	101.33	98.66	100.73	431700
20210208	100.35	100.94	97.34	99.21	609600
20210209	99.15	104.19	99.08	103.57	320300
20210210	104.45	107.99	103.90	107.19	456400
20210211	107.50	108.17	105.31	107.98	427500
20210212	108.34	109.17	106.37	107.99	263100
20210216	108.95	108.95	101.18	101.46	522000
20210217	100.89	101.89	98.75	99.34	362600
20210218	98.98	101.67	98.49	100.59	512900
20210219	101.16	103.14	101.05	102.59	270700
20210222	103.90	104.44	100.54	102.57	572100
20210223	102.21	102.21	97.80	100.83	479300
20210224	101.09	102.59	98.95	101.56	416500
20210225	92.02	94.00	84.60	89.80	2685800
20210226	89.05	92.76	87.52	89.24	839500
20210301	90.57	94.94	89.75	92.80	924600
20210302	92.42	93.01	89.00	89.29	641000
20210303	89.56	90.08	84.16	84.94	868300
20210304	84.88	85.11	79.98	81.79	566000
20210305	82.36	82.36	77.59	81.80	616500
20210308	81.80	82.24	78.38	78.53	629000
20210309	80.06	82.96	79.60	82.55	718200
20210310	82.86	84.45	81.39	83.44	350700
20210311	85.03	86.84	84.08	86.69	469900
20210312	85.95	86.64	84.00	86.24	415900
20210315	86.54	87.63	85.84	86.22	393400
20210316	86.49	88.63	86.02	87.14	357300
20210317	86.70	88.60	85.61	88.33	340900
20210318	87.27	87.92	85.17	85.64	372400
20210319	85.85	87.48	85.10	86.16	672100
20210322	86.71	88.20	86.19	87.62	387300
20210323	87.44	89.11	87.00	88.10	542000
20210324	88.74	89.20	84.90	85.09	464600
20210325	85.39	87.10	84.11	86.48	539800
20210326	85.90	87.62	85.21	87.49	372200
20210329	87.24	88.58	85.14	85.70	441900
20210330	86.26	87.02	84.92	85.80	351500
20210331	85.80	88.90	85.80	87.71	604400
20210401	87.43	88.78	86.64	87.55	582900
20210405	88.13	89.47	87.11	88.53	394700
20210406	89.00	90.97	88.26	90.25	556800
20210407	90.51	92.83	89.25	92.60	572400
20210408	92.64	93.49	91.12	91.90	489000
20210409	92.00	94.72	91.41	94.69	323600
20210412	94.69	94.69	92.24	92.83	475700
20210413	93.06	95.32	91.29	94.59	417700
20210414	94.62	94.87	92.59	92.74	245900
20210415	93.54	93.54	91.38	91.74	363800
20210416	91.69	93.00	90.77	92.62	271900
20210419	92.31	93.35	91.40	93.35	274300
20210420	92.96	93.88	91.87	92.42	192000
20210421	91.85	92.98	91.31	92.50	252200
20210422	92.89	93.91	92.18	92.42	189400
20210423	92.37	94.24	91.79	93.84	299600
20210426	94.28	95.16	93.41	93.82	256300
20210427	93.93	95.49	93.93	94.77	271700
20210428	95.24	96.02	94.10	94.99	363600
20210429	95.39	96.77	94.24	96.67	307100
20210430	96.67	97.31	95.53	95.70	309400
20210503	95.70	97.37	95.54	96.96	384700
20210504	96.94	96.94	94.97	95.62	324100
20210505	95.49	95.49	91.77	93.01	769900
20210506	98.47	101.41	97.32	99.83	1268200
20210507	99.94	99.96	97.90	98.31	601900
20210510	98.41	98.87	94.46	94.60	535800
20210511	93.10	96.55	92.61	96.21	357400
20210512	96.18	97.66	94.03	94.57	497700
20210513	94.36	96.26	93.77	95.74	512800
20210514	96.46	96.47	94.16	95.85	419900
20210517	95.32	96.20	94.90	95.40	292200
20210518	96.29	97.10	95.44	95.48	274400
20210519	94.85	94.85	92.42	93.25	384400
20210520	93.94	94.20	92.23	92.53	226300
20210521	92.79	93.43	90.77	91.43	297100
20210524	91.87	94.08	91.17	93.58	378700
20210525	93.17	93.89	92.13	92.31	355700
20210526	92.17	93.24	92.07	92.53	324800
20210527	92.91	93.55	91.91	92.94	330900
20210528	92.83	94.05	92.55	93.17	179900
20210601	93.52	95.34	93.35	94.60	429900
20210602	94.42	96.01	93.27	93.84	411100
20210603	94.19	94.84	92.86	93.78	359600
20210604	94.25	94.48	93.53	93.97	155000
20210607	94.11	95.57	93.28	95.57	264300
20210608	96.09	100.63	95.88	99.91	690300
20210609	99.17	101.81	99.17	100.74	558300
20210610	101.00	101.96	100.16	100.43	422000
20210611	100.72	101.83	100.26	101.73	190900
20210614	101.83	102.23	100.66	100.99	208800
20210615	101.08	101.72	99.98	100.23	214100
20210616	99.97	100.87	98.68	100.68	321600
20210617	100.73	103.54	99.34	102.67	432300
20210618	102.65	103.41	101.35	102.98	555400
20210621	103.39	105.06	102.53	104.39	546500
20210622	103.90	104.95	103.45	103.96	285900
20210623	104.05	105.07	103.65	104.02	293200
20210624	104.65	105.17	103.63	103.72	202400
20210625	103.88	104.35	102.05	102.23	496700
20210628	102.15	103.89	101.53	103.59	249800
20210629	103.46	104.84	103.35	103.83	164000
20210630	103.75	104.60	103.40	103.58	279400
20210701	103.78	104.34	102.50	103.12	251700
20210702	103.87	104.67	102.76	104.41	178500
20210706	103.29	104.39	102.74	104.10	204900
20210707	103.92	104.61	103.14	104.15	470500
20210708	103.84	107.01	102.53	105.74	532300
20210709	106.83	110.34	106.61	110.08	464200
20210712	111.01	112.40	108.48	109.19	378000
20210713	108.49	111.00	108.49	109.86	275600
20210714	110.32	111.30	109.74	109.88	251100
20210715	110.08	110.10	107.14	108.70	259600
20210716	109.35	110.29	107.40	107.50	222900
20210719	107.01	108.93	105.22	108.81	352600
20210720	109.84	111.85	108.62	110.35	365800
20210721	111.02	112.76	109.97	110.74	328700
20210722	111.07	118.63	110.83	118.28	675400
20210723	117.75	118.37	115.64	116.99	331800
20210726	117.10	117.51	114.30	114.77	357400
20210727	115.04	115.04	112.85	114.93	218400
20210728	114.41	114.88	112.04	114.19	368800
20210729	114.14	115.72	113.68	114.22	244600
20210730	114.03	114.94	112.77	113.18	211700
20210802	114.05	114.05	111.86	113.01	492200
20210803	113.71	115.80	110.98	114.79	334900
20210804	114.58	115.49	113.40	114.20	374000
20210805	114.29	118.79	114.29	118.78	903400
20210806	119.49	121.58	116.09	118.88	605000
20210809	118.10	118.77	117.01	117.03	353800
20210810	117.13	119.20	116.36	119.17	607000
20210811	118.86	120.93	118.27	120.75	348800
20210812	120.20	125.17	120.01	124.62	587800
20210813	123.61	127.27	123.03	126.91	511500
20210816	125.62	127.33	123.71	126.39	371100
20210817	125.62	128.36	125.62	127.20	335600
20210818	127.77	129.38	126.51	126.62	297400
20210819	126.07	127.73	125.33	126.80	285700
20210820	124.88	124.88	119.92	122.08	565700
20210823	122.09	122.63	120.49	122.38	468000
20210824	122.85	123.52	121.05	122.85	375000
20210825	123.22	124.02	122.64	122.76	216800
20210826	122.12	124.38	121.66	123.97	235700
20210827	123.70	125.02	123.53	124.33	318400
20210830	123.75	125.35	123.48	124.88	238700
20210831	124.88	127.05	124.37	126.83	302500
20210901	126.76	129.38	126.15	129.00	589400
20210902	129.62	131.41	128.53	129.27	390000
20210903	128.58	129.87	128.14	129.73	248100
20210907	130.19	130.57	128.34	129.58	305700
20210908	129.93	130.59	127.46	127.50	271400
20210909	127.32	128.94	127.32	128.02	258500
20210910	129.14	130.73	128.10	128.69	200600
20210913	129.41	129.41	127.08	127.95	187500
20210914	128.22	128.38	126.81	127.11	215300
20210915	127.62	130.74	125.33	129.50	412300
20210916	129.48	131.06	128.72	129.73	258400
20210917	130.14	131.64	127.72	128.41	624900
20210920	127.27	129.09	126.76	127.84	292200
20210921	127.84	130.06	127.68	128.75	288200
20210922	128.97	130.06	127.69	127.90	250300
20210923	127.92	129.92	127.92	128.40	288400
20210924	128.53	130.14	128.45	129.01	221000
20210927	128.74	129.16	126.71	127.96	277900
20210928	127.32	127.45	124.23	124.50	247500
20210929	123.36	129.45	123.36	127.59	459900
20210930	128.38	129.37	125.94	126.29	294800
20211001	127.16	128.46	124.32	127.27	283000
20211004	126.74	127.28	123.86	125.75	183800
20211005	125.80	126.80	124.36	124.50	238500
20211006	125.13	127.13	123.05	126.98	280500
20211007	127.28	129.12	126.40	126.71	220200
20211008	126.71	126.71	123.85	123.87	166400
20211011	123.69	125.76	122.96	123.42	172200
20211012	125.70	127.18	123.58	125.67	269000
20211013	125.67	125.72	123.75	124.91	244800
20211014	122.88	127.58	121.65	124.69	458300
20211015	126.96	126.96	121.24	121.72	275000
20211018	121.11	124.23	120.34	123.38	276800
20211019	123.24	123.47	121.21	121.86	237900
20211020	121.13	123.02	119.89	120.27	236300
20211021	120.81	120.92	119.61	120.40	221500
20211022	119.20	121.08	119.13	120.61	340600
20211025	120.35	121.13	119.57	120.37	384100
20211026	120.74	120.74	117.13	118.01	318300
20211027	118.58	120.66	117.96	119.02	289600
20211028	119.11	121.29	118.91	121.02	348200
20211029	120.53	123.74	120.27	123.40	338500
20211101	123.52	125.26	122.85	125.07	293600
20211102	125.31	125.31	121.55	123.72	288400
20211103	124.11	127.97	120.92	122.59	822300
20211104	129.29	139.91	128.69	139.24	1231000
20211105	135.15	135.99	129.96	131.56	874800
20211108	131.76	133.47	128.83	129.76	429400
20211109	130.29	134.55	129.63	131.59	357500
20211110	130.78	131.30	126.76	128.12	313900
20211111	128.13	130.63	127.49	129.59	286500
20211112	127.72	130.63	127.72	129.76	377100
20211115	130.82	131.21	129.13	130.43	423800
20211116	130.49	130.99	128.34	128.94	303000
20211117	128.51	130.43	127.64	129.27	318200
20211118	129.46	132.19	127.71	131.40	229800
20211119	131.40	133.60	131.21	132.68	290500
20211122	132.16	133.99	129.53	130.13	342800
20211123	130.16	131.85	127.85	130.15	372400
20211124	128.16	133.57	128.16	133.46	328200
20211126	132.04	135.41	128.00	128.47	393800
20211129	128.53	129.82	125.64	125.85	418800
20211130	125.38	126.25	121.00	121.57	860800
20211201	122.94	125.40	119.60	119.78	354800
20211202	119.63	125.11	119.54	124.71	449100
20211203	125.92	125.92	122.06	123.93	371000
20211206	124.64	128.27	123.88	127.89	353500
20211207	129.63	130.85	128.00	130.47	319100
20211208	130.77	134.27	130.63	132.64	287400
20211209	131.45	133.03	130.14	130.33	276600
20211210	130.38	130.60	127.41	127.97	189900
20211213	128.24	128.59	126.25	127.86	275400
20211214	127.51	129.12	126.54	127.77	417600
20211215	126.56	131.28	126.00	131.20	305300
20211216	132.30	132.40	127.63	128.66	247000
20211217	129.45	132.73	127.89	130.73	508800
20211220	129.64	131.48	128.13	130.95	391700
20211221	131.66	132.53	129.68	130.09	315100
20211222	131.29	131.98	129.78	130.74	235300
20211223	131.12	133.31	130.82	132.22	283900
20211227	132.22	134.80	132.22	134.24	350400
20211228	134.42	135.30	132.77	133.68	169100
20211229	134.00	137.71	133.21	137.54	233400
20211230	137.90	138.13	134.19	134.30	238100
20211231	134.24	135.61	132.29	133.09	257500
20220103	133.02	133.02	130.28	132.76	301900
20220104	132.72	132.88	125.17	125.21	467100
20220105	124.37	125.11	121.90	122.56	576700
20220106	122.87	128.35	122.15	125.56	393200
20220107	129.80	132.53	126.93	127.30	525600
20220110	125.50	128.08	123.23	126.71	550000
20220111	126.67	126.67	121.57	122.14	437300
20220112	122.52	123.19	118.53	120.08	437900
20220113	120.36	121.56	118.86	119.04	276000
20220114	118.81	119.12	114.75	117.81	421700
20220118	117.60	120.23	115.75	118.21	461400
20220119	117.42	118.78	115.28	115.49	376200
20220120	116.17	119.74	114.05	114.38	469400
20220121	113.69	117.02	113.62	114.05	345300
20220124	112.98	119.58	112.29	118.34	745800
20220125	117.57	118.54	114.17	116.77	414300
20220126	117.51	120.26	114.95	116.09	397700
20220127	116.25	118.81	116.17	117.73	613700
20220128	117.55	122.48	115.96	122.46	417700
20220131	121.90	123.46	120.87	123.10	436200
20220201	122.56	124.21	119.97	123.83	346200
20220202	125.60	126.26	122.75	124.61	347600
20220203	123.57	124.40	121.85	122.18	291700
20220204	121.42	122.42	120.52	121.20	235000
20220207	121.43	121.56	118.64	118.87	313300
20220208	118.86	120.74	118.86	120.02	278000
20220209	122.03	124.00	120.13	120.60	336500
20220210	119.19	120.78	115.83	115.95	576700
20220211	116.05	118.89	115.15	115.89	488400
20220214	116.01	117.58	115.29	117.05	304500
20220215	117.59	119.04	116.36	116.69	392500
20220216	116.20	116.68	114.05	116.37	600800
20220217	116.05	116.82	114.44	114.45	336800
20220218	114.64	115.18	111.94	114.27	448400
20220222	114.71	114.71	110.00	111.01	473300
20220223	111.33	111.82	106.52	106.54	955500
