20170103	4.14	4.15	4.05	4.09	34124300
20170104	4.11	4.19	4.10	4.17	26824600
20170105	4.20	4.27	4.20	4.27	36249800
20170106	4.28	4.28	4.20	4.20	25179400
20170109	4.20	4.25	4.18	4.24	33707900
20170110	4.24	4.30	4.21	4.26	20563000
20170111	4.25	4.26	4.19	4.23	32473100
20170112	4.23	4.25	4.16	4.22	20030000
20170113	4.22	4.27	4.22	4.25	25423700
20170117	4.23	4.25	4.20	4.21	13021600
20170118	4.23	4.24	4.18	4.24	20554300
20170119	4.22	4.24	4.19	4.23	14409600
20170120	4.24	4.25	4.21	4.23	15345100
20170123	4.24	4.25	4.22	4.23	15005900
20170124	4.22	4.26	4.22	4.26	20400600
20170125	4.28	4.33	4.27	4.31	16496400
20170126	4.32	4.38	4.31	4.37	22979800
20170127	4.41	4.42	4.37	4.37	22676100
20170130	4.36	4.38	4.32	4.38	23972100
20170131	4.41	4.41	4.34	4.35	20486200
20170201	4.37	4.40	4.35	4.39	28270800
20170202	4.44	4.44	4.36	4.37	28321800
20170203	4.38	4.43	4.38	4.43	15099600
20170206	4.44	4.44	4.39	4.41	15205200
20170207	4.41	4.42	4.35	4.36	18467000
20170208	4.37	4.37	4.31	4.34	16709400
20170209	4.36	4.37	4.33	4.35	20447800
20170210	4.35	4.37	4.33	4.37	17518200
20170213	4.37	4.39	4.36	4.39	13661200
20170214	4.40	4.41	4.37	4.37	21646100
20170215	4.46	4.54	4.39	4.50	38959600
20170216	4.56	4.61	4.50	4.53	31892400
20170217	4.58	4.58	4.54	4.56	24734500
20170221	4.61	4.68	4.57	4.65	24486800
20170222	4.79	4.82	4.71	4.75	44246700
20170223	4.77	4.78	4.66	4.68	22439000
20170224	4.69	4.73	4.66	4.73	15519900
20170227	4.73	4.78	4.73	4.78	24265200
20170228	4.79	4.79	4.69	4.70	31917100
20170301	4.73	4.78	4.73	4.77	17827000
20170302	4.74	4.75	4.71	4.73	24661100
20170303	4.72	4.74	4.69	4.72	16003500
20170306	4.70	4.71	4.67	4.70	16144700
20170307	4.70	4.74	4.69	4.73	17325700
20170308	4.73	4.77	4.73	4.76	18602800
20170309	4.76	4.78	4.71	4.75	18787000
20170310	4.74	4.79	4.73	4.79	25657700
20170313	4.80	5.10	4.79	5.02	64034200
20170314	4.98	5.02	4.91	4.97	30020500
20170315	4.99	5.03	4.89	4.89	32034000
20170316	4.86	4.94	4.84	4.92	19257100
20170317	4.97	4.97	4.86	4.95	37674700
20170320	4.93	4.96	4.88	4.90	13595600
20170321	4.92	4.93	4.77	4.79	33384000
20170322	4.74	4.75	4.67	4.71	32553300
20170323	4.69	4.76	4.67	4.73	26404500
20170324	4.75	4.75	4.67	4.71	25606800
20170327	4.67	4.74	4.65	4.71	19520400
20170328	4.73	4.78	4.70	4.72	25445700
20170329	4.73	4.74	4.70	4.74	17380400
20170330	4.74	4.82	4.73	4.81	13841000
20170331	4.79	4.82	4.74	4.75	13604000
20170403	4.76	4.79	4.66	4.71	22411400
20170404	4.68	4.75	4.68	4.73	18324500
20170405	4.74	4.81	4.71	4.72	24344900
20170406	4.73	4.77	4.71	4.73	12840800
20170407	4.75	4.78	4.73	4.76	17357500
20170410	4.76	4.77	4.71	4.71	16337100
20170411	4.72	4.72	4.66	4.67	20427200
20170412	4.67	4.73	4.66	4.70	20892400
20170413	4.73	4.73	4.67	4.71	21715800
20170417	4.73	4.73	4.65	4.66	16404200
20170418	4.67	4.71	4.63	4.67	20346100
20170419	4.61	4.69	4.57	4.68	50429800
20170420	4.69	4.73	4.59	4.68	38430900
20170421	4.69	4.73	4.61	4.68	79330600
20170424	4.69	4.73	4.64	4.73	58074200
20170425	4.74	4.81	4.73	4.81	27229000
20170426	4.79	4.80	4.68	4.72	34773100
20170427	4.62	4.66	4.52	4.63	60646100
20170428	4.65	4.65	4.51	4.57	40927200
20170501	4.57	4.60	4.50	4.58	38089800
20170502	4.59	4.60	4.38	4.47	58874400
20170503	4.47	4.53	4.44	4.48	28376300
20170504	4.49	4.49	4.44	4.47	16014500
20170505	4.49	4.53	4.47	4.51	14496800
20170508	4.52	4.55	4.49	4.53	19786100
20170509	4.53	4.58	4.48	4.50	27200300
20170510	4.49	4.52	4.46	4.49	18228000
20170511	4.47	4.49	4.42	4.47	19254800
20170512	4.49	4.49	4.43	4.45	15995100
20170515	4.43	4.49	4.40	4.42	23660700
20170516	4.43	4.46	4.42	4.43	12754900
20170517	4.42	4.43	4.37	4.37	24757700
20170518	4.38	4.58	4.37	4.49	32711100
20170519	4.47	4.58	4.47	4.54	17732500
20170522	4.53	4.61	4.53	4.57	12134700
20170523	4.60	4.65	4.57	4.60	14907600
20170524	4.62	4.74	4.61	4.73	24053000
20170525	4.73	4.76	4.68	4.74	19560300
20170526	4.73	4.95	4.73	4.89	41274000
20170530	4.90	4.97	4.83	4.84	26032100
20170531	4.86	4.88	4.82	4.86	35947400
20170601	4.86	5.07	4.82	5.05	52595800
20170602	5.03	5.09	5.01	5.08	27855600
20170605	5.08	5.08	4.98	4.98	24388700
20170606	4.98	4.98	4.80	4.89	42330300
20170607	4.88	4.97	4.84	4.92	15543500
20170608	4.89	5.01	4.85	4.99	27457400
20170609	4.99	5.01	4.74	4.81	38629800
20170612	4.79	4.87	4.73	4.81	24844700
20170613	4.79	4.86	4.78	4.85	15088000
20170614	4.86	4.86	4.76	4.77	16500800
20170615	4.76	4.79	4.71	4.79	16248600
20170616	4.76	4.82	4.74	4.79	27687900
20170619	4.81	4.88	4.79	4.85	18065600
20170620	4.83	4.87	4.79	4.79	23572400
20170621	4.79	4.90	4.77	4.85	20598600
20170622	4.86	4.90	4.82	4.85	13906400
20170623	4.86	4.98	4.85	4.95	41967600
20170626	4.97	5.03	4.90	4.90	17493200
20170627	4.89	4.97	4.86	4.86	18407200
20170628	4.87	5.00	4.87	4.99	17127600
20170629	4.99	5.03	4.88	4.96	27956300
20170630	5.01	5.08	4.95	5.06	33095200
20170703	5.09	5.09	4.97	4.98	10343000
20170705	4.97	5.04	4.97	5.01	17231800
20170706	5.01	5.02	4.94	4.95	14858200
20170707	4.95	5.01	4.94	4.97	13662300
20170710	4.96	4.99	4.92	4.94	24026100
20170711	4.95	4.99	4.92	4.98	12586800
20170712	5.00	5.03	4.98	5.00	17006500
20170713	4.98	5.06	4.98	5.02	17455600
20170714	5.05	5.07	5.02	5.07	13135200
20170717	5.05	5.07	5.04	5.05	10163600
20170718	5.04	5.06	4.98	5.00	18020000
20170719	5.00	5.05	4.98	5.03	15806500
20170720	5.03	5.08	5.02	5.06	11318300
20170721	5.04	5.06	4.98	5.06	16958300
20170724	5.06	5.07	4.97	4.98	24112200
20170725	4.98	5.04	4.98	4.98	18087300
20170726	5.01	5.08	4.98	4.98	37756400
20170727	5.13	5.45	5.13	5.39	73178100
20170728	5.35	5.43	5.32	5.37	20818000
20170731	5.42	5.45	5.37	5.42	16526700
20170801	5.45	5.45	5.29	5.35	25178200
20170802	5.33	5.35	5.19	5.25	18436800
20170803	5.23	5.31	5.21	5.22	17392200
20170804	5.23	5.25	5.13	5.14	18920200
20170807	5.13	5.19	5.13	5.18	14017100
20170808	5.17	5.23	5.12	5.14	21649200
20170809	5.12	5.17	5.08	5.14	18584300
20170810	5.10	5.13	5.09	5.10	17003000
20170811	5.07	5.20	5.06	5.16	18492500
20170814	5.21	5.24	5.18	5.22	14798700
20170815	5.21	5.23	5.11	5.19	21277500
20170816	5.20	5.22	5.14	5.18	11220200
20170817	5.15	5.17	5.07	5.08	19012400
20170818	5.05	5.11	5.04	5.09	12530100
20170821	5.09	5.12	5.07	5.11	10409300
20170822	5.12	5.25	5.12	5.25	23528200
20170823	5.22	5.24	5.15	5.15	17516400
20170824	5.16	5.19	5.11	5.17	11338800
20170825	5.18	5.21	5.15	5.17	10270700
20170828	5.18	5.20	5.14	5.17	10288200
20170829	5.13	5.22	5.11	5.22	10800800
20170830	5.20	5.33	5.20	5.28	16586100
20170831	5.29	5.33	5.26	5.33	13920300
20170901	5.32	5.33	5.26	5.27	13011400
20170905	5.26	5.28	5.16	5.18	19875800
20170906	5.17	5.22	5.14	5.19	14721400
20170907	5.19	5.22	5.10	5.14	15572500
20170908	5.13	5.13	5.00	5.08	24806500
20170911	5.11	5.13	5.06	5.12	19588100
20170912	5.11	5.18	5.09	5.18	19145000
20170913	5.16	5.17	4.98	5.02	26896700
20170914	5.02	5.06	4.99	5.04	16790200
20170915	5.03	5.10	5.02	5.10	30136500
20170918	5.09	5.12	5.05	5.08	18027500
20170919	5.07	5.10	5.06	5.07	10605400
20170920	5.06	5.11	5.05	5.10	20284300
20170921	5.09	5.12	5.07	5.09	7364500
20170922	5.07	5.13	5.07	5.13	8285300
20170925	5.12	5.14	5.09	5.10	12806800
20170926	5.10	5.12	5.02	5.04	14119900
20170927	5.07	5.13	5.05	5.12	16052900
20170928	5.10	5.12	5.04	5.04	11714600
20170929	5.06	5.16	5.05	5.11	15775300
20171002	5.11	5.14	5.08	5.10	16043700
20171003	5.10	5.19	5.10	5.19	17327000
20171004	5.22	5.32	5.19	5.31	22476700
20171005	5.29	5.36	5.28	5.32	17100000
20171006	5.33	5.35	5.25	5.31	10781700
20171009	5.32	5.36	5.29	5.30	7199400
20171010	5.30	5.31	5.23	5.23	10084700
20171011	5.25	5.33	5.23	5.30	14163500
20171012	5.31	5.36	5.23	5.29	20327600
20171013	5.33	5.33	5.27	5.29	8675700
20171016	5.29	5.30	5.27	5.28	7866100
20171017	5.26	5.31	5.25	5.29	8786600
20171018	5.28	5.35	5.27	5.33	11457900
20171019	5.30	5.34	5.28	5.32	8774800
20171020	5.36	5.36	5.31	5.34	8287800
20171023	5.35	5.36	5.26	5.28	20151300
20171024	5.27	5.36	5.27	5.30	27157200
20171025	5.24	5.28	5.06	5.15	29248000
20171026	5.21	5.21	5.13	5.17	12876500
20171027	5.14	5.15	5.04	5.13	30516300
20171030	5.12	5.15	5.06	5.10	19660900
20171031	5.11	5.11	5.03	5.04	19511300
20171101	5.07	5.11	4.98	5.04	23138600
20171102	5.01	5.03	4.91	4.95	20639400
20171103	4.91	4.95	4.87	4.91	16733100
20171106	4.90	5.00	4.90	4.96	12428100
20171107	4.96	5.00	4.92	4.95	12812700
20171108	4.93	4.99	4.93	4.98	15843800
20171109	4.96	5.01	4.90	4.93	15190400
20171110	4.90	5.02	4.90	4.96	18671500
20171113	4.94	5.11	4.94	5.11	24647000
20171114	5.09	5.10	4.92	4.97	23927000
20171115	4.97	5.00	4.92	4.99	14497700
20171116	4.98	5.05	4.97	5.01	17047100
20171117	5.03	5.10	4.99	5.07	11915900
20171120	5.08	5.10	5.03	5.04	11537800
20171121	5.07	5.11	5.06	5.07	13265300
20171122	5.07	5.10	5.03	5.05	14091200
20171124	5.04	5.08	5.03	5.05	7844200
20171127	5.02	5.08	5.01	5.05	15891100
20171128	5.04	5.06	5.01	5.04	15124300
20171129	5.04	5.15	5.04	5.09	19204100
20171130	5.06	5.15	5.05	5.11	15930300
20171201	5.07	5.17	5.06	5.14	22300300
20171204	5.14	5.26	5.13	5.21	20409600
20171205	5.22	5.33	5.20	5.33	26126400
20171206	5.32	5.33	5.17	5.20	21147200
20171207	5.19	5.29	5.17	5.23	17854800
20171208	5.27	5.28	5.22	5.24	10497300
20171211	5.24	5.26	5.21	5.24	15173000
20171212	5.24	5.31	5.22	5.28	12568600
20171213	5.28	5.32	5.27	5.28	13319500
20171214	5.28	5.33	5.25	5.25	13491300
20171215	5.29	5.30	4.83	4.98	95984900
20171218	4.93	5.09	4.93	5.04	32605200
20171219	5.03	5.06	4.94	4.94	22414000
20171220	4.95	4.97	4.87	4.88	19580500
20171221	4.88	4.92	4.86	4.89	24970100
20171222	4.88	4.99	4.88	4.98	15247500
20171226	4.97	5.11	4.97	5.03	14677400
20171227	5.03	5.05	4.99	5.00	9565900
20171228	5.00	5.01	4.96	4.99	8600600
20171229	4.98	5.03	4.97	4.98	10635400
20180102	4.89	4.93	4.82	4.84	30568100
20180103	4.82	4.90	4.80	4.84	28964500
20180104	4.84	4.98	4.84	4.93	27002000
20180105	4.95	4.97	4.89	4.95	17290000
20180108	4.91	4.97	4.91	4.93	16328400
20180109	4.95	5.00	4.92	4.93	19410300
20180110	4.97	5.18	4.97	5.16	54595100
20180111	5.17	5.19	5.06	5.11	24973300
20180112	5.11	5.12	5.08	5.09	15779500
20180116	5.10	5.10	4.98	4.99	20692500
20180117	5.02	5.11	5.01	5.05	19092500
20180118	5.03	5.14	5.02	5.08	13486300
20180119	5.16	5.24	5.11	5.20	26329900
20180122	5.15	5.32	5.14	5.24	21594300
20180123	5.22	5.28	5.18	5.27	18499400
20180124	5.32	5.35	5.28	5.32	20935100
20180125	5.35	5.40	5.33	5.36	18851400
20180126	5.36	5.83	5.35	5.55	42598600
20180129	5.63	5.64	5.49	5.55	34923300
20180130	5.56	5.61	5.48	5.52	25551400
20180131	5.47	5.70	5.43	5.67	29616600
20180201	5.59	5.74	5.59	5.67	17693200
20180202	5.66	5.77	5.65	5.67	20626300
20180205	5.69	5.82	5.59	5.59	30004400
20180206	5.55	5.67	5.47	5.63	35045500
20180207	5.58	5.67	5.55	5.58	23116600
20180208	5.57	5.59	5.43	5.44	28943100
20180209	5.46	5.49	5.28	5.41	33658000
20180212	5.39	5.51	5.36	5.44	15827800
20180213	5.40	5.58	5.40	5.54	17024200
20180214	5.53	5.68	5.49	5.66	19053800
20180215	5.64	5.79	5.63	5.72	23450000
20180216	5.76	5.76	5.65	5.68	24615500
20180220	5.68	5.70	5.63	5.68	11877900
20180221	5.70	5.78	5.68	5.70	20611200
20180222	5.71	5.83	5.70	5.72	24716100
20180223	5.76	5.86	5.73	5.83	15320500
20180226	5.85	5.91	5.83	5.89	19820600
20180227	5.89	5.93	5.83	5.85	18668800
20180228	5.88	5.90	5.83	5.84	16643600
20180301	5.76	5.93	5.75	5.85	36371400
20180302	5.79	5.88	5.77	5.86	22370600
20180305	5.82	5.90	5.80	5.88	12715500
20180306	5.90	5.93	5.83	5.91	15614200
20180307	5.92	6.08	5.89	6.02	20258600
20180308	6.04	6.05	5.99	6.02	11214300
20180309	6.02	6.09	6.02	6.08	12375000
20180312	6.08	6.15	6.03	6.14	13009000
20180313	6.08	6.15	6.05	6.07	13301000
20180314	6.10	6.10	5.95	6.02	22292800
20180315	6.03	6.04	5.94	5.95	12329200
20180316	6.01	6.03	5.96	6.02	21326900
20180319	6.00	6.00	5.86	5.89	15845500
20180320	5.89	5.93	5.87	5.88	12411400
20180321	5.88	5.98	5.88	5.92	15094700
20180322	5.80	5.89	5.80	5.82	14371100
20180323	5.82	5.89	5.74	5.74	17380600
20180326	5.83	5.88	5.76	5.88	16234000
20180327	5.90	5.92	5.73	5.76	19675200
20180328	5.78	5.83	5.73	5.75	16768700
20180329	5.77	5.88	5.76	5.80	18106300
20180402	5.77	5.82	5.65	5.68	16682700
20180403	5.69	5.79	5.69	5.73	14542200
20180404	5.71	5.89	5.69	5.85	16060100
20180405	5.88	5.91	5.84	5.87	9781800
20180406	5.83	5.89	5.77	5.82	15790800
20180409	5.85	5.90	5.80	5.82	14529300
20180410	5.88	5.89	5.81	5.83	18040200
20180411	5.83	5.86	5.79	5.81	11903700
20180412	5.82	5.87	5.77	5.79	11609200
20180413	5.79	5.84	5.73	5.76	12997600
20180416	5.76	5.77	5.69	5.74	14966100
20180417	5.78	5.86	5.76	5.81	13282900
20180418	5.81	5.91	5.81	5.91	9708800
20180419	5.89	6.04	5.84	5.89	19871000
20180420	5.90	5.92	5.84	5.87	14045400
20180423	5.87	5.91	5.84	5.89	16572000
20180424	5.88	5.95	5.82	5.83	24994100
20180425	5.86	5.89	5.76	5.81	21015200
20180426	5.84	5.93	5.80	5.87	14576800
20180427	5.87	5.95	5.83	5.86	14619900
20180430	5.89	5.93	5.84	5.89	10949700
20180501	5.89	5.89	5.77	5.88	11357800
20180502	5.88	5.95	5.86	5.88	15298300
20180503	5.87	6.08	5.87	6.04	25114900
20180504	6.00	6.25	5.99	6.20	30706800
20180507	6.19	6.28	6.17	6.24	18368000
20180508	6.21	6.23	6.10	6.16	16634000
20180509	6.19	6.31	6.13	6.30	19566900
20180510	6.30	6.44	6.29	6.35	18596300
20180511	6.36	6.41	6.30	6.32	11459900
20180514	6.31	6.43	6.31	6.38	9625100
20180515	6.34	6.43	6.31	6.40	13639900
20180516	6.43	6.53	6.36	6.45	21336100
20180517	6.45	6.53	6.40	6.42	14193000
20180518	6.45	6.51	6.43	6.49	15499000
20180521	6.51	6.55	6.43	6.52	12266800
20180522	6.55	6.59	6.45	6.46	14598800
20180523	6.43	6.48	6.43	6.45	12586600
20180524	6.47	6.50	6.38	6.44	12361800
20180525	6.44	6.49	6.43	6.47	8118700
20180529	6.45	6.52	6.44	6.50	11313900
20180530	6.53	6.66	6.48	6.63	25891500
20180531	6.66	6.73	6.59	6.61	35177000
20180601	6.64	6.65	6.56	6.58	15534500
20180604	6.59	6.64	6.55	6.61	13960300
20180605	6.62	6.64	6.55	6.57	12672400
20180606	6.56	6.70	6.55	6.66	13325600
20180607	6.68	6.73	6.64	6.69	10483600
20180608	6.70	6.74	6.62	6.74	9319900
20180611	6.73	6.83	6.71	6.72	12289300
20180612	6.75	6.84	6.72	6.77	12989000
20180613	6.80	6.86	6.77	6.81	12428000
20180614	6.84	6.91	6.82	6.87	14974700
20180615	6.94	7.07	6.87	7.06	29558400
20180618	7.08	7.17	7.02	7.11	16531400
20180619	7.02	7.05	6.90	6.96	23855700
20180620	6.96	7.00	6.90	6.99	13010000
20180621	6.78	6.80	6.56	6.67	30537200
20180622	6.70	6.74	6.64	6.65	31099100
20180625	6.66	6.70	6.53	6.57	19864200
20180626	6.41	6.50	6.16	6.44	29656500
20180627	6.42	6.43	6.16	6.19	41541100
20180628	6.23	6.36	6.16	6.35	38417400
20180629	6.44	6.44	6.30	6.30	17986700
20180702	6.29	6.37	6.26	6.35	11173700
20180703	6.42	6.46	6.29	6.29	9431600
20180705	6.32	6.48	6.28	6.43	13987200
20180706	6.41	6.52	6.40	6.52	9530900
20180709	6.56	6.57	6.48	6.56	12539400
20180710	6.57	6.59	6.46	6.54	11972600
20180711	6.55	6.60	6.50	6.56	12566800
20180712	6.56	6.62	6.54	6.62	11034300
20180713	6.63	6.66	6.56	6.61	8986200
20180716	6.61	6.64	6.53	6.56	10468600
20180717	6.52	6.61	6.51	6.58	10965900
20180718	6.59	6.75	6.57	6.64	14751900
20180719	6.62	6.69	6.60	6.65	12653100
20180720	6.66	6.66	6.58	6.62	11547800
20180723	6.58	6.65	6.58	6.63	8480200
20180724	6.66	6.68	6.49	6.50	17354600
20180725	6.61	6.70	6.57	6.65	16151900
20180726	6.69	6.79	6.64	6.70	13915700
20180727	6.73	6.76	6.56	6.59	15998200
20180730	6.58	6.62	6.46	6.51	14549400
20180731	6.52	6.60	6.52	6.54	13971900
20180801	6.51	6.56	6.37	6.39	17919800
20180802	6.35	6.49	6.34	6.48	14105000
20180803	6.46	6.53	6.38	6.40	14631600
20180806	6.37	6.46	6.37	6.42	19249400
20180807	6.41	6.49	6.38	6.39	12636000
20180808	6.39	6.48	6.39	6.47	12849900
20180809	6.48	6.57	6.46	6.53	12965000
20180810	6.49	6.56	6.43	6.49	9787000
20180813	6.49	6.53	6.47	6.48	9981200
20180814	6.48	6.54	6.48	6.49	11320000
20180815	6.47	6.49	6.38	6.43	12260900
20180816	6.46	6.54	6.46	6.47	9581200
20180817	6.47	6.55	6.44	6.50	11454400
20180820	6.52	6.54	6.47	6.48	9802200
20180821	6.51	6.52	6.47	6.47	15788200
20180822	6.48	6.53	6.47	6.53	9950500
20180823	6.51	6.53	6.43	6.43	9233300
20180824	6.44	6.53	6.43	6.49	11370000
20180827	6.49	6.59	6.48	6.55	13245400
20180828	6.54	6.57	6.50	6.53	10491100
20180829	6.52	6.63	6.52	6.62	10451600
20180830	6.61	6.63	6.56	6.58	10581000
20180831	6.56	6.63	6.56	6.62	12439600
20180904	6.59	6.70	6.56	6.67	13337900
20180905	6.67	6.68	6.53	6.53	20671100
20180906	6.52	6.59	6.49	6.55	13680400
20180907	6.52	6.60	6.49	6.51	16039500
20180910	6.53	6.67	6.52	6.66	11527200
20180911	6.63	6.75	6.62	6.70	15855600
20180912	6.70	6.70	6.63	6.64	15223000
20180913	6.67	6.76	6.65	6.70	11876500
20180914	6.72	6.74	6.65	6.65	14073600
20180917	6.66	6.67	6.56	6.58	15405700
20180918	6.61	6.66	6.56	6.56	23557800
20180919	6.57	6.61	6.48	6.53	19023800
20180920	6.55	6.57	6.51	6.54	16381200
20180921	6.55	6.56	6.48	6.51	30028400
20180924	6.24	6.36	5.81	5.84	111485400
20180925	5.93	5.93	5.74	5.85	42900800
20180926	5.86	6.05	5.84	5.95	49160200
20180927	5.95	5.98	5.89	5.93	28773200
20180928	5.94	5.97	5.88	5.89	33966700
20181001	5.91	5.93	5.81	5.87	25021900
20181002	5.85	5.88	5.74	5.81	26564200
20181003	5.83	5.91	5.78	5.84	32062700
20181004	5.83	5.87	5.73	5.79	33177800
20181005	5.82	5.90	5.66	5.72	29627200
20181008	5.72	5.79	5.69	5.78	17301400
20181009	5.80	5.86	5.74	5.76	27215800
20181010	5.73	5.77	5.55	5.55	26624400
20181011	5.57	5.72	5.55	5.57	30865400
20181012	5.70	5.77	5.64	5.77	36176700
20181015	5.73	5.81	5.68	5.73	18843700
20181016	5.77	5.93	5.73	5.88	16669500
20181017	5.87	5.91	5.81	5.83	17780000
20181018	5.94	5.95	5.72	5.74	26116800
20181019	5.81	5.84	5.60	5.60	27216900
20181022	5.62	5.71	5.56	5.62	26140300
20181023	5.60	5.63	5.48	5.55	30405100
20181024	5.64	5.73	5.27	5.27	44025700
20181025	5.35	5.48	5.29	5.40	30234500
20181026	5.24	5.40	5.24	5.29	36780600
20181029	5.36	5.45	5.18	5.24	27451300
20181030	5.26	5.47	5.21	5.46	47528000
20181031	5.49	5.67	5.47	5.61	35600700
20181101	5.59	5.71	5.53	5.70	21899300
20181102	5.73	5.75	5.60	5.70	27024800
20181105	5.73	5.75	5.65	5.70	23867700
20181106	5.71	5.94	5.69	5.91	30018300
20181107	5.94	5.95	5.80	5.87	28100000
20181108	5.84	5.92	5.76	5.80	21964200
20181109	5.76	5.83	5.74	5.80	19573300
20181112	5.78	5.81	5.70	5.72	28439400
20181113	5.77	5.89	5.71	5.75	38079900
20181114	5.75	5.89	5.75	5.84	27668400
20181115	5.81	5.92	5.78	5.90	31067700
20181116	5.90	5.92	5.78	5.86	32363900
20181119	5.84	5.85	5.63	5.65	30284900
20181120	5.61	5.63	5.45	5.48	33505000
20181121	5.51	5.67	5.49	5.64	23087800
20181123	5.60	5.73	5.58	5.66	10598400
20181126	5.72	5.80	5.64	5.74	26521400
20181127	5.72	5.77	5.62	5.70	31510400
20181128	5.67	5.79	5.67	5.78	23495100
20181129	5.75	5.92	5.71	5.90	34856400
20181130	5.92	5.94	5.79	5.82	32284400
20181203	5.89	5.90	5.75	5.90	27354100
20181204	5.90	5.96	5.76	5.78	31756000
20181206	5.73	5.95	5.67	5.93	39705500
20181207	5.87	5.97	5.80	5.81	30788800
20181210	5.83	5.88	5.75	5.79	27675700
20181211	5.87	5.94	5.83	5.85	27312200
20181212	5.92	6.01	5.88	5.90	27750500
20181213	5.90	5.96	5.73	5.83	30899000
20181214	5.76	5.92	5.75	5.76	29325200
20181217	5.76	5.83	5.69	5.72	24677000
20181218	5.75	5.79	5.68	5.75	31578900
20181219	5.76	5.79	5.58	5.62	30785800
20181220	5.62	5.67	5.46	5.50	28619800
20181221	5.52	5.59	5.18	5.22	35119500
20181224	5.16	5.25	5.12	5.15	16571500
20181226	5.16	5.36	5.12	5.35	21302500
20181227	5.36	5.38	5.16	5.35	19617300
20181228	5.38	5.39	5.26	5.34	13832200
20181231	5.37	5.39	5.27	5.33	16577200
20190102	5.32	5.56	5.32	5.51	23871500
20190103	5.44	5.61	5.38	5.55	22282700
20190104	5.64	5.81	5.61	5.76	25437800
20190107	5.72	5.88	5.71	5.81	31693700
20190108	5.85	5.93	5.81	5.93	23761300
20190109	5.94	5.95	5.61	5.66	43695900
20190110	5.66	5.70	5.57	5.67	21134600
20190111	5.67	5.68	5.59	5.67	16582300
20190114	5.65	5.66	5.53	5.56	20050400
20190115	5.56	5.61	5.52	5.59	18586000
20190116	5.59	5.66	5.56	5.62	14504700
20190117	5.62	5.67	5.60	5.65	15045700
20190118	5.70	5.76	5.64	5.65	15928700
20190122	5.64	5.64	5.43	5.47	23535500
20190123	5.51	5.51	5.32	5.46	23338900
20190124	5.46	5.47	5.32	5.37	22485100
20190125	5.42	5.47	5.34	5.44	30393400
20190128	5.45	5.45	5.33	5.37	26625600
20190129	5.35	5.44	5.30	5.36	33709100
20190130	5.51	5.67	5.39	5.53	50082900
20190131	5.54	5.74	5.44	5.45	82658300
20190201	5.48	5.64	5.47	5.59	46111700
20190204	5.56	5.66	5.54	5.64	35465200
20190205	5.64	5.78	5.61	5.62	43624700
20190206	5.65	5.67	5.54	5.58	30674000
20190207	5.55	5.57	5.43	5.50	30517000
20190208	5.48	5.57	5.47	5.55	22481400
20190211	5.55	5.62	5.49	5.49	18537400
20190212	5.51	5.55	5.47	5.52	27972300
20190213	5.54	5.55	5.44	5.52	21138500
20190214	5.49	5.59	5.48	5.54	28789900
20190215	5.59	5.65	5.58	5.65	21066900
20190219	5.62	5.67	5.58	5.62	27747900
20190220	5.61	5.70	5.61	5.65	27607900
20190221	5.66	5.70	5.61	5.69	23096700
20190222	5.71	5.74	5.65	5.67	21142700
20190225	5.69	5.71	5.62	5.64	17138800
20190226	5.62	5.64	5.49	5.54	32548000
20190227	5.50	5.56	5.49	5.54	18664300
20190228	5.55	5.63	5.53	5.55	29616200
20190301	5.57	5.64	5.54	5.61	21448800
20190304	5.65	5.67	5.50	5.62	30363000
20190305	5.60	5.65	5.58	5.65	26987000
20190306	5.63	5.66	5.59	5.62	21437400
20190307	5.61	5.65	5.56	5.61	31818300
20190308	5.56	5.60	5.53	5.56	22651300
20190311	5.54	5.62	5.52	5.59	21243900
20190312	5.60	5.78	5.55	5.75	43652700
20190313	5.71	5.79	5.65	5.70	32468800
20190314	5.68	5.77	5.67	5.74	22232700
20190315	5.79	5.79	5.69	5.78	32036900
20190318	5.75	5.78	5.65	5.67	26406200
20190319	5.69	5.75	5.65	5.72	22336500
20190320	5.68	5.70	5.54	5.64	35866600
20190321	5.62	5.68	5.58	5.60	28305300
20190322	5.55	5.57	5.38	5.39	64391100
20190325	5.38	5.40	5.33	5.38	36740500
20190326	5.40	5.43	5.34	5.34	37833000
20190327	5.36	5.39	5.29	5.30	29836400
20190328	5.29	5.37	5.29	5.33	21798900
20190329	5.34	5.36	5.27	5.31	30656300
20190401	5.34	5.47	5.32	5.42	38541000
20190402	5.42	5.51	5.39	5.50	32882500
20190403	5.51	5.58	5.50	5.54	29878800
20190404	5.55	5.60	5.51	5.58	25841800
20190405	5.57	5.61	5.50	5.56	29706100
20190408	5.56	5.62	5.54	5.60	25665300
20190409	5.56	5.62	5.50	5.59	23085700
20190410	5.59	5.63	5.55	5.61	25911500
20190411	5.62	5.67	5.60	5.66	22739000
20190412	5.68	5.74	5.65	5.71	19817800
20190415	5.71	5.71	5.52	5.61	26494200
20190416	5.61	5.63	5.53	5.58	21580300
20190417	5.58	5.64	5.53	5.63	19844200
20190418	5.65	5.68	5.59	5.65	27593200
20190422	5.64	5.75	5.62	5.73	26433000
20190423	5.71	5.78	5.71	5.76	32266700
20190424	5.61	5.74	5.27	5.35	82867500
20190425	5.40	5.44	5.30	5.36	37225900
20190426	5.38	5.52	5.36	5.41	36786000
20190429	5.46	5.53	5.37	5.50	33325000
20190430	5.50	5.54	5.42	5.44	34575400
20190501	5.44	5.53	5.44	5.50	28993700
20190502	5.51	5.52	5.36	5.40	37423800
20190503	5.44	5.52	5.43	5.50	26866800
20190506	5.42	5.49	5.41	5.47	23343100
20190507	5.42	5.44	5.31	5.36	34781100
20190508	5.34	5.41	5.32	5.37	24778200
20190509	5.34	5.39	5.28	5.36	23825200
20190510	5.35	5.41	5.28	5.39	20879800
20190513	5.31	5.34	5.23	5.23	25827500
20190514	5.24	5.39	5.23	5.28	29306000
20190515	5.27	5.31	5.24	5.26	23637600
20190516	5.25	5.36	5.25	5.30	17176000
20190517	5.28	5.36	5.27	5.31	20773800
20190520	5.27	5.32	5.23	5.23	20589200
20190521	5.26	5.34	5.25	5.29	16498100
20190522	5.27	5.30	5.22	5.22	17250200
20190523	5.19	5.21	5.00	5.06	35182200
20190524	5.12	5.18	5.05	5.08	23959000
20190528	5.08	5.12	5.00	5.02	40480600
20190529	5.00	5.05	4.95	5.01	28293300
20190530	5.02	5.10	5.02	5.04	23934300
20190531	5.00	5.00	4.92	4.98	29981400
20190603	4.98	5.00	4.91	4.94	22520500
20190604	4.98	5.07	4.98	5.06	27625500
20190605	5.10	5.10	4.94	4.94	24384000
20190606	4.96	5.00	4.93	4.98	21292300
20190607	5.00	5.04	4.95	4.98	20300400
20190610	5.05	5.15	5.03	5.09	32957000
20190611	5.13	5.20	5.10	5.15	25977500
20190612	5.15	5.19	5.13	5.16	15490000
20190613	5.19	5.26	5.15	5.23	21745800
20190614	5.23	5.25	5.19	5.22	18196600
20190617	5.21	5.37	5.18	5.28	27249600
20190618	5.34	5.42	5.32	5.35	25905300
20190619	5.37	5.39	5.26	5.33	19499800
20190620	5.36	5.41	5.32	5.39	18462700
20190621	5.36	5.39	5.24	5.25	50359900
20190624	5.27	5.28	5.18	5.24	22774700
20190625	5.23	5.25	5.16	5.20	25295400
20190626	5.22	5.26	5.17	5.19	19473700
20190627	5.22	5.26	5.17	5.23	18928800
20190628	5.21	5.28	5.20	5.23	32398700
20190701	5.28	5.36	5.26	5.36	19514000
20190702	5.34	5.49	5.34	5.47	28560600
20190703	5.48	5.53	5.46	5.52	11807500
20190705	5.51	5.57	5.47	5.54	21192400
20190708	5.52	5.59	5.52	5.56	20532300
20190709	5.53	5.62	5.53	5.59	28191300
20190710	5.62	5.66	5.55	5.66	26789500
20190711	5.66	5.69	5.61	5.66	18948600
20190712	5.69	5.72	5.67	5.69	22957800
20190715	5.69	5.69	5.60	5.67	23071100
20190716	5.66	5.71	5.65	5.68	18369500
20190717	5.68	5.69	5.61	5.67	14534300
20190718	5.64	5.69	5.63	5.67	18127700
20190719	5.67	5.72	5.64	5.69	16009900
20190722	5.71	5.74	5.69	5.70	20134400
20190723	5.71	5.73	5.64	5.67	16110700
20190724	5.66	5.72	5.66	5.72	14317700
20190725	5.71	5.84	5.70	5.76	33173900
20190726	5.78	5.84	5.76	5.84	19644000
20190729	5.84	5.86	5.72	5.78	34171100
20190730	5.78	5.86	5.74	5.80	30037100
20190731	5.78	5.93	5.78	5.87	28429400
20190801	5.89	5.99	5.87	5.88	27719100
20190802	5.86	5.98	5.85	5.95	23699800
20190805	5.88	5.89	5.61	5.68	36807500
20190806	5.71	5.76	5.67	5.71	18465100
20190807	5.67	5.75	5.57	5.73	20926100
20190808	5.76	5.82	5.75	5.80	18623000
20190809	5.76	5.80	5.71	5.75	17429600
20190812	5.72	5.75	5.68	5.68	13224700
20190813	5.68	5.78	5.65	5.72	15730200
20190814	5.66	5.68	5.61	5.64	23169300
20190815	5.67	5.69	5.60	5.61	17520900
20190816	5.67	5.78	5.65	5.72	13237300
20190819	5.77	5.85	5.75	5.81	19804000
20190820	5.80	5.83	5.72	5.72	16479200
20190821	5.75	5.83	5.74	5.79	9689300
20190822	5.79	5.83	5.75	5.79	11138800
20190823	5.77	5.81	5.60	5.63	20287900
20190826	5.69	5.72	5.66	5.72	13399100
20190827	5.73	5.76	5.66	5.70	19881200
20190828	5.67	5.80	5.67	5.76	17559600
20190829	5.80	5.87	5.79	5.84	19605300
20190830	5.86	5.87	5.79	5.80	12194600
20190903	5.76	5.81	5.73	5.79	14389300
20190904	5.85	5.87	5.82	5.84	19534400
20190905	5.88	5.93	5.85	5.90	18319200
20190906	5.90	5.93	5.87	5.88	23689900
20190909	5.88	5.93	5.84	5.91	20174900
20190910	5.89	5.98	5.88	5.98	15736300
20190911	6.01	6.11	5.99	6.10	24888100
20190912	6.11	6.11	5.99	6.06	18704600
20190913	6.08	6.09	5.97	6.01	15609200
20190916	5.97	6.00	5.93	5.99	16141500
20190917	5.97	6.10	5.94	6.08	21130300
20190918	6.08	6.08	5.94	6.01	21635100
20190919	6.00	6.01	5.95	5.96	15642300
20190920	5.98	5.99	5.86	5.88	43642900
20190923	5.91	5.95	5.90	5.91	13508300
20190924	5.98	5.99	5.85	5.86	18696400
20190925	5.86	5.96	5.86	5.94	12752600
20190926	5.92	5.95	5.85	5.88	10440700
20190927	5.91	5.93	5.80	5.84	14444400
20190930	5.88	5.89	5.85	5.88	12526000
20191001	5.90	5.96	5.80	5.81	15147600
20191002	5.81	5.88	5.80	5.86	17831500
20191003	5.86	5.99	5.81	5.97	21844800
20191004	5.97	6.06	5.97	6.00	14658000
20191007	5.98	6.03	5.93	5.95	14847400
20191008	5.93	5.94	5.86	5.87	17461200
20191009	5.88	5.90	5.82	5.88	11358900
20191010	5.86	5.93	5.85	5.88	13810400
20191011	5.93	6.00	5.92	5.93	14011200
20191014	5.93	5.98	5.88	5.95	10814000
20191015	5.96	6.08	5.96	6.05	17779400
20191016	6.03	6.09	5.99	6.04	16375200
20191017	6.08	6.11	6.02	6.09	15003600
20191018	6.11	6.11	6.03	6.04	13505400
20191021	6.05	6.10	5.99	6.03	14247700
20191022	6.03	6.04	6.00	6.02	16217500
20191023	6.03	6.08	6.02	6.06	12609800
20191024	6.03	6.08	5.94	6.07	23836600
20191025	6.05	6.11	6.02	6.05	17305700
20191028	6.06	6.10	6.05	6.07	11816800
20191029	6.05	6.08	5.97	5.99	19939200
20191030	6.02	6.08	5.91	6.08	19987100
20191031	6.09	6.35	6.09	6.32	38352500
20191101	6.34	6.43	6.32	6.41	29940400
20191104	6.44	6.45	6.35	6.36	16884900
20191105	6.37	6.47	6.35	6.42	16268600
20191106	6.42	6.44	6.35	6.37	16716500
20191107	6.39	6.46	6.39	6.40	17093400
20191108	6.40	6.48	6.38	6.45	15187700
20191111	6.42	6.58	6.41	6.56	14044400
20191112	6.55	6.57	6.50	6.53	17860200
20191113	6.52	6.57	6.48	6.48	22869100
20191114	6.49	6.58	6.48	6.57	18931900
20191115	6.58	6.59	6.51	6.52	16341900
20191118	6.52	6.56	6.51	6.55	14965600
20191119	6.56	6.58	6.51	6.56	14483400
20191120	6.53	6.56	6.44	6.50	13479400
20191121	6.54	6.56	6.44	6.56	24243000
20191122	6.59	6.59	6.40	6.41	60455900
20191125	6.43	6.48	6.38	6.45	22622300
20191126	6.46	6.50	6.42	6.50	24795400
20191127	6.48	6.55	6.48	6.53	20603400
20191129	6.56	6.59	6.48	6.57	11191700
20191202	6.56	6.57	6.48	6.49	28645900
20191203	6.51	6.52	6.31	6.39	31395100
20191204	6.40	6.47	6.38	6.47	19197000
20191205	6.49	6.49	6.43	6.46	19524100
20191206	6.51	6.52	6.43	6.43	17528400
20191209	6.43	6.48	6.42	6.47	9895600
20191210	6.47	6.54	6.45	6.49	14622600
20191211	6.50	6.51	6.44	6.47	14475600
20191212	6.47	6.53	6.44	6.49	18781200
20191213	6.49	6.56	6.45	6.52	22634300
20191216	6.53	6.56	6.49	6.55	14477000
20191217	6.56	6.58	6.50	6.58	15695500
20191218	6.57	6.64	6.56	6.63	22037300
20191219	6.63	6.68	6.63	6.67	17671700
20191220	6.68	6.76	6.67	6.76	35855700
20191223	6.74	6.76	6.66	6.68	14027600
20191224	6.71	6.73	6.70	6.72	5279200
20191226	6.74	6.75	6.72	6.74	9272400
20191227	6.75	6.78	6.71	6.72	9165600
20191230	6.72	6.74	6.66	6.68	12093100
20191231	6.68	6.74	6.68	6.73	12060900
20200102	6.72	6.77	6.69	6.72	15984400
20200103	6.64	6.72	6.60	6.68	24579200
20200106	6.64	6.72	6.63	6.71	18958600
20200107	6.67	6.74	6.64	6.66	20560600
20200108	6.65	6.71	6.61	6.65	20770200
20200109	6.65	6.72	6.62	6.64	17167800
20200110	6.65	6.65	6.57	6.59	17392500
20200113	6.59	6.64	6.56	6.64	15844200
20200114	6.61	6.72	6.57	6.70	20748800
20200115	6.71	6.78	6.69	6.75	20946500
20200116	6.77	6.79	6.72	6.78	13557400
20200117	6.79	6.81	6.74	6.75	14090500
20200121	6.73	6.76	6.71	6.73	12909100
20200122	6.74	6.79	6.71	6.78	28995600
20200123	6.75	6.76	6.67	6.74	18264300
20200124	6.73	6.76	6.64	6.70	18141400
20200127	6.65	6.72	6.61	6.71	18845000
20200128	6.72	6.74	6.69	6.72	19484400
20200129	6.71	6.72	6.64	6.67	15905500
20200130	6.64	6.77	6.61	6.77	21907800
20200131	6.74	6.80	6.64	6.66	18435100
20200203	6.69	6.78	6.67	6.75	23236600
20200204	6.80	6.88	6.72	6.79	20751000
20200205	6.83	6.87	6.75	6.75	19045100
20200206	6.76	6.83	6.75	6.77	13389800
20200207	6.72	6.74	6.68	6.70	15385000
20200210	6.72	6.78	6.71	6.78	14253100
20200211	6.79	6.81	6.76	6.76	16604500
20200212	6.77	6.82	6.77	6.80	14613300
20200213	6.80	6.84	6.79	6.82	10570200
20200214	6.82	6.84	6.79	6.80	12271400
20200218	6.78	6.83	6.77	6.83	13622500
20200219	6.81	6.90	6.80	6.84	20385600
20200220	6.87	6.98	6.84	6.93	17588500
20200221	6.92	6.93	6.82	6.83	16891300
20200224	6.76	6.81	6.64	6.64	31409100
20200225	6.68	6.71	6.56	6.59	36293100
20200226	6.60	6.64	6.40	6.41	40379900
20200227	6.32	6.37	6.09	6.10	54696200
20200228	5.94	6.07	5.85	5.98	55307800
20200302	5.93	6.18	5.91	6.18	37938700
20200303	6.11	6.32	6.06	6.11	37680000
20200304	6.20	6.28	6.19	6.27	22911300
20200305	6.11	6.30	6.10	6.26	38219700
20200306	6.00	6.18	5.97	6.08	33961700
20200309	5.81	5.92	5.63	5.70	41161800
20200310	5.81	5.98	5.62	5.97	41116900
20200311	5.77	5.91	5.62	5.71	36447900
20200312	5.34	5.61	4.98	5.25	40210000
20200313	5.45	5.57	5.13	5.57	41060800
20200316	4.94	5.41	4.70	4.79	47077000
20200317	4.86	5.17	4.61	5.12	44691600
20200318	4.86	4.93	4.27	4.48	58495300
20200319	4.41	4.64	4.26	4.52	40726600
20200320	4.53	4.65	4.16	4.19	58310800
20200323	4.13	4.34	3.88	4.26	58213800
20200324	4.53	4.70	4.43	4.70	50657800
20200325	4.70	5.02	4.64	4.76	27040100
20200326	4.78	5.05	4.78	4.91	27208100
20200327	4.76	4.77	4.62	4.65	24632800
20200330	4.68	4.79	4.49	4.54	34793000
20200331	4.57	4.83	4.53	4.66	29402000
20200401	4.49	4.63	4.34	4.38	26473100
20200402	4.33	4.58	4.26	4.48	23163200
20200403	4.46	4.49	4.16	4.23	20780700
20200406	4.45	4.58	4.42	4.52	24069200
20200407	4.64	4.81	4.55	4.63	28279100
20200408	4.71	4.92	4.64	4.88	17521300
20200409	4.94	5.08	4.86	4.95	21769700
20200413	4.93	4.93	4.67	4.83	18438300
20200414	4.88	5.13	4.85	5.11	24209300
20200415	5.02	5.04	4.91	5.00	21001600
20200416	5.02	5.08	4.93	5.00	22855400
20200417	5.10	5.12	4.91	4.99	18197000
20200420	4.91	5.03	4.88	4.93	17474300
20200421	4.84	4.88	4.69	4.72	20590900
20200422	4.84	4.84	4.75	4.76	18520200
20200423	4.82	5.26	4.82	5.07	51892100
20200424	5.15	5.23	4.99	5.20	31040100
20200427	5.20	5.37	5.19	5.29	21963800
20200428	5.56	5.68	5.26	5.43	34013900
20200429	5.59	5.69	5.54	5.59	32119300
20200430	5.59	5.66	5.47	5.58	24073200
20200501	5.47	5.50	5.36	5.47	24117400
20200504	5.43	5.50	5.29	5.43	24190800
20200505	5.46	5.47	5.35	5.42	24739600
20200506	5.43	5.44	5.30	5.34	26369600
20200507	5.33	5.40	5.20	5.22	36647100
20200508	5.31	5.44	5.27	5.44	29619900
20200511	5.39	5.40	5.29	5.35	25272900
20200512	5.35	5.37	5.12	5.14	32093600
20200513	5.13	5.18	4.83	4.94	42759500
20200514	4.88	5.02	4.74	5.00	56935200
20200515	4.96	5.05	4.90	5.05	26040700
20200518	5.19	5.33	5.14	5.21	44306400
20200519	5.24	5.27	5.13	5.15	36371600
20200520	5.18	5.21	4.91	4.95	49101700
20200521	4.95	4.95	4.79	4.92	51877700
20200522	4.93	5.06	4.89	5.02	39030000
20200526	5.14	5.22	5.03	5.18	38737900
20200527	5.34	5.52	5.33	5.47	48189100
20200528	5.48	5.48	5.33	5.37	38508700
20200529	5.35	5.54	5.27	5.50	61981800
20200601	5.50	5.67	5.49	5.65	33708200
20200602	5.71	5.72	5.61	5.66	34274200
20200603	5.71	5.95	5.69	5.91	41905600
20200604	5.90	6.15	5.87	6.10	57404900
20200605	6.32	6.36	6.11	6.16	37423100
20200608	6.21	6.22	6.11	6.17	32546900
20200609	6.09	6.11	5.96	5.99	23545400
20200610	6.00	6.01	5.76	5.88	28889700
20200611	5.73	5.76	5.49	5.53	30558300
20200612	5.69	5.73	5.48	5.62	33633800
20200615	5.49	5.69	5.48	5.66	27087800
20200616	5.84	5.85	5.60	5.71	26132800
20200617	5.71	5.77	5.67	5.69	18057500
20200618	5.68	5.76	5.65	5.73	21462900
20200619	5.79	5.83	5.62	5.64	43943600
20200622	5.63	5.67	5.55	5.64	23603300
20200623	5.68	5.74	5.56	5.58	29922800
20200624	5.57	5.57	5.40	5.47	32398800
20200625	5.43	5.52	5.35	5.50	27065700
20200626	5.48	5.49	5.22	5.24	49865900
20200629	5.27	5.42	5.25	5.39	23508900
20200630	5.38	5.57	5.34	5.55	36890900
20200701	5.56	5.64	5.48	5.57	26157600
20200702	5.66	5.66	5.51	5.52	24056200
20200706	5.58	5.64	5.53	5.55	21656200
20200707	5.58	5.59	5.47	5.48	22287700
20200708	5.47	5.50	5.39	5.47	20448400
20200709	5.47	5.50	5.29	5.32	19778600
20200710	5.34	5.41	5.31	5.39	18971600
20200713	5.38	5.47	5.29	5.29	22869100
20200714	5.22	5.38	5.21	5.35	29249800
20200715	5.45	5.69	5.45	5.68	39096100
20200716	5.63	5.66	5.55	5.63	19878500
20200717	5.62	5.66	5.57	5.57	23128600
20200720	5.57	5.60	5.45	5.50	20047700
20200721	5.54	5.70	5.53	5.55	23944500
20200722	5.59	5.66	5.54	5.62	20668900
20200723	5.61	5.65	5.53	5.57	19364500
20200724	5.58	5.63	5.53	5.59	19196600
20200727	5.58	5.66	5.52	5.66	20470100
20200728	5.72	5.73	5.60	5.63	18707100
20200729	5.65	5.69	5.55	5.59	27449800
20200730	5.74	5.86	5.50	5.55	52706100
20200731	5.53	5.61	5.44	5.56	35187800
20200803	5.55	5.61	5.49	5.55	21193300
20200804	5.53	5.66	5.52	5.60	21432500
20200805	5.62	5.65	5.57	5.59	17989500
20200806	5.59	5.64	5.55	5.61	17973300
20200807	5.57	5.68	5.57	5.67	18089700
20200810	5.63	5.71	5.59	5.70	17325200
20200811	5.71	5.83	5.71	5.73	27783400
20200812	5.74	5.88	5.73	5.77	21151800
20200813	5.76	5.80	5.69	5.70	16563000
20200814	5.70	5.73	5.66	5.67	15346000
20200817	5.69	5.71	5.61	5.69	21609500
20200818	5.66	5.70	5.62	5.64	14578400
20200819	5.66	5.67	5.54	5.56	15605700
20200820	5.52	5.53	5.47	5.53	18622000
20200821	5.49	5.52	5.45	5.52	21217800
20200824	5.52	5.56	5.48	5.54	20255500
20200825	5.56	5.58	5.48	5.55	17489900
20200826	5.51	5.56	5.50	5.53	15294000
20200827	5.54	5.65	5.54	5.59	22569800
20200828	5.61	5.67	5.59	5.65	17721200
20200831	5.60	5.61	5.54	5.56	18814200
20200901	5.53	5.54	5.49	5.53	22515300
20200902	5.52	5.65	5.51	5.62	35495700
20200903	5.63	5.68	5.43	5.46	33941600
20200904	5.50	5.53	5.36	5.42	24106800
20200908	5.40	5.42	5.30	5.33	32394900
20200909	5.36	5.44	5.28	5.41	29788000
20200910	5.39	5.47	5.24	5.29	31233900
20200911	5.30	5.33	5.17	5.19	26112900
20200914	5.22	5.37	5.22	5.35	29251300
20200915	5.30	5.30	5.05	5.08	46834400
20200916	5.14	5.22	5.09	5.12	41297500
20200917	5.04	5.09	4.99	5.03	34323800
20200918	5.02	5.04	4.86	4.89	49431200
20200921	4.81	4.84	4.74	4.84	30160800
20200922	4.86	4.93	4.78	4.86	33312600
20200923	4.88	4.93	4.75	4.76	24206000
20200924	4.71	4.86	4.69	4.83	25502000
20200925	4.79	4.91	4.75	4.85	25048500
20200928	4.93	5.04	4.93	5.01	22137700
20200929	5.02	5.04	4.92	4.98	17844500
20200930	5.00	5.16	4.99	5.08	28075300
20201001	5.12	5.36	5.10	5.35	43271800
20201002	5.23	5.36	5.21	5.27	31952100
20201005	5.30	5.36	5.23	5.32	21901400
20201006	5.31	5.37	5.24	5.27	27371700
20201007	5.47	5.58	5.45	5.52	32560300
20201008	5.60	5.67	5.46	5.65	33311400
20201009	5.66	5.72	5.53	5.53	21088200
20201012	5.56	5.64	5.54	5.60	27179200
20201013	5.60	5.67	5.53	5.58	29310100
20201014	5.58	5.62	5.51	5.53	19639400
20201015	5.48	5.55	5.44	5.53	29180900
20201016	5.53	5.56	5.50	5.53	28474800
20201019	5.53	5.58	5.42	5.43	21310300
20201020	5.52	5.55	5.46	5.50	19840800
20201021	5.53	5.61	5.48	5.55	32505000
20201022	5.70	5.72	5.52	5.68	31411000
20201023	5.69	5.72	5.59	5.67	21719300
20201026	5.62	5.67	5.48	5.49	24029800
20201027	5.54	5.62	5.46	5.60	20521500
20201028	5.53	5.55	5.39	5.40	23682400
20201029	5.38	5.57	5.37	5.53	26871000
20201030	5.47	5.53	5.40	5.43	22298400
20201102	5.49	5.57	5.44	5.48	21972500
20201103	5.52	5.60	5.51	5.52	26780900
20201104	5.57	5.63	5.49	5.58	26095700
20201105	5.63	5.81	5.62	5.79	23957300
20201106	5.76	5.80	5.71	5.73	21434700
20201109	5.94	6.01	5.75	5.75	28739500
20201110	5.67	5.83	5.66	5.69	31737300
20201111	5.76	5.95	5.71	5.87	22700500
20201112	5.84	5.90	5.74	5.81	21985800
20201113	5.84	5.98	5.83	5.96	19989800
20201116	6.02	6.07	5.99	6.05	20301200
20201117	5.97	6.14	5.97	6.09	17475200
20201118	6.11	6.16	6.00	6.01	20547700
20201119	5.96	6.12	5.95	6.09	19697900
20201120	6.06	6.14	6.04	6.10	15547800
20201123	6.12	6.27	6.11	6.23	21811900
20201124	6.29	6.33	6.21	6.22	19258000
20201125	6.21	6.22	6.02	6.15	25936300
20201127	6.18	6.30	6.18	6.22	10885900
20201130	6.20	6.21	6.08	6.17	24360800
20201201	6.19	6.27	6.16	6.20	25414300
20201202	6.19	6.20	6.10	6.11	17445600
20201203	6.10	6.16	6.06	6.11	21770500
20201204	6.10	6.17	6.01	6.02	19229000
20201207	6.03	6.24	6.01	6.20	22031100
20201208	6.30	6.35	6.19	6.28	46046400
20201209	6.34	6.39	6.06	6.09	29539600
20201210	6.07	6.10	6.01	6.07	24764500
20201211	6.08	6.13	6.04	6.10	19912800
20201214	6.13	6.13	6.00	6.01	17320400
20201215	6.03	6.09	5.99	6.07	11374900
20201216	6.07	6.09	6.02	6.05	13773700
20201217	6.08	6.10	6.01	6.06	18549200
20201218	6.08	6.11	5.96	6.00	38941600
20201221	5.94	6.01	5.86	6.00	21376400
20201222	5.97	6.01	5.93	5.96	13504500
20201223	5.97	6.00	5.94	5.96	18910800
20201224	5.96	6.01	5.94	6.00	5567400
20201228	5.99	6.06	5.96	6.03	14970000
20201229	6.01	6.10	6.00	6.09	17529000
20201230	6.07	6.17	6.06	6.09	15742700
20201231	6.11	6.11	6.01	6.05	12468200
20210104	6.07	6.07	5.82	5.86	35205100
20210105	5.82	5.97	5.82	5.93	28811900
20210106	5.93	6.20	5.92	6.20	37326600
20210107	6.18	6.19	6.06	6.10	30891600
20210108	6.07	6.07	5.62	5.62	63401600
20210111	5.63	5.72	5.60	5.64	35519800
20210112	5.64	5.69	5.58	5.59	31597900
20210113	5.57	5.63	5.47	5.60	39399600
20210114	5.63	5.66	5.53	5.54	28425600
20210115	5.53	5.58	5.46	5.51	23586300
20210119	5.54	5.71	5.51	5.65	29451900
20210120	5.64	5.70	5.56	5.66	24827100
20210121	5.63	5.74	5.59	5.69	20872700
20210122	5.66	5.70	5.58	5.67	19289200
20210125	5.67	5.84	5.66	5.76	33841000
20210126	5.77	6.26	5.75	6.22	53133700
20210127	6.43	7.73	6.41	6.53	147331000
20210128	6.49	6.58	6.06	6.08	67769800
20210129	6.10	6.42	5.93	5.95	41425800
20210201	6.03	6.08	5.85	5.95	28155000
20210202	5.98	6.00	5.68	5.89	41944700
20210203	5.84	5.97	5.82	5.87	30116600
20210204	5.84	5.87	5.77	5.82	26160000
20210205	5.82	5.87	5.78	5.81	29497700
20210208	5.83	5.88	5.73	5.76	30032200
20210209	5.78	5.81	5.71	5.77	36586400
20210210	5.77	5.87	5.73	5.78	30634700
20210211	5.80	5.83	5.72	5.82	23036300
20210212	5.81	5.84	5.73	5.80	18559500
20210216	5.80	5.82	5.67	5.71	21835700
20210217	5.69	5.78	5.64	5.72	24886500
20210218	5.72	5.76	5.65	5.73	21633300
20210219	5.70	5.79	5.70	5.72	18381200
20210222	5.72	5.81	5.72	5.73	20538500
20210223	5.73	5.76	5.59	5.67	25486200
20210224	5.63	5.72	5.60	5.71	25853100
20210225	5.71	5.75	5.53	5.58	31734900
20210226	5.58	5.69	5.53	5.57	33221000
20210301	5.61	5.75	5.56	5.73	20305100
20210302	5.73	5.75	5.68	5.70	18158500
20210303	5.69	5.72	5.59	5.61	20835400
20210304	5.60	5.67	5.49	5.52	25692200
20210305	5.53	5.64	5.49	5.61	30028300
20210308	5.60	5.71	5.58	5.63	32574800
20210309	5.65	5.75	5.60	5.69	27454100
20210310	5.73	5.84	5.69	5.77	22841400
20210311	5.76	5.89	5.76	5.85	18859600
20210312	5.80	5.91	5.79	5.87	19988900
20210315	5.89	5.99	5.87	5.95	19550000
20210316	5.98	6.10	5.95	6.03	28734300
20210317	6.01	6.01	5.87	5.99	27683700
20210318	5.92	5.97	5.77	5.81	21537900
20210319	5.79	5.89	5.77	5.79	39132900
20210322	5.88	6.04	5.79	6.01	28874400
20210323	6.01	6.12	5.92	5.94	25997400
20210324	5.94	5.99	5.81	5.82	24412100
20210325	5.87	5.92	5.81	5.86	15288800
20210326	5.86	5.98	5.82	5.92	26890600
20210329	5.90	5.98	5.82	5.86	17612900
20210330	5.86	5.89	5.80	5.83	16105300
20210331	5.85	5.91	5.79	5.80	18452600
20210401	5.83	5.98	5.83	5.97	20783900
20210405	5.97	6.04	5.95	6.00	17963000
20210406	5.97	6.04	5.95	6.04	18650100
20210407	6.05	6.07	5.98	6.03	14066200
20210408	6.04	6.06	5.97	6.01	13013100
20210409	6.02	6.08	5.97	6.05	18114700
20210412	6.00	6.04	5.91	5.93	17685300
20210413	5.94	5.94	5.87	5.91	15826200
20210414	5.90	6.02	5.90	5.98	18642500
20210415	6.01	6.04	5.94	5.94	17971700
20210416	5.94	6.03	5.93	6.01	14986500
20210419	6.04	6.04	5.94	5.98	13926300
20210420	5.97	6.03	5.93	6.01	17105800
20210421	6.02	6.12	5.99	6.09	25815300
20210422	6.07	6.12	5.97	6.00	17278200
20210423	6.01	6.11	5.97	6.08	16333500
20210426	6.04	6.12	6.03	6.06	14158700
20210427	6.08	6.12	5.97	6.01	26558100
20210428	5.91	5.95	5.68	5.78	41727200
20210429	5.72	5.85	5.72	5.84	26320900
20210430	5.77	5.86	5.76	5.81	20770600
20210503	5.86	5.86	5.76	5.77	15310000
20210504	5.77	5.79	5.69	5.72	21150400
20210505	5.72	5.77	5.68	5.74	22998800
20210506	5.75	5.78	5.68	5.71	15995400
20210507	5.73	5.83	5.70	5.77	15998400
20210510	5.77	5.81	5.68	5.69	18083000
20210511	5.73	5.73	5.60	5.61	20598400
20210512	5.56	5.61	5.49	5.51	23089500
20210513	5.53	5.63	5.52	5.58	19852500
20210514	5.60	5.67	5.57	5.64	15275900
20210517	5.63	5.66	5.56	5.61	16018500
20210518	5.62	5.67	5.57	5.61	17084200
20210519	5.56	5.58	5.50	5.55	22908000
20210520	5.53	5.71	5.53	5.71	16219500
20210521	5.68	5.74	5.63	5.68	17254900
20210524	5.78	5.90	5.70	5.86	25016300
20210525	5.87	5.88	5.68	5.72	27174100
20210526	5.76	5.81	5.73	5.78	20105100
20210527	5.78	5.95	5.77	5.93	40436300
20210528	5.96	6.04	5.92	5.97	23352100
20210601	6.02	6.05	5.97	6.00	17282600
20210602	6.02	6.21	5.97	6.16	31309800
20210603	6.13	6.15	6.04	6.09	25197100
20210604	6.10	6.19	6.09	6.18	13890800
20210607	6.18	6.33	6.17	6.30	32077400
20210608	6.32	6.79	6.29	6.77	65546700
20210609	6.80	6.96	6.53	6.54	33796000
20210610	6.55	6.58	6.34	6.39	26354500
20210611	6.37	6.44	6.34	6.44	13342000
20210614	6.43	6.57	6.40	6.45	12687500
20210615	6.44	6.47	6.32	6.33	15691000
20210616	6.33	6.35	6.17	6.26	23192800
20210617	6.23	6.28	6.10	6.11	25635400
20210618	6.04	6.08	5.98	6.02	25962600
20210621	6.07	6.08	6.02	6.04	15143700
20210622	6.02	6.08	5.99	6.07	18937600
20210623	6.09	6.11	6.01	6.01	13979800
20210624	6.02	6.16	6.02	6.12	13044800
20210625	6.12	6.24	6.10	6.23	37679600
20210628	6.24	6.25	6.16	6.22	12608700
20210629	6.23	6.30	6.21	6.25	13029100
20210630	6.28	6.28	6.19	6.25	16184400
20210701	6.27	6.32	6.23	6.27	10863900
20210702	6.31	6.33	6.24	6.33	13143300
20210706	6.34	6.36	6.20	6.25	13416600
20210707	6.28	6.33	6.24	6.27	10189600
20210708	6.19	6.25	6.12	6.17	9302600
20210709	6.17	6.29	6.16	6.26	7405400
20210712	6.25	6.25	6.16	6.23	7852500
20210713	6.24	6.27	6.15	6.16	8889400
20210714	6.20	6.25	6.17	6.21	18100100
20210715	6.19	6.24	6.10	6.15	13096700
20210716	6.18	6.22	6.09	6.10	14742800
20210719	6.10	6.14	6.02	6.05	17509500
20210720	6.07	6.29	6.07	6.24	18169300
20210721	6.23	6.34	6.23	6.25	11155300
20210722	6.26	6.26	6.14	6.19	10737300
20210723	6.20	6.23	6.10	6.14	20329200
20210726	6.16	6.16	6.00	6.09	25442900
20210727	6.37	6.51	6.29	6.41	42086900
20210728	6.34	6.40	6.17	6.19	33788700
20210729	6.27	6.30	6.19	6.20	13628000
20210730	6.16	6.22	6.13	6.18	16151600
20210802	6.20	6.22	6.13	6.20	9518900
20210803	6.22	6.22	6.09	6.16	12048600
20210804	6.15	6.20	6.10	6.14	12830100
20210805	6.15	6.25	6.14	6.23	14163600
20210806	6.21	6.27	6.20	6.22	14137300
20210809	6.20	6.21	5.96	5.98	33997300
20210810	5.99	6.01	5.84	5.90	32089700
20210811	5.93	5.95	5.81	5.88	20226700
20210812	5.86	5.88	5.76	5.77	19240000
20210813	5.82	5.85	5.74	5.77	22621900
20210816	5.75	5.82	5.75	5.81	17658400
20210817	5.80	5.88	5.78	5.86	15237400
20210818	5.86	5.93	5.83	5.88	14557300
20210819	5.89	5.93	5.85	5.91	15471000
20210820	5.91	6.04	5.89	6.03	15995400
20210823	6.01	6.05	5.94	5.97	15616800
20210824	5.95	6.06	5.93	6.04	9934300
20210825	6.06	6.11	6.02	6.04	10760300
20210826	6.02	6.02	5.92	5.93	10639800
20210827	5.92	6.04	5.92	5.98	12281400
20210830	5.98	6.03	5.94	6.00	12125300
20210831	6.02	6.08	5.97	6.00	20571000
20210901	6.01	6.07	5.99	6.04	10466100
20210902	6.07	6.11	6.05	6.10	10705600
20210903	6.09	6.10	6.03	6.06	12291000
20210907	6.03	6.05	5.89	5.90	14031900
20210908	5.90	5.93	5.86	5.89	11571900
20210909	5.91	5.94	5.80	5.81	14251500
20210910	5.81	5.84	5.74	5.74	11848200
20210913	5.76	5.88	5.74	5.79	16554000
20210914	5.81	5.85	5.73	5.77	16999600
20210915	5.76	5.82	5.74	5.78	14085400
20210916	5.78	5.86	5.75	5.81	12516600
20210917	5.83	5.88	5.78	5.82	38408000
20210920	5.83	5.85	5.70	5.74	17255700
20210921	5.78	5.80	5.70	5.72	14489600
20210922	5.73	5.80	5.70	5.74	19188500
20210923	5.76	5.83	5.74	5.78	13920500
20210924	5.76	5.83	5.76	5.80	9572800
20210927	5.79	5.88	5.79	5.85	10081500
20210928	5.86	5.95	5.81	5.84	16732700
20210929	5.85	5.93	5.83	5.84	15576500
20210930	5.87	5.92	5.83	5.84	18821100
20211001	5.86	5.90	5.77	5.86	15228000
20211004	5.85	5.89	5.82	5.86	15332600
20211005	5.84	5.95	5.83	5.92	13038700
20211006	5.90	5.91	5.84	5.91	11607600
20211007	5.92	6.03	5.92	6.02	13412600
20211008	5.92	5.93	5.79	5.80	22287500
20211011	5.80	5.82	5.68	5.70	17103700
20211012	5.70	5.82	5.70	5.78	16164400
20211013	5.84	5.86	5.74	5.74	11334700
20211014	5.82	5.82	5.75	5.77	15296300
20211015	5.77	5.80	5.74	5.76	10433900
20211018	5.75	5.79	5.70	5.77	10342700
20211019	5.79	5.82	5.74	5.76	17373300
20211020	5.75	5.94	5.75	5.93	22794100
20211021	5.93	5.96	5.82	5.85	16920400
20211022	5.86	5.87	5.79	5.81	14772100
20211025	5.79	5.82	5.75	5.78	11485200
20211026	5.86	5.87	5.76	5.77	15225000
20211027	5.78	5.80	5.69	5.70	19168600
20211028	5.78	5.88	5.77	5.82	21320000
20211029	5.80	5.85	5.79	5.83	14771600
20211101	5.83	6.02	5.82	6.01	17153200
20211102	6.01	6.03	5.96	6.02	12877500
20211103	6.01	6.23	5.99	6.21	24968200
20211104	6.22	6.39	6.13	6.14	26026200
20211105	6.22	6.28	6.10	6.16	21302500
20211108	6.16	6.22	6.13	6.20	12090800
20211109	6.20	6.24	6.16	6.17	11471800
20211110	6.17	6.25	6.16	6.18	13769500
20211111	6.16	6.33	6.12	6.31	17945900
20211112	6.31	6.41	6.28	6.35	16626100
20211115	6.34	6.44	6.33	6.37	10611000
20211116	6.31	6.38	6.27	6.37	12368200
20211117	6.35	6.41	6.34	6.37	15315500
20211118	6.35	6.39	6.05	6.07	24322400
20211119	6.00	6.03	5.84	5.94	27477800
20211122	5.92	5.98	5.84	5.84	17502500
20211123	5.83	5.98	5.83	5.94	19817700
20211124	5.93	6.02	5.91	5.96	12680600
20211126	5.89	5.99	5.87	5.92	11987000
20211129	5.99	6.05	5.92	6.02	14818300
20211130	6.02	6.03	5.82	5.86	30802600
20211201	5.95	6.00	5.77	5.77	23201000
20211202	5.80	6.03	5.79	6.00	20696000
20211203	6.00	6.10	5.94	5.96	24619700
20211206	6.04	6.16	6.00	6.07	16399800
20211207	6.09	6.12	5.92	5.95	22686800
20211208	5.98	6.04	5.93	5.96	12732100
20211209	5.92	5.97	5.89	5.92	20085100
20211210	5.94	6.06	5.92	6.03	17425100
20211213	6.03	6.08	6.00	6.04	14323100
20211214	6.02	6.12	6.02	6.05	17638800
20211215	6.04	6.15	6.03	6.13	15499700
20211216	6.14	6.17	6.08	6.09	14249600
20211217	6.09	6.19	6.07	6.13	24302200
20211220	6.08	6.14	6.04	6.10	12511500
20211221	6.16	6.20	6.10	6.16	13504500
20211222	6.16	6.18	6.08	6.13	13168100
20211223	6.16	6.19	6.14	6.17	10833000
20211227	6.19	6.21	6.13	6.19	13160200
20211228	6.19	6.26	6.14	6.16	14935700
20211229	6.16	6.18	6.11	6.12	10358200
20211230	6.12	6.20	6.10	6.16	12457600
20211231	6.16	6.22	6.10	6.10	16640600
20220103	6.08	6.15	6.04	6.11	21632200
20220104	6.03	6.07	5.88	5.92	35054600
20220105	5.92	6.01	5.90	5.91	17636500
20220106	5.92	6.00	5.90	5.94	17385600
20220107	5.97	6.04	5.93	5.95	15806200
20220110	5.94	6.02	5.92	6.01	16341800
20220111	5.98	6.09	5.97	6.07	14871800
20220112	6.09	6.13	6.03	6.08	12338000
20220113	6.08	6.16	6.05	6.11	14997200
20220114	5.94	5.98	5.85	5.93	27871200
20220118	5.89	5.93	5.85	5.87	16581900
20220119	5.89	5.92	5.82	5.86	15304400
20220120	5.86	5.94	5.79	5.80	13328500
20220121	5.82	5.86	5.76	5.77	20210900
20220124	5.76	5.88	5.68	5.81	26422000
20220125	5.74	5.86	5.69	5.82	25175700
20220126	5.76	5.87	5.69	5.74	20876200
20220127	5.74	5.98	5.74	5.89	28641200
20220128	5.86	5.97	5.80	5.94	21657300
20220131	5.93	6.13	5.93	6.11	40167200
20220201	6.17	6.55	6.13	6.49	51060400
20220202	6.37	6.48	6.34	6.41	29049300
20220203	6.39	6.46	6.37	6.41	20078500
20220204	6.33	6.52	6.31	6.51	21443000
20220207	6.51	6.57	6.45	6.47	10154700
20220208	6.48	6.61	6.44	6.53	11599000
20220209	6.53	6.60	6.53	6.59	15107000
20220210	6.55	6.58	6.30	6.33	34172400
20220211	6.32	6.36	6.20	6.22	29281300
20220214	6.25	6.31	6.13	6.17	19606200
20220215	6.20	6.24	6.13	6.20	20676600
20220216	6.15	6.20	6.13	6.17	20395500
20220217	6.11	6.13	6.00	6.03	22369900
20220218	6.03	6.11	5.98	6.03	23067300
20220222	6.04	6.13	6.01	6.02	19626400
20220223	6.04	6.05	5.95	5.97	24119000
