20170103	34.53	34.55	31.36	33.22	5113900
20170104	33.21	34.72	32.71	34.50	2878500
20170105	34.76	35.62	34.23	34.95	2103400
20170106	35.06	35.22	34.02	34.64	1406100
20170109	33.98	34.09	33.16	33.41	2712800
20170110	33.77	34.01	32.55	32.80	1811600
20170111	33.21	33.54	32.41	33.48	1836300
20170112	33.99	34.18	32.69	33.18	2009000
20170113	32.92	33.21	32.06	32.12	2221800
20170117	32.58	32.78	31.21	31.52	2845600
20170118	31.09	31.71	30.43	30.90	1825900
20170119	31.03	31.57	30.37	31.38	2080200
20170120	31.97	32.18	30.80	31.24	1900000
20170123	30.79	31.33	30.23	30.33	2332900
20170124	30.78	31.62	30.66	30.96	2178300
20170125	30.96	32.02	30.55	31.23	2417100
20170126	31.69	33.70	31.59	32.45	4182900
20170127	31.97	33.44	31.83	33.32	2872900
20170130	32.83	32.84	31.75	32.19	4374400
20170131	32.51	32.51	28.95	29.55	8909000
20170201	29.95	30.18	27.50	28.91	6899300
20170202	28.81	29.87	28.17	29.40	4055700
20170203	29.37	29.81	28.87	28.88	2210100
20170206	29.03	29.24	27.83	27.84	2669600
20170207	27.58	27.87	26.51	27.17	3766900
20170208	26.48	27.65	26.15	27.28	3488100
20170209	27.28	28.04	27.04	27.26	2198200
20170210	27.83	28.26	27.35	28.08	2162600
20170213	27.76	28.38	27.28	27.52	2018700
20170214	27.63	27.63	26.71	27.23	2382400
20170215	27.04	27.35	26.74	26.76	2513700
20170216	27.04	27.34	26.21	26.26	2356900
20170217	26.13	26.54	25.79	26.14	1962300
20170221	26.83	27.73	26.49	27.47	3864800
20170222	27.21	27.65	26.48	26.73	4940500
20170223	26.84	26.88	24.06	25.33	9241700
20170224	24.85	25.58	24.18	24.37	4088300
20170227	24.43	24.95	24.11	24.53	3064900
20170228	24.11	24.43	23.80	23.88	3945700
20170301	24.60	24.99	24.40	24.84	3175100
20170302	24.84	24.90	24.27	24.28	2159800
20170303	24.29	24.45	23.36	23.63	2844400
20170306	23.55	24.37	23.32	24.19	3211900
20170307	24.26	24.55	23.94	24.00	2202500
20170308	23.82	23.87	21.58	21.76	4496100
20170309	21.61	22.07	20.39	21.79	6194900
20170310	21.95	22.11	21.37	21.70	3162700
20170313	21.65	21.95	21.06	21.22	3994000
20170314	20.59	20.85	19.38	20.70	5066500
20170315	21.16	21.67	20.93	21.50	4584700
20170316	21.60	21.60	20.77	20.85	2985600
20170317	21.02	21.22	20.44	20.60	4551200
20170320	20.32	20.96	19.97	20.90	3033100
20170321	20.76	20.82	19.84	20.10	3145300
20170322	19.87	20.42	19.72	20.15	2706400
20170323	20.09	20.70	19.73	20.43	3157500
20170324	20.49	20.88	20.11	20.16	2641700
20170327	19.72	21.31	19.54	21.23	3757900
20170328	21.34	22.42	20.94	22.34	4339200
20170329	22.25	23.17	22.08	22.80	3894600
20170330	22.90	23.42	22.38	22.62	3110700
20170331	22.46	23.44	22.39	23.27	2812400
20170403	23.28	23.52	22.60	23.02	2165400
20170404	23.07	23.35	22.69	23.24	2943800
20170405	23.65	24.43	22.05	22.18	5170300
20170406	22.52	22.88	22.27	22.59	1886400
20170407	22.65	22.82	22.14	22.30	1987200
20170410	22.49	23.06	22.35	22.92	1864900
20170411	22.85	22.93	22.29	22.86	1666000
20170412	22.90	23.43	22.37	22.46	2049900
20170413	22.43	22.83	22.03	22.08	2504900
20170417	22.08	22.48	21.63	22.45	2297500
20170418	22.11	22.78	21.91	22.25	2094100
20170419	22.38	22.54	20.98	21.07	3253900
20170420	21.16	21.41	20.61	20.78	2424100
20170421	20.70	21.04	20.29	20.88	3067900
20170424	21.15	21.56	20.69	21.25	3906400
20170425	21.31	22.53	21.04	22.38	3289000
20170426	22.02	22.89	21.98	22.28	3173900
20170427	21.97	22.22	21.27	22.04	2666800
20170428	22.35	22.38	21.64	21.93	3750900
20170501	21.96	22.33	21.76	21.89	2705900
20170502	21.93	22.37	20.99	21.44	3337300
20170503	22.32	22.97	20.74	20.83	6740900
20170504	20.46	20.49	18.75	19.44	8849000
20170505	19.44	20.63	19.16	20.55	3919600
20170508	20.42	21.30	20.34	21.20	4083400
20170509	21.16	21.29	20.50	21.02	4392700
20170510	21.40	21.65	20.46	21.02	4443600
20170511	20.92	21.07	20.26	20.65	3410600
20170512	20.54	21.04	20.54	20.67	4316300
20170515	21.36	21.77	20.75	21.01	5246600
20170516	20.87	21.05	19.87	20.13	5109400
20170517	20.13	20.59	19.67	20.29	4188300
20170518	20.08	20.51	19.71	20.04	2837200
20170519	20.24	21.03	20.13	20.81	3737900
20170522	20.95	21.11	19.86	19.96	3346000
20170523	20.00	20.47	19.87	20.10	3383400
20170524	20.00	20.42	19.63	19.87	2561800
20170525	19.84	20.65	18.77	18.83	4333700
20170526	18.85	18.94	18.26	18.30	4129700
20170530	17.99	18.12	16.76	16.84	4671600
20170531	16.52	16.86	16.12	16.47	6003700
20170601	16.53	17.15	16.23	16.34	4497800
20170602	16.31	16.75	16.13	16.69	4888900
20170605	16.48	17.49	16.44	17.36	4402800
20170606	17.43	18.89	17.18	18.50	5752600
20170607	18.32	18.54	16.11	16.25	6704900
20170608	16.04	16.53	15.62	15.93	5987200
20170609	15.93	17.38	15.76	17.06	6880000
20170612	17.42	17.96	17.03	17.10	6328200
20170613	17.12	19.03	17.12	18.95	4997500
20170614	18.64	18.64	16.70	16.80	5962900
20170615	16.62	16.98	15.30	15.54	4795300
20170616	15.82	15.88	14.84	15.14	6475400
20170619	15.14	15.38	14.92	15.21	3336300
20170620	14.75	15.61	14.39	15.24	5089300
20170621	14.98	15.44	13.80	13.96	6236100
20170622	14.08	14.21	13.54	13.69	5086900
20170623	13.73	14.43	13.36	14.40	4053700
20170626	14.40	15.06	14.27	14.83	4354200
20170627	14.95	15.42	14.84	14.95	3005800
20170628	15.03	15.70	14.83	15.21	3435600
20170629	15.19	16.15	15.14	15.52	3996100
20170630	15.70	16.49	15.37	16.05	3583300
20170703	16.19	17.09	16.16	17.02	1739100
20170705	16.78	16.82	15.79	15.94	3197100
20170706	16.10	16.52	15.17	15.25	4601100
20170707	15.01	15.03	14.13	14.80	4253500
20170710	14.57	15.60	14.56	15.37	3346200
20170711	15.40	16.22	15.16	15.71	2988000
20170712	16.14	16.70	15.77	16.13	4344300
20170713	16.19	16.77	15.97	16.70	3398000
20170714	16.71	16.84	16.38	16.57	2525100
20170717	16.45	17.28	16.45	16.75	3073200
20170718	17.05	17.16	16.36	16.61	2269300
20170719	16.60	17.92	16.49	17.75	3131300
20170720	17.94	18.02	16.81	16.89	4023000
20170721	16.88	17.14	16.54	16.82	3162000
20170724	16.99	16.99	15.76	16.00	3327500
20170725	16.49	17.42	16.41	17.17	4358400
20170726	17.44	18.15	17.24	17.37	3753600
20170727	17.36	17.68	17.00	17.43	3089400
20170728	17.40	18.27	17.22	17.55	5032600
20170731	17.43	17.49	16.32	16.88	3098000
20170801	16.76	16.97	16.29	16.66	3190300
20170802	16.41	16.50	15.46	15.76	5064700
20170803	15.76	15.76	14.77	14.88	7181300
20170804	14.53	15.22	14.13	14.81	4850400
20170807	14.60	14.60	13.78	14.01	5307600
20170808	13.78	14.52	13.51	14.29	5522800
20170809	14.43	14.68	14.04	14.28	3563900
20170810	14.46	14.75	13.88	14.06	3796700
20170811	13.90	14.22	13.71	13.97	2764700
20170814	14.02	14.15	13.72	13.89	2897700
20170815	13.82	13.95	13.38	13.89	2647600
20170816	13.90	14.17	13.21	13.29	3027700
20170817	13.19	13.70	12.96	12.98	3472000
20170818	12.98	13.50	12.73	13.46	3893500
20170821	13.35	13.45	12.89	13.15	3379500
20170822	13.26	13.47	12.93	12.96	2295600
20170823	12.92	13.45	12.86	13.21	2302100
20170824	13.10	13.29	12.91	13.13	2347600
20170825	13.25	13.29	12.95	13.14	2514500
20170828	13.13	13.24	12.26	12.78	3433000
20170829	12.59	12.74	12.18	12.46	4052700
20170830	12.35	12.54	11.93	12.42	3665100
20170831	12.64	13.12	12.60	12.97	2509400
20170901	12.99	13.49	12.77	13.34	2998100
20170905	13.50	13.77	12.92	13.05	4276300
20170906	13.29	13.92	13.17	13.83	3774600
20170907	13.74	13.97	13.44	13.92	3507900
20170908	13.83	13.83	13.00	13.24	3045800
20170911	13.27	13.71	13.15	13.46	2699100
20170912	13.59	14.89	13.51	14.26	5617000
20170913	14.41	15.74	14.19	15.23	7278500
20170914	15.47	15.78	14.97	15.26	5644900
20170915	15.19	15.36	14.77	15.14	6335800
20170918	15.10	15.79	15.06	15.76	3208600
20170919	15.76	16.13	15.25	15.41	5485400
20170920	15.59	16.36	15.52	16.08	4807500
20170921	15.99	16.09	15.64	16.06	2571900
20170922	15.92	16.35	15.87	16.12	2259800
20170925	16.35	17.44	16.35	17.20	4987400
20170926	17.03	18.27	16.82	18.22	4612900
20170927	18.32	18.46	17.44	18.22	5215600
20170928	18.37	18.75	17.68	17.85	2955600
20170929	17.65	17.75	17.13	17.22	2986600
20171002	16.59	17.24	16.23	17.17	4400700
20171003	17.03	17.51	16.77	17.46	2956900
20171004	17.47	17.95	17.16	17.42	3817100
20171005	17.47	17.97	17.46	17.84	2470100
20171006	17.54	17.54	16.36	16.48	4114200
20171009	16.61	16.95	16.57	16.85	2873200
20171010	17.28	17.61	17.02	17.36	3242400
20171011	17.44	18.37	17.14	18.19	4093100
20171012	17.74	18.22	17.35	18.08	3357400
20171013	18.45	18.68	18.01	18.48	3786100
20171016	18.75	19.01	18.40	18.69	2911200
20171017	18.70	18.85	17.99	18.56	4221700
20171018	18.52	18.88	18.00	18.08	2928600
20171019	17.76	18.02	17.47	17.75	2803700
20171020	17.87	17.93	17.46	17.92	2253400
20171023	18.57	18.99	17.31	17.33	5769800
20171024	17.50	17.87	17.37	17.54	3837900
20171025	17.41	17.72	17.10	17.65	3164600
20171026	17.68	17.72	16.69	17.40	4328700
20171027	17.15	18.75	16.93	18.68	4608200
20171030	18.80	19.68	18.80	19.63	4882600
20171031	19.56	20.80	19.50	20.76	5284000
20171101	21.10	22.20	20.92	21.30	5585200
20171102	20.99	21.51	20.49	21.01	4908500
20171103	21.13	21.84	19.70	21.23	7304600
20171106	21.48	22.12	21.26	21.90	5203700
20171107	21.78	21.88	20.93	21.25	4598300
20171108	21.04	21.24	20.01	20.16	6646100
20171109	20.04	21.65	20.04	21.55	6666700
20171110	21.45	21.89	21.04	21.24	4621500
20171113	21.20	21.30	20.28	20.29	2914400
20171114	19.94	20.32	19.14	19.14	4673800
20171115	18.60	19.41	18.21	19.02	3713100
20171116	18.99	19.55	18.76	19.05	2763400
20171117	19.29	19.91	19.27	19.75	2621600
20171120	19.59	19.89	19.06	19.55	4192300
20171121	19.55	19.90	19.30	19.52	3000500
20171122	19.86	20.78	19.86	20.49	3568000
20171124	20.88	20.97	20.34	20.40	1178500
20171127	20.13	20.15	18.86	18.92	3778000
20171128	18.82	18.97	18.32	18.58	3290900
20171129	18.50	19.03	18.27	18.74	3626900
20171130	19.11	20.31	19.11	20.09	4014100
20171201	20.47	21.94	20.46	21.73	5283900
20171204	21.68	22.47	21.47	21.80	4791600
20171205	21.71	22.12	21.28	21.29	3400700
20171206	21.06	21.31	20.50	20.93	3016600
20171207	21.06	21.62	20.88	21.23	4295000
20171208	21.72	22.00	21.17	21.24	2845300
20171211	21.36	21.66	21.06	21.34	1805800
20171212	20.93	21.56	20.66	20.98	3904900
20171213	21.02	21.23	19.64	19.74	4661400
20171214	19.54	19.92	19.13	19.16	2734900
20171215	19.31	19.38	18.77	18.82	5657600
20171218	18.91	19.82	18.90	19.71	3496900
20171219	19.66	20.40	19.55	19.82	2220100
20171220	19.98	20.58	19.50	20.51	3402200
20171221	20.42	21.41	20.38	21.36	3870800
20171222	21.37	21.66	20.92	21.28	3046900
20171226	21.41	22.34	21.17	22.33	2719800
20171227	22.23	22.35	21.78	21.86	2569200
20171228	21.94	22.14	21.66	21.99	2018700
20171229	22.15	22.24	21.47	21.49	1724200
20180102	21.84	22.69	21.76	22.64	2764900
20180103	22.84	23.60	22.68	23.45	3525300
20180104	23.47	23.71	22.94	23.61	3033800
20180105	23.44	23.57	23.00	23.51	3000800
20180108	23.49	24.63	23.28	24.43	5146500
20180109	24.54	25.70	24.48	25.46	6407400
20180110	26.28	26.86	25.77	26.17	6434100
20180111	26.48	27.45	25.91	25.99	5141000
20180112	26.07	26.67	25.74	26.13	4874400
20180116	26.17	26.50	25.74	25.86	3417300
20180117	25.93	26.35	25.37	25.91	2450300
20180118	25.71	25.87	24.94	25.01	3206000
20180119	24.62	24.87	24.21	24.65	2426000
20180122	24.67	26.01	24.67	25.78	3888800
20180123	25.97	26.22	25.21	25.52	2462200
20180124	25.62	25.84	24.93	25.63	3299600
20180125	25.84	25.95	24.99	25.12	2920600
20180126	25.15	25.31	24.49	24.73	4098800
20180129	24.53	25.03	24.14	24.42	3075200
20180130	23.94	24.01	22.53	22.64	4698000
20180131	22.68	22.96	22.08	22.73	3153500
20180201	22.78	23.61	22.78	23.26	2082400
20180202	22.97	23.03	22.27	22.44	2824400
20180205	22.05	22.99	21.38	21.68	3056900
20180206	21.45	22.75	20.95	22.45	2965300
20180207	22.76	22.96	21.57	21.68	3851500
20180208	21.89	22.11	20.29	20.29	2660300
20180209	20.52	20.57	19.07	19.80	3435900
20180212	20.24	21.30	20.05	20.97	3853300
20180213	20.52	20.59	19.55	19.92	4278900
20180214	19.54	21.09	19.47	20.86	3444900
20180215	21.06	21.21	20.03	21.08	2414300
20180216	20.92	21.51	20.92	21.27	2235600
20180220	21.58	21.90	21.05	21.26	2593000
20180221	21.32	21.48	20.71	20.73	2642800
20180222	18.49	19.47	17.53	18.80	9912300
20180223	18.90	19.57	18.84	19.55	3570700
20180226	19.71	20.19	19.33	19.90	3763800
20180227	19.81	19.81	18.62	18.67	3581000
20180228	18.82	18.91	17.84	17.85	4209400
20180301	17.90	18.20	17.57	17.82	2742700
20180302	17.59	18.41	17.31	18.34	3148500
20180305	18.09	19.20	18.07	18.85	4168900
20180306	19.04	19.04	17.67	17.73	3050900
20180307	17.53	17.78	16.95	17.23	3445800
20180308	17.29	17.41	16.79	17.18	2470800
20180309	17.55	17.91	17.32	17.64	3001700
20180312	17.54	18.08	17.45	17.83	2905300
20180313	17.87	18.10	17.40	17.79	3188100
20180314	17.92	18.19	17.32	17.42	3079000
20180315	17.52	17.86	16.80	17.09	3472200
20180316	17.18	17.58	16.78	17.43	3352200
20180319	17.23	17.31	16.61	16.76	2396900
20180320	16.85	17.05	16.69	16.95	2171700
20180321	17.13	18.45	17.06	18.41	4272800
20180322	18.00	18.51	17.89	18.12	3460500
20180323	18.21	18.84	17.87	18.09	2942300
20180326	18.36	18.41	17.61	18.08	2585400
20180327	18.15	18.97	17.70	17.89	4495300
20180328	17.92	18.13	16.94	16.99	4870600
20180329	17.09	17.59	16.87	17.55	4956200
20180402	17.39	17.39	15.68	16.05	3939800
20180403	16.22	16.43	15.71	16.34	3669100
20180404	15.96	16.98	15.81	16.77	4745200
20180405	16.82	18.01	16.82	17.77	4345600
20180406	17.57	17.97	16.98	17.45	3378100
20180409	17.56	17.89	17.24	17.26	3574200
20180410	18.20	18.98	17.83	18.78	4059600
20180411	18.69	19.91	18.67	19.48	3902700
20180412	19.41	19.92	18.89	19.76	3624100
20180413	19.91	20.44	19.82	20.25	2797800
20180416	20.25	20.25	19.84	20.05	4344100
20180417	20.06	20.43	19.82	20.26	2363900
20180418	20.69	21.54	20.53	21.18	5288700
20180419	21.31	21.62	20.87	21.23	4552500
20180420	21.26	21.70	20.95	21.57	4740800
20180423	21.17	21.90	20.96	21.76	4138800
20180424	21.75	22.50	21.58	22.22	4429000
20180425	22.10	22.74	21.88	22.66	2832100
20180426	22.83	22.97	22.36	22.84	2103300
20180427	22.57	23.07	22.35	22.85	2306500
20180430	22.73	23.58	22.64	23.36	2521600
20180501	23.15	23.45	22.41	22.96	3031200
20180502	23.00	23.61	22.86	23.28	3279800
20180503	23.07	23.27	22.31	22.50	3510700
20180504	22.50	23.20	21.93	23.07	3425300
20180507	23.34	23.87	23.06	23.15	3526800
20180508	23.15	23.65	21.89	23.65	4748100
20180509	24.24	24.80	23.98	24.11	5479500
20180510	24.58	24.60	24.05	24.47	3749500
20180511	24.68	24.82	23.94	24.04	3040600
20180514	24.17	24.39	23.99	24.22	2447700
20180515	24.04	24.66	23.81	24.57	2782500
20180516	24.54	24.95	24.03	24.84	3173200
20180517	25.20	25.92	25.01	25.85	3429900
20180518	25.83	26.04	25.51	25.99	1929100
20180521	26.34	26.56	25.97	26.51	2405100
20180522	26.63	27.25	25.74	25.97	3319000
20180523	25.64	26.04	24.92	25.90	2732500
20180524	25.27	25.79	25.02	25.25	4325100
20180525	24.45	24.45	23.33	24.05	3693000
20180529	23.77	24.69	23.52	24.66	2115900
20180530	24.77	25.98	24.77	25.95	2401200
20180531	25.65	26.32	25.51	25.56	2376700
20180601	25.66	25.76	22.58	22.62	6327800
20180604	22.34	22.43	20.31	20.83	6590200
20180605	20.72	21.79	20.44	21.43	4665900
20180606	21.50	22.00	21.04	21.74	5917000
20180607	21.97	23.31	21.94	23.21	3676200
20180608	23.00	23.47	22.51	23.28	3263900
20180611	23.17	23.79	22.77	23.53	2921000
20180612	23.43	24.34	23.42	24.19	4492000
20180613	24.05	24.52	23.88	24.22	2143500
20180614	24.57	24.68	23.80	23.83	1804300
20180615	23.63	23.66	22.38	22.67	3904200
20180618	22.67	24.06	22.62	23.62	2706900
20180619	23.16	24.22	22.85	23.97	2237600
20180620	24.39	24.80	23.90	24.52	2467500
20180621	24.24	24.39	23.23	23.33	2180900
20180622	24.63	25.08	24.30	24.89	3880700
20180625	24.84	25.21	24.16	24.28	2564800
20180626	24.55	25.03	24.10	24.99	2389200
20180627	25.41	26.43	25.24	25.99	2825400
20180628	25.99	26.13	25.43	25.55	2191400
20180629	25.55	26.15	25.01	25.06	2117300
20180702	24.81	24.99	24.30	24.55	1888100
20180703	25.12	26.10	24.95	25.06	1513300
20180705	25.48	25.48	24.61	25.21	1336600
20180706	24.51	26.29	24.34	26.16	1916300
20180709	26.43	27.16	25.97	27.00	2446200
20180710	27.34	27.75	26.76	27.06	2622900
20180711	26.74	27.25	25.95	26.31	2281500
20180712	25.84	26.39	25.62	25.99	2052600
20180713	26.00	26.49	25.68	25.77	2444200
20180716	25.33	25.80	24.43	25.41	2103500
20180717	24.78	25.65	24.78	25.47	1396600
20180718	25.27	25.88	24.47	25.82	2085500
20180719	26.22	26.32	25.07	25.88	2547700
20180720	25.97	26.37	25.73	25.97	1921900
20180723	26.43	26.48	25.87	25.90	1784100
20180724	25.96	26.44	25.87	26.16	1863800
20180725	26.11	26.92	25.97	26.83	1740400
20180726	26.72	27.18	26.32	26.85	7670600
20180727	26.51	26.94	25.79	25.90	1774200
20180730	26.32	27.25	26.32	27.03	2158300
20180731	26.91	27.04	26.19	26.83	2029000
20180801	26.43	26.44	25.24	26.29	2115600
20180802	26.20	27.93	25.53	27.79	3795700
20180803	27.68	28.19	27.15	27.63	2067600
20180806	27.67	28.36	27.53	28.10	1940100
20180807	28.36	28.64	27.74	28.16	2415000
20180808	27.73	27.78	26.50	26.89	2575300
20180809	26.87	27.06	26.29	26.88	1925200
20180810	26.85	27.84	26.79	27.66	1704700
20180813	27.15	28.03	26.74	26.78	1872600
20180814	27.13	27.59	26.95	27.51	1323200
20180815	27.13	27.16	25.58	26.00	2037400
20180816	26.31	26.86	26.04	26.54	1573800
20180817	26.71	27.26	26.41	26.72	2640200
20180820	26.18	27.62	26.18	27.54	1693400
20180821	28.03	28.85	28.03	28.45	2511400
20180822	29.02	29.36	28.69	29.12	2468500
20180823	28.84	29.51	28.62	29.15	2040300
20180824	29.51	29.91	29.46	29.64	2573200
20180827	29.74	30.14	29.45	29.61	1745400
20180828	29.62	30.04	29.03	29.11	2009800
20180829	29.35	29.38	28.84	29.22	2707600
20180830	29.23	30.07	29.22	29.81	2350900
20180831	29.54	29.61	28.91	29.35	1474500
20180904	29.37	29.94	28.79	29.19	2262900
20180905	28.89	30.12	28.43	29.96	2207900
20180906	29.83	29.93	28.47	28.49	1588200
20180907	28.12	28.45	27.41	28.04	2381000
20180910	28.20	28.82	28.16	28.52	2611400
20180911	28.47	29.86	28.45	29.66	1541600
20180912	30.20	30.79	30.06	30.56	1670600
20180913	30.26	30.79	29.96	30.55	1526600
20180914	30.58	31.17	30.47	30.72	1442200
20180917	30.86	31.09	30.47	30.54	1545200
20180918	30.79	31.30	30.29	30.87	4206200
20180919	30.96	31.19	30.60	30.96	2260100
20180920	31.07	31.14	29.89	30.45	3182400
20180921	30.65	31.27	30.41	30.77	3897800
20180924	31.39	31.48	30.77	31.16	3242600
20180925	31.41	31.61	30.53	30.84	2447800
20180926	30.57	30.82	30.31	30.39	1458600
20180927	30.88	30.97	30.56	30.87	2412500
20180928	30.73	31.43	30.68	30.76	2713300
20181001	30.92	31.88	30.65	31.72	3281300
20181002	31.79	32.09	31.24	31.61	1483900
20181003	31.79	32.69	31.45	32.65	2634700
20181004	32.28	32.93	31.77	31.93	1843400
20181005	31.80	32.25	31.26	32.18	2653500
20181008	31.49	31.84	30.63	31.35	1307700
20181009	31.60	32.46	31.41	31.66	1949700
20181010	31.77	31.89	29.16	29.36	2222400
20181011	28.87	29.46	27.94	28.08	3315600
20181012	28.85	29.62	28.38	29.38	3300200
20181015	29.64	30.18	29.22	29.62	1813800
20181016	29.88	30.68	29.42	30.23	2794500
20181017	29.94	30.19	28.73	29.22	1934800
20181018	28.53	28.94	27.28	28.28	3606600
20181019	28.42	29.16	27.87	28.30	1869300
20181022	28.10	28.47	27.63	28.10	1347100
20181023	27.13	27.21	26.05	26.44	2638900
20181024	27.05	27.19	24.97	25.05	3721300
20181025	25.36	25.99	25.10	25.37	3120500
20181026	24.85	25.49	24.26	24.75	3216300
20181029	24.75	24.97	22.80	23.24	2892200
20181030	23.01	23.60	22.32	23.55	4065000
20181031	24.04	24.98	23.64	23.79	4151800
20181101	24.01	24.57	23.35	24.21	3207100
20181102	23.51	24.31	22.30	22.73	6129900
20181105	23.21	23.96	23.19	23.62	3799500
20181106	23.58	24.25	23.06	23.74	2964000
20181107	24.29	24.76	23.25	23.93	2168000
20181108	23.79	23.95	22.62	22.63	2249000
20181109	21.97	22.44	21.38	22.27	2351400
20181112	22.60	22.60	20.97	21.01	2368900
20181113	20.52	21.28	20.38	20.63	4884700
20181114	21.33	21.65	20.33	20.61	2005400
20181115	20.53	21.27	20.44	21.23	1497400
20181116	21.37	21.65	20.35	21.04	2352800
20181119	20.57	21.37	20.14	21.13	2095400
20181120	20.52	20.53	19.44	19.67	2332900
20181121	19.83	20.90	19.77	20.58	1762400
20181123	19.35	20.01	19.06	19.76	719000
20181126	20.12	20.66	19.82	20.16	1934100
20181127	20.17	20.73	19.78	19.94	2132900
20181128	19.95	20.53	19.61	20.38	1989900
20181129	20.51	20.93	20.34	20.49	1949700
20181130	20.19	20.26	19.63	19.94	2123400
20181203	20.81	21.23	20.67	21.16	2278900
20181204	21.16	21.35	20.09	20.11	3207500
20181206	19.41	19.50	18.17	18.99	3125900
20181207	19.76	20.34	19.05	19.21	3623100
20181210	18.87	19.16	18.21	18.47	2581200
20181211	18.88	19.22	18.16	18.32	2675900
20181212	18.73	19.12	18.46	18.53	1584900
20181213	18.47	18.65	17.93	18.13	2441000
20181214	17.82	17.97	16.29	16.33	3277700
20181217	16.10	16.60	15.82	15.94	3007800
20181218	15.94	16.04	15.04	15.17	2949400
20181219	15.33	15.97	14.64	14.92	4873100
20181220	14.40	15.21	14.25	14.52	2999200
20181221	14.39	15.03	13.97	14.15	6092000
20181224	13.89	14.04	13.17	13.18	1461000
20181226	13.34	14.91	12.85	14.87	3206400
20181227	14.45	15.21	14.38	15.20	2191500
20181228	15.25	15.47	14.89	15.01	2887900
20181231	15.15	15.38	14.64	15.13	1502300
20190102	14.65	15.38	14.29	14.99	3856600
20190103	15.08	15.34	14.61	14.97	2044200
20190104	15.46	16.35	15.23	16.25	3116100
20190107	16.47	17.41	16.31	17.08	3512700
20190108	17.32	17.86	17.11	17.55	3315800
20190109	18.00	18.57	17.80	18.35	4740800
20190110	18.03	19.08	17.87	19.00	2857800
20190111	18.74	19.36	18.55	18.87	3563900
20190114	18.49	19.29	18.37	18.90	2123300
20190115	18.99	19.55	18.96	19.40	1902200
20190116	19.45	19.98	19.26	19.57	3067400
20190117	19.33	20.03	19.21	19.87	2102000
20190118	20.07	20.71	19.88	20.66	3316900
20190122	20.21	20.33	19.53	19.58	2926800
20190123	19.76	19.80	18.57	18.76	1982200
20190124	18.52	19.07	18.34	18.70	2747000
20190125	18.91	19.29	18.69	19.04	3225900
20190128	18.49	18.92	18.24	18.87	1760000
20190129	19.17	19.57	18.96	19.23	2451900
20190130	19.55	19.97	19.03	19.96	1813400
20190131	20.16	20.26	18.88	19.18	2565600
20190201	19.28	19.59	19.05	19.29	1600200
20190204	18.99	19.08	17.93	19.03	4347600
20190205	18.93	18.97	17.94	18.42	3200500
20190206	18.22	18.85	18.04	18.30	1596900
20190207	18.04	18.09	17.00	17.04	2613900
20190208	16.97	17.09	16.08	16.38	4188300
20190211	16.18	17.08	16.18	17.06	3460300
20190212	17.52	18.07	17.48	17.85	1731900
20190213	17.99	18.67	17.99	18.59	1844500
20190214	18.50	18.77	18.35	18.42	2551900
20190215	18.77	19.40	18.62	19.36	2085500
20190219	19.17	19.42	18.62	18.65	2571500
20190220	18.54	19.35	18.48	19.24	3536000
20190221	18.15	18.52	16.32	16.63	8938500
20190222	16.84	17.21	16.10	16.51	4400200
20190225	16.25	16.58	16.02	16.51	3242500
20190226	16.32	16.94	15.94	16.05	3116700
20190227	16.18	16.82	15.90	16.27	2304300
20190228	16.36	16.36	15.60	15.97	2064400
20190301	16.12	16.44	15.77	16.16	1904700
20190304	16.44	16.59	15.98	16.48	1979600
20190305	16.51	16.66	16.13	16.24	1683400
20190306	16.12	16.20	15.67	15.69	1557700
20190307	15.73	15.81	15.30	15.43	1783000
20190308	14.95	15.00	14.42	14.73	2489300
20190311	14.85	15.07	14.53	14.64	3034100
20190312	14.86	15.48	14.80	15.44	2152800
20190313	15.96	16.30	15.59	15.96	2133900
20190314	15.95	16.21	15.50	15.56	1618100
20190315	15.33	15.50	15.20	15.34	3005400
20190318	15.57	15.83	15.51	15.72	2875900
20190319	15.97	15.98	15.05	15.17	2350000
20190320	15.17	16.36	15.10	16.09	2514900
20190321	16.16	16.96	16.11	16.90	2009300
20190322	16.58	16.60	15.66	16.04	2917500
20190325	16.02	16.29	15.66	16.07	2862300
20190326	16.56	17.02	16.48	16.61	2488300
20190327	16.66	16.93	16.35	16.65	2099200
20190328	16.42	16.89	16.42	16.81	1636700
20190329	17.33	17.50	17.02	17.09	2171800
20190401	17.36	17.60	17.06	17.32	1649400
20190402	17.32	17.66	17.14	17.25	1907700
20190403	17.38	17.39	16.07	16.23	3510400
20190404	16.23	17.01	16.15	16.93	2534300
20190405	16.97	17.78	16.96	17.74	2480100
20190408	17.76	18.13	17.59	17.84	2303300
20190409	17.79	17.89	17.26	17.32	1846500
20190410	17.48	17.90	17.31	17.75	1935800
20190411	17.74	17.87	16.85	16.90	2532300
20190412	17.66	17.91	17.21	17.90	2577500
20190415	17.78	17.87	17.35	17.35	2181400
20190416	17.41	17.59	16.92	17.50	2583600
20190417	17.22	17.51	17.08	17.18	2272400
20190418	17.13	17.37	16.92	17.13	2549600
20190422	17.57	18.36	17.54	18.13	3001700
20190423	18.17	18.49	17.85	18.06	1698800
20190424	18.18	18.28	16.93	16.96	2361100
20190425	16.83	16.97	16.13	16.13	2162600
20190426	15.91	16.02	15.39	15.64	2289200
20190429	15.69	15.97	15.40	15.80	2023400
20190430	16.06	16.07	15.52	15.61	2290400
20190501	15.42	15.52	14.88	14.90	2933100
20190502	14.31	14.70	13.53	14.47	5718300
20190503	14.69	14.85	14.24	14.61	3542100
20190506	14.24	15.19	13.95	14.94	2913300
20190507	14.59	14.94	14.10	14.33	2300400
20190508	14.36	14.91	14.23	14.68	2307800
20190509	14.84	14.93	14.43	14.80	2865300
20190510	14.74	15.12	14.26	15.07	1863300
20190513	14.84	15.18	14.33	14.33	2066000
20190514	14.39	14.99	14.39	14.86	1863300
20190515	14.62	15.16	14.54	15.12	1673800
20190516	15.23	15.59	15.23	15.57	1479400
20190517	15.32	15.44	14.64	14.80	2138000
20190520	14.73	14.85	14.22	14.29	1390800
20190521	14.36	14.73	14.13	14.54	1932000
20190522	14.31	14.41	13.51	13.57	1813300
20190523	13.20	13.23	12.59	12.74	3478100
20190524	12.96	13.13	12.30	12.48	2955000
20190528	12.50	12.70	12.26	12.29	1492900
20190529	12.16	12.63	11.99	12.56	4192100
20190530	12.56	12.79	11.89	11.94	2483400
20190531	11.71	11.87	11.38	11.40	1923800
20190603	11.53	11.64	11.09	11.51	3006000
20190604	11.66	11.96	11.46	11.93	1772500
20190605	11.89	11.90	10.90	11.00	2892000
20190606	11.07	11.43	10.94	11.40	2146000
20190607	11.49	11.85	11.18	11.58	2519700
20190610	11.68	11.84	11.36	11.39	2124500
20190611	11.60	11.76	11.42	11.54	1969900
20190612	11.26	11.30	10.50	10.54	2082200
20190613	10.89	10.93	10.53	10.68	2589100
20190614	10.70	10.88	10.13	10.17	2353500
20190617	10.02	10.80	9.97	10.74	3302000
20190618	10.96	11.59	10.96	11.45	3533700
20190619	11.36	11.36	10.93	10.97	1964900
20190620	11.40	12.02	11.35	11.92	3387100
20190621	11.96	12.20	11.39	11.57	2822900
20190624	11.61	11.82	11.43	11.76	2654200
20190625	11.68	11.97	11.57	11.69	2895800
20190626	11.97	12.47	11.86	12.31	2558000
20190627	12.32	12.45	12.03	12.05	2504100
20190628	12.06	12.42	12.06	12.27	14234600
20190701	12.37	12.62	11.78	12.10	4659800
20190702	12.41	12.51	11.09	11.18	6761800
20190703	11.28	11.40	10.87	11.02	3174300
20190705	10.92	11.56	10.87	11.37	2855000
20190708	11.07	11.61	11.02	11.40	22348700
20190709	11.39	11.50	10.97	11.31	2528100
20190710	11.50	11.60	11.24	11.48	3579300
20190711	11.50	11.54	10.76	10.82	4092700
20190712	10.81	10.85	10.33	10.61	2453600
20190715	10.77	11.03	10.10	10.13	3107300
20190716	10.04	10.16	9.59	9.71	3370000
20190717	9.65	9.73	8.97	9.02	5097200
20190718	8.89	9.21	8.71	9.16	5432000
20190719	9.16	9.78	9.02	9.70	4430900
20190722	9.77	10.02	9.76	9.95	2868800
20190723	9.88	10.15	9.80	9.94	2757000
20190724	9.95	10.12	9.63	9.87	2947900
20190725	9.99	10.01	9.24	9.32	3051600
20190726	9.32	9.32	8.92	9.05	3327100
20190729	9.02	9.06	8.34	8.72	5127000
20190730	8.67	9.60	8.45	9.47	4349300
20190731	9.46	10.33	9.45	9.77	4464100
20190801	9.31	9.43	8.35	8.88	5664800
20190802	9.31	10.63	8.78	9.80	6844600
20190805	9.41	9.76	8.96	9.40	5430300
20190806	9.50	9.82	9.06	9.65	5643400
20190807	9.22	9.63	9.10	9.51	6527000
20190808	9.75	10.42	9.49	10.39	4704700
20190809	10.47	10.48	9.87	10.18	4675600
20190812	10.10	10.11	9.53	9.73	2849800
20190813	9.59	10.43	9.55	10.07	3216000
20190814	9.35	9.59	8.72	8.86	3902700
20190815	8.73	9.23	8.61	8.96	3146300
20190816	8.98	9.64	8.61	9.62	3258600
20190819	9.73	10.10	9.67	10.03	4881100
20190820	9.89	10.18	9.75	10.12	2634000
20190821	10.29	10.62	9.97	9.98	3520700
20190822	10.07	10.18	9.77	9.81	2337400
20190823	9.54	9.75	8.88	8.96	5000300
20190826	9.15	9.20	8.76	8.84	3218800
20190827	8.93	9.09	8.61	9.04	2973700
20190828	9.25	9.85	9.11	9.79	3794700
20190829	9.91	10.35	9.69	9.79	2784000
20190830	9.71	9.80	9.15	9.29	2110500
20190903	8.98	9.08	8.29	8.90	3569200
20190904	9.20	9.40	9.00	9.35	1961400
20190905	9.55	10.22	9.54	10.01	3853200
20190906	9.72	10.10	9.31	10.01	3176700
20190909	10.19	10.94	10.13	10.91	3926500
20190910	11.06	11.67	10.38	10.63	4966000
20190911	10.78	11.15	10.00	10.21	3866000
20190912	9.75	10.32	9.55	9.65	3501400
20190913	9.74	9.94	9.34	9.46	3977000
20190916	11.38	12.65	10.44	12.39	9721600
20190917	12.21	12.21	10.08	10.16	7380000
20190918	10.03	10.63	9.80	10.38	4713200
20190919	10.62	10.67	10.03	10.21	3761400
20190920	10.26	10.62	10.01	10.62	4937500
20190923	10.46	10.74	10.24	10.55	3200100
20190924	10.32	10.62	10.18	10.47	2881500
20190925	10.19	10.68	10.16	10.62	2356800
20190926	10.39	10.51	10.09	10.11	2638200
20190927	9.81	10.05	9.54	9.58	2300200
20190930	9.41	9.71	9.13	9.50	3503200
20191001	9.54	9.70	8.77	8.84	4390200
20191002	8.79	9.09	8.43	8.52	3939300
20191003	8.40	8.98	8.32	8.80	4569500
20191004	8.65	8.89	8.47	8.78	3394500
20191007	8.81	8.95	8.50	8.83	3141000
20191008	8.65	8.77	8.32	8.37	3983100
20191009	8.56	8.59	8.17	8.37	4442100
20191010	8.30	8.33	7.64	7.93	4925300
20191011	8.08	8.40	7.91	8.10	4263000
20191014	7.91	8.00	7.35	7.63	3504600
20191015	7.56	8.15	7.35	7.82	3995800
20191016	7.73	7.97	7.50	7.56	4020700
20191017	7.52	7.75	7.31	7.49	3482100
20191018	7.48	7.54	7.07	7.07	3137100
20191021	7.04	7.23	6.86	7.06	4125100
20191022	7.11	7.44	6.71	7.36	4739100
20191023	7.30	7.99	7.03	7.82	4616300
20191024	7.86	7.87	7.52	7.64	3070100
20191025	7.60	8.20	7.52	8.19	4131000
20191028	8.17	8.37	7.92	8.09	3257100
20191029	7.94	8.39	7.82	8.24	3012700
20191030	8.33	8.36	7.71	7.84	4404000
20191031	7.84	8.01	7.57	7.73	4096800
20191101	7.88	8.37	7.69	8.27	5454600
20191104	8.51	9.61	8.49	9.50	7169200
20191105	9.60	10.28	9.45	9.60	4856500
20191106	9.51	9.99	9.17	9.39	5648400
20191107	9.75	9.92	9.45	9.60	3591600
20191108	9.37	9.75	9.04	9.68	2802400
20191111	9.36	9.77	9.24	9.60	3732300
20191112	9.72	9.80	9.36	9.58	2932000
20191113	9.44	9.67	9.05	9.08	3287300
20191114	9.19	9.36	8.59	8.75	3253100
20191115	8.82	9.17	8.80	9.06	2095000
20191118	8.93	8.95	8.49	8.69	3093500
20191119	8.66	8.66	8.34	8.38	2571100
20191120	8.37	8.69	8.11	8.26	3966900
20191121	8.35	8.51	8.13	8.44	3062700
20191122	8.48	8.66	8.17	8.49	3121800
20191125	8.48	8.87	8.33	8.84	2696500
20191126	8.81	8.81	8.39	8.47	2597200
20191127	8.48	8.71	8.33	8.64	2089300
20191129	8.43	8.74	8.16	8.20	1478600
20191202	8.32	8.58	8.02	8.11	3483700
20191203	7.99	8.06	7.67	7.92	2958700
20191204	8.10	8.58	8.03	8.37	2647800
20191205	8.51	8.66	8.11	8.30	3230000
20191206	8.30	9.08	8.30	9.02	4142500
20191209	8.84	9.60	8.78	9.47	5057400
20191210	9.49	9.70	9.38	9.53	2285400
20191211	9.48	9.60	9.14	9.18	2510400
20191212	9.27	9.50	9.19	9.46	7615000
20191213	9.49	9.75	9.10	9.12	3956800
20191216	9.29	9.75	9.27	9.65	6856300
20191217	9.75	10.32	9.63	10.17	4359200
20191218	10.16	10.61	9.99	10.56	2502900
20191219	10.55	10.92	10.47	10.67	2299500
20191220	10.72	10.73	10.30	10.47	4992900
20191223	10.44	10.82	10.40	10.72	2676400
20191224	10.79	10.92	10.65	10.80	1127500
20191226	10.91	11.10	10.87	10.99	1332500
20191227	11.07	11.11	10.68	10.73	2105600
20191230	10.80	11.17	10.78	10.95	2293800
20191231	10.80	11.32	10.71	11.09	2319600
20200102	11.21	11.26	10.93	11.04	1833600
20200103	11.53	12.07	11.50	11.67	3517700
20200106	11.84	12.01	11.60	11.93	2572100
20200107	11.86	12.23	11.66	12.22	2242800
20200108	12.09	12.15	11.26	11.59	3426300
20200109	11.56	11.60	11.00	11.49	3543700
20200110	11.48	11.65	11.29	11.53	2840400
20200113	11.54	11.56	10.90	11.11	2871100
20200114	11.14	11.34	10.91	11.26	2746700
20200115	11.13	11.26	10.95	11.18	1462800
20200116	11.39	11.68	11.17	11.20	2107900
20200117	11.27	11.39	10.98	11.00	2984500
20200121	10.90	11.01	10.71	10.84	3368600
20200122	10.77	10.77	9.81	10.01	3891200
20200123	9.76	9.76	9.34	9.63	4988300
20200124	9.59	9.64	9.05	9.37	2941500
20200127	8.92	9.20	8.92	9.07	2777000
20200128	9.14	9.60	8.94	9.42	3879500
20200129	9.51	9.62	9.24	9.26	2659800
20200130	9.07	9.35	8.94	9.27	2434200
20200131	9.09	9.30	8.80	9.05	4316000
20200203	9.01	9.35	8.76	8.80	3121900
20200204	9.10	9.15	8.51	8.55	3090500
20200205	8.94	9.76	8.88	9.54	5962100
20200206	9.57	9.57	9.02	9.34	3610700
20200207	9.19	9.30	8.96	9.23	3079100
20200210	9.11	9.24	8.83	8.90	1991500
20200211	9.11	9.15	8.70	8.72	1596900
20200212	8.98	9.32	8.65	8.91	2986400
20200213	8.83	9.22	8.83	8.96	1884000
20200214	9.02	9.11	8.63	8.71	2925300
20200218	8.59	8.67	8.24	8.61	3784600
20200219	8.73	9.26	8.73	9.14	4190300
20200220	9.44	9.51	8.59	8.73	7562400
20200221	8.55	8.58	8.18	8.41	4834700
20200224	7.81	7.83	7.48	7.63	3880000
20200225	7.66	7.70	6.74	6.94	4430100
20200226	6.95	7.11	6.42	6.57	4082800
20200227	6.06	6.41	5.76	6.01	4954700
20200228	5.60	6.54	5.55	6.48	5224200
20200302	6.64	6.64	5.93	6.09	4698200
20200303	6.14	6.19	5.64	5.74	5387400
20200304	5.90	6.13	5.59	5.78	4830400
20200305	5.55	5.63	5.30	5.38	5750200
20200306	5.23	5.24	3.72	3.77	13126200
20200309	1.79	1.83	1.14	1.46	32194400
20200310	2.12	2.12	1.38	1.76	16941700
20200311	1.62	1.85	1.58	1.67	13089100
20200312	1.39	1.80	1.39	1.70	10123500
20200313	2.05	2.31	1.63	2.30	13521800
20200316	1.78	1.95	1.61	1.61	9967000
20200317	1.69	1.69	1.29	1.36	10452600
20200318	1.27	1.48	0.89	1.05	9923700
20200319	1.15	1.42	1.08	1.37	8170600
20200320	1.39	1.47	1.14	1.22	7524500
20200323	1.24	1.35	1.07	1.27	5183600
20200324	1.37	1.40	1.20	1.39	5835600
20200325	1.34	1.46	1.22	1.39	5734200
20200326	1.33	1.45	1.29	1.35	4364100
20200327	1.33	1.34	1.17	1.17	4503800
20200330	1.17	1.18	0.98	1.10	8729500
20200331	1.17	1.21	1.05	1.20	7492400
20200401	1.14	1.16	1.01	1.02	5718500
20200402	1.10	1.40	1.04	1.17	8475000
20200403	1.30	1.33	1.15	1.29	6782200
20200406	1.27	1.34	1.18	1.30	5210900
20200407	1.38	1.63	1.31	1.40	13561000
20200408	1.47	1.54	1.40	1.52	9137800
20200409	1.67	2.19	1.58	1.73	17994600
20200413	1.90	2.41	1.76	2.20	22096200
20200414	2.21	2.30	1.70	1.88	14902600
20200415	1.70	1.78	1.50	1.71	8965500
20200416	1.74	1.77	1.49	1.53	6430400
20200417	1.58	1.66	1.49	1.66	8042800
20200420	1.43	1.63	1.43	1.49	7893700
20200421	1.40	1.66	1.38	1.61	6835800
20200422	1.67	1.80	1.54	1.66	8230700
20200423	1.78	2.02	1.71	1.84	11802000
20200424	1.98	2.23	1.80	1.83	9283400
20200427	1.74	1.79	1.59	1.77	8066400
20200428	1.81	1.91	1.76	1.87	5883300
20200429	2.06	3.73	1.98	3.27	43350900
20200430	3.44	4.22	2.83	4.02	31273300
20200501	3.97	4.36	3.03	3.28	23016200
20200504	2.98	3.57	2.81	3.54	11403200
20200505	3.99	4.07	3.43	3.51	10061400
20200506	3.52	3.63	3.13	3.23	6928700
20200507	3.33	3.62	3.28	3.42	5897100
20200508	3.48	3.57	3.32	3.57	6917700
20200511	3.53	3.63	3.33	3.34	7982100
20200512	3.40	3.58	3.34	3.48	5657300
20200513	3.47	3.47	2.97	3.06	9446200
20200514	2.97	3.12	2.68	2.93	8334200
20200515	2.90	3.08	2.88	3.01	4173900
20200518	3.30	3.60	3.17	3.57	8688700
20200519	3.61	3.65	3.30	3.46	5539700
20200520	3.57	3.67	3.45	3.59	4626000
20200521	3.58	3.72	3.49	3.63	5671900
20200522	3.52	3.81	3.46	3.79	4068600
20200526	4.12	4.22	3.92	4.01	8440300
20200527	4.11	4.12	3.75	3.83	5243100
20200528	3.81	4.06	3.67	3.67	6145300
20200529	3.68	3.69	3.47	3.49	8007700
20200601	3.49	4.18	3.46	4.12	10371600
20200602	4.15	4.37	4.05	4.14	6736800
20200603	4.27	4.29	4.00	4.18	6169700
20200604	4.10	4.42	4.05	4.17	5273000
20200605	4.56	5.65	4.55	5.45	12954600
20200608	5.95	6.89	5.86	6.88	12153500
20200609	6.19	6.30	5.49	5.97	7664100
20200610	5.66	5.69	4.98	5.05	8660300
20200611	4.35	4.75	4.09	4.28	6365500
20200612	4.76	4.84	4.43	4.59	5902900
20200615	4.17	4.92	4.02	4.80	5949800
20200616	5.41	5.42	4.55	4.66	9023000
20200617	4.61	4.63	4.22	4.24	5224200
20200618	4.20	4.59	4.09	4.27	5522300
20200619	4.48	4.51	4.09	4.13	8411100
20200622	4.03	4.10	3.78	4.02	6612300
20200623	4.13	4.18	3.93	4.01	8060200
20200624	3.87	3.92	3.57	3.63	4485200
20200625	3.45	3.89	3.37	3.89	6464400
20200626	3.77	3.80	3.50	3.53	5958600
20200629	3.50	3.62	3.40	3.56	3565500
20200630	3.51	3.75	3.45	3.72	3270200
20200701	3.73	3.87	3.53	3.60	4602100
20200702	3.74	3.78	3.52	3.62	3504700
20200706	3.70	3.73	3.45	3.53	4590000
20200707	3.49	3.54	3.39	3.39	2726200
20200708	3.41	3.50	3.31	3.44	3833800
20200709	3.46	3.48	3.19	3.22	4723600
20200710	3.17	3.46	3.13	3.45	3802700
20200713	3.49	3.55	3.25	3.27	5788100
20200714	3.27	3.49	3.19	3.49	3816100
20200715	3.62	3.79	3.55	3.68	4876500
20200716	3.67	3.77	3.57	3.69	3872900
20200717	3.71	3.82	3.41	3.54	4194600
20200720	3.54	3.65	3.41	3.42	3482200
20200721	3.56	4.23	3.55	4.07	10155300
20200722	4.04	4.04	3.74	3.91	4753800
20200723	3.84	3.84	3.65	3.75	4749400
20200724	3.72	3.84	3.55	3.68	4636000
20200727	3.70	3.70	3.49	3.50	3969600
20200728	3.49	3.55	3.43	3.44	3401800
20200729	3.46	3.66	3.38	3.63	3749100
20200730	3.52	3.56	3.38	3.45	5349800
20200731	3.46	3.46	2.43	2.93	19364900
20200803	2.92	2.95	2.73	2.74	5614900
20200804	2.74	2.88	2.67	2.84	5081600
20200805	2.98	3.05	2.89	3.01	4198000
20200806	2.99	3.01	2.88	2.89	3019700
20200807	2.88	2.99	2.82	2.95	2351400
20200810	3.02	3.27	2.99	3.13	5525000
20200811	3.31	3.46	3.04	3.08	5312200
20200812	3.22	3.26	3.05	3.13	3593600
20200813	3.08	3.17	2.97	2.99	3316000
20200814	2.98	3.08	2.95	3.06	2255000
20200817	3.06	3.06	2.84	3.01	3462900
20200818	2.89	2.98	2.81	2.86	3817100
20200819	2.79	2.90	2.74	2.77	3203600
20200820	2.73	2.79	2.57	2.59	4712800
20200821	2.56	2.59	2.36	2.40	4766700
20200824	2.47	2.58	2.37	2.52	3786800
20200825	2.57	2.67	2.48	2.59	3901200
20200826	2.53	2.65	2.43	2.47	3106600
20200827	2.48	2.56	2.39	2.54	3728300
20200828	2.59	2.62	2.44	2.59	3787600
20200831	2.60	2.60	2.40	2.41	5379700
20200901	2.41	2.43	2.24	2.28	4595900
20200902	2.28	2.31	2.03	2.07	7869300
20200903	2.12	2.20	2.06	2.19	4745400
20200904	2.19	2.37	2.14	2.36	6893600
20200908	2.25	2.33	2.11	2.23	4635900
20200909	2.24	2.24	2.01	2.08	5873100
20200910	2.09	2.10	1.80	1.81	7840200
20200911	1.82	1.82	1.66	1.70	5338800
20200914	1.71	1.87	1.50	1.83	10556400
20200915	1.89	2.02	1.83	1.88	6432200
20200916	1.95	2.15	1.86	2.09	8246000
20200917	2.04	2.14	1.93	2.10	6246600
20200918	2.11	2.18	2.03	2.12	15169800
20200921	2.04	2.07	1.95	1.97	5776800
20200922	2.00	2.09	1.97	2.00	3509400
20200923	2.01	2.09	1.86	1.87	4589200
20200924	1.87	2.00	1.81	1.88	4554100
20200925	1.86	1.92	1.67	1.71	8616400
20200928	1.75	1.80	1.68	1.72	5680400
20200929	1.69	1.72	1.55	1.61	5847800
20200930	1.61	1.64	1.55	1.58	5956400
20201001	1.54	1.57	1.47	1.50	5102200
20201002	1.41	1.56	1.40	1.52	3584300
20201005	1.59	1.62	1.50	1.55	3759300
20201006	1.56	1.63	1.47	1.48	5563600
20201007	1.50	1.55	1.45	1.52	3781900
20201008	1.55	1.86	1.53	1.84	9456800
20201009	1.84	1.89	1.68	1.70	6270700
20201012	1.71	1.74	1.63	1.70	3672200
20201013	1.71	1.75	1.62	1.63	3337000
20201014	1.65	1.76	1.64	1.64	4051700
20201015	1.59	1.62	1.54	1.55	4162500
20201016	1.55	1.59	1.48	1.51	4496700
20201019	1.52	1.56	1.46	1.48	3705000
20201020	1.48	1.54	1.47	1.51	3768400
20201021	1.51	1.53	1.46	1.47	3358800
20201022	1.49	1.61	1.47	1.59	4966200
20201023	1.58	1.67	1.57	1.61	3540600
20201026	1.57	1.60	1.49	1.52	4096400
20201027	1.51	1.53	1.47	1.52	2868800
20201028	1.45	1.48	1.36	1.40	3892900
20201029	1.36	1.55	1.34	1.47	5028300
20201030	1.57	1.63	1.48	1.61	8104100
20201102	1.57	1.83	1.51	1.78	6075700
20201103	1.84	1.94	1.71	1.84	7119600
20201104	1.80	1.88	1.71	1.81	4193900
20201105	1.82	1.97	1.81	1.86	4234600
20201106	1.83	1.92	1.77	1.80	2533500
20201109	2.09	2.40	2.09	2.27	11126300
20201110	2.30	2.30	2.09	2.27	6837600
20201111	2.28	2.41	2.26	2.32	4430400
20201112	2.27	2.35	2.16	2.18	3771700
20201113	2.15	2.36	2.13	2.36	5756600
20201116	2.74	2.74	2.56	2.61	5754100
20201117	2.55	3.25	2.49	3.18	13160300
20201118	3.39	3.84	3.10	3.13	19584300
20201119	3.06	3.46	3.04	3.43	9977800
20201120	3.48	3.72	3.41	3.62	9416400
20201123	3.82	4.17	3.77	4.11	12628600
20201124	4.54	4.71	4.25	4.60	11051000
20201125	4.60	4.77	4.19	4.68	9875900
20201127	4.64	4.69	4.48	4.54	3580900
20201130	4.43	4.54	4.22	4.23	6853900
20201201	4.35	4.45	3.91	4.12	8670700
20201202	3.98	4.55	3.94	4.21	11552300
20201203	4.34	4.49	4.15	4.37	7408100
20201204	4.48	4.98	4.48	4.86	10609200
20201207	4.77	5.02	4.65	4.79	6549100
20201208	4.77	5.31	4.77	5.30	9696100
20201209	5.49	6.06	5.33	5.56	14269900
20201210	5.66	6.51	5.56	6.45	12740100
20201211	6.64	6.74	6.22	6.66	10452100
20201214	6.98	7.08	5.85	5.97	13814600
20201215	6.09	6.13	5.69	5.87	6807300
20201216	5.91	6.04	5.71	5.82	5588200
20201217	5.86	6.00	5.70	5.96	4426200
20201218	5.90	6.16	5.75	5.77	10777200
20201221	5.11	5.58	5.05	5.56	7190400
20201222	5.55	5.68	5.34	5.39	3530500
20201223	5.51	6.10	5.49	5.99	5531700
20201224	6.02	6.06	5.76	6.01	2642900
20201228	6.04	6.20	5.73	5.84	3858500
20201229	5.91	5.97	5.63	5.79	3011100
20201230	5.80	6.17	5.70	6.11	4341800
20201231	6.02	6.22	5.94	6.11	3784000
20210104	6.16	6.38	5.88	6.35	7679000
20210105	6.51	7.73	6.46	7.63	13615500
20210106	7.60	8.10	7.32	7.88	8288500
20210107	8.10	8.81	8.07	8.50	6888800
20210108	8.76	8.78	8.32	8.41	4999800
20210111	8.18	9.53	8.11	9.23	7847000
20210112	9.56	10.38	9.40	10.36	6257900
20210113	10.39	10.39	9.22	9.38	7091700
20210114	9.38	9.62	8.83	8.87	5953600
20210115	8.57	8.79	8.21	8.44	5467800
20210119	8.61	9.02	8.48	8.76	4527100
20210120	8.98	8.99	8.31	8.65	3655700
20210121	8.62	8.81	8.05	8.25	4282000
20210122	8.02	9.01	7.75	8.91	4297800
20210125	8.81	9.39	8.55	8.95	4789600
20210126	9.02	9.29	8.40	8.45	3853800
20210127	8.07	8.95	8.06	8.27	4646400
20210128	8.46	8.64	7.99	8.45	3721900
20210129	8.34	8.93	8.17	8.38	3836800
20210201	8.51	8.92	8.27	8.78	2991800
20210202	9.23	9.53	9.04	9.09	3538200
20210203	9.57	10.33	9.53	10.24	6191600
20210204	10.39	10.93	10.01	10.58	4493800
20210205	10.91	11.47	10.72	11.28	4213300
20210208	11.49	12.07	11.49	11.94	3672700
20210209	11.65	12.09	11.05	11.57	4287000
20210210	11.74	12.24	11.55	12.05	3516100
20210211	12.00	12.43	11.55	11.84	2975400
20210212	11.73	12.81	11.59	12.68	3791300
20210216	13.29	14.05	13.15	13.93	4383100
20210217	14.03	14.37	13.36	14.05	3699800
20210218	12.81	13.45	10.93	11.09	6861000
20210219	11.65	11.80	11.16	11.31	3581600
20210222	11.74	14.31	11.59	13.39	8705800
20210223	13.31	13.44	11.55	12.53	6284200
20210224	12.89	14.92	12.78	14.59	6778900
20210225	14.65	14.92	13.64	13.81	4755600
20210226	13.81	14.20	12.79	13.85	4984300
20210301	14.44	14.81	13.86	14.25	4031700
20210302	14.10	14.66	13.76	13.81	4295200
20210303	14.09	15.96	14.09	15.59	5977500
20210304	15.68	17.78	15.62	17.10	8435400
20210305	18.05	19.27	17.06	17.88	6690800
20210308	18.29	18.53	16.03	16.44	4615900
20210309	16.00	16.40	14.91	15.94	3530200
20210310	16.04	17.06	15.80	17.03	3280100
20210311	17.22	17.93	17.05	17.76	2579000
20210312	17.66	19.12	17.42	18.86	4162200
20210315	18.85	19.48	18.38	19.47	3383800
20210316	18.67	19.23	18.10	18.47	2780500
20210317	18.43	19.11	17.33	18.67	3350800
20210318	18.48	18.56	15.69	16.00	4870700
20210319	16.21	18.98	15.76	18.34	13155200
20210322	16.98	17.50	16.48	16.93	3790700
20210323	15.92	16.65	15.37	15.64	4813000
20210324	16.45	16.90	15.85	16.35	4277900
20210325	15.57	16.47	14.80	16.34	5065100
20210326	17.07	18.14	16.72	18.08	4740400
20210329	17.81	18.14	16.73	16.76	3275800
20210330	16.37	16.61	15.56	16.18	4109800
20210331	16.19	16.95	16.11	16.35	4499900
20210401	16.80	19.07	16.67	18.91	6002300
20210405	18.38	18.42	17.22	17.24	3543000
20210406	17.51	19.11	17.50	17.69	3066400
20210407	17.68	18.02	17.37	17.86	2122800
20210408	17.29	17.51	16.50	17.17	2973900
20210409	17.19	17.89	16.85	17.24	2532400
20210412	17.49	17.69	15.78	15.88	3920600
20210413	15.90	16.43	15.50	16.36	2603500
20210414	16.74	18.70	16.65	18.11	4261000
20210415	17.98	18.10	17.09	17.40	2257100
20210416	17.49	17.49	16.09	16.12	3182000
20210419	16.28	17.43	16.16	16.94	3026100
20210420	16.75	16.79	15.32	16.19	4380000
20210421	15.51	16.44	15.43	16.15	3734400
20210422	16.09	16.17	15.51	15.68	3231000
20210423	15.76	16.21	15.37	15.95	3303300
20210426	16.08	17.29	15.88	16.98	2500400
20210427	17.04	17.57	16.73	17.21	2534900
20210428	17.38	18.43	17.29	18.14	3551200
20210429	18.35	19.11	17.58	17.79	3122500
20210430	16.76	17.42	15.75	15.79	6293500
20210503	16.40	16.71	16.11	16.51	3613000
20210504	16.49	16.66	15.80	16.38	2499300
20210505	16.67	17.73	16.35	17.30	4147400
20210506	17.13	17.34	16.24	16.97	2695000
20210507	16.70	17.80	16.26	17.78	5382000
20210510	18.00	18.46	16.77	16.78	3738600
20210511	16.11	17.60	15.79	17.44	3101500
20210512	17.49	18.27	16.60	16.75	3337000
20210513	16.51	17.48	15.93	16.24	3638600
20210514	16.71	17.78	16.69	17.63	3322700
20210517	17.49	18.34	17.11	18.30	3154200
20210518	18.35	20.34	18.29	18.50	8184700
20210519	17.33	17.89	16.32	17.17	5279700
20210520	17.03	17.49	16.53	17.40	3060500
20210521	17.88	18.31	17.36	17.38	2796200
20210524	17.74	18.21	17.10	18.13	2824200
20210525	18.06	18.83	17.49	17.53	2969800
20210526	17.77	18.98	17.57	18.88	3255000
20210527	19.09	20.08	19.04	19.89	5252200
20210528	19.99	20.11	19.37	19.89	2290100
20210601	20.85	22.84	20.56	22.48	5570800
20210602	22.59	24.77	22.15	24.25	6219200
20210603	23.57	24.38	23.05	23.67	3289000
20210604	23.96	24.36	23.02	23.75	1955300
20210607	23.92	24.24	23.07	23.14	2066500
20210608	22.95	23.64	22.24	22.70	2934500
20210609	22.80	23.44	22.20	22.67	3558200
20210610	22.46	22.84	21.12	21.53	3439400
20210611	21.98	22.31	21.55	21.73	2023200
20210614	21.94	22.58	21.23	21.37	3452900
20210615	21.48	22.65	21.48	22.65	2193900
20210616	22.24	23.04	21.99	22.47	2371100
20210617	22.30	22.77	20.22	21.06	3709300
20210618	20.35	21.29	19.97	20.90	4356300
20210621	21.36	22.67	21.17	22.64	2582200
20210622	22.49	23.04	21.72	23.01	2214000
20210623	23.65	25.24	23.58	24.20	3277800
20210624	24.31	26.33	24.10	26.14	4811400
20210625	26.54	26.86	25.84	26.64	5344800
20210628	26.63	26.64	24.31	24.48	3990700
20210629	25.14	25.88	23.89	24.06	2752900
20210630	24.31	24.81	24.11	24.62	2373300
20210701	25.94	26.47	25.04	25.50	3060900
20210702	25.24	25.49	24.76	25.05	2014600
20210706	25.13	25.20	23.36	23.96	2362900
20210707	23.88	24.55	22.45	22.96	2656700
20210708	21.99	23.38	21.44	22.68	2846200
20210709	22.94	24.04	22.62	23.60	1999500
20210712	22.81	23.47	22.54	23.04	1225000
20210713	22.93	23.38	22.30	22.60	2448700
20210714	22.79	23.09	20.84	21.09	3037600
20210715	20.64	21.38	20.14	20.41	2820800
20210716	20.68	20.82	18.94	19.07	3913700
20210719	17.91	18.74	17.29	18.10	4668500
20210720	18.29	19.18	18.08	18.63	3087400
20210721	19.29	20.45	19.27	19.72	3096300
20210722	19.63	19.66	18.45	19.03	2670100
20210723	19.35	19.35	18.24	18.61	1807200
20210726	18.68	19.69	18.68	19.27	2221700
20210727	18.94	19.00	17.61	18.20	3000500
20210728	18.42	19.00	17.94	18.70	2195900
20210729	19.05	19.30	18.18	18.51	2753500
20210730	18.71	19.24	18.05	18.69	4243700
20210802	18.75	20.16	18.21	18.71	3618500
20210803	18.48	19.37	17.84	18.96	3607800
20210804	18.54	18.84	17.32	17.39	3535900
20210805	17.67	18.55	17.67	18.10	2877400
20210806	18.40	18.92	18.09	18.66	2011100
20210809	17.92	18.35	17.59	17.77	2725200
20210810	18.04	19.12	17.83	18.75	2426100
20210811	18.52	19.01	17.94	18.99	2042400
20210812	18.81	19.10	18.34	18.96	1838300
20210813	18.81	18.85	17.84	17.90	1829500
20210816	17.30	17.35	16.57	16.90	2762200
20210817	16.69	17.31	16.38	16.56	1947500
20210818	16.51	16.89	15.68	15.74	2689500
20210819	15.23	15.59	14.82	15.29	3936100
20210820	15.09	15.44	14.78	15.25	2842600
20210823	16.15	16.69	16.06	16.61	2534500
20210824	17.00	17.54	16.87	17.39	2658300
20210825	17.47	18.10	17.07	17.80	2023000
20210826	17.53	17.91	17.25	17.50	2456900
20210827	17.89	19.39	17.89	19.03	2638700
20210830	19.47	19.48	18.60	18.86	1890900
20210831	18.75	19.44	18.46	19.09	2490800
20210901	19.07	19.30	18.61	18.84	1772100
20210902	19.11	20.77	19.10	20.13	2558300
20210903	20.00	20.31	19.51	19.68	1684200
20210907	19.39	20.20	19.15	19.55	1447100
20210908	19.77	20.22	19.21	19.51	2265900
20210909	19.16	20.22	19.00	19.79	2142400
20210910	20.30	20.63	19.78	19.82	1745800
20210913	20.22	21.13	20.16	20.73	2634100
20210914	21.14	21.55	20.02	20.25	2343900
20210915	21.22	23.17	21.22	23.01	4173800
20210916	22.70	23.05	22.23	22.60	2595500
20210917	22.97	23.33	22.14	22.37	5196700
20210920	20.99	22.00	20.82	21.57	2863300
20210921	22.15	22.39	20.96	21.44	2315400
20210922	22.01	23.00	22.01	22.75	2219000
20210923	22.89	24.06	22.71	23.86	1926900
20210924	23.43	24.41	23.16	24.12	1859200
20210927	24.98	26.65	24.90	26.37	3689000
20210928	26.91	27.27	25.44	25.55	4665100
20210929	25.35	26.49	24.79	26.38	2556900
20210930	26.17	26.87	25.43	26.37	2765800
20211001	26.57	28.18	26.56	27.85	2321300
20211004	28.45	29.12	27.82	28.93	3580600
20211005	29.73	30.38	28.23	29.45	3146500
20211006	28.60	29.41	27.98	28.40	2754300
20211007	28.45	30.93	28.11	30.30	3365600
20211008	30.55	31.46	30.03	30.32	2915900
20211011	31.43	32.06	30.55	30.62	2054500
20211012	30.55	31.03	29.04	29.47	2228400
20211013	29.18	29.58	28.35	29.25	2555600
20211014	30.09	30.59	28.92	29.36	2012600
20211015	30.00	30.63	29.06	29.08	2544200
20211018	29.72	31.83	29.46	30.00	2870700
20211019	30.36	30.74	29.31	30.08	1901200
20211020	29.31	31.05	29.19	30.80	1550200
20211021	30.49	30.74	29.42	29.75	1581400
20211022	30.18	30.84	29.25	30.80	1747300
20211025	31.53	33.27	31.53	32.63	2807900
20211026	32.99	34.31	32.57	33.63	3341700
20211027	33.07	34.40	32.08	32.26	3102100
20211028	31.91	32.50	31.16	32.09	2354700
20211029	34.14	37.34	32.91	34.32	5793700
20211101	35.20	37.15	35.13	36.64	3319500
20211102	36.41	37.65	35.83	36.45	2665300
20211103	35.31	36.76	35.05	35.12	2152400
20211104	36.50	37.29	34.71	35.51	2536100
20211105	35.96	37.23	35.49	37.04	2530100
20211108	37.41	38.25	37.41	37.66	2204600
20211109	37.21	37.65	36.37	37.37	1867800
20211110	36.66	36.95	33.61	34.11	2527900
20211111	34.60	35.68	34.34	34.98	1273300
20211112	34.50	34.75	33.91	34.54	1530100
20211115	34.32	35.50	33.30	34.75	1691100
20211116	34.71	34.97	33.99	34.40	1433000
20211117	33.74	34.55	32.56	32.86	2364000
20211118	33.13	34.37	32.09	32.92	1953700
20211119	31.33	31.33	29.80	30.20	3397000
20211122	30.25	31.61	30.24	30.40	2870500
20211123	31.11	32.53	31.11	31.99	3081800
20211124	31.12	33.47	31.12	33.31	2078500
20211126	30.07	30.46	27.53	28.67	3082200
20211129	31.02	31.07	29.25	30.20	2830700
20211130	28.73	29.35	27.63	29.00	3142000
20211201	30.43	30.61	27.15	27.18	3694800
20211202	26.80	28.67	25.62	28.17	3625800
20211203	29.21	29.71	27.19	28.08	2506000
20211206	28.90	29.92	27.67	29.38	2386200
20211207	30.15	31.98	30.15	31.53	2834700
20211208	31.70	32.41	31.11	31.94	2754400
20211209	31.56	31.83	30.92	31.54	2171700
20211210	32.92	33.27	31.16	32.76	4693600
20211213	31.95	32.11	29.65	30.18	3041800
20211214	29.55	30.30	28.93	29.22	2704700
20211215	28.90	30.08	27.18	29.64	3911100
20211216	30.49	30.88	27.70	27.74	3579200
20211217	27.20	28.42	26.93	27.06	12270400
20211220	25.92	27.37	25.23	27.26	3722200
20211221	27.90	29.11	27.60	28.98	2729100
20211222	28.81	29.83	28.20	29.15	1813700
20211223	29.50	29.70	28.73	29.00	1294700
20211227	28.97	31.28	28.74	31.19	1655400
20211228	31.13	31.84	30.31	30.43	1547900
20211229	30.28	31.04	30.00	30.76	1413500
20211230	30.72	31.11	29.54	29.62	1007200
20211231	29.48	29.81	29.14	29.48	968200
20220103	29.49	31.70	29.42	31.65	1965500
20220104	31.91	34.44	31.91	34.14	1949900
20220105	35.00	35.33	32.90	33.02	2077100
20220106	34.31	35.72	33.65	34.44	2390900
20220107	34.44	34.72	32.34	32.76	2387700
20220110	32.92	33.05	30.21	31.85	3115000
20220111	32.12	34.55	31.46	34.29	2442900
20220112	34.65	35.29	34.05	34.82	2300500
20220113	34.50	35.69	34.21	34.74	2103600
20220114	34.65	36.69	34.65	36.64	1889900
20220118	37.55	37.95	34.22	34.76	2983000
20220119	35.38	35.59	32.95	33.68	1706100
20220120	33.12	35.37	32.59	32.97	2143200
20220121	32.25	33.43	31.07	31.36	2326900
20220124	30.00	32.75	28.91	32.59	1955100
20220125	32.13	34.57	31.00	34.13	2190400
20220126	34.88	35.55	33.14	33.93	2649200
20220127	34.94	35.82	32.28	32.95	2451000
20220128	33.77	34.35	32.09	33.66	2338500
20220131	33.53	33.66	32.10	32.81	1972400
20220201	32.38	35.62	31.92	35.02	2581900
20220202	35.24	35.45	33.76	35.29	1865100
20220203	34.49	35.44	33.60	35.02	1876500
20220204	35.49	38.23	35.27	36.39	2787800
20220207	36.02	36.29	34.64	35.02	1766400
20220208	34.75	35.12	33.06	33.43	2120500
20220209	33.43	34.91	33.37	34.81	1979400
20220210	34.30	36.80	34.30	35.10	2329600
20220211	35.59	37.83	35.38	37.24	2845300
20220214	36.85	36.99	35.00	35.54	3201000
20220215	33.96	34.97	33.03	34.58	2339600
20220216	35.30	36.27	34.30	34.67	2203900
20220217	34.72	36.69	34.70	35.21	2678100
20220218	34.21	35.21	33.70	34.25	2054200
20220222	35.95	36.20	33.04	33.87	2412800
20220223	34.40	35.49	33.96	34.35	2951100
