20170103	16.88	17.93	16.88	17.89	1901600
20170104	18.00	18.57	18.00	18.21	1007800
20170105	18.18	18.49	17.63	17.77	560700
20170106	17.94	18.17	17.72	17.98	446400
20170109	18.01	19.05	17.89	18.75	1121200
20170110	19.59	19.93	18.69	18.78	1242000
20170111	18.88	19.12	18.63	18.87	505600
20170112	18.79	18.98	18.24	18.84	418600
20170113	18.90	19.49	18.90	19.37	593400
20170117	19.35	19.52	19.11	19.44	620200
20170118	19.44	19.69	19.27	19.45	489000
20170119	19.42	20.30	19.16	19.88	952000
20170120	19.90	20.24	19.71	19.76	721800
20170123	19.81	19.91	19.16	19.61	622400
20170124	19.57	20.09	19.54	19.87	696200
20170125	19.71	20.20	19.71	20.00	700300
20170126	20.16	20.24	19.81	19.91	456600
20170127	19.96	20.09	19.51	19.65	387700
20170130	19.62	19.69	19.19	19.48	564900
20170131	19.42	19.75	19.28	19.72	437700
20170201	19.85	20.17	19.42	19.67	559800
20170202	19.72	19.88	19.56	19.66	416100
20170203	19.73	20.09	19.73	19.92	588600
20170206	19.81	20.13	19.59	19.60	488500
20170207	19.80	19.97	19.36	19.64	542200
20170208	19.60	19.82	19.36	19.71	533200
20170209	19.75	20.93	19.75	20.85	1030900
20170210	21.34	21.67	21.01	21.25	1113300
20170213	21.82	21.94	21.10	21.87	953400
20170214	21.91	22.13	21.74	21.97	719900
20170215	22.00	22.11	21.27	21.57	871400
20170216	21.50	21.75	20.80	20.91	768100
20170217	20.83	21.21	20.68	21.20	531400
20170221	21.24	21.48	20.62	21.14	856800
20170222	21.02	21.16	20.69	20.85	463000
20170223	20.86	20.91	20.53	20.71	599300
20170224	20.63	20.70	20.12	20.43	599100
20170227	20.44	21.02	20.36	20.94	458500
20170228	20.89	20.89	19.70	19.77	1172800
20170301	19.93	20.26	19.80	20.15	580800
20170302	19.89	20.16	19.50	19.52	646900
20170303	19.45	19.93	19.14	19.35	539400
20170306	19.30	19.89	19.21	19.55	754700
20170307	19.50	19.64	19.30	19.49	573800
20170308	19.59	20.25	19.44	20.06	1218300
20170309	18.50	19.44	18.06	18.17	2524100
20170310	18.25	18.76	18.04	18.71	1063700
20170313	18.77	19.66	18.74	19.65	1122600
20170314	19.52	19.52	18.94	19.35	886500
20170315	19.38	19.79	19.20	19.72	605200
20170316	19.83	20.21	19.74	20.16	476800
20170317	20.16	20.44	20.02	20.26	685200
20170320	20.11	20.45	19.97	20.33	677500
20170321	20.36	20.77	19.50	19.58	862500
20170322	19.50	19.59	18.79	18.79	736600
20170323	18.80	19.16	18.70	19.15	568200
20170324	19.24	19.50	19.07	19.19	336500
20170327	18.98	19.53	18.75	19.44	433200
20170328	19.34	19.78	19.25	19.66	347200
20170329	19.60	20.29	19.33	20.11	493200
20170330	20.12	20.34	20.05	20.29	553000
20170331	20.30	20.73	20.19	20.49	666300
20170403	20.64	20.69	20.12	20.25	456600
20170404	20.14	20.34	19.84	19.91	424600
20170405	20.04	20.40	19.87	19.96	455000
20170406	20.08	20.43	19.91	20.41	431500
20170407	20.26	20.62	20.20	20.46	371400
20170410	20.45	21.18	20.28	20.77	703500
20170411	20.59	21.10	20.56	21.10	387500
20170412	21.10	21.37	20.81	21.00	489600
20170413	20.98	21.29	20.85	21.00	398900
20170417	21.02	21.40	20.89	21.30	435200
20170418	22.10	23.81	22.05	23.77	3140000
20170419	23.66	24.15	23.18	23.92	1340900
20170420	24.00	24.80	23.92	24.31	1228600
20170421	24.28	24.30	24.00	24.03	718200
20170424	24.08	24.58	24.00	24.04	1071100
20170425	24.07	24.47	24.07	24.37	693800
20170426	24.37	25.38	24.23	25.30	1013600
20170427	25.23	25.29	24.69	24.83	733100
20170428	24.92	24.92	24.66	24.76	540100
20170501	24.96	25.64	24.77	25.52	604100
20170502	25.53	25.89	25.31	25.85	744400
20170503	25.85	26.51	25.67	26.13	1026700
20170504	26.15	26.44	25.11	25.64	1209800
20170505	25.79	26.55	25.64	26.51	774400
20170508	26.51	27.25	26.33	27.22	807300
20170509	27.22	28.00	26.61	27.86	1173800
20170510	27.87	29.38	27.87	29.15	1494000
20170511	29.00	29.94	28.64	29.66	1459300
20170512	29.55	30.26	28.92	29.96	1273900
20170515	28.56	30.75	28.55	29.93	2909500
20170516	28.00	30.88	26.83	30.66	4481200
20170517	29.58	30.55	27.28	27.80	3597200
20170518	27.22	28.44	27.05	28.01	1489900
20170519	28.15	28.46	27.68	27.98	1157100
20170522	28.06	28.73	27.85	28.66	1076400
20170523	28.80	29.00	27.84	28.24	884000
20170524	28.24	28.68	27.97	28.05	836700
20170525	28.35	28.60	27.96	28.35	773000
20170526	28.27	28.50	27.86	28.14	540400
20170530	28.05	28.24	27.05	27.07	832800
20170531	27.07	27.07	26.22	26.90	941200
20170601	27.00	27.88	26.92	27.83	756700
20170602	27.83	28.09	27.30	27.77	540900
20170605	27.60	27.89	27.43	27.60	367500
20170606	27.36	27.86	27.21	27.65	624600
20170607	27.69	28.24	27.31	27.65	677200
20170608	27.70	28.40	27.42	28.35	651200
20170609	28.39	28.88	26.43	26.51	883400
20170612	26.40	26.69	25.42	26.26	837100
20170613	26.54	26.85	26.05	26.67	484000
20170614	26.70	26.97	25.93	26.20	483000
20170615	25.66	26.56	25.50	26.41	493400
20170616	26.30	26.75	26.11	26.32	603900
20170619	26.62	27.74	26.50	27.58	533900
20170620	27.61	27.76	26.82	27.03	373300
20170621	26.90	27.71	26.59	27.25	591400
20170622	27.26	28.15	27.20	27.71	727200
20170623	27.73	27.95	27.54	27.61	662300
20170626	26.03	26.54	24.09	24.39	2312200
20170627	24.34	24.76	24.05	24.16	804000
20170628	24.22	24.60	23.49	24.23	697700
20170629	24.20	24.20	23.11	24.06	778900
20170630	24.26	24.26	23.22	23.31	519100
20170703	23.42	23.51	22.94	23.39	369100
20170705	23.39	23.51	23.01	23.46	515700
20170706	23.22	23.47	22.69	22.81	530500
20170707	22.95	23.69	22.86	23.09	389000
20170710	23.04	23.69	23.04	23.51	450100
20170711	23.56	24.17	23.18	23.93	415900
20170712	24.04	24.53	23.84	24.19	495800
20170713	24.30	24.36	23.60	23.65	615700
20170714	23.66	24.24	23.20	24.00	582400
20170717	23.96	24.18	23.57	23.71	321700
20170718	23.69	24.46	23.60	23.76	610300
20170719	23.88	24.35	23.71	24.01	381000
20170720	24.10	24.10	23.20	23.60	452800
20170721	23.80	24.13	23.34	24.11	535000
20170724	24.20	24.48	23.99	24.36	359200
20170725	24.31	25.17	24.25	25.11	481300
20170726	25.16	25.35	24.66	24.74	480100
20170727	24.76	25.23	24.19	24.56	521000
20170728	24.36	24.69	24.14	24.39	260200
20170731	24.39	24.48	23.63	23.99	375200
20170801	24.14	24.39	23.93	24.34	348700
20170802	24.40	24.58	23.71	24.25	374500
20170803	23.40	23.83	23.03	23.25	970100
20170804	22.61	23.72	22.61	23.50	347200
20170807	23.52	23.61	22.55	22.59	880500
20170808	22.59	23.07	22.25	22.39	1426600
20170809	23.05	23.84	21.75	22.29	1306400
20170810	23.15	23.45	21.95	22.25	1291000
20170811	22.47	23.20	22.35	22.95	728200
20170814	23.18	23.28	22.79	22.88	462500
20170815	22.99	23.04	22.06	22.22	741000
20170816	22.15	22.32	21.86	21.88	559700
20170817	21.81	22.22	21.28	21.39	979100
20170818	21.34	21.55	20.92	20.95	637800
20170821	20.96	21.31	20.67	21.09	689300
20170822	21.13	21.87	21.12	21.75	410900
20170823	21.78	22.09	21.55	21.89	376900
20170824	21.99	22.00	21.56	21.74	400200
20170825	21.80	22.20	21.66	21.73	285800
20170828	21.82	22.00	21.62	21.97	248400
20170829	21.76	22.74	21.66	22.52	563200
20170830	22.55	22.86	22.50	22.57	372800
20170831	22.58	22.78	22.33	22.38	311200
20170901	22.36	22.97	22.36	22.71	315000
20170905	22.63	23.22	22.46	22.88	361000
20170906	23.04	23.13	22.46	22.93	261300
20170907	22.95	23.12	22.56	23.05	317000
20170908	23.03	23.20	22.51	22.70	306500
20170911	22.86	23.40	22.86	23.32	367800
20170912	23.37	24.17	23.37	23.87	535000
20170913	23.79	24.01	23.44	23.93	347800
20170914	23.68	24.21	23.51	23.74	451100
20170915	23.65	24.19	23.51	24.06	556100
20170918	24.23	24.43	23.51	23.68	333600
20170919	23.80	24.06	23.62	23.66	262800
20170920	23.57	23.57	22.76	22.91	561300
20170921	22.85	23.08	22.53	22.77	309100
20170922	22.61	23.08	22.53	22.94	213700
20170925	22.75	22.80	21.90	22.41	339200
20170926	22.58	22.70	22.22	22.63	193600
20170927	22.69	23.55	22.60	23.49	408700
20170928	23.49	23.55	22.62	22.79	448000
20170929	22.86	23.15	22.70	23.12	507900
20171002	23.33	24.38	23.09	24.38	712600
20171003	24.42	24.64	24.24	24.53	594200
20171004	24.57	25.00	24.17	24.30	685100
20171005	24.37	24.43	23.81	24.13	462700
20171006	24.05	24.05	23.41	23.64	356000
20171009	23.64	23.74	23.23	23.39	243000
20171010	23.41	23.52	22.48	22.59	796900
20171011	22.50	22.99	22.21	22.92	497100
20171012	22.92	23.65	22.87	23.11	658100
20171013	22.34	22.34	20.45	21.41	2610900
20171016	21.64	22.20	21.30	21.35	1592700
20171017	21.30	21.37	20.69	20.82	778100
20171018	21.65	22.29	21.25	21.99	2035000
20171019	22.00	22.04	20.69	20.95	1776800
20171020	21.76	23.45	21.67	23.21	2535600
20171023	23.39	23.39	22.32	22.77	1359100
20171024	22.76	23.90	22.76	23.47	850900
20171025	23.47	23.88	22.60	22.78	586500
20171026	22.97	23.17	22.51	22.71	414600
20171027	22.81	22.91	21.91	22.08	1022300
20171030	22.10	22.48	21.93	22.13	584200
20171031	22.25	22.60	22.02	22.52	638600
20171101	21.06	22.21	20.78	20.98	1982800
20171102	20.83	21.02	20.10	20.64	1319400
20171103	20.60	21.26	20.41	21.23	1006300
20171106	21.15	21.62	20.60	21.31	702400
20171107	21.27	21.87	21.12	21.26	896300
20171108	21.17	21.22	20.30	21.21	695000
20171109	21.00	21.15	20.47	20.80	392800
20171110	20.71	21.04	20.40	20.45	870500
20171113	20.23	20.49	19.56	20.12	2014400
20171114	22.06	23.75	20.01	20.98	5403100
20171115	20.90	20.99	20.24	20.36	1080300
20171116	20.69	21.15	20.61	20.85	1063600
20171117	20.91	21.17	20.70	20.98	674000
20171120	21.11	21.56	20.72	21.31	628200
20171121	21.52	22.22	21.43	22.12	724200
20171122	22.17	22.57	21.81	22.16	436500
20171124	22.29	22.33	21.91	22.15	347100
20171127	22.10	22.51	21.94	22.36	471100
20171128	22.37	22.83	21.97	22.70	749100
20171129	22.78	22.89	21.83	22.11	620000
20171130	22.23	22.32	21.61	21.78	447700
20171201	21.74	21.99	20.86	21.71	502800
20171204	21.75	22.18	20.70	20.76	809000
20171205	20.79	21.57	20.79	21.43	580400
20171206	21.27	21.53	20.77	21.15	444400
20171207	21.18	21.87	21.15	21.52	546500
20171208	21.61	21.61	21.18	21.27	390600
20171211	21.35	21.64	20.86	20.94	507900
20171212	21.01	21.75	20.98	21.52	616400
20171213	21.48	21.75	21.42	21.59	570000
20171214	21.55	22.48	21.55	21.68	577300
20171215	21.83	22.52	21.71	22.45	1027700
20171218	22.69	22.95	21.60	21.85	1065900
20171219	21.90	22.02	21.41	21.44	750400
20171220	21.63	21.74	21.14	21.27	428500
20171221	21.25	21.60	21.25	21.38	475200
20171222	21.24	21.35	20.57	20.83	551200
20171226	20.69	20.70	20.13	20.45	460300
20171227	20.50	20.88	20.40	20.51	527200
20171228	20.61	20.75	19.83	20.02	1020100
20171229	20.01	20.21	19.55	19.96	788900
20180102	20.33	20.74	20.05	20.74	429600
20180103	20.96	21.29	20.84	21.20	505200
20180104	21.35	21.47	20.95	21.14	559400
20180105	21.29	21.38	20.83	21.11	482300
20180108	21.10	21.29	20.70	21.21	471300
20180109	21.35	21.55	20.90	21.34	421700
20180110	21.24	21.65	21.11	21.62	588300
20180111	21.61	22.31	21.53	22.29	705600
20180112	22.29	23.43	22.29	23.24	814400
20180116	23.52	24.20	23.07	23.30	1440900
20180117	23.37	23.53	22.31	22.40	882400
20180118	22.40	22.83	22.05	22.79	520700
20180119	22.82	23.25	22.71	22.82	545400
20180122	22.91	23.06	22.37	22.69	514900
20180123	22.70	23.25	22.49	22.68	952900
20180124	22.78	23.04	22.03	22.47	615100
20180125	22.50	22.63	22.15	22.38	440300
20180126	22.38	22.45	21.67	22.29	537000
20180129	22.11	22.28	21.81	21.96	647900
20180130	21.80	21.85	21.24	21.38	648700
20180131	21.50	21.76	21.19	21.39	360200
20180201	21.30	21.48	21.07	21.36	473100
20180202	21.22	21.41	20.15	20.21	634800
20180205	20.00	20.38	19.37	19.46	945200
20180206	18.91	20.25	18.47	20.10	910100
20180207	20.07	20.53	19.92	20.38	570100
20180208	20.66	20.89	19.57	19.81	622200
20180209	20.03	20.09	19.05	19.62	990400
20180212	19.67	19.99	19.40	19.86	529300
20180213	19.71	20.31	19.67	20.21	490900
20180214	19.98	20.91	19.92	20.76	494100
20180215	20.96	21.45	20.76	21.17	502400
20180216	21.16	21.37	20.94	21.03	354500
20180220	20.97	21.49	20.97	21.35	416000
20180221	21.35	21.87	21.34	21.49	536500
20180222	21.54	21.71	21.16	21.25	363500
20180223	21.32	21.66	21.19	21.44	326800
20180226	21.51	22.24	21.50	22.24	527900
20180227	22.34	22.64	21.76	21.82	1032200
20180228	21.03	21.25	18.12	18.23	4301300
20180301	18.57	19.35	18.00	18.73	2702900
20180302	18.42	20.43	18.35	20.34	1498400
20180305	20.18	21.93	20.09	21.81	1632900
20180306	22.00	22.96	21.95	22.68	2256900
20180307	22.41	23.17	21.97	22.14	1138100
20180308	22.16	22.76	22.13	22.63	610400
20180309	22.91	23.15	22.25	22.49	943800
20180312	22.48	22.76	22.23	22.28	942200
20180313	22.48	22.76	22.23	22.52	733200
20180314	22.58	22.61	22.12	22.23	462600
20180315	22.39	22.65	21.89	22.13	505800
20180316	22.09	22.37	21.97	22.28	553100
20180319	22.15	22.24	21.36	21.76	459400
20180320	21.84	22.33	21.63	21.91	272000
20180321	21.81	22.20	21.58	21.80	388100
20180322	21.51	21.77	21.01	21.07	434300
20180323	21.12	21.31	20.16	20.16	686600
20180326	20.61	20.77	19.95	20.56	385400
20180327	20.60	20.79	19.97	20.03	377700
20180328	19.95	20.08	19.52	19.75	566400
20180329	19.93	20.53	19.64	20.18	1436700
20180402	20.01	20.15	19.53	19.69	691100
20180403	19.91	19.93	19.23	19.58	642600
20180404	19.05	19.67	18.40	19.62	1189100
20180405	19.80	20.07	19.60	19.73	370400
20180406	19.47	19.77	19.13	19.45	517500
20180409	19.60	19.75	19.35	19.36	530900
20180410	19.70	20.25	19.53	20.04	498400
20180411	19.90	20.53	19.77	20.26	349200
20180412	20.41	20.80	20.29	20.49	365600
20180413	20.58	20.69	20.16	20.61	354300
20180416	20.77	21.05	20.54	20.94	406400
20180417	21.01	21.63	21.01	21.28	619500
20180418	21.43	21.93	21.22	21.51	781200
20180419	21.46	21.51	20.88	21.11	531200
20180420	21.04	21.57	20.94	21.52	391000
20180423	21.59	21.63	21.00	21.17	299600
20180424	21.22	21.34	20.42	20.65	401400
20180425	20.69	20.82	20.42	20.66	432000
20180426	19.01	19.91	18.70	19.48	1315000
20180427	19.50	19.64	18.78	19.01	783900
20180430	19.05	19.50	19.00	19.17	444000
20180501	19.10	19.93	19.10	19.86	677600
20180502	18.03	18.22	17.30	17.86	4153700
20180503	17.87	18.02	17.17	17.35	2056000
20180504	17.59	18.10	17.27	17.97	1491700
20180507	18.00	18.89	18.00	18.62	1045000
20180508	18.63	19.53	18.60	19.51	779000
20180509	19.55	20.44	19.33	20.42	844000
20180510	20.48	20.95	20.28	20.62	1442300
20180511	20.68	20.89	20.10	20.22	505000
20180514	20.24	20.33	19.79	19.84	594900
20180515	19.57	20.48	19.51	20.43	481100
20180516	20.51	20.51	19.86	19.96	603400
20180517	19.92	20.27	19.75	19.90	588400
20180518	19.93	20.14	19.90	19.98	242800
20180521	20.17	20.38	19.96	20.11	328700
20180522	20.19	20.30	19.85	19.87	280900
20180523	19.73	19.84	19.46	19.78	569900
20180524	19.76	19.76	19.14	19.25	510800
20180525	19.28	19.45	18.99	19.00	398300
20180529	18.48	19.32	18.30	18.95	529200
20180530	18.95	19.22	18.60	18.85	878700
20180531	18.88	19.04	18.45	18.60	701700
20180601	18.78	19.14	18.62	18.81	461100
20180604	18.88	19.66	18.85	19.16	703800
20180605	19.14	19.72	19.14	19.65	619600
20180606	19.71	19.95	19.40	19.95	377100
20180607	19.97	20.14	19.50	19.71	407800
20180608	19.66	19.92	19.51	19.68	344200
20180611	19.74	20.62	19.74	20.54	695800
20180612	20.58	20.97	20.25	20.37	513400
20180613	20.41	20.72	20.06	20.08	509200
20180614	20.10	20.46	19.90	20.08	338400
20180615	19.97	20.17	19.63	20.16	745700
20180618	20.00	20.52	19.94	20.47	332000
20180619	20.19	20.38	19.61	20.14	536900
20180620	20.46	20.55	20.05	20.50	433400
20180621	20.57	20.67	18.81	19.01	971800
20180622	19.12	19.43	18.87	19.00	1399100
20180625	18.97	19.17	18.53	18.91	571200
20180626	18.78	19.34	18.75	19.05	464700
20180627	19.04	19.27	18.52	18.53	456400
20180628	18.53	18.99	18.42	18.91	311200
20180629	19.05	19.54	19.05	19.14	1460100
20180702	18.92	19.70	18.81	19.70	359800
20180703	19.77	19.92	19.43	19.62	338600
20180705	19.75	20.19	19.71	20.10	679400
20180706	20.10	20.72	19.76	20.61	563700
20180709	20.71	21.22	20.39	21.16	653400
20180710	21.19	21.20	19.85	19.98	1038300
20180711	19.79	20.20	19.70	20.18	426100
20180712	20.29	20.61	20.19	20.50	515400
20180713	20.45	20.79	20.31	20.47	308800
20180716	20.47	20.63	20.08	20.25	319800
20180717	20.20	20.68	20.00	20.48	410400
20180718	20.57	20.77	20.26	20.60	332800
20180719	20.59	21.12	20.33	21.05	486800
20180720	20.98	21.50	20.86	21.26	469200
20180723	21.20	21.24	20.51	21.23	358300
20180724	21.30	21.38	19.45	19.51	1050000
20180725	19.55	20.20	19.55	20.08	410700
20180726	19.84	20.22	19.56	19.90	348700
20180727	19.89	19.89	18.91	19.29	477100
20180730	19.33	19.52	18.92	19.10	527800
20180731	19.10	19.52	18.99	19.42	549100
20180801	20.41	21.98	20.11	21.30	1767000
20180802	21.38	22.35	21.07	22.26	953800
20180803	22.30	22.35	21.69	21.96	544800
20180806	22.02	22.70	21.96	22.48	505900
20180807	22.43	22.70	22.13	22.44	498200
20180808	23.13	23.74	22.83	23.18	1940800
20180809	23.03	23.79	22.66	23.31	1390100
20180810	23.19	24.25	22.82	24.14	1160400
20180813	24.00	24.14	22.89	22.99	566500
20180814	23.00	23.93	22.78	23.83	607100
20180815	23.70	24.20	23.42	23.52	692500
20180816	23.62	24.36	23.62	24.10	578200
20180817	24.00	24.00	23.18	23.60	396100
20180820	23.63	25.12	23.31	24.87	901000
20180821	24.99	26.17	24.87	25.73	1568900
20180822	25.60	25.82	24.75	24.99	800700
20180823	25.26	25.35	24.77	24.93	383800
20180824	25.00	25.28	24.72	24.93	387200
20180827	25.03	25.39	24.77	25.15	463500
20180828	24.92	25.59	24.84	25.36	418200
20180829	25.43	26.00	24.90	25.69	581500
20180830	25.55	25.94	25.21	25.62	523700
20180831	25.63	25.71	24.76	24.95	393800
20180904	24.50	24.50	23.57	24.16	863400
20180905	24.16	24.25	23.69	23.73	673200
20180906	23.71	23.86	23.02	23.16	545600
20180907	22.94	23.57	22.33	23.10	426300
20180910	23.24	23.50	22.78	23.14	415800
20180911	23.00	23.38	22.75	23.36	295800
20180912	23.27	23.60	22.69	23.48	348900
20180913	23.60	24.00	23.18	23.25	326300
20180914	23.24	23.69	22.97	22.99	297200
20180917	22.99	23.18	22.58	22.60	329400
20180918	22.59	23.83	22.50	23.66	589200
20180919	23.70	24.00	23.44	23.89	454300
20180920	24.00	24.43	23.79	24.13	491000
20180921	24.13	24.35	23.00	23.05	874600
20180924	22.98	23.27	22.71	23.27	241000
20180925	23.50	24.03	23.33	23.43	283400
20180926	23.46	23.59	22.93	23.09	283000
20180927	23.31	23.38	22.96	23.11	192000
20180928	23.01	23.36	22.93	23.11	261600
20181001	23.33	23.55	22.22	22.41	403100
20181002	22.40	22.57	21.76	22.03	334600
20181003	22.24	23.33	21.83	22.56	626800
20181004	22.46	22.59	22.03	22.28	519300
20181005	22.29	22.46	21.63	22.05	418200
20181008	22.00	22.13	21.33	21.77	473800
20181009	21.76	22.12	21.48	21.76	236300
20181010	21.63	21.69	20.50	20.52	415400
20181011	20.25	20.82	19.78	19.90	668400
20181012	20.46	20.58	19.84	20.30	379500
20181015	20.21	20.70	19.91	20.44	280500
20181016	20.65	21.14	20.49	21.04	342900
20181017	21.00	21.34	20.79	21.08	249500
20181018	20.93	21.07	20.29	20.32	289900
20181019	20.40	20.58	19.97	20.07	408300
20181022	20.20	20.58	20.12	20.37	245200
20181023	19.85	20.62	19.81	20.47	355300
20181024	20.35	20.77	19.77	19.79	638700
20181025	19.92	20.22	19.81	20.07	349100
20181026	19.71	20.29	19.43	19.77	684300
20181029	20.00	20.20	18.91	19.14	519000
20181030	19.10	20.14	19.10	20.10	322900
20181031	19.67	20.15	18.92	19.06	742300
20181101	21.21	24.11	21.00	22.85	2523300
20181102	23.33	24.44	22.64	24.11	1135600
20181105	24.10	24.70	23.36	23.50	720400
20181106	23.46	24.08	23.16	23.77	361400
20181107	23.80	24.36	23.55	24.16	516000
20181108	24.05	24.41	23.73	24.31	337600
20181109	24.32	24.32	23.44	23.76	417800
20181112	23.60	23.60	22.65	23.03	371000
20181113	23.01	23.47	22.67	22.79	408500
20181114	23.05	23.33	22.12	22.15	483300
20181115	22.00	22.20	21.25	21.96	1102600
20181116	21.59	22.56	21.52	22.40	549000
20181119	22.33	22.61	21.32	21.50	482700
20181120	21.05	21.46	20.59	20.86	659000
20181121	21.01	21.52	20.97	21.14	330200
20181123	21.01	21.50	21.01	21.29	104700
20181126	21.51	22.10	21.41	22.03	336100
20181127	21.94	21.94	21.27	21.41	317600
20181128	21.43	21.88	21.07	21.84	229200
20181129	21.85	21.88	21.42	21.63	292500
20181130	21.48	21.61	21.06	21.39	242200
20181203	21.85	21.85	21.27	21.73	317600
20181204	21.64	21.64	20.70	20.71	327400
20181206	20.35	20.80	20.24	20.75	316900
20181207	20.65	20.82	20.16	20.25	351400
20181210	20.19	20.49	19.67	20.14	491800
20181211	20.18	20.61	19.97	20.30	288500
20181212	20.59	21.34	20.52	20.70	455600
20181213	20.72	20.93	19.96	20.12	311800
20181214	19.85	20.14	19.46	19.55	262800
20181217	19.44	19.65	18.81	18.88	612500
20181218	19.09	19.14	18.40	18.66	534000
20181219	18.63	19.50	18.41	19.35	1183700
20181220	19.23	19.49	18.74	18.96	675200
20181221	19.01	19.06	17.36	17.41	679500
20181224	17.28	17.90	17.14	17.41	292000
20181226	17.46	18.41	17.06	18.40	853000
20181227	17.97	18.29	17.20	17.90	512600
20181228	18.03	18.63	17.82	18.22	439300
20181231	18.30	18.42	17.54	18.01	699400
20190102	17.76	18.93	17.73	18.78	398800
20190103	18.53	18.53	17.89	17.96	260600
20190104	18.31	18.79	18.29	18.51	218800
20190107	18.60	19.10	18.43	18.90	378300
20190108	19.10	19.36	18.72	19.13	375100
20190109	19.26	19.60	19.17	19.35	224300
20190110	19.20	19.49	19.09	19.47	156000
20190111	19.33	19.91	19.26	19.71	419100
20190114	19.49	19.66	19.22	19.27	372300
20190115	20.60	21.19	19.92	21.14	1759800
20190116	21.29	21.62	20.82	20.92	649700
20190117	20.88	21.25	20.55	20.95	464200
20190118	21.01	21.43	20.86	21.28	413400
20190122	21.20	21.32	20.40	20.57	383100
20190123	20.65	21.17	20.65	21.05	424000
20190124	21.03	21.75	21.03	21.53	498600
20190125	21.91	22.46	21.51	22.32	576700
20190128	22.00	22.44	21.70	22.28	365500
20190129	23.74	25.18	23.72	24.07	1778600
20190130	24.20	24.72	23.70	24.52	824100
20190131	24.53	25.60	24.51	25.53	942300
20190201	25.55	25.90	25.25	25.66	574600
20190204	25.81	26.22	25.35	26.19	431600
20190205	26.10	26.59	26.00	26.58	559800
20190206	26.56	27.16	26.36	26.66	635000
20190207	26.37	26.37	25.00	25.49	728900
20190208	25.24	26.19	25.21	25.94	367900
20190211	26.10	26.69	25.75	26.28	466800
20190212	26.27	27.97	25.91	27.69	1238900
20190213	27.73	28.33	27.59	27.95	1004000
20190214	27.91	28.37	27.85	28.21	573800
20190215	28.32	28.68	28.08	28.29	876000
20190219	27.92	28.59	27.90	28.03	729400
20190220	28.13	28.65	28.13	28.40	391600
20190221	28.39	28.57	27.54	27.76	712400
20190222	27.85	28.11	27.65	28.03	457500
20190225	28.13	28.77	28.10	28.33	558600
20190226	28.26	28.76	27.88	28.53	420400
20190227	28.43	28.84	28.14	28.67	555900
20190228	28.57	28.57	27.75	28.46	685400
20190301	28.60	28.60	26.70	26.81	1608000
20190304	26.79	27.34	26.56	27.12	905100
20190305	27.04	27.14	26.78	27.00	578300
20190306	26.90	27.00	26.62	26.66	780900
20190307	24.00	24.50	22.50	22.95	2791600
20190308	23.10	23.69	22.97	23.24	1047700
20190311	23.23	24.05	23.11	23.76	522700
20190312	23.84	23.99	23.66	23.82	482600
20190313	23.89	24.38	23.83	24.15	566300
20190314	24.11	24.28	23.53	23.88	485300
20190315	23.88	24.12	23.75	23.80	820500
20190318	23.93	23.97	23.27	23.90	391100
20190319	24.05	24.24	23.76	23.85	445200
20190320	23.93	24.16	23.50	23.90	308600
20190321	23.91	24.57	23.56	24.39	340900
20190322	24.24	24.43	23.36	23.41	670300
20190325	23.38	23.49	22.55	23.38	466100
20190326	23.59	23.75	23.33	23.53	283600
20190327	23.60	23.71	23.10	23.41	345700
20190328	23.41	23.84	23.40	23.55	228400
20190329	23.81	23.93	23.59	23.82	215300
20190401	24.00	24.42	24.00	24.38	312900
20190402	24.37	24.78	24.23	24.59	448200
20190403	24.76	25.25	24.68	25.02	422900
20190404	24.97	25.17	24.29	24.66	324100
20190405	24.73	25.30	24.56	25.22	442000
20190408	25.00	25.00	24.55	24.78	342500
20190409	24.72	24.88	24.36	24.37	254700
20190410	24.32	24.51	24.10	24.51	414800
20190411	24.54	24.67	24.28	24.44	224400
20190412	24.60	24.88	24.37	24.60	244500
20190415	24.65	24.85	24.44	24.49	408700
20190416	24.60	24.77	24.32	24.37	319400
20190417	24.48	24.57	23.84	24.06	303000
20190418	24.01	24.01	23.47	23.81	308800
20190422	23.71	23.81	23.41	23.71	242400
20190423	23.68	24.34	23.64	24.05	285100
20190424	24.09	24.20	23.75	23.82	214400
20190425	23.70	23.75	23.20	23.28	383100
20190426	23.21	23.49	22.91	23.42	319900
20190429	23.37	23.61	23.17	23.22	322200
20190430	23.18	23.29	22.82	23.25	336300
20190501	23.41	23.60	22.90	22.95	446300
20190502	24.14	24.53	22.78	23.81	690700
20190503	24.09	25.96	23.88	25.69	955200
20190506	25.64	25.90	25.12	25.69	928200
20190507	25.36	25.49	24.55	24.87	716800
20190508	23.82	24.69	23.53	24.55	575200
20190509	24.19	24.19	23.50	23.97	407600
20190510	23.76	24.38	23.56	24.11	320100
20190513	23.35	23.50	22.43	22.54	424800
20190514	22.75	23.41	22.73	23.29	304100
20190515	23.00	23.66	22.40	23.54	285300
20190516	23.53	24.11	23.29	23.89	356200
20190517	23.58	23.86	23.37	23.39	200700
20190520	22.99	23.11	22.63	22.76	398400
20190521	23.06	23.55	22.90	23.46	262900
20190522	23.32	23.53	22.93	23.15	209300
20190523	22.73	22.80	21.95	22.43	372000
20190524	22.54	22.94	22.42	22.62	167700
20190528	22.57	22.65	22.10	22.11	226600
20190529	22.05	22.15	21.59	22.02	388500
20190530	22.11	22.58	22.01	22.49	294600
20190531	22.04	22.06	21.55	21.91	352700
20190603	21.82	22.20	21.79	22.02	303200
20190604	22.27	22.72	22.27	22.64	238300
20190605	22.78	22.91	22.34	22.73	252300
20190606	22.92	22.92	22.29	22.49	269900
20190607	22.72	22.96	22.54	22.89	234000
20190610	23.03	23.44	22.58	22.63	284300
20190611	22.83	22.94	22.08	22.16	341000
20190612	22.16	22.56	21.98	22.25	304100
20190613	22.40	22.92	22.25	22.80	459900
20190614	22.63	22.73	22.19	22.52	338400
20190617	22.66	23.50	22.64	23.28	312500
20190618	23.45	24.03	23.25	23.53	344800
20190619	23.67	23.71	23.20	23.59	242400
20190620	23.95	23.95	23.57	23.73	270900
20190621	23.64	25.28	23.44	24.93	1598000
20190624	25.11	25.55	23.97	24.19	514300
20190625	24.24	24.67	24.16	24.41	442500
20190626	24.61	25.33	24.17	25.20	356600
20190627	25.35	25.96	25.30	25.67	442200
20190628	25.73	29.44	25.69	29.37	5222400
20190701	29.00	29.52	27.80	28.32	1136800
20190702	28.56	28.65	26.96	27.50	733600
20190703	27.36	27.86	27.00	27.73	340000
20190705	27.70	28.16	27.19	27.97	372200
20190708	27.64	28.22	27.37	28.00	517700
20190709	27.97	29.68	27.97	28.99	1031300
20190710	29.07	29.32	28.40	29.25	663000
20190711	29.31	30.02	28.57	29.33	742100
20190712	29.38	29.50	28.66	29.26	628500
20190715	29.28	29.62	28.98	29.29	403100
20190716	29.22	30.60	29.04	29.88	934500
20190717	30.00	30.19	28.59	29.49	914900
20190718	29.36	29.36	28.51	29.06	746900
20190719	29.07	29.21	28.44	28.45	683000
20190722	28.49	28.92	28.42	28.77	492900
20190723	28.99	29.05	28.26	28.59	425100
20190724	28.41	29.09	28.10	29.02	462800
20190725	28.88	29.02	28.36	28.67	464300
20190726	28.86	29.45	28.76	29.27	508100
20190729	28.78	28.78	27.99	28.49	861300
20190730	28.22	28.43	27.69	28.40	875500
20190731	27.75	29.35	26.80	27.89	1759900
20190801	27.46	27.80	25.20	25.73	1581200
20190802	25.18	25.63	24.31	24.64	798600
20190805	24.16	24.44	23.80	24.37	926000
20190806	24.68	24.70	23.81	24.19	705100
20190807	23.81	24.25	23.57	24.17	854000
20190808	23.88	24.26	23.67	24.21	506700
20190809	24.05	24.20	23.76	23.83	422300
20190812	23.70	23.70	23.25	23.38	402100
20190813	23.39	23.90	23.06	23.14	462000
20190814	22.82	22.82	22.08	22.34	441400
20190815	22.32	22.38	21.80	22.19	453400
20190816	22.33	22.75	22.26	22.72	489900
20190819	23.14	23.41	22.83	22.99	483800
20190820	22.81	22.98	22.35	22.76	407800
20190821	23.02	23.14	22.59	22.89	392000
20190822	23.01	23.38	22.87	23.22	432000
20190823	23.19	23.22	22.50	22.62	821000
20190826	22.91	22.97	22.17	22.60	504900
20190827	22.70	22.76	22.16	22.25	483400
20190828	22.17	22.76	22.08	22.73	464600
20190829	23.10	23.67	23.02	23.55	411800
20190830	23.60	24.06	23.56	23.82	586500
20190903	23.67	23.84	23.12	23.47	595100
20190904	23.77	24.09	23.47	24.05	667900
20190905	24.36	24.96	24.22	24.33	472700
20190906	24.37	24.42	23.97	24.09	276500
20190909	24.19	24.51	24.00	24.44	451500
20190910	24.33	25.04	24.12	24.90	450200
20190911	25.03	25.52	24.81	25.47	499600
20190912	25.33	25.39	24.27	24.82	497900
20190913	24.91	25.48	24.64	24.86	437500
20190916	24.50	24.97	24.14	24.62	401300
20190917	24.47	24.75	24.07	24.68	253100
20190918	24.63	24.74	23.25	23.47	411300
20190919	23.44	23.91	23.19	23.27	433900
20190920	23.17	23.54	22.80	22.82	621200
20190923	22.86	23.17	22.65	22.97	335700
20190924	22.96	23.13	21.68	21.72	607900
20190925	21.69	21.94	21.27	21.88	464500
20190926	21.82	21.82	21.23	21.43	476900
20190927	21.53	21.74	21.09	21.16	291800
20190930	21.12	21.49	20.81	21.31	307800
20191001	21.31	21.70	20.42	20.43	405600
20191002	20.26	20.28	19.84	20.25	477100
20191003	20.17	20.22	19.59	19.99	464900
20191004	20.03	20.22	19.75	19.95	266900
20191007	19.72	20.21	19.65	19.83	224500
20191008	19.50	19.57	19.03	19.26	375700
20191009	19.47	19.70	19.34	19.58	305400
20191010	19.57	19.92	19.37	19.84	505800
20191011	20.03	20.57	19.92	20.22	501400
20191014	20.14	20.58	20.07	20.42	386400
20191015	20.48	20.93	20.39	20.65	397600
20191016	20.63	21.21	20.48	20.62	535200
20191017	20.71	20.71	20.32	20.49	266200
20191018	20.33	20.58	19.91	20.54	678200
20191021	19.90	20.39	18.88	19.64	608300
20191022	19.69	20.20	19.38	19.89	487400
20191023	19.68	19.79	19.48	19.56	492200
20191024	19.60	19.68	19.20	19.30	493100
20191025	19.33	20.35	19.17	20.23	476600
20191028	20.30	20.88	20.30	20.71	374300
20191029	20.85	21.20	20.73	20.82	749600
20191030	20.93	20.93	20.11	20.39	343400
20191031	20.36	20.95	20.18	20.68	534600
20191101	20.83	21.40	20.66	21.01	475000
20191104	21.37	21.48	21.06	21.23	380200
20191105	21.38	21.94	21.26	21.32	677600
20191106	21.44	21.68	20.72	20.83	640800
20191107	21.16	21.27	20.65	20.81	365800
20191108	20.69	21.09	20.57	21.04	316400
20191111	20.86	21.07	20.65	20.68	584000
20191112	20.71	21.07	20.56	20.69	664700
20191113	19.00	19.55	18.00	18.38	2703300
20191114	18.35	19.74	18.35	19.15	1504000
20191115	19.24	19.49	18.71	19.11	528700
20191118	19.00	19.25	18.80	18.94	645200
20191119	19.06	19.12	18.47	18.64	700900
20191120	18.50	18.72	18.22	18.62	833200
20191121	18.84	18.84	18.34	18.55	593800
20191122	18.74	19.10	18.60	18.69	499900
20191125	18.87	19.23	18.70	19.19	421100
20191126	19.15	19.29	18.52	18.55	662500
20191127	18.59	18.68	18.33	18.47	464300
20191129	18.48	18.57	18.17	18.44	372700
20191202	18.42	18.63	17.98	18.11	526900
20191203	17.82	18.27	17.70	18.25	632000
20191204	18.42	18.62	18.35	18.42	366000
20191205	18.56	18.85	18.43	18.53	677800
20191206	18.72	19.13	18.62	19.04	444100
20191209	18.98	19.35	18.87	19.28	546000
20191210	19.21	19.65	19.20	19.46	544400
20191211	19.59	20.09	19.50	20.05	599800
20191212	20.05	20.82	19.89	20.75	652800
20191213	20.76	20.93	20.27	20.38	546900
20191216	20.47	20.71	20.34	20.40	389900
20191217	20.41	20.90	20.20	20.90	438400
20191218	20.90	21.46	20.78	21.13	629600
20191219	21.25	21.63	21.13	21.23	497200
20191220	21.39	21.39	20.52	20.52	784400
20191223	20.51	21.02	20.23	20.90	321000
20191224	20.91	20.91	20.42	20.52	123600
20191226	20.44	20.81	20.36	20.72	377100
20191227	20.86	20.90	20.42	20.48	226300
20191230	20.53	20.53	19.80	19.84	347000
20191231	19.77	20.52	19.77	20.23	373900
20200102	20.49	20.50	19.93	20.14	308000
20200103	19.80	20.03	19.72	19.76	310600
20200106	19.50	19.83	19.22	19.74	478300
20200107	19.70	20.15	19.51	20.06	422300
20200108	20.12	21.34	20.12	20.93	711400
20200109	20.90	21.13	20.39	20.51	416400
20200110	20.54	20.58	20.06	20.50	339400
20200113	20.73	21.34	20.42	21.22	730300
20200114	21.22	21.45	20.67	21.02	530600
20200115	21.12	21.79	20.95	21.07	579800
20200116	21.13	21.91	20.91	21.89	707900
20200117	21.95	22.21	21.57	21.77	602200
20200121	21.95	21.96	21.45	21.77	595600
20200122	21.78	22.04	21.65	21.67	396500
20200123	21.65	21.97	21.16	21.60	480700
20200124	21.62	21.81	20.02	20.09	891700
20200127	19.68	19.87	18.94	19.58	817600
20200128	19.69	20.03	19.32	19.40	725400
20200129	19.32	19.39	18.80	19.00	760500
20200130	18.68	18.98	18.43	18.88	571800
20200131	18.81	18.81	17.93	17.98	1044700
20200203	18.19	19.15	18.03	18.92	729100
20200204	19.31	19.81	19.21	19.27	563300
20200205	19.62	19.73	19.20	19.48	689200
20200206	19.64	19.64	18.93	18.98	539200
20200207	18.95	18.98	18.22	18.60	463700
20200210	18.29	18.81	18.29	18.74	453800
20200211	18.85	19.70	18.74	19.70	579400
20200212	19.96	21.00	19.96	20.55	702500
20200213	20.34	20.47	19.91	20.39	528000
20200214	20.34	20.34	19.68	19.77	451100
20200218	19.67	20.40	19.54	20.29	494800
20200219	20.40	20.58	19.97	20.18	500600
20200220	20.18	20.65	20.13	20.61	750100
20200221	20.54	20.55	19.80	20.21	557400
20200224	19.30	19.66	19.09	19.13	489600
20200225	19.25	19.59	18.22	18.26	840300
20200226	18.15	18.33	16.90	17.44	2021900
20200227	16.95	17.01	15.12	15.15	1746800
20200228	15.10	16.34	14.93	16.00	1163800
20200302	16.03	16.39	15.49	16.06	1084400
20200303	16.10	16.98	15.38	15.72	729600
20200304	16.06	16.23	15.34	16.21	567800
20200305	15.70	15.99	15.00	15.30	756200
20200306	14.90	15.60	14.65	14.99	685800
20200309	14.01	14.41	13.50	14.08	970100
20200310	14.72	15.04	14.00	14.59	866000
20200311	14.07	14.84	13.79	14.16	933000
20200312	12.37	14.25	12.18	13.02	1096900
20200313	13.80	14.55	12.96	14.50	1001600
20200316	12.90	14.24	12.25	13.94	1020800
20200317	14.14	16.99	13.72	15.94	1582700
20200318	14.79	15.43	13.90	15.30	912100
20200319	15.95	17.34	15.80	16.68	1286000
20200320	17.44	17.45	16.75	17.14	1666100
20200323	17.17	17.89	16.47	16.58	1246000
20200324	17.09	17.30	14.90	15.31	1044900
20200325	15.43	16.48	15.03	15.55	823900
20200326	15.74	16.69	15.64	16.59	592500
20200327	15.75	16.42	15.08	15.62	856300
20200330	16.03	16.43	15.28	15.70	616500
20200331	15.72	16.51	15.57	15.95	992400
20200401	15.46	15.74	13.90	14.06	1114900
20200402	13.98	14.37	13.61	14.16	959300
20200403	14.20	14.76	13.50	13.79	846000
20200406	14.46	16.10	14.31	16.00	845600
20200407	16.30	16.47	14.64	14.80	824400
20200408	15.10	15.65	14.76	15.58	603200
20200409	15.77	16.60	15.65	16.59	656700
20200413	16.59	16.60	15.72	16.08	567400
20200414	16.63	16.76	16.30	16.49	296100
20200415	15.87	16.01	15.43	15.63	444300
20200416	15.79	15.99	15.41	15.93	357100
20200417	16.34	16.87	16.04	16.73	420700
20200420	16.40	17.81	16.35	17.11	601000
20200421	16.76	16.99	16.03	16.11	506800
20200422	16.54	16.64	15.84	15.97	561400
20200423	15.91	16.60	15.83	16.10	900000
20200424	16.28	16.39	15.66	16.09	549100
20200427	16.43	18.06	16.30	17.67	883900
20200428	18.32	18.44	16.85	17.04	626700
20200429	17.80	19.45	17.27	19.40	962500
20200430	19.07	19.20	17.56	17.70	910800
20200501	17.23	17.29	16.35	16.48	672500
20200504	16.22	17.32	16.03	17.30	417700
20200505	17.44	17.72	16.52	16.66	488000
20200506	17.18	18.26	16.80	17.90	857100
20200507	18.08	18.33	16.85	16.88	621300
20200508	17.12	17.94	17.00	17.80	823400
20200511	17.56	17.87	17.08	17.18	1034400
20200512	17.25	17.27	16.53	16.55	693900
20200513	16.51	16.94	16.17	16.35	803600
20200514	15.09	15.89	14.53	15.15	1790000
20200515	15.30	16.30	15.20	16.18	1032600
20200518	16.88	17.85	16.71	17.65	1081900
20200519	17.48	17.59	16.52	17.05	794200
20200520	17.39	17.67	16.96	17.33	723200
20200521	18.06	18.60	17.63	18.19	1124700
20200522	18.20	18.31	17.63	17.93	580900
20200526	18.44	19.10	18.27	18.75	1200800
20200527	19.00	19.14	18.26	18.91	942500
20200528	18.84	19.11	18.08	18.15	624200
20200529	18.00	18.15	17.32	17.86	687200
20200601	17.81	18.66	17.71	17.99	992900
20200602	18.08	20.55	17.81	20.30	2468600
20200603	20.57	20.83	19.49	19.88	1303000
20200604	19.74	19.88	18.90	19.00	904800
20200605	19.47	19.66	19.02	19.11	1073300
20200608	19.18	19.32	18.34	18.39	1375600
20200609	18.10	19.31	18.03	18.75	1100800
20200610	18.89	19.17	17.83	18.00	930000
20200611	17.13	17.49	16.31	16.44	1254000
20200612	16.87	17.15	16.28	16.69	835700
20200615	16.41	17.50	16.00	17.24	920900
20200616	17.89	17.89	16.85	17.30	1049200
20200617	17.31	17.37	16.72	16.83	738500
20200618	16.64	17.02	16.30	16.71	767900
20200619	17.21	17.62	16.48	16.48	2175800
20200622	16.57	17.08	16.19	16.84	1232000
20200623	17.33	17.33	16.24	16.27	1346600
20200624	16.25	16.42	15.53	15.74	1322200
20200625	15.64	15.85	15.19	15.78	1391700
20200626	15.70	15.79	15.02	15.22	7088800
20200629	15.32	16.05	15.25	15.72	738500
20200630	15.72	16.18	15.67	15.86	735300
20200701	15.63	16.06	15.60	15.77	577300
20200702	16.03	16.30	15.63	15.66	879700
20200706	16.04	16.28	15.81	16.06	855400
20200707	15.81	16.00	15.23	15.24	809500
20200708	15.25	15.60	15.03	15.03	815600
20200709	15.12	15.40	14.82	14.90	846500
20200710	14.91	15.28	14.65	15.26	1013700
20200713	15.58	15.75	14.98	15.01	931600
20200714	15.00	15.14	14.67	14.90	609000
20200715	15.21	15.86	15.10	15.52	869400
20200716	15.25	15.47	15.06	15.35	790100
20200717	15.35	15.79	15.35	15.67	482000
20200720	15.70	16.18	15.42	15.96	861000
20200721	16.25	16.44	15.52	15.83	760300
20200722	15.82	15.97	15.43	15.58	504700
20200723	15.58	15.96	15.52	15.66	515400
20200724	15.47	15.58	14.93	15.13	688800
20200727	15.13	15.81	15.06	15.59	792900
20200728	15.60	15.87	15.20	15.30	415500
20200729	15.30	15.38	15.04	15.08	510200
20200730	15.00	15.25	14.61	15.01	823700
20200731	15.18	15.22	14.80	14.98	591200
20200803	15.02	15.51	14.88	15.26	808900
20200804	15.21	15.83	15.10	15.82	1119000
20200805	15.80	16.09	14.84	15.90	1681500
20200806	15.32	16.03	15.01	15.59	1371000
20200807	15.55	15.93	15.25	15.39	581800
20200810	15.57	15.69	15.27	15.36	371400
20200811	15.40	15.63	14.94	15.01	526400
20200812	15.18	15.39	15.07	15.08	514100
20200813	15.09	15.30	14.93	15.23	960500
20200814	15.10	15.22	14.91	15.00	563200
20200817	14.99	15.17	14.56	14.56	812600
20200818	14.60	14.77	14.11	14.12	784100
20200819	14.11	14.47	14.04	14.08	692600
20200820	14.00	14.03	13.70	13.80	748100
20200821	13.70	13.86	13.55	13.62	849000
20200824	13.70	13.87	13.52	13.67	806500
20200825	13.68	14.16	13.68	13.97	1218700
20200826	14.00	14.52	14.00	14.30	1118900
20200827	14.30	14.48	13.81	13.89	740100
20200828	13.82	14.57	13.76	14.48	627000
20200831	14.55	15.18	14.55	14.86	917200
20200901	14.86	15.06	14.59	14.88	1014000
20200902	14.85	15.33	14.82	15.08	1079800
20200903	14.95	15.10	14.27	14.35	1216200
20200904	14.38	14.56	13.54	14.04	1416100
20200908	13.75	14.24	13.62	13.83	761300
20200909	13.91	14.36	13.90	14.24	949100
20200910	14.37	14.94	14.32	14.43	600000
20200911	14.50	14.65	14.17	14.31	422700
20200914	14.41	14.68	14.15	14.21	601000
20200915	14.27	14.47	14.20	14.28	367800
20200916	14.37	14.78	14.32	14.41	496600
20200917	14.18	14.18	13.80	13.89	609000
20200918	14.06	14.14	13.62	14.04	1277500
20200921	13.74	13.81	13.11	13.32	944500
20200922	13.33	13.39	13.03	13.17	545400
20200923	13.23	13.43	12.68	12.70	774500
20200924	12.14	12.37	11.89	12.07	1242000
20200925	12.01	12.33	12.00	12.08	830300
20200928	12.27	12.50	12.11	12.14	565000
20200929	12.16	12.65	12.08	12.63	1070400
20200930	12.65	12.95	12.38	12.47	887800
20201001	12.51	12.75	12.42	12.51	817800
20201002	12.14	12.48	12.12	12.36	1395600
20201005	12.50	13.14	12.49	12.87	612900
20201006	12.92	13.71	12.91	13.38	1018800
20201007	13.48	14.37	13.34	14.13	1892600
20201008	14.33	14.50	13.93	13.99	906200
20201009	14.42	15.24	14.40	14.86	1441000
20201012	15.12	15.28	14.51	14.79	1219000
20201013	14.58	14.95	14.09	14.66	918500
20201014	14.65	15.00	14.51	14.56	643600
20201015	14.30	14.79	14.15	14.58	711700
20201016	14.71	14.80	14.42	14.47	564800
20201019	14.52	14.79	14.39	14.41	673500
20201020	14.55	14.82	14.43	14.47	490600
20201021	14.55	15.64	14.55	14.87	1007800
20201022	14.89	15.72	14.82	15.56	1378900
20201023	15.75	15.80	14.68	14.86	1054300
20201026	14.59	14.63	13.56	13.65	1185200
20201027	13.65	13.92	13.51	13.56	573000
20201028	13.21	13.33	12.94	12.98	508500
20201029	13.17	13.49	12.90	13.35	754600
20201030	13.25	13.30	12.64	12.78	665600
20201102	13.02	13.14	12.48	12.59	899700
20201103	12.79	13.35	12.75	13.27	579900
20201104	13.36	13.45	12.84	12.92	809800
20201105	13.26	14.15	13.07	14.09	706100
20201106	14.06	14.29	13.84	13.98	479700
20201109	14.39	15.15	14.31	14.82	989100
20201110	15.02	15.24	14.27	14.56	1047900
20201111	14.60	14.98	14.32	14.88	1282700
20201112	14.83	15.18	14.06	14.15	1408700
20201113	14.11	14.24	13.67	13.90	993300
20201116	14.01	14.13	13.42	13.64	1513700
20201117	13.48	14.03	13.20	13.86	1167200
20201118	13.80	14.32	13.76	14.04	777600
20201119	13.99	14.11	13.77	13.86	790700
20201120	13.84	14.10	13.82	13.89	681800
20201123	14.03	14.33	13.86	13.98	930800
20201124	14.08	15.26	14.08	15.18	1673500
20201125	15.29	16.37	15.15	16.06	1607200
20201127	16.01	16.23	15.72	16.18	529000
20201130	16.26	17.85	16.20	17.10	2337100
20201201	17.28	17.43	16.28	16.53	2042400
20201202	16.30	17.56	16.29	17.40	1213300
20201203	17.50	17.73	17.02	17.31	1084100
20201204	17.50	18.20	17.27	18.02	1183300
20201207	18.22	18.72	17.18	17.29	1437500
20201208	17.22	18.07	17.22	17.61	910200
20201209	18.10	19.66	17.95	19.08	3101700
20201210	19.04	19.30	18.27	18.63	1764900
20201211	18.34	19.09	18.17	18.26	1439700
20201214	18.54	20.03	18.50	19.65	1843100
20201215	19.90	19.97	19.34	19.65	1047900
20201216	19.63	20.21	19.52	19.93	1261500
20201217	20.21	21.02	19.98	20.96	1126400
20201218	20.99	21.64	20.76	21.12	1249200
20201221	20.37	21.53	20.00	21.16	966300
20201222	21.17	22.79	21.17	22.59	1530400
20201223	22.67	24.36	22.56	23.03	1601900
20201224	23.23	23.39	21.39	21.61	913900
20201228	21.98	22.24	21.03	21.09	4839300
20201229	21.34	21.36	20.01	20.20	1404000
20201230	20.50	20.90	20.42	20.68	1087300
20201231	20.75	21.17	20.56	20.72	498600
20210104	20.87	21.44	20.35	20.58	680900
20210105	20.58	21.24	20.40	20.85	742800
20210106	20.97	21.55	20.48	21.04	708700
20210107	22.34	29.34	22.31	29.24	9271900
20210108	27.82	31.40	26.70	28.13	5767400
20210111	28.40	29.88	27.20	29.50	2904100
20210112	29.75	30.21	26.82	27.33	2211300
20210113	27.70	29.39	27.64	28.17	1592100
20210114	28.44	32.81	28.26	32.77	3910900
20210115	30.54	32.95	30.00	31.85	4350500
20210119	32.87	35.84	32.60	35.84	3825400
20210120	36.05	36.95	34.61	36.45	2435100
20210121	36.87	37.13	34.76	36.04	1862900
20210122	35.04	38.33	34.92	38.15	1920900
20210125	39.42	41.15	38.15	40.00	2651400
20210126	40.36	42.54	39.54	42.39	1725300
20210127	39.75	46.49	39.25	45.12	3174900
20210128	43.72	46.35	39.89	43.74	3335900
20210129	43.16	45.18	41.46	41.51	1040600
20210201	42.26	46.66	42.18	45.53	2069000
20210202	45.95	48.41	44.10	46.50	1792500
20210203	47.88	51.29	46.72	47.07	2174400
20210204	47.50	50.01	45.98	47.52	2420600
20210205	47.58	52.26	46.60	51.72	2504800
20210208	51.99	56.95	50.86	54.37	3219400
20210209	54.74	54.91	51.91	53.00	2513300
20210210	53.30	54.00	49.00	50.63	1883000
20210211	52.35	53.94	48.65	50.70	1532000
20210212	49.74	50.85	47.28	50.10	1491500
20210216	51.38	52.04	48.68	49.07	1579000
20210217	50.33	51.53	47.62	48.59	1858100
20210218	46.89	47.81	41.22	41.29	3676800
20210219	42.72	46.12	42.51	43.92	3471200
20210222	42.08	44.20	40.20	40.29	1845600
20210223	36.47	36.94	31.35	35.56	4648100
20210224	35.70	36.77	34.00	35.89	2021000
20210225	35.90	38.20	34.01	34.17	2345000
20210226	34.63	36.49	32.75	34.49	2083100
20210301	40.74	41.91	36.09	36.28	4264700
20210302	34.32	35.40	32.03	32.28	2299000
20210303	27.71	29.30	26.01	26.80	10289700
20210304	26.59	27.53	23.76	24.44	6150500
20210305	25.07	25.12	21.03	23.69	5565800
20210308	24.07	24.38	21.62	21.85	4045600
20210309	23.61	25.17	23.09	24.43	7266200
20210310	25.28	26.21	24.04	25.38	4363700
20210311	26.58	28.33	26.25	28.14	3079800
20210312	27.50	28.49	26.62	28.34	3062200
20210315	28.89	30.50	28.27	29.76	2907600
20210316	30.16	30.35	26.62	27.49	2112300
20210317	26.20	28.83	25.31	28.35	1739200
20210318	27.90	28.50	26.56	26.87	1320200
20210319	26.92	27.82	26.08	27.81	2245700
20210322	28.75	28.90	27.04	27.98	2253000
20210323	28.01	28.23	25.30	25.77	2265800
20210324	26.24	26.57	23.55	23.72	1874500
20210325	22.55	25.17	22.40	24.96	2139300
20210326	25.00	25.17	23.42	24.67	1444600
20210329	24.75	24.88	23.44	23.74	870700
20210330	23.51	25.28	22.86	25.08	1240500
20210331	25.77	26.58	25.50	25.90	1424000
20210401	27.13	27.13	25.13	25.26	1542800
20210405	25.74	26.10	25.18	25.46	752400
20210406	25.42	25.75	24.45	25.31	1166700
20210407	24.96	25.25	23.61	23.84	1336300
20210408	24.15	24.41	23.48	24.00	756300
20210409	23.61	23.94	23.15	23.79	950100
20210412	23.65	23.66	22.41	22.75	1305900
20210413	23.19	24.16	22.71	23.88	1446800
20210414	23.89	24.88	23.44	23.55	1152200
20210415	24.09	24.90	22.45	22.62	1927200
20210416	22.63	22.80	21.70	22.64	1505000
20210419	22.23	22.33	20.64	21.19	2195600
20210420	21.13	21.69	20.37	20.91	947100
20210421	20.59	22.33	20.12	22.25	1269600
20210422	22.55	23.56	22.05	22.93	1974500
20210423	22.88	23.78	22.60	23.50	1037500
20210426	24.00	24.66	23.55	24.55	870100
20210427	24.70	24.92	24.06	24.26	1192000
20210428	23.85	24.27	23.16	23.74	617400
20210429	23.89	23.94	22.32	22.90	713700
20210430	22.42	22.87	22.17	22.41	873800
20210503	22.51	22.52	21.28	21.44	1257600
20210504	21.12	21.25	20.35	20.88	1839100
20210505	20.90	21.23	19.80	20.00	1776500
20210506	19.79	19.88	18.78	19.57	1977600
20210507	19.98	21.03	19.85	20.05	1361900
20210510	19.75	19.75	18.65	18.65	1384100
20210511	18.25	20.62	17.82	20.26	3158600
20210512	19.63	20.11	19.20	19.44	1440900
20210513	19.66	20.43	18.44	18.86	1412100
20210514	19.31	19.98	18.93	19.80	1202900
20210517	19.71	20.75	19.51	20.28	1433600
20210518	20.32	21.90	20.03	21.13	2018400
20210519	20.32	21.79	20.21	21.58	2072400
20210520	21.68	21.94	21.01	21.45	1001000
20210521	21.73	22.80	21.25	22.33	1342900
20210524	22.43	22.88	21.98	22.52	1244000
20210525	22.64	22.96	21.60	22.02	1262400
20210526	22.29	23.51	22.16	23.23	1103300
20210527	23.46	23.89	22.86	23.71	859600
20210528	23.99	24.71	23.05	23.09	1411100
20210601	23.39	23.59	22.65	23.19	899500
20210602	23.29	24.69	23.25	24.51	1630400
20210603	24.05	24.40	23.00	23.11	883800
20210604	23.35	23.74	22.89	22.93	809600
20210607	23.00	23.56	22.65	23.18	1053900
20210608	23.64	24.11	22.88	23.21	751600
20210609	23.52	23.72	22.53	22.59	692400
20210610	22.49	22.92	22.11	22.73	880900
20210611	22.89	23.43	22.70	22.81	737500
20210614	22.85	23.28	22.43	22.49	1049000
20210615	22.47	22.64	21.31	21.50	700500
20210616	21.30	21.64	20.71	21.57	1014000
20210617	21.51	22.60	21.19	22.15	1208200
20210618	21.67	22.32	21.43	21.63	988900
20210621	21.69	22.41	21.54	22.22	686900
20210622	22.30	26.33	22.27	24.82	7083800
20210623	24.83	26.15	23.88	25.56	2138400
20210624	25.92	26.76	25.25	26.09	2682500
20210625	25.97	27.47	25.58	26.49	2753300
20210628	27.02	28.74	26.89	27.69	2291700
20210629	27.71	28.08	25.62	25.83	1420300
20210630	25.81	26.45	24.98	25.86	1902900
20210701	26.00	26.44	24.42	25.14	1441100
20210702	25.20	25.52	23.30	23.32	1579100
20210706	23.62	24.48	22.67	24.10	1243300
20210707	24.03	24.10	22.41	22.56	940600
20210708	21.75	22.71	21.25	22.57	1287300
20210709	22.68	23.07	22.06	22.86	809100
20210712	22.79	23.12	21.70	22.02	1288300
20210713	21.78	21.99	21.41	21.87	890200
20210714	22.04	22.78	21.25	21.51	1243000
20210715	21.51	21.71	20.37	20.68	1154900
20210716	21.02	21.19	19.88	19.94	756600
20210719	19.31	20.20	19.04	19.90	829300
20210720	20.00	20.81	19.46	20.50	985900
20210721	20.53	21.43	20.36	21.07	709200
20210722	21.05	21.05	20.17	20.51	796000
20210723	20.56	20.65	19.76	20.01	727900
20210726	19.90	20.30	19.60	19.87	600000
20210727	19.55	19.76	18.55	19.40	1039600
20210728	19.61	20.52	19.61	20.27	738500
20210729	20.38	20.64	19.95	20.12	427500
20210730	19.75	20.24	19.68	19.74	595800
20210802	19.99	20.07	19.58	19.88	514100
20210803	19.86	19.97	19.11	19.64	621100
20210804	19.46	20.36	19.32	19.70	740200
20210805	23.27	23.27	21.34	21.89	2212000
20210806	22.12	22.12	21.17	21.32	779700
20210809	21.39	22.16	21.39	21.92	861100
20210810	22.91	24.21	22.75	23.33	2191500
20210811	23.38	23.75	22.38	22.93	973500
20210812	23.45	24.60	23.21	23.74	1436900
20210813	23.71	23.89	22.01	22.08	947400
20210816	21.96	21.99	20.84	20.93	1144400
20210817	20.56	21.16	19.71	20.25	1160600
20210818	20.42	20.95	20.07	20.21	763100
20210819	19.92	20.18	19.52	19.63	979900
20210820	19.65	20.37	19.60	20.32	503300
20210823	20.66	20.91	20.21	20.78	552400
20210824	21.02	21.32	20.66	21.26	712200
20210825	21.26	21.65	20.75	20.76	623000
20210826	20.77	21.37	20.28	20.29	474100
20210827	20.21	20.89	20.03	20.77	527700
20210830	21.05	21.05	20.25	20.49	440600
20210831	20.56	21.06	20.48	21.06	406700
20210901	21.05	23.03	21.05	22.12	1179600
20210902	22.20	23.86	22.19	23.21	1120200
20210903	23.28	23.40	22.56	22.97	747500
20210907	23.36	23.79	23.00	23.74	796500
20210908	23.80	24.20	22.39	22.97	1166500
20210909	22.85	24.42	22.70	23.83	976000
20210910	24.07	24.31	23.31	23.43	646700
20210913	23.46	23.53	22.45	22.80	838900
20210914	22.89	23.40	22.01	22.26	707200
20210915	22.35	22.70	21.88	22.68	611600
20210916	22.58	23.45	22.56	23.11	709200
20210917	23.19	23.65	22.79	23.65	1229900
20210920	22.44	22.70	21.45	22.20	1131200
20210921	22.33	22.57	21.75	21.85	706800
20210922	22.19	22.95	22.16	22.68	632200
20210923	22.83	23.29	22.58	22.77	796500
20210924	22.45	22.56	21.91	22.30	710300
20210927	22.37	23.18	21.92	23.08	547100
20210928	22.59	22.66	21.64	21.66	990200
20210929	21.85	21.99	21.23	21.59	909800
20210930	21.67	22.18	21.50	21.52	415700
20211001	21.92	22.29	21.06	22.22	951100
20211004	22.01	22.43	21.29	21.71	885100
20211005	21.91	22.96	21.71	22.55	1037900
20211006	22.00	23.32	21.81	23.32	732700
20211007	23.55	25.29	23.55	25.17	1556300
20211008	25.20	26.99	25.08	26.35	1752100
20211011	26.18	27.59	26.17	26.96	1332700
20211012	27.07	27.88	26.65	27.00	1154000
20211013	27.27	27.94	27.08	27.11	835600
20211014	27.52	27.89	27.04	27.74	701800
20211015	28.00	28.34	27.05	27.50	887200
20211018	26.98	28.14	26.98	27.40	605500
20211019	27.54	30.13	27.54	30.04	1289000
20211020	30.11	30.93	28.85	29.43	1653200
20211021	29.43	30.45	29.27	29.55	834500
20211022	29.46	29.64	27.56	28.00	919600
20211025	29.80	34.00	29.56	34.00	4345400
20211026	33.40	33.75	31.46	31.98	1644600
20211027	32.21	33.07	30.28	30.45	1027900
20211028	30.60	31.38	30.41	30.93	1055900
20211029	30.85	31.80	30.82	31.54	679000
20211101	31.91	34.08	31.84	33.99	1554200
20211102	33.80	33.99	32.60	33.40	821300
20211103	33.13	33.61	31.89	32.09	1414500
20211104	37.00	42.83	35.16	36.26	7358600
20211105	34.00	36.00	33.41	34.67	1979500
20211108	35.04	38.14	35.04	37.09	1506400
20211109	36.65	37.43	35.30	36.18	1407400
20211110	35.41	36.56	33.55	33.83	1181300
20211111	34.14	34.58	33.25	33.48	765800
20211112	33.94	34.08	32.60	33.24	905200
20211115	33.37	34.02	32.60	33.05	597800
20211116	32.85	33.01	32.03	32.79	591700
20211117	32.82	33.00	30.29	30.73	1379900
20211118	30.87	30.87	29.62	30.37	948200
20211119	30.01	30.61	29.59	29.70	1135400
20211122	29.64	29.71	27.61	27.96	1964300
20211123	27.81	28.55	27.14	27.65	1449800
20211124	27.40	28.22	27.06	28.06	789100
20211126	26.82	27.65	26.50	27.00	603900
20211129	27.66	27.85	26.34	27.02	876800
20211130	26.71	27.34	25.95	26.99	983300
20211201	27.52	27.70	25.20	25.24	1029900
20211202	25.00	26.16	24.60	25.92	1024200
20211203	25.68	25.77	23.85	24.22	1564600
20211206	24.42	24.78	23.38	24.42	885500
20211207	25.70	26.50	25.29	25.73	935900
20211208	26.01	27.31	25.81	26.72	988300
20211209	26.31	26.70	25.34	25.47	764000
20211210	26.16	26.25	24.78	24.91	634000
20211213	25.00	25.11	23.35	23.40	954300
20211214	22.87	23.75	22.70	23.47	1001200
20211215	23.49	24.68	22.96	24.48	1134900
20211216	24.77	24.85	22.78	23.17	1313800
20211217	22.76	24.46	22.52	24.45	1761300
20211220	23.36	23.92	22.96	23.27	608300
20211221	23.65	24.26	23.59	23.98	487300
20211222	24.00	24.29	23.28	23.71	570300
20211223	23.73	24.17	23.54	23.95	795300
20211227	23.53	24.43	23.52	24.37	665500
20211228	24.50	25.14	23.80	23.96	984900
20211229	23.94	24.40	23.32	23.90	934800
20211230	23.96	25.42	23.94	24.77	778100
20211231	24.66	25.39	24.44	24.49	874500
20220103	24.94	25.66	24.46	25.08	663500
20220104	25.24	25.40	23.30	24.42	817100
20220105	24.11	24.95	22.55	22.71	996200
20220106	22.52	23.64	22.15	23.28	1137800
20220107	23.16	24.64	22.98	23.82	671300
20220110	23.27	24.00	22.60	23.77	776500
20220111	23.77	24.78	23.46	24.66	672500
20220112	24.97	25.27	24.25	24.62	868300
20220113	24.83	25.39	23.81	23.88	781000
20220114	23.36	24.19	23.23	24.04	779400
20220118	23.60	24.39	23.07	23.07	978200
20220119	23.16	23.83	22.09	22.12	1018400
20220120	22.60	23.97	22.52	22.57	797000
20220121	22.06	22.98	21.63	21.81	1305800
20220124	20.09	22.11	19.56	22.05	1555600
20220125	21.42	23.06	20.94	22.01	880600
20220126	22.82	23.37	21.32	21.51	1088400
20220127	22.08	22.61	20.93	21.07	698900
20220128	21.01	21.96	20.43	21.91	772300
20220131	22.30	23.87	22.11	23.84	868500
20220201	24.03	24.80	23.25	24.15	871100
20220202	24.38	25.13	23.15	23.69	617500
20220203	22.76	23.46	22.34	22.94	676400
20220204	22.84	23.85	22.27	23.58	506400
20220207	23.76	24.50	23.42	24.03	587800
20220208	24.03	24.88	23.88	24.68	739300
20220209	25.14	26.33	24.63	26.33	1212700
20220210	25.38	27.39	25.20	25.88	1080100
20220211	25.94	27.28	25.02	25.34	715400
20220214	25.20	26.63	24.98	26.00	796100
20220215	26.59	27.91	26.52	27.89	696900
20220216	27.66	28.00	27.05	27.74	564800
20220217	27.34	27.48	26.08	26.45	616500
20220218	26.32	26.73	25.47	25.85	540800
20220222	25.19	25.96	24.19	24.67	839500
20220223	24.49	26.47	22.55	22.59	1471300
