20170103	10.75	11.30	10.15	10.70	85700
20170104	10.85	11.00	10.80	10.85	101000
20170105	10.85	11.05	10.60	10.85	79400
20170106	10.90	11.05	10.70	10.80	67900
20170109	10.75	11.00	10.70	10.80	38800
20170110	10.70	11.00	10.50	10.70	112600
20170111	10.70	10.75	10.43	10.65	56200
20170112	10.55	10.55	10.20	10.20	53400
20170113	10.10	10.45	10.00	10.40	44600
20170117	10.25	10.40	9.95	10.00	69500
20170118	10.15	10.15	9.85	9.95	49800
20170119	9.85	10.15	9.75	9.75	67100
20170120	9.70	9.90	9.70	9.70	51500
20170123	9.55	10.10	9.50	9.55	96800
20170124	9.55	9.80	9.30	9.70	59500
20170125	9.70	10.00	9.65	9.90	34100
20170126	9.85	9.85	9.60	9.75	22000
20170127	9.80	10.10	9.68	10.00	40800
20170130	9.90	9.90	9.60	9.70	46100
20170131	9.65	10.18	9.65	9.90	71500
20170201	10.05	10.30	10.00	10.20	45200
20170202	10.20	10.20	9.80	9.95	35300
20170203	10.10	10.20	9.93	10.15	46600
20170206	10.02	10.25	9.95	9.95	33000
20170207	9.95	10.05	9.78	9.95	30400
20170208	9.90	9.90	9.60	9.65	35700
20170209	9.70	10.00	9.60	9.85	41900
20170210	9.90	10.10	9.55	9.85	31400
20170213	10.00	10.05	9.80	9.90	34500
20170214	9.80	9.95	9.65	9.75	37200
20170215	9.75	9.95	9.61	9.95	24300
20170216	9.85	9.95	9.73	9.75	39500
20170217	9.80	10.00	9.80	10.00	65600
20170221	10.00	10.00	9.90	10.00	51000
20170222	10.00	10.00	9.95	9.95	20300
20170223	9.95	10.30	9.95	10.05	68800
20170224	9.95	10.20	9.95	10.15	36100
20170227	10.20	10.40	10.10	10.15	70100
20170228	10.05	10.30	9.90	9.95	54600
20170301	10.15	10.40	9.95	10.25	87700
20170302	10.35	10.50	10.05	10.18	129500
20170303	10.95	10.95	10.20	10.40	161800
20170306	10.30	10.35	10.00	10.20	72500
20170307	10.15	10.30	10.00	10.00	55200
20170308	10.10	10.10	9.72	9.75	111600
20170309	9.80	9.95	9.70	9.70	68100
20170310	9.90	9.94	9.60	9.70	69600
20170313	9.55	9.85	9.55	9.60	48100
20170314	9.70	9.75	9.45	9.65	80100
20170315	9.75	9.90	9.50	9.80	51900
20170316	9.70	9.90	9.65	9.85	72400
20170317	9.70	9.95	9.70	9.90	315300
20170320	9.95	9.95	9.65	9.70	52400
20170321	9.85	9.85	8.95	9.30	186500
20170322	9.25	9.75	9.25	9.60	98500
20170323	9.60	9.70	9.50	9.55	36100
20170324	9.60	9.90	9.60	9.65	64400
20170327	9.45	9.80	9.45	9.65	25200
20170328	9.65	9.80	9.50	9.70	48300
20170329	9.65	9.85	9.50	9.75	58400
20170330	9.75	10.00	9.75	9.90	56300
20170331	9.95	9.95	9.75	9.80	78200
20170403	9.80	9.95	9.70	9.80	61000
20170404	9.80	9.90	9.65	9.80	53300
20170405	9.80	9.90	9.50	9.50	86800
20170406	9.55	9.80	9.50	9.50	81100
20170407	9.50	9.93	9.50	9.80	50500
20170410	9.70	9.90	9.60	9.60	44400
20170411	9.65	9.80	9.60	9.65	40700
20170412	9.60	9.75	9.50	9.50	33400
20170413	9.50	9.55	9.25	9.30	45100
20170417	9.30	9.50	9.30	9.45	41000
20170418	9.50	9.50	9.35	9.45	50600
20170419	9.50	9.50	9.43	9.50	46300
20170420	9.45	9.60	9.45	9.55	63500
20170421	9.55	9.55	9.40	9.40	66700
20170424	9.55	9.60	9.40	9.60	73400
20170425	9.70	10.13	9.70	10.00	61100
20170426	10.10	10.75	10.05	10.60	179100
20170427	10.65	10.80	10.50	10.65	83000
20170428	10.65	10.65	10.15	10.40	88900
20170501	10.50	11.05	10.45	10.75	120400
20170502	10.70	10.90	10.40	10.45	84300
20170503	10.40	10.55	10.22	10.30	84200
20170504	10.50	10.70	10.03	10.15	51000
20170505	10.05	10.25	10.00	10.10	56200
20170508	10.05	10.15	9.85	10.10	48800
20170509	10.10	10.10	9.65	9.75	93200
20170510	9.70	9.80	9.64	9.65	63900
20170511	9.65	9.90	9.45	9.45	76200
20170512	9.50	9.75	9.40	9.50	157500
20170515	9.55	10.15	9.55	9.80	118100
20170516	9.80	9.80	9.50	9.75	41900
20170517	9.60	9.70	9.55	9.60	80100
20170518	9.40	9.90	9.40	9.90	209200
20170519	9.90	9.90	9.50	9.55	79900
20170522	9.55	9.55	9.45	9.50	45400
20170523	9.55	9.55	9.25	9.30	58000
20170524	9.25	9.40	9.20	9.25	43700
20170525	9.25	9.30	9.11	9.25	39700
20170526	9.35	9.56	9.20	9.35	67800
20170530	9.25	9.30	9.05	9.10	52600
20170531	9.10	9.25	9.05	9.15	51700
20170601	9.05	9.45	9.05	9.30	75500
20170602	9.15	9.55	9.15	9.40	91700
20170605	9.40	9.50	9.30	9.35	76800
20170606	9.25	9.40	9.00	9.10	60100
20170607	9.15	9.25	9.00	9.10	70600
20170608	9.05	9.25	8.95	9.15	105300
20170609	9.15	9.25	9.05	9.10	128500
20170612	9.10	9.55	9.05	9.55	130400
20170613	9.55	9.75	9.45	9.60	217600
20170614	9.65	9.75	9.50	9.55	59400
20170615	9.45	10.00	9.41	9.70	134300
20170616	9.50	9.75	9.50	9.60	140200
20170619	9.60	9.85	9.60	9.80	43700
20170620	9.80	9.88	9.60	9.80	54500
20170621	9.80	9.95	9.70	9.85	97800
20170622	9.75	10.95	9.70	10.80	180100
20170623	10.80	11.05	10.45	10.90	414900
20170626	10.85	10.90	10.65	10.65	38400
20170627	10.70	10.80	10.58	10.65	47700
20170628	10.65	10.85	10.60	10.85	61400
20170629	10.85	10.95	10.65	10.85	47000
20170630	10.85	11.05	10.75	10.80	78200
20170703	10.80	10.80	10.45	10.55	24600
20170705	10.50	10.55	10.10	10.15	40700
20170706	10.05	10.20	9.85	9.90	54200
20170707	9.90	10.25	9.85	10.20	42100
20170710	10.10	10.35	10.05	10.20	58900
20170711	10.20	10.50	10.20	10.30	42900
20170712	10.30	10.60	10.13	10.20	105800
20170713	10.15	10.50	10.00	10.50	174900
20170714	10.40	10.55	10.35	10.45	36000
20170717	10.50	10.71	10.35	10.55	72900
20170718	10.50	10.55	10.30	10.40	45800
20170719	10.35	10.55	10.25	10.35	49900
20170720	10.30	10.45	10.20	10.30	19700
20170721	10.45	10.45	10.00	10.05	131600
20170724	10.10	10.25	9.88	10.15	50700
20170725	10.15	10.30	10.10	10.20	42700
20170726	10.20	10.35	10.10	10.20	70600
20170727	10.15	10.40	9.95	10.20	57700
20170728	10.15	10.55	10.15	10.30	35000
20170731	10.30	10.40	10.25	10.25	43300
20170801	10.35	10.80	10.15	10.75	65100
20170802	10.80	11.00	10.35	10.55	173600
20170803	10.95	10.95	10.50	10.60	66800
20170804	10.60	10.70	10.30	10.40	39700
20170807	10.35	10.50	10.25	10.40	37300
20170808	10.45	10.90	10.25	10.65	60900
20170809	10.50	10.85	10.45	10.70	72400
20170810	10.60	11.00	10.55	10.85	123900
20170811	10.90	11.90	10.90	11.75	269900
20170814	11.75	12.35	11.55	11.90	216700
20170815	12.00	12.10	11.70	11.80	106500
20170816	11.85	12.05	11.85	11.90	166600
20170817	11.90	11.90	11.55	11.60	119300
20170818	11.45	11.90	11.45	11.75	127200
20170821	11.75	11.95	11.60	11.85	93400
20170822	11.90	12.30	11.80	11.90	159900
20170823	11.70	11.83	11.40	11.65	97300
20170824	11.70	11.90	11.55	11.85	79000
20170825	11.90	12.00	11.82	11.95	55300
20170828	11.95	12.05	11.88	11.95	43600
20170829	11.85	12.05	11.65	12.05	60200
20170830	12.00	12.10	11.75	11.95	61500
20170831	12.00	12.20	11.86	11.95	82800
20170901	11.95	12.00	11.75	12.00	43600
20170905	11.90	12.10	11.80	11.95	47700
20170906	12.00	12.20	11.85	12.05	49200
20170907	12.05	12.20	11.85	11.90	72000
20170908	11.85	12.05	11.80	11.90	41600
20170911	12.05	12.08	11.75	11.85	50900
20170912	11.90	12.05	11.75	11.80	66800
20170913	11.75	12.00	11.60	11.65	97000
20170914	11.65	11.80	11.35	11.40	97200
20170915	11.45	11.50	11.15	11.20	242300
20170918	11.25	11.60	11.25	11.30	82900
20170919	11.35	11.35	10.90	11.05	174800
20170920	11.00	11.10	10.75	10.95	77400
20170921	10.90	11.15	10.75	10.85	78700
20170922	10.80	11.00	10.75	10.90	40600
20170925	11.75	12.00	11.50	11.90	205600
20170926	11.95	12.05	11.90	11.95	97100
20170927	12.05	12.85	11.95	12.80	153500
20170928	12.80	12.80	12.45	12.55	194300
20170929	12.50	12.60	12.40	12.45	62700
20171002	12.50	13.33	12.45	13.25	197600
20171003	13.20	13.58	12.85	13.50	121400
20171004	13.55	13.75	13.35	13.40	115200
20171005	13.40	13.90	13.40	13.75	100700
20171006	13.70	13.95	13.65	13.70	66700
20171009	13.65	13.70	13.25	13.40	47600
20171010	13.40	13.45	13.08	13.30	65000
20171011	13.30	13.60	13.20	13.45	115700
20171012	13.55	13.70	13.25	13.45	38400
20171013	13.45	13.48	13.25	13.35	32600
20171016	13.35	13.65	13.15	13.55	40100
20171017	13.60	13.65	12.95	13.05	94700
20171018	13.20	13.20	12.70	12.75	66100
20171019	12.70	12.78	12.30	12.45	57100
20171020	12.65	13.00	12.40	12.95	97100
20171023	12.90	13.00	12.70	12.75	36100
20171024	12.80	13.10	12.65	12.80	68800
20171025	12.80	13.15	12.70	13.00	35100
20171026	13.00	13.18	12.76	13.15	48200
20171027	13.20	13.60	13.05	13.45	98200
20171030	13.35	13.35	12.95	13.15	36300
20171031	13.30	13.55	13.20	13.25	59700
20171101	13.30	13.35	12.85	13.10	42500
20171102	13.00	13.10	12.75	12.95	97200
20171103	12.85	13.20	12.55	12.60	173700
20171106	12.60	13.75	12.55	13.65	195200
20171107	13.75	14.00	13.55	13.80	175100
20171108	13.65	13.75	13.45	13.65	101900
20171109	14.00	15.80	14.00	15.45	635900
20171110	15.50	15.50	14.90	14.95	308000
20171113	14.75	15.60	14.75	15.25	321200
20171114	15.15	15.35	14.85	15.20	177500
20171115	15.15	15.50	15.05	15.35	419400
20171116	15.45	15.70	15.21	15.45	330000
20171117	15.60	16.55	15.25	16.30	471400
20171120	16.50	16.70	16.01	16.35	170700
20171121	16.45	16.70	16.25	16.70	155600
20171122	16.60	16.75	16.48	16.55	142700
20171124	16.60	16.60	16.15	16.25	90000
20171127	16.20	16.75	16.16	16.65	186200
20171128	16.50	16.75	16.35	16.70	101000
20171129	16.60	17.50	16.50	17.40	267000
20171130	17.50	17.60	17.10	17.35	155200
20171201	17.25	17.25	16.25	16.95	158000
20171204	17.30	17.30	16.60	16.65	110500
20171205	16.55	17.00	16.50	16.65	114700
20171206	16.50	16.95	16.50	16.70	129600
20171207	16.75	16.85	16.60	16.85	284400
20171208	16.85	16.85	16.10	16.15	145900
20171211	16.25	16.45	15.90	16.00	85700
20171212	16.05	16.65	15.95	16.00	132900
20171213	16.00	16.15	15.85	16.00	141300
20171214	16.05	16.10	15.75	15.95	84900
20171215	15.95	16.15	15.85	16.05	202500
20171218	16.15	16.70	16.09	16.15	117600
20171219	16.25	16.25	15.85	16.00	68800
20171220	16.00	16.32	16.00	16.15	71300
20171221	16.25	16.40	15.90	15.95	103800
20171222	15.90	15.90	15.60	15.75	43800
20171226	15.85	16.25	15.80	16.10	68300
20171227	16.05	16.35	15.91	16.15	188500
20171228	16.15	16.25	15.83	15.90	58000
20171229	15.90	15.95	15.45	15.50	133900
20180102	15.65	16.00	15.45	15.90	86500
20180103	15.85	16.00	15.50	15.60	68000
20180104	15.65	15.95	15.40	15.65	71100
20180105	15.70	15.95	15.70	15.80	84900
20180108	15.75	16.15	15.65	16.15	123900
20180109	16.15	16.70	16.15	16.50	98100
20180110	16.55	16.55	16.00	16.05	59900
20180111	16.05	16.55	15.95	16.15	83500
20180112	16.10	16.20	15.85	16.20	49700
20180116	16.20	16.25	15.50	15.50	97300
20180117	15.65	15.90	15.55	15.70	89400
20180118	15.60	15.95	15.45	15.90	74100
20180119	15.85	16.20	15.31	16.20	252700
20180122	16.20	16.20	15.80	15.95	54600
20180123	15.85	16.00	15.55	15.90	126500
20180124	16.00	16.00	15.60	15.70	99800
20180125	15.80	15.95	15.65	15.80	97100
20180126	15.90	16.90	15.70	16.45	387500
20180129	16.45	16.75	16.10	16.15	92400
20180130	15.85	16.30	15.61	16.10	103900
20180131	16.15	16.20	15.40	15.70	109600
20180201	15.55	15.55	14.25	15.45	123400
20180202	15.30	15.60	15.05	15.30	117800
20180205	15.20	15.65	15.05	15.30	179400
20180206	15.00	15.55	14.85	15.55	236400
20180207	15.45	15.50	15.12	15.50	113600
20180208	15.50	15.50	14.90	14.95	91000
20180209	15.00	15.50	14.75	15.35	127200
20180212	15.35	15.60	14.51	15.30	92700
20180213	15.10	15.30	15.00	15.20	57400
20180214	15.00	15.30	14.90	15.20	77100
20180215	15.08	15.25	14.90	15.10	96200
20180216	15.05	15.30	15.05	15.15	89200
20180220	15.00	15.20	15.00	15.10	61200
20180221	15.20	15.60	15.20	15.40	91100
20180222	15.55	15.60	15.25	15.35	124700
20180223	15.45	15.60	15.10	15.55	39700
20180226	15.55	16.05	15.35	16.00	46500
20180227	15.95	16.15	15.80	15.95	85000
20180228	15.90	16.40	15.65	15.70	82100
20180301	15.50	15.85	14.30	14.50	250900
20180302	14.50	14.50	13.95	14.35	129100
20180305	14.35	14.80	14.20	14.65	85900
20180306	14.75	15.10	14.25	15.05	155600
20180307	15.05	15.35	14.80	15.30	72400
20180308	15.70	15.70	15.10	15.40	67600
20180309	15.45	16.00	15.05	15.95	111200
20180312	16.00	16.35	15.70	15.90	104800
20180313	16.00	16.35	15.70	15.90	70100
20180314	15.95	16.05	15.80	15.95	47900
20180315	16.00	16.20	16.00	16.15	67100
20180316	16.10	16.45	16.05	16.30	150300
20180319	16.15	16.30	15.95	16.20	74200
20180320	16.05	16.45	15.91	16.25	76900
20180321	16.20	16.50	16.15	16.35	45900
20180322	16.05	16.40	15.85	16.05	127400
20180323	16.05	16.25	15.50	15.55	105000
20180326	15.70	16.00	14.90	15.10	221800
20180327	15.05	15.25	14.61	14.75	74500
20180328	14.75	15.00	14.40	14.75	70600
20180329	14.80	15.05	14.60	14.80	98700
20180402	14.80	15.25	14.15	14.50	94000
20180403	14.50	14.90	14.30	14.75	86700
20180404	14.55	14.95	14.50	14.85	77600
20180405	14.85	15.05	14.35	14.70	115300
20180406	14.55	14.75	13.95	14.10	118200
20180409	14.10	14.65	13.90	14.20	105500
20180410	14.35	14.50	14.25	14.40	59000
20180411	14.35	14.45	14.10	14.25	39800
20180412	14.35	14.35	13.95	14.00	64600
20180413	14.05	14.05	13.60	13.95	92400
20180416	13.95	14.70	13.95	14.25	64700
20180417	14.40	15.80	14.35	15.75	408400
20180418	15.85	15.85	15.40	15.60	105100
20180419	15.55	15.80	15.30	15.50	68500
20180420	15.40	16.80	15.40	16.75	183500
20180423	17.00	17.00	16.35	16.65	125100
20180424	16.70	16.75	16.00	16.15	120300
20180425	16.10	16.50	16.00	16.45	108000
20180426	16.40	16.55	16.25	16.40	110000
20180427	16.35	16.60	16.20	16.45	118700
20180430	16.50	16.55	16.25	16.25	203900
20180501	16.25	16.60	16.05	16.40	249800
20180502	16.55	16.75	16.30	16.75	200800
20180503	17.05	22.60	17.05	21.15	4220100
20180504	21.00	22.50	20.33	22.40	921000
20180507	22.40	22.88	22.10	22.65	1079900
20180508	22.45	22.73	22.10	22.30	507200
20180509	22.40	22.55	22.25	22.35	661600
20180510	22.50	24.75	22.50	24.30	599100
20180511	24.10	24.50	23.55	23.85	355400
20180514	23.95	24.50	23.65	23.65	315600
20180515	23.65	24.85	23.46	24.05	497000
20180516	24.20	25.85	24.20	25.65	659500
20180517	25.45	26.80	25.15	26.15	481600
20180518	26.25	26.65	25.35	26.35	787000
20180521	26.70	27.10	26.15	26.60	426700
20180522	26.65	27.10	26.35	26.55	251800
20180523	26.60	27.60	26.60	27.25	418300
20180524	27.35	28.00	27.10	27.60	614700
20180525	27.60	28.55	27.60	28.10	410600
20180529	27.95	29.05	27.95	28.85	684300
20180530	28.95	30.00	28.90	29.25	535800
20180531	29.30	30.00	28.95	29.75	385200
20180601	29.80	30.50	29.30	30.30	581100
20180604	30.40	30.90	30.05	30.30	330200
20180605	30.20	31.65	29.90	31.15	673400
20180606	31.20	31.75	30.15	30.55	405800
20180607	30.65	31.30	28.65	29.30	511300
20180608	29.35	29.95	29.25	29.45	232500
20180611	29.50	29.90	29.00	29.10	302600
20180612	29.20	30.30	29.20	29.80	236800
20180613	29.85	29.95	29.25	29.50	714700
20180614	29.30	30.00	29.00	29.80	270700
20180615	29.60	29.95	29.15	29.25	406800
20180618	28.95	29.60	28.20	29.45	290500
20180619	29.30	29.65	28.85	29.40	267700
20180620	29.75	33.00	29.75	32.65	978100
20180621	32.70	34.00	31.23	31.45	434700
20180622	31.45	31.60	30.50	31.15	725700
20180625	31.00	31.05	30.00	30.35	269700
20180626	30.20	31.20	30.20	30.85	164100
20180627	30.75	31.00	29.60	29.70	262500
20180628	29.75	31.10	28.45	31.00	391500
20180629	31.25	31.45	30.65	31.00	493300
20180702	31.05	31.45	30.41	31.45	172300
20180703	31.70	32.00	31.05	31.25	177600
20180705	31.30	32.45	31.14	32.25	241400
20180706	32.15	32.80	32.10	32.35	191300
20180709	32.70	32.70	31.45	32.10	197600
20180710	32.20	32.55	31.60	32.00	109500
20180711	31.60	32.05	31.60	31.70	183500
20180712	31.75	32.55	31.65	32.30	113000
20180713	32.35	32.70	32.10	32.45	207300
20180716	32.85	34.70	31.65	32.65	604800
20180717	32.40	34.17	32.10	33.90	281700
20180718	33.90	33.90	32.85	33.75	244300
20180719	33.75	34.35	33.58	33.90	227200
20180720	33.95	34.23	33.65	33.90	202800
20180723	34.10	34.80	33.80	34.20	294500
20180724	34.35	35.00	33.80	34.15	440800
20180725	34.00	35.00	33.95	34.95	205200
20180726	35.00	35.00	34.15	34.80	179900
20180727	34.90	34.90	32.45	32.45	428400
20180730	32.35	33.10	31.30	31.45	434900
20180731	30.85	31.85	29.45	30.85	474000
20180801	31.15	32.25	30.80	31.90	799100
20180802	37.50	43.15	36.75	38.75	1993300
20180803	38.65	38.99	36.70	37.90	1202200
20180806	38.35	41.03	38.35	39.90	1036900
20180807	40.10	41.35	39.85	39.90	513100
20180808	40.05	40.45	37.50	38.95	1398100
20180809	38.65	40.10	38.55	39.60	777200
20180810	39.50	40.41	39.15	39.95	372400
20180813	40.10	40.20	39.50	39.65	312100
20180814	39.60	43.10	39.60	42.50	1072900
20180815	42.50	42.85	40.51	41.60	611900
20180816	42.75	43.60	41.05	41.25	555200
20180817	41.25	41.70	40.65	41.05	365000
20180820	41.70	42.48	40.60	42.35	801500
20180821	42.20	43.60	42.05	43.20	501600
20180822	43.25	44.10	42.31	43.90	283000
20180823	44.20	44.90	43.55	44.75	429400
20180824	44.70	45.65	44.28	44.80	311900
20180827	45.20	45.50	44.40	45.30	314700
20180828	45.20	45.75	44.58	45.10	253600
20180829	45.25	47.20	45.25	46.75	549500
20180830	46.95	47.70	45.51	47.55	440200
20180831	47.65	48.10	47.40	47.70	423500
20180904	48.20	49.75	48.03	49.40	583300
20180905	49.35	49.65	46.05	48.70	509300
20180906	48.65	50.00	48.10	48.55	328400
20180907	48.55	50.30	47.83	48.55	412900
20180910	48.95	50.40	48.81	49.70	503100
20180911	49.70	51.40	49.25	50.55	473700
20180912	50.70	50.90	47.40	48.65	855600
20180913	48.85	51.20	48.50	50.65	567700
20180914	53.70	54.00	50.20	50.30	906600
20180917	49.75	50.35	47.41	47.80	718500
20180918	47.65	50.25	47.50	50.00	650400
20180919	50.25	51.10	48.11	48.50	749600
20180920	48.70	49.95	47.50	47.95	1548000
20180921	47.95	47.95	44.85	46.95	1957700
20180924	47.60	49.05	46.35	48.15	703200
20180925	48.15	49.00	47.90	48.55	660400
20180926	48.55	49.00	47.55	48.00	320700
20180927	48.00	48.40	46.70	47.40	381100
20180928	47.20	48.45	47.20	48.00	382900
20181001	48.39	49.14	46.93	47.03	397000
20181002	46.23	46.88	44.29	44.91	604000
20181003	45.04	45.81	43.83	45.17	518800
20181004	45.03	46.02	42.89	43.88	431100
20181005	43.89	44.99	43.00	44.15	571700
20181008	43.53	44.45	40.80	41.55	706800
20181009	41.02	41.91	40.92	41.63	608200
20181010	41.25	41.61	39.45	40.00	918800
20181011	39.44	41.75	39.28	40.54	516500
20181012	41.69	42.90	40.40	41.14	362500
20181015	40.97	41.56	39.86	41.14	363800
20181016	41.37	43.81	41.37	43.46	519800
20181017	43.36	43.36	41.76	42.95	389000
20181018	42.85	43.39	41.43	42.22	248800
20181019	42.23	43.07	39.95	40.54	375700
20181022	40.60	41.96	40.41	41.73	281800
20181023	40.72	42.28	40.09	41.60	321400
20181024	41.54	42.40	40.14	40.20	317500
20181025	40.63	40.90	38.69	39.11	514800
20181026	37.91	38.77	35.77	38.06	446700
20181029	38.74	39.64	37.10	37.90	447700
20181030	37.64	39.03	37.39	38.48	560000
20181031	39.06	40.75	37.98	40.11	640000
20181101	45.49	45.49	40.10	42.57	1596500
20181102	43.20	44.93	42.36	43.96	907400
20181105	44.21	44.80	43.00	43.84	470200
20181106	43.59	44.80	42.76	44.10	530700
20181107	44.34	50.08	43.90	50.00	1154300
20181108	49.60	51.30	47.43	49.94	571000
20181109	49.84	49.84	45.28	47.00	811600
20181112	47.01	47.01	42.86	43.05	656300
20181113	43.17	44.29	42.35	42.81	440700
20181114	43.20	43.70	40.88	40.97	386400
20181115	40.69	41.67	40.17	41.34	500200
20181116	40.87	42.11	40.29	40.43	484000
20181119	40.24	40.86	36.04	36.41	605600
20181120	35.23	36.97	35.02	36.32	415200
20181121	36.41	37.88	36.41	36.98	289800
20181123	36.33	37.61	36.33	36.43	103800
20181126	37.04	38.43	36.12	36.72	335900
20181127	36.57	37.08	36.03	37.02	309600
20181128	37.24	38.35	36.68	38.21	382600
20181129	38.12	38.99	36.66	37.09	370100
20181130	37.20	38.86	36.74	38.01	411000
20181203	38.84	39.63	38.10	39.45	305100
20181204	39.20	39.22	35.01	35.42	374600
20181206	34.68	35.84	33.54	35.80	420200
20181207	35.80	36.21	33.60	33.89	300500
20181210	33.59	34.85	33.49	34.29	304900
20181211	34.91	36.95	34.50	35.21	344300
20181212	35.77	36.89	35.77	36.26	327100
20181213	36.42	36.89	35.72	36.25	436100
20181214	35.49	36.46	34.05	34.41	286300
20181217	34.08	35.50	32.50	33.51	661300
20181218	33.94	34.34	32.55	32.95	419600
20181219	32.94	34.24	32.20	32.53	548600
20181220	32.53	32.59	29.60	30.36	735700
20181221	30.37	31.18	28.97	29.69	754700
20181224	29.50	29.80	28.54	28.91	206300
20181226	29.29	31.18	28.86	31.10	267000
20181227	30.51	30.95	29.36	30.94	303100
20181228	31.03	32.04	30.31	31.26	248900
20181231	31.68	32.71	31.39	31.91	460300
20190102	31.23	31.44	30.41	31.11	309200
20190103	30.77	30.99	27.75	27.81	782800
20190104	28.10	29.83	27.91	29.42	547300
20190107	28.25	31.64	28.20	30.99	706100
20190108	31.02	32.34	30.50	32.12	403800
20190109	32.33	33.21	31.98	32.60	395800
20190110	31.89	33.19	31.51	32.51	289800
20190111	32.37	32.59	30.73	31.72	371700
20190114	31.38	31.62	30.58	30.85	213400
20190115	31.03	31.99	30.27	31.87	306600
20190116	31.88	33.74	31.88	33.16	427700
20190117	33.00	34.66	32.69	34.51	564400
20190118	34.65	35.19	34.04	35.16	482400
20190122	34.47	35.16	33.49	33.97	530700
20190123	33.97	34.98	33.29	33.72	248600
20190124	33.87	34.28	33.01	34.18	207500
20190125	34.59	36.19	34.35	35.69	472000
20190128	35.09	35.76	34.25	35.05	251000
20190129	35.23	35.50	33.70	33.82	350000
20190130	33.99	35.21	33.21	34.70	318500
20190131	34.70	36.80	34.02	35.73	334400
20190201	35.67	36.32	35.14	35.69	215900
20190204	35.73	36.26	35.35	35.84	171600
20190205	35.92	36.53	35.32	35.60	276900
20190206	35.60	35.94	34.45	34.84	268000
20190207	34.60	35.08	33.27	33.65	344000
20190208	33.38	34.11	32.83	34.08	269000
20190211	33.94	35.63	33.94	35.45	330300
20190212	35.71	36.59	35.41	36.45	232800
20190213	36.60	36.85	36.11	36.75	256600
20190214	36.60	37.09	34.13	35.17	1597900
20190215	35.51	36.44	34.96	36.42	333500
20190219	36.31	37.25	36.00	37.06	319500
20190220	37.57	37.57	36.61	36.69	241200
20190221	36.78	37.22	36.01	36.89	349300
20190222	36.01	38.81	35.81	36.46	654900
20190225	36.28	39.78	35.99	37.98	554000
20190226	37.45	37.83	36.23	36.26	313200
20190227	36.31	37.15	35.81	37.10	257700
20190228	37.15	37.45	36.51	36.80	403800
20190301	37.40	41.19	36.63	40.78	919400
20190304	41.15	41.65	38.71	39.23	588400
20190305	39.51	39.66	38.57	38.81	218900
20190306	38.98	38.99	37.27	37.31	439700
20190307	37.20	37.72	36.15	36.97	353100
20190308	36.53	36.99	35.71	36.41	336700
20190311	36.73	37.03	36.54	36.94	209000
20190312	37.24	37.66	36.79	37.19	179100
20190313	37.29	38.23	37.11	37.27	428400
20190314	37.17	37.30	35.97	35.98	335300
20190315	35.99	37.08	35.99	36.58	522800
20190318	36.50	37.07	35.60	36.33	245300
20190319	36.44	37.66	35.74	37.14	224400
20190320	37.06	38.66	37.06	37.96	303100
20190321	37.88	39.44	37.63	39.40	357000
20190322	38.88	39.60	37.61	37.67	387500
20190325	37.57	37.84	36.59	37.56	296000
20190326	38.02	38.20	37.16	37.32	253100
20190327	37.19	37.63	35.17	35.35	561200
20190328	35.29	36.27	35.28	35.95	446200
20190329	36.46	36.46	33.92	34.19	477200
20190401	34.56	35.17	33.85	34.21	333100
20190402	34.17	34.20	33.11	34.06	347900
20190403	34.40	34.85	33.83	34.55	341600
20190404	34.64	34.74	33.90	34.35	275300
20190405	34.33	35.20	33.90	35.00	336400
20190408	34.77	34.96	34.25	34.88	277900
20190409	34.92	35.45	34.69	35.22	258300
20190410	35.41	37.58	35.28	37.01	431000
20190411	36.94	37.11	36.22	36.67	219400
20190412	36.94	37.17	36.44	36.69	350700
20190415	36.63	37.29	36.59	36.75	291300
20190416	36.94	37.40	35.76	36.16	328600
20190417	36.49	36.78	30.36	32.12	992600
20190418	32.12	32.88	30.74	31.21	498600
20190422	30.97	30.97	29.46	29.95	868200
20190423	29.99	31.33	29.75	30.83	247100
20190424	31.04	31.23	30.55	31.22	237600
20190425	31.00	31.89	30.91	31.79	276400
20190426	31.80	33.00	31.45	32.85	209300
20190429	32.81	33.40	32.52	33.01	290200
20190430	32.90	33.18	32.47	32.48	344600
20190501	32.67	32.70	31.79	31.92	508600
20190502	31.74	33.37	27.10	28.15	1629600
20190503	28.45	28.70	21.70	25.00	3175800
20190506	25.50	27.62	25.11	27.01	1123800
20190507	26.61	27.58	26.41	27.50	675700
20190508	27.31	28.12	26.78	27.30	663900
20190509	26.87	27.54	26.33	27.26	281500
20190510	27.25	27.32	25.66	26.55	504500
20190513	25.98	26.18	24.20	24.42	560600
20190514	25.02	25.68	24.69	25.53	266900
20190515	25.11	25.59	24.94	24.98	250800
20190516	24.98	25.72	24.94	25.00	263100
20190517	24.79	25.08	23.77	24.04	321500
20190520	23.90	24.63	23.42	24.13	284600
20190521	24.27	24.97	24.02	24.76	446600
20190522	24.67	24.96	24.22	24.29	209400
20190523	24.00	24.69	23.95	24.02	450800
20190524	24.12	24.79	23.87	24.69	255100
20190528	24.76	25.00	23.93	24.00	333800
20190529	23.65	23.90	22.95	23.58	340600
20190530	23.73	24.47	23.65	24.19	492800
20190531	23.93	23.93	22.93	23.17	423800
20190603	23.23	23.88	22.84	23.08	492200
20190604	23.34	24.35	23.21	24.01	844500
20190605	24.29	25.02	23.68	24.96	428300
20190606	24.83	26.02	24.83	25.53	472000
20190607	25.55	27.76	25.50	27.08	800900
20190610	27.30	27.95	26.27	26.30	447300
20190611	26.54	26.95	25.81	26.63	478400
20190612	26.59	27.00	26.15	26.41	247500
20190613	26.45	26.71	25.62	26.50	278900
20190614	26.55	27.20	26.26	26.31	318200
20190617	26.44	27.22	26.26	27.02	321600
20190618	27.48	28.52	27.21	28.41	775000
20190619	28.41	28.58	27.87	28.50	294600
20190620	28.90	29.68	28.64	29.39	468700
20190621	29.30	29.33	28.87	29.03	692800
20190624	29.52	29.52	28.57	28.62	366100
20190625	28.76	29.40	28.55	29.26	467300
20190626	29.28	29.64	28.99	29.51	588800
20190627	29.65	30.42	29.43	30.19	521500
20190628	30.19	30.56	29.36	29.38	710900
20190701	29.98	30.12	29.24	29.74	260400
20190702	29.83	29.85	29.16	29.83	275300
20190703	29.96	30.00	29.37	29.50	121300
20190705	29.61	29.71	28.91	29.42	184400
20190708	29.47	29.67	28.97	29.56	238100
20190709	29.39	30.29	28.93	30.23	294500
20190710	30.63	30.81	30.17	30.46	354200
20190711	30.45	31.02	30.34	30.80	369000
20190712	30.74	30.78	29.98	30.42	387300
20190715	30.52	31.71	30.37	31.54	338400
20190716	31.66	32.23	31.19	31.77	333400
20190717	31.72	31.72	30.86	31.07	281600
20190718	31.01	32.05	30.91	31.50	265900
20190719	31.47	32.15	31.02	31.05	289400
20190722	31.27	32.22	31.27	32.13	556600
20190723	32.35	32.63	31.88	32.03	547300
20190724	31.94	32.94	31.75	32.67	261200
20190725	32.67	32.67	30.56	30.70	536500
20190726	30.95	31.39	30.27	31.35	286300
20190729	31.34	31.72	30.42	30.86	369300
20190730	30.43	31.26	30.26	30.30	650800
20190731	30.20	30.78	29.21	29.31	786500
20190801	33.50	37.35	32.11	34.80	1824400
20190802	34.37	34.62	32.35	33.42	533500
20190805	32.30	32.78	31.33	32.10	592200
20190806	32.57	33.22	31.83	32.75	468200
20190807	32.13	33.08	31.65	32.51	289600
20190808	32.68	33.27	32.52	32.70	320400
20190809	32.60	32.71	31.17	31.95	229700
20190812	31.84	32.65	31.49	32.50	437700
20190813	32.30	33.96	31.94	33.14	390600
20190814	32.36	32.52	31.41	31.92	368500
20190815	32.24	32.29	31.64	31.92	260700
20190816	32.20	33.30	32.14	33.19	322000
20190819	33.52	33.73	32.77	32.95	303600
20190820	32.95	33.33	32.30	32.33	110400
20190821	32.60	32.64	31.96	32.21	218800
20190822	32.25	32.25	31.05	31.32	117600
20190823	31.30	31.56	29.44	29.71	252100
20190826	30.09	30.19	29.29	29.71	153300
20190827	30.50	30.77	29.88	29.95	398100
20190828	29.66	30.31	29.66	29.95	192400
20190829	30.00	30.86	30.00	30.21	187100
20190830	30.35	30.46	29.84	30.11	272300
20190903	29.80	29.83	27.25	27.68	473600
20190904	28.02	28.15	27.03	27.59	309000
20190905	27.98	29.02	27.72	28.53	166200
20190906	28.51	28.78	27.99	28.03	137800
20190909	28.15	28.26	26.91	27.04	266000
20190910	26.92	27.68	26.40	27.54	208100
20190911	27.54	29.06	27.21	28.50	335800
20190912	28.82	29.07	28.30	28.79	222400
20190913	28.98	29.34	28.71	29.21	221100
20190916	29.03	30.09	28.94	29.83	363800
20190917	29.87	30.43	28.99	30.31	216000
20190918	30.32	30.35	29.55	30.20	242500
20190919	30.16	30.70	29.60	29.81	229400
20190920	29.74	30.23	29.46	29.91	348000
20190923	29.60	29.83	29.20	29.33	133200
20190924	29.32	29.71	28.00	28.14	321600
20190925	28.00	28.38	27.18	28.14	201400
20190926	28.05	28.15	27.02	27.18	124200
20190927	27.34	27.34	25.67	25.99	264700
20190930	26.21	26.22	25.12	25.78	430400
20191001	25.93	26.44	24.82	25.05	304600
20191002	24.85	24.95	24.30	24.59	211800
20191003	24.59	25.53	23.78	25.19	289100
20191004	25.23	25.72	24.94	25.63	266900
20191007	25.56	25.76	25.16	25.43	233300
20191008	24.94	25.19	24.32	24.55	374000
20191009	24.93	25.60	24.50	25.31	244000
20191010	25.23	25.61	24.59	25.46	159100
20191011	25.96	27.12	25.96	26.69	261500
20191014	26.59	26.85	26.02	26.15	225900
20191015	26.42	27.24	26.42	26.66	346700
20191016	26.65	26.84	26.30	26.40	141100
20191017	26.55	27.76	26.31	27.58	350800
20191018	27.51	29.04	27.44	28.68	545400
20191021	28.93	29.51	28.15	28.21	527200
20191022	28.28	28.50	27.06	27.40	233800
20191023	27.62	28.38	27.32	28.10	453300
20191024	28.22	28.77	28.22	28.66	318800
20191025	28.59	28.70	28.02	28.26	457200
20191028	28.33	29.24	28.33	28.69	250900
20191029	28.62	28.91	28.18	28.61	326400
20191030	28.65	28.65	27.76	27.93	485600
20191031	29.60	33.44	28.90	32.78	1660700
20191101	32.79	33.92	31.81	33.28	623400
20191104	33.62	35.00	33.50	34.92	614100
20191105	35.00	36.22	34.87	35.92	447800
20191106	36.32	36.83	35.47	35.55	390600
20191107	36.00	36.41	35.60	36.11	455400
20191108	35.90	36.05	34.99	35.49	510400
20191111	35.78	36.56	35.38	35.54	355500
20191112	35.49	35.75	34.38	35.14	448800
20191113	35.00	35.03	33.81	34.71	397500
20191114	34.48	35.11	34.24	34.90	250600
20191115	35.19	35.43	34.52	35.21	409000
20191118	34.94	35.27	34.12	34.33	281000
20191119	34.38	35.18	34.23	34.71	301900
20191120	34.85	36.04	34.77	35.67	523100
20191121	35.87	36.86	35.50	36.73	305900
20191122	36.94	37.49	36.46	37.39	387000
20191125	37.48	38.84	37.26	37.71	627100
20191126	37.63	38.72	36.94	37.02	410000
20191127	37.05	37.60	36.59	36.89	187400
20191129	36.74	37.09	36.56	36.86	89900
20191202	36.91	37.14	35.81	36.77	549000
20191203	36.19	37.09	36.10	36.82	210000
20191204	37.34	38.57	37.34	38.13	559200
20191205	38.29	38.29	36.84	37.05	411800
20191206	37.18	37.79	37.10	37.32	216500
20191209	36.95	37.42	36.59	36.93	302600
20191210	36.77	37.37	36.74	37.18	167700
20191211	37.19	37.80	37.01	37.40	250000
20191212	37.32	37.88	37.20	37.69	213800
20191213	37.63	37.76	37.25	37.43	180700
20191216	37.52	38.06	37.21	37.26	213100
20191217	37.29	37.84	36.64	37.23	590300
20191218	37.28	37.74	36.68	37.37	324400
20191219	37.28	37.41	35.88	36.73	506000
20191220	36.62	37.38	36.30	36.40	596600
20191223	36.44	37.17	35.93	36.92	286700
20191224	37.00	37.82	36.69	37.05	176600
20191226	36.95	37.36	36.30	36.82	292900
20191227	36.89	37.27	36.22	36.50	226000
20191230	36.50	36.67	35.21	35.33	247800
20191231	35.12	35.41	34.83	35.17	414600
20200102	35.30	35.41	33.82	34.79	356500
20200103	34.25	35.01	34.05	34.38	186900
20200106	34.00	34.55	33.70	34.41	309300
20200107	34.40	34.92	33.74	34.37	556100
20200108	34.48	35.33	34.40	34.81	338600
20200109	35.10	35.60	34.76	35.41	236900
20200110	35.54	36.61	35.38	36.58	316500
20200113	34.61	39.14	34.19	39.07	721100
20200114	39.00	40.60	38.60	40.25	400200
20200115	40.00	41.98	39.90	41.64	414200
20200116	41.95	42.73	41.38	41.93	421200
20200117	42.29	42.48	41.79	42.40	312600
20200121	42.44	42.61	41.86	42.01	492200
20200122	42.33	42.63	41.99	42.26	121600
20200123	42.05	42.43	41.50	41.54	350300
20200124	41.38	41.57	38.48	38.64	544200
20200127	37.85	37.98	36.81	36.82	554700
20200128	37.08	37.57	36.15	36.98	368400
20200129	37.16	37.30	35.86	36.80	283200
20200130	36.20	36.58	32.91	34.37	1111600
20200131	34.14	36.68	33.01	33.64	740400
20200203	33.95	34.19	33.23	33.55	379900
20200204	34.14	35.71	34.13	34.78	451400
20200205	35.31	36.82	34.93	36.74	434400
20200206	37.02	37.18	36.33	36.71	243300
20200207	36.44	36.44	35.07	35.25	212000
20200210	35.00	35.72	34.63	35.09	371600
20200211	35.43	37.18	35.26	37.14	234200
20200212	37.43	38.31	36.88	38.31	221000
20200213	38.04	38.04	36.89	37.20	401500
20200214	37.24	37.44	36.77	36.91	170100
20200218	36.61	37.21	35.91	35.99	279100
20200219	36.25	36.45	35.61	35.99	456600
20200220	35.78	36.07	35.49	35.65	287700
20200221	35.57	35.80	34.03	34.70	564600
20200224	32.91	33.50	31.57	31.58	595500
20200225	31.75	32.08	29.99	30.43	610500
20200226	30.51	30.71	28.75	28.75	1301400
20200227	31.30	33.33	27.00	31.03	2089100
20200228	30.50	32.78	29.85	31.38	1018400
20200302	31.64	31.80	30.21	31.67	680100
20200303	31.82	32.66	30.43	31.37	364300
20200304	32.10	32.69	31.47	32.09	321600
20200305	31.25	32.49	30.94	31.79	514300
20200306	30.44	30.95	29.14	29.77	427300
20200309	27.07	28.22	26.80	27.63	685100
20200310	28.76	29.46	27.62	29.04	457500
20200311	28.15	28.38	27.04	28.01	453900
20200312	26.18	26.85	25.01	25.98	687400
20200313	27.51	27.62	23.76	26.11	710000
20200316	25.00	26.00	23.20	25.01	937500
20200317	25.11	27.99	24.42	27.51	701600
20200318	26.04	27.73	24.71	27.42	643600
20200319	27.42	29.98	24.78	27.97	988500
20200320	27.93	30.05	26.91	27.53	831100
20200323	27.42	28.00	25.05	25.36	631900
20200324	26.25	27.32	25.38	26.86	496200
20200325	26.54	28.76	26.54	27.99	578000
20200326	28.00	33.19	28.00	32.82	608700
20200327	31.78	32.00	30.32	31.02	586700
20200330	31.22	34.18	30.72	33.91	683900
20200331	33.50	34.04	31.16	32.26	385700
20200401	31.37	32.27	29.44	30.12	402500
20200402	29.64	30.85	29.15	30.18	292600
20200403	30.11	31.12	28.58	29.15	352700
20200406	30.30	32.95	30.00	32.76	370300
20200407	33.75	34.28	31.79	31.88	452100
20200408	32.58	33.03	31.96	32.46	284800
20200409	32.85	34.04	31.69	33.70	388700
20200413	34.50	36.03	33.38	35.20	454600
20200414	36.12	37.38	34.71	37.11	421700
20200415	36.22	36.53	35.22	36.01	284200
20200416	35.52	36.59	35.30	36.52	483400
20200417	37.00	38.26	36.78	38.09	321700
20200420	37.52	38.54	37.00	37.98	250600
20200421	36.57	38.03	36.42	37.07	259500
20200422	37.83	37.83	36.47	37.13	250200
20200423	37.15	38.42	37.14	37.35	296500
20200424	37.92	38.08	37.26	37.47	202500
20200427	37.87	39.46	37.11	39.03	392600
20200428	39.40	39.40	37.56	38.31	287000
20200429	39.12	39.37	38.07	38.76	424700
20200430	39.00	39.01	37.51	38.32	441400
20200501	37.85	38.08	35.93	36.77	272600
20200504	36.57	36.94	35.89	36.45	210400
20200505	36.99	38.05	36.71	37.61	245400
20200506	37.84	38.33	37.39	38.00	590100
20200507	37.98	38.88	37.25	37.43	499800
20200508	37.88	38.64	37.48	38.02	300400
20200511	37.67	39.51	37.53	39.04	689000
20200512	39.25	39.38	38.15	38.19	434700
20200513	37.87	37.98	35.24	35.57	309300
20200514	34.87	36.59	34.41	35.50	241600
20200515	35.35	37.94	35.16	37.86	340000
20200518	38.61	39.49	38.14	38.67	315800
20200519	38.51	39.15	38.19	38.25	207900
20200520	38.83	39.31	38.37	38.96	314500
20200521	39.00	40.38	38.69	39.25	756400
20200522	39.38	39.58	38.15	38.48	240200
20200526	39.47	40.25	39.10	39.71	467100
20200527	40.09	40.09	38.65	39.49	398400
20200528	40.07	40.69	38.96	39.28	415800
20200529	39.19	39.66	37.66	38.80	261900
20200601	38.50	40.40	38.40	39.73	333000
20200602	39.89	41.06	39.52	41.00	559300
20200603	41.31	43.28	41.02	43.05	648200
20200604	42.77	43.85	42.68	43.18	670500
20200605	44.18	44.91	42.77	43.18	740200
20200608	43.01	43.66	42.49	42.80	329900
20200609	42.40	43.85	41.74	41.97	438100
20200610	42.08	44.00	41.65	43.37	301800
20200611	42.14	42.41	40.63	41.04	453600
20200612	41.99	42.95	41.10	42.73	395700
20200615	42.30	45.38	41.98	45.23	691900
20200616	46.00	47.94	45.00	45.30	595500
20200617	45.50	47.18	45.50	45.88	465800
20200618	45.81	47.01	45.60	46.71	524000
20200619	47.00	50.86	46.89	50.60	1012500
20200622	51.00	58.01	50.93	57.00	2343900
20200623	57.31	61.73	57.03	57.67	1324900
20200624	56.14	57.00	54.08	55.09	1444900
20200625	55.24	60.45	54.59	60.01	3619200
20200626	60.89	60.98	58.55	59.04	1255300
20200629	59.90	61.50	58.33	61.38	774300
20200630	60.99	61.97	59.92	61.54	690200
20200701	60.78	61.50	60.13	60.43	632700
20200702	61.44	62.25	60.13	61.62	560200
20200706	62.25	62.51	57.28	57.94	1315100
20200707	58.54	59.98	57.46	57.95	892800
20200708	58.92	59.49	58.14	58.61	494200
20200709	59.40	59.94	58.36	58.44	642800
20200710	58.39	59.00	57.39	58.63	424500
20200713	59.11	60.22	56.56	56.75	680100
20200714	55.00	57.06	54.26	57.01	864000
20200715	58.34	58.59	57.23	57.74	455500
20200716	57.30	57.33	55.20	56.53	362800
20200717	56.67	57.34	56.61	56.69	388900
20200720	56.95	59.45	56.74	57.96	876600
20200721	58.86	59.75	55.66	56.44	599300
20200722	56.44	57.17	56.00	56.60	359100
20200723	57.50	57.76	55.07	55.79	454300
20200724	55.32	55.32	53.04	54.64	398300
20200727	55.03	57.22	54.64	56.89	346000
20200728	56.72	57.54	55.97	56.13	385700
20200729	56.72	57.44	56.50	56.58	1220600
20200730	55.88	59.27	55.45	59.06	474500
20200731	58.93	59.51	56.53	58.19	659000
20200803	58.53	61.41	58.52	60.52	490000
20200804	60.46	60.98	59.24	59.96	347500
20200805	60.78	61.86	59.86	61.81	646600
20200806	57.74	58.75	55.00	55.86	1571000
20200807	55.49	56.14	53.68	54.16	1004300
20200810	53.91	53.92	50.13	51.42	1325000
20200811	46.84	50.21	46.40	48.25	2673100
20200812	48.64	49.77	48.06	48.73	608300
20200813	48.53	49.00	47.10	47.67	1055900
20200814	47.39	47.75	46.01	46.99	653800
20200817	47.40	49.47	46.61	49.04	812100
20200818	49.41	49.56	47.85	48.43	459100
20200819	48.64	48.85	47.86	48.10	300100
20200820	47.89	48.50	47.80	48.06	258400
20200821	48.11	48.11	47.01	48.04	326200
20200824	48.77	48.78	46.09	46.51	556000
20200825	46.34	47.96	46.08	47.70	242800
20200826	47.51	47.69	46.53	46.60	716200
20200827	46.91	46.91	45.70	45.99	417100
20200828	45.78	46.57	45.47	45.65	344500
20200831	47.16	48.37	46.13	47.95	733600
20200901	48.14	48.83	47.49	48.53	563800
20200902	48.97	53.85	48.85	53.46	1150100
20200903	52.87	52.87	50.79	52.08	1101600
20200904	51.97	52.36	48.54	49.97	813600
20200908	49.00	51.65	48.60	50.94	680900
20200909	50.99	53.09	50.99	52.12	706800
20200910	52.15	54.16	51.76	51.77	475600
20200911	52.02	52.97	50.50	51.00	363100
20200914	51.24	54.55	51.24	52.96	667300
20200915	53.32	53.72	52.26	52.86	417500
20200916	53.21	54.85	53.21	53.41	366500
20200917	52.23	54.98	52.07	54.83	375500
20200918	55.22	56.35	54.79	55.95	1221100
20200921	54.91	55.40	53.68	55.21	421100
20200922	55.58	55.83	53.18	55.35	337200
20200923	55.50	56.10	54.19	54.30	238100
20200924	53.95	54.21	52.66	53.77	478700
20200925	53.84	55.42	53.42	55.10	238400
20200928	56.00	56.56	55.30	56.36	648900
20200929	56.53	56.99	56.08	56.36	329700
20200930	56.22	57.40	55.50	56.56	391200
20201001	56.87	56.87	56.00	56.33	401200
20201002	55.23	56.64	55.01	56.43	495900
20201005	56.84	57.50	56.35	56.88	467800
20201006	56.83	57.66	55.81	55.93	300000
20201007	57.07	57.25	56.33	56.99	406600
20201008	57.32	57.88	56.50	57.53	275400
20201009	58.00	58.63	56.96	58.07	340800
20201012	58.82	59.83	58.27	58.83	362800
20201013	58.79	60.47	58.61	59.83	323400
20201014	60.31	60.31	58.73	58.85	239300
20201015	57.71	59.96	57.28	59.80	176300
20201016	60.31	61.48	59.80	60.40	244300
20201019	60.40	68.55	60.31	67.63	1245500
20201020	68.59	71.70	67.74	71.41	995400
20201021	72.19	73.73	70.49	71.20	607200
20201022	71.58	74.97	71.36	74.69	434600
20201023	75.00	75.20	72.86	75.08	400800
20201026	72.95	74.12	70.37	71.16	531600
20201027	71.40	74.71	70.40	74.59	346600
20201028	73.74	74.14	71.50	73.08	381000
20201029	73.45	75.24	72.72	74.33	392500
20201030	73.65	73.65	70.51	72.50	630100
20201102	72.83	74.31	71.11	71.76	462500
20201103	72.57	73.43	70.30	70.44	591500
20201104	73.89	74.75	71.88	73.19	622100
20201105	72.26	72.83	66.81	72.16	1024500
20201106	72.56	83.24	70.84	79.77	1092000
20201109	81.17	83.16	76.69	80.89	734700
20201110	81.11	82.77	78.79	81.20	475400
20201111	81.61	83.63	78.81	82.60	421100
20201112	81.55	85.63	79.01	82.78	685600
20201113	82.88	83.48	78.83	80.09	408300
20201116	80.47	81.52	78.44	79.31	414100
20201117	79.25	81.69	77.32	80.75	297900
20201118	80.48	80.82	78.88	79.45	301500
20201119	80.18	82.36	79.90	82.02	331700
20201120	81.40	83.53	80.59	82.23	375800
20201123	83.00	84.37	78.35	79.31	474000
20201124	78.89	78.99	72.21	73.47	757800
20201125	73.53	74.27	68.71	69.87	590300
20201127	69.80	73.35	69.00	73.08	347600
20201130	73.10	74.19	70.57	71.27	411900
20201201	72.00	72.76	70.38	72.42	591200
20201202	72.32	74.80	71.58	73.72	486300
20201203	73.72	75.66	72.97	75.09	333400
20201204	75.46	75.54	72.83	75.37	223700
20201207	75.37	78.99	75.37	77.90	339800
20201208	78.00	80.98	77.28	80.94	367900
20201209	81.18	81.96	77.17	77.61	332600
20201210	77.24	79.19	73.67	78.96	570100
20201211	78.83	81.26	77.43	78.90	298400
20201214	79.01	80.73	76.06	76.13	321300
20201215	76.34	79.17	74.76	78.63	481200
20201216	78.90	80.08	77.01	78.96	504900
20201217	78.59	79.08	75.23	75.98	589400
20201218	75.88	76.64	73.71	76.48	948100
20201221	76.50	79.84	75.34	79.84	486600
20201222	79.77	81.45	78.30	79.76	543800
20201223	80.34	83.89	78.63	81.82	775500
20201224	81.70	83.21	80.40	81.43	186900
20201228	81.88	82.10	77.05	80.56	749900
20201229	80.39	80.89	74.88	77.22	442100
20201230	77.98	80.36	77.70	79.24	323700
20201231	79.81	79.88	78.32	79.22	238000
20210104	79.66	85.96	79.36	81.59	821100
20210105	80.65	82.58	78.50	81.67	362300
20210106	82.09	83.83	77.74	78.50	648000
20210107	79.21	80.99	78.56	80.07	274300
20210108	82.12	85.62	81.78	84.37	520700
20210111	82.37	85.92	82.06	83.95	522400
20210112	83.52	89.96	83.39	89.42	1160800
20210113	89.65	92.27	88.05	88.45	592000
20210114	88.00	92.25	87.20	90.99	439300
20210115	91.00	91.85	87.24	88.06	655100
20210119	87.87	90.04	83.10	89.48	561800
20210120	89.89	91.81	88.09	88.85	233300
20210121	89.68	90.33	86.79	89.67	187800
20210122	89.71	91.44	88.77	91.37	227800
20210125	91.23	92.88	88.71	89.77	337900
20210126	96.99	105.44	96.55	104.47	3479200
20210127	101.41	106.71	98.99	103.85	1733800
20210128	104.00	108.81	100.12	106.69	10552700
20210129	106.78	108.11	102.58	102.58	929600
20210201	103.39	107.17	102.65	106.75	685000
20210202	107.76	111.26	104.75	109.58	720200
20210203	109.50	111.76	107.99	109.96	360300
20210204	110.27	111.89	109.59	111.20	503100
20210205	111.70	117.64	111.00	115.96	666600
20210208	117.02	124.23	117.02	122.90	747700
20210209	123.75	125.26	122.00	124.16	642600
20210210	124.37	127.70	119.55	123.78	633600
20210211	125.09	125.25	121.02	123.69	390300
20210212	123.90	125.06	120.74	124.06	479300
20210216	125.03	127.17	122.21	126.48	540800
20210217	124.79	125.05	119.30	121.00	372500
20210218	118.99	120.25	113.60	118.07	542300
20210219	119.39	128.23	117.50	123.34	571400
20210222	121.35	121.48	114.42	115.53	655000
20210223	110.06	112.07	101.33	111.05	1092400
20210224	111.04	115.60	108.64	114.86	536400
20210225	111.56	119.78	104.76	106.29	613800
20210226	107.59	108.78	101.17	104.01	585900
20210301	106.37	106.72	102.14	106.51	644500
20210302	106.91	107.18	101.85	103.75	354600
20210303	102.31	103.20	95.05	95.10	642700
20210304	92.88	95.19	85.75	90.64	867000
20210305	91.01	91.18	82.47	86.01	779900
20210308	85.87	86.37	78.32	79.01	665300
20210309	83.60	89.92	82.05	88.35	748000
20210310	90.11	92.35	86.53	87.76	455200
20210311	91.14	93.32	90.31	92.06	540700
20210312	89.86	90.74	87.48	90.38	452800
20210315	90.87	94.68	89.83	93.19	390500
20210316	94.45	95.89	90.76	92.50	364500
20210317	91.61	94.35	89.23	93.93	302200
20210318	92.91	94.54	89.93	91.66	534900
20210319	92.89	97.24	91.50	96.67	1154900
20210322	96.37	99.56	94.92	97.79	630700
20210323	97.57	99.33	95.54	98.65	740500
20210324	99.30	99.77	94.76	94.86	1454900
20210325	93.35	97.23	90.57	96.84	568500
20210326	97.58	100.32	96.85	100.24	450900
20210329	99.78	100.21	93.21	99.47	1727600
20210330	99.46	101.54	97.62	100.39	438700
20210331	101.48	106.70	101.48	105.41	388200
20210401	107.00	107.98	104.15	105.76	379600
20210405	107.74	107.76	105.20	106.58	172700
20210406	106.74	113.52	106.40	112.59	501200
20210407	111.32	113.82	109.80	110.14	700400
20210408	113.54	117.03	111.52	114.98	403300
20210409	116.08	116.43	112.76	115.95	211400
20210412	115.94	115.94	112.02	114.08	375000
20210413	115.85	116.50	112.36	115.63	301100
20210414	115.99	119.84	114.63	117.02	345300
20210415	119.00	120.25	116.90	119.89	235400
20210416	120.00	120.00	117.16	118.21	326600
20210419	117.00	118.93	114.10	117.66	318600
20210420	117.65	119.51	115.70	118.81	802200
20210421	118.81	128.90	117.63	128.84	577600
20210422	128.82	131.52	126.61	130.15	891200
20210423	130.47	135.00	130.47	133.80	374700
20210426	134.13	136.10	131.88	135.48	452600
20210427	134.95	138.30	134.30	136.13	277600
20210428	136.43	138.15	134.57	137.13	145300
20210429	139.34	139.97	133.28	139.16	305700
20210430	137.01	138.74	135.63	137.01	598100
20210503	138.41	139.73	135.75	138.94	533100
20210504	136.61	136.98	119.67	122.00	1384300
20210505	122.66	127.75	121.17	124.76	936500
20210506	128.00	136.88	125.02	132.48	809200
20210507	132.73	138.50	130.47	137.79	432100
20210510	135.64	137.35	110.26	111.51	1031600
20210511	110.00	113.62	105.51	113.03	673000
20210512	110.36	113.84	107.60	110.79	510100
20210513	111.34	113.50	103.87	106.27	429300
20210514	107.70	113.50	107.00	110.68	267900
20210517	109.86	119.59	109.82	113.92	414600
20210518	114.92	115.84	111.21	113.55	619800
20210519	110.74	121.12	109.18	120.59	437400
20210520	121.70	128.29	121.70	123.66	378900
20210521	124.99	128.01	124.23	127.34	353000
20210524	128.65	132.47	127.52	130.09	408300
20210525	131.83	135.00	129.24	132.95	233400
20210526	131.80	136.10	130.09	136.02	295900
20210527	137.13	145.42	133.31	143.30	652900
20210528	144.83	150.00	144.00	146.03	1080100
20210601	146.50	148.17	137.94	143.95	465700
20210602	143.32	145.60	140.28	143.67	327100
20210603	141.65	143.48	137.83	140.12	411300
20210604	142.35	143.38	135.16	137.36	387400
20210607	136.43	143.12	136.43	141.36	260200
20210608	141.90	143.06	136.31	142.84	303500
20210609	143.88	146.14	139.43	140.00	325100
20210610	138.90	145.16	137.49	144.23	244000
20210611	145.09	147.27	142.02	147.01	267400
20210614	146.55	149.88	145.29	146.90	311300
20210615	147.15	148.66	145.23	147.51	374700
20210616	147.08	151.00	145.57	147.97	433300
20210617	147.11	152.18	147.11	151.15	363400
20210618	149.37	154.45	145.28	145.48	592300
20210621	146.14	148.25	140.94	148.16	367500
20210622	148.18	150.16	145.05	149.28	328300
20210623	148.93	154.23	148.93	152.84	229300
20210624	155.00	161.71	154.88	154.96	498300
20210625	154.58	157.72	152.77	152.79	684900
20210628	154.70	158.51	152.43	154.95	885500
20210629	154.56	156.08	152.28	152.50	381800
20210630	152.50	154.66	150.11	152.50	835800
20210701	151.88	153.68	148.50	151.12	271400
20210702	152.63	152.63	143.66	144.73	372400
20210706	145.30	146.70	141.68	145.61	305500
20210707	147.72	148.85	142.12	145.64	287000
20210708	141.00	144.23	130.08	143.43	385100
20210709	144.00	144.46	139.75	143.22	294900
20210712	145.00	146.25	141.37	142.75	288900
20210713	143.25	143.67	134.38	135.08	587000
20210714	135.46	135.90	129.12	129.85	435000
20210715	129.09	132.30	126.51	128.89	385200
20210716	130.12	130.65	127.32	129.48	294000
20210719	126.58	134.79	126.02	132.45	410900
20210720	133.77	134.15	130.67	132.06	359100
20210721	132.31	134.67	129.02	134.47	260600
20210722	135.49	136.12	132.03	133.54	197900
20210723	134.59	134.59	127.33	131.88	234900
20210726	131.32	131.32	124.12	126.18	430800
20210727	126.34	126.34	118.54	122.75	415300
20210728	123.48	128.89	123.48	127.50	332100
20210729	127.32	131.77	126.51	127.84	226700
20210730	127.46	130.00	127.22	127.92	188400
20210802	128.50	131.39	127.08	128.25	274100
20210803	127.91	127.92	123.04	127.85	342200
20210804	130.04	131.84	126.62	128.75	254700
20210805	134.38	157.85	134.38	155.05	754500
20210806	153.66	154.25	146.57	149.01	362500
20210809	149.82	155.37	147.51	152.69	298700
20210810	153.68	153.89	142.46	143.32	364000
20210811	142.26	143.23	134.90	138.19	321100
20210812	136.90	137.21	131.58	136.29	298600
20210813	136.20	140.73	134.99	139.24	234800
20210816	140.72	145.32	139.00	142.75	361400
20210817	141.08	144.47	140.67	144.12	239300
20210818	145.22	148.48	142.62	143.69	301200
20210819	140.37	141.55	135.36	138.61	256400
20210820	136.44	137.90	125.40	129.71	1119300
20210823	131.75	136.54	129.95	133.40	416800
20210824	133.40	137.30	132.12	136.78	287300
20210825	136.97	138.12	131.46	134.90	283600
20210826	135.03	140.05	134.87	136.43	191300
20210827	137.44	145.21	137.12	143.40	320100
20210830	143.43	149.80	142.01	149.64	225000
20210831	149.89	154.69	147.05	154.47	396800
20210901	154.50	158.25	153.60	157.17	405500
20210902	158.51	158.65	153.84	157.36	286500
20210903	156.51	157.50	155.09	156.52	141800
20210907	156.74	163.08	156.20	162.68	413700
20210908	162.68	162.69	154.15	155.10	266100
20210909	155.89	159.88	155.64	155.95	157300
20210910	156.76	158.16	146.93	147.14	269700
20210913	147.51	147.52	133.90	138.28	725500
20210914	139.21	142.36	138.33	139.54	286100
20210915	138.63	142.21	136.03	142.19	356700
20210916	142.28	144.33	137.53	144.16	349400
20210917	145.86	145.99	141.52	143.37	676400
20210920	138.49	141.95	136.92	140.06	321500
20210921	141.85	143.18	140.01	140.87	227400
20210922	140.25	144.11	136.12	143.30	194500
20210923	144.38	147.99	142.84	147.36	170300
20210924	145.00	145.11	140.29	142.55	206200
20210927	140.68	141.64	131.67	136.19	329200
20210928	132.56	132.65	123.79	128.99	464400
20210929	129.49	130.65	124.72	125.74	268900
20210930	126.47	130.40	126.12	128.53	639100
20211001	129.43	129.43	122.06	127.79	316700
20211004	125.93	125.93	113.94	116.67	688100
20211005	118.54	123.70	118.54	120.02	358600
20211006	118.06	121.47	116.85	118.20	217700
20211007	119.36	122.31	119.36	121.02	369700
20211008	121.82	121.90	115.42	115.95	261600
20211011	113.54	115.71	111.38	112.33	281500
20211012	114.15	115.73	111.50	113.75	224800
20211013	116.71	118.77	113.76	115.50	331000
20211014	117.20	118.57	113.68	114.37	264300
20211015	116.23	118.33	114.51	114.89	382000
20211018	114.27	118.54	113.11	117.92	263000
20211019	119.67	126.57	117.18	124.62	505100
20211020	124.99	125.99	121.98	125.83	277600
20211021	126.57	128.31	124.40	126.15	229800
20211022	126.05	127.62	121.23	122.48	187400
20211025	122.42	126.60	121.01	124.62	156700
20211026	125.97	126.21	120.59	120.70	226300
20211027	120.05	121.63	117.43	117.64	229900
20211028	118.71	122.19	118.31	118.67	242300
20211029	117.93	120.50	117.32	118.46	205000
20211101	119.28	122.39	119.02	121.03	324600
20211102	121.01	121.01	117.06	118.91	293400
20211103	118.49	122.32	117.01	120.36	394800
20211104	119.49	120.50	114.96	117.12	493800
20211105	115.16	116.98	109.13	115.59	407200
20211108	116.64	120.24	116.64	117.40	299900
20211109	117.33	117.78	114.10	115.42	205200
20211110	114.20	117.03	110.10	111.92	290100
20211111	112.89	115.21	111.22	113.12	144600
20211112	113.97	115.99	112.82	113.38	222900
20211115	113.29	114.87	111.41	112.05	142000
20211116	111.98	116.00	110.48	115.79	238400
20211117	115.93	115.93	111.72	113.40	226800
20211118	114.38	114.38	109.68	111.45	311000
20211119	111.62	114.19	109.71	110.03	256900
20211122	110.17	110.50	103.28	104.12	400700
20211123	103.75	106.20	100.41	103.48	314300
20211124	102.78	105.49	100.06	103.61	186100
20211126	102.24	104.70	96.18	97.18	258100
20211129	98.77	100.04	95.42	95.77	299400
20211130	95.72	96.56	92.55	95.19	344700
20211201	97.14	97.14	89.86	89.93	367100
20211202	90.10	93.59	88.30	92.09	365200
20211203	92.84	92.84	88.05	89.37	363000
20211206	89.58	92.96	86.34	91.48	268000
20211207	94.02	98.11	93.90	95.67	265600
20211208	96.60	100.52	95.52	98.30	333900
20211209	96.98	97.83	91.56	91.73	258900
20211210	92.79	95.28	90.39	90.73	238800
20211213	90.42	92.18	88.76	90.50	230200
20211214	89.45	92.11	87.45	91.32	314300
20211215	91.27	92.72	89.01	92.59	371300
20211216	93.28	93.74	87.13	88.02	361100
20211217	87.78	92.77	86.72	91.85	981700
20211220	90.68	92.53	87.82	89.63	309100
20211221	91.00	94.31	90.76	93.98	235000
20211222	94.06	95.73	93.30	95.67	180800
20211223	95.44	96.83	94.13	96.26	219100
20211227	96.20	96.99	92.47	94.53	238500
20211228	95.51	95.51	90.28	91.16	215000
20211229	91.14	93.32	90.03	92.74	182600
20211230	92.34	95.41	91.64	93.67	199400
20211231	93.67	94.36	91.00	91.30	569900
20220103	92.04	93.63	89.19	93.50	234800
20220104	93.39	93.78	87.97	89.35	240800
20220105	88.28	88.99	82.54	82.86	370800
20220106	82.15	86.50	78.15	84.16	649200
20220107	84.79	85.72	81.49	82.67	319300
20220110	81.63	81.63	75.97	79.07	526800
20220111	79.23	81.24	76.10	79.99	514600
20220112	79.84	80.99	78.48	78.84	402800
20220113	78.90	80.15	75.28	75.50	237100
20220114	74.43	76.12	73.45	75.43	239200
20220118	73.86	75.07	71.96	72.13	325200
20220119	73.26	74.92	71.72	72.18	363500
20220120	73.21	76.88	73.02	73.15	454500
20220121	72.37	73.80	70.17	71.56	410900
20220124	70.22	75.10	67.64	74.75	543800
20220125	72.66	73.21	69.48	69.60	574900
20220126	71.28	72.35	67.02	67.70	539000
20220127	68.46	69.79	64.88	65.39	359000
20220128	66.20	66.93	63.25	66.91	496700
20220131	67.23	72.85	67.01	72.72	352600
20220201	73.54	74.89	70.88	74.16	318000
20220202	74.48	74.91	71.63	73.70	548500
20220203	71.19	73.94	71.19	72.23	404400
20220204	72.14	75.36	71.50	74.13	344700
20220207	73.81	76.18	72.89	73.84	284300
20220208	73.15	75.79	72.78	75.66	198100
20220209	77.18	79.28	77.06	79.25	323400
20220210	76.83	81.36	75.56	77.73	364900
20220211	77.69	79.46	75.07	75.96	216700
20220214	76.12	77.49	71.71	72.21	349000
20220215	73.87	75.82	73.38	75.56	240500
20220216	74.87	74.87	72.13	74.49	178000
20220217	73.34	73.65	68.78	68.84	398000
20220218	68.19	69.30	65.81	66.23	335400
20220222	66.00	68.10	65.21	65.90	329000
20220223	66.24	66.43	62.78	62.99	809800
