20170103	71.42	71.75	70.34	70.50	1253300
20170104	70.41	71.67	70.04	71.32	1415000
20170105	70.90	71.64	69.60	70.25	1515000
20170106	70.41	70.62	69.73	69.81	1464200
20170109	69.86	70.25	69.36	70.00	877700
20170110	69.85	71.37	69.77	70.91	962600
20170111	71.14	71.46	70.27	71.05	715100
20170112	71.05	71.21	69.96	70.54	607900
20170113	71.64	71.86	70.49	70.64	1299100
20170117	70.62	72.68	70.62	71.85	1062300
20170118	71.85	72.20	70.26	70.97	1154700
20170119	70.77	71.26	68.97	69.46	1465500
20170120	69.66	69.99	68.97	69.86	1265700
20170123	69.52	69.79	68.78	69.39	1089900
20170124	69.66	69.92	68.83	69.81	1650000
20170125	70.27	70.70	69.08	69.87	1172000
20170126	69.91	70.41	69.16	69.65	899800
20170127	69.83	69.84	68.82	69.07	853500
20170130	68.92	69.24	68.05	69.18	1715500
20170131	68.85	69.09	67.53	68.42	2112100
20170201	68.05	68.79	66.51	67.22	4076800
20170202	69.77	70.59	67.82	68.46	6506600
20170203	68.23	68.50	66.87	68.06	2283600
20170206	67.96	68.67	67.38	68.06	1459400
20170207	68.13	68.65	67.63	67.97	1254400
20170208	67.92	68.42	66.88	67.83	2955100
20170209	67.80	68.87	67.39	68.30	3385300
20170210	68.33	69.31	68.10	68.96	1593400
20170213	69.18	69.24	67.86	67.95	1049800
20170214	67.93	68.44	67.90	68.17	895000
20170215	68.14	68.42	67.48	67.55	1892400
20170216	67.69	67.86	65.47	65.81	3179800
20170217	65.76	67.14	65.47	67.04	3440200
20170221	67.71	67.80	66.51	67.73	2529800
20170222	67.80	68.20	67.09	67.15	1561800
20170223	67.56	67.90	66.08	66.16	1636600
20170224	66.51	67.00	65.90	66.32	2849400
20170227	66.38	67.34	65.73	66.46	2697000
20170228	66.50	66.85	65.34	66.08	2128400
20170301	66.79	67.36	66.19	67.02	2517600
20170302	67.11	68.03	66.89	67.65	2209300
20170303	67.47	67.59	66.76	67.46	1501600
20170306	67.46	67.46	66.24	66.89	1522000
20170307	66.70	66.98	66.41	66.57	1067700
20170308	66.68	68.10	66.54	67.75	1448100
20170309	67.65	67.82	67.05	67.07	1597400
20170310	67.11	67.68	66.99	67.57	1066100
20170313	67.57	67.80	65.44	66.82	2330000
20170314	65.99	67.34	65.99	66.85	1312200
20170315	67.26	67.59	66.56	67.34	1509400
20170316	67.33	68.15	66.94	67.01	1822200
20170317	67.49	67.90	66.34	66.51	2148500
20170320	66.43	66.73	65.68	66.09	1994900
20170321	66.15	66.32	63.44	63.53	3916800
20170322	63.46	64.22	63.12	64.10	1700700
20170323	64.44	64.90	64.07	64.58	1373500
20170324	64.58	65.00	64.21	64.32	1504500
20170327	63.85	64.29	63.54	63.76	1724400
20170328	63.68	63.88	63.09	63.34	2083100
20170329	63.39	64.03	63.15	63.81	1592400
20170330	63.72	64.13	63.56	63.97	1074100
20170331	63.87	64.55	63.83	64.27	1159300
20170403	64.24	64.53	63.45	63.54	2117300
20170404	63.36	64.51	62.94	64.29	2920300
20170405	64.48	65.20	63.56	63.60	2063100
20170406	63.81	65.15	63.63	64.79	2452800
20170407	64.79	65.34	64.50	65.18	1515700
20170410	65.23	66.66	65.18	65.61	3230900
20170411	65.39	66.56	64.71	65.67	1694700
20170412	62.54	62.81	60.17	60.21	9102400
20170413	59.97	60.84	59.18	59.21	3469900
20170417	59.51	59.61	58.77	59.22	2322000
20170418	59.20	60.01	58.92	59.37	2174200
20170419	59.46	60.04	59.42	59.69	1644400
20170420	60.07	60.83	60.07	60.49	1997600
20170421	60.75	61.23	60.55	61.13	2076700
20170424	61.65	62.44	61.06	61.09	2398300
20170425	61.04	61.10	60.21	60.54	2031400
20170426	60.82	61.29	60.69	60.85	2446700
20170427	59.86	60.10	56.96	57.94	6485800
20170428	57.99	58.06	57.19	57.69	3230300
20170501	57.91	57.91	56.97	57.22	1880900
20170502	57.17	58.38	57.05	58.37	2442300
20170503	58.22	58.84	57.85	58.34	2336400
20170504	57.78	57.95	56.90	57.35	2679600
20170505	57.68	57.76	57.12	57.73	1361700
20170508	58.09	58.10	57.22	57.46	1477100
20170509	57.62	57.73	57.18	57.63	1273100
20170510	57.71	57.71	56.72	56.80	1509600
20170511	56.58	56.77	55.73	56.16	1690900
20170512	55.97	56.09	55.40	55.98	1654100
20170515	56.17	56.51	55.18	55.21	2031200
20170516	55.47	55.54	54.47	54.69	1617900
20170517	54.37	55.08	53.79	53.80	2053800
20170518	53.90	54.66	53.81	54.28	1952400
20170519	54.37	54.71	53.76	53.90	2364500
20170522	53.94	54.04	52.65	52.71	2278700
20170523	52.76	52.82	50.64	50.83	4363700
20170524	51.03	51.07	49.48	49.73	3057400
20170525	49.81	51.32	49.79	50.91	2723100
20170526	51.10	51.62	50.57	51.38	2647600
20170530	51.19	51.78	51.06	51.33	2636000
20170531	51.42	51.65	50.49	51.64	2204200
20170601	51.84	52.60	51.48	52.53	2704400
20170602	52.23	52.56	51.23	52.07	2668500
20170605	52.17	52.61	51.54	52.34	2829200
20170606	52.05	52.26	51.27	51.51	2267300
20170607	51.52	52.24	50.83	51.02	2852900
20170608	51.26	53.03	50.83	50.97	3950600
20170609	51.20	53.81	50.81	53.39	3529500
20170612	53.44	55.51	53.42	54.04	3654800
20170613	53.89	54.53	52.98	53.51	2377000
20170614	53.61	54.07	52.22	52.54	2287200
20170615	52.48	52.77	51.65	52.27	1572300
20170616	52.04	52.13	51.05	51.93	3242100
20170619	52.16	52.51	51.47	52.08	2050800
20170620	52.14	52.29	50.17	50.22	2515700
20170621	50.24	50.55	49.42	49.45	1790000
20170622	49.49	49.73	49.14	49.18	2227500
20170623	49.18	49.50	48.79	49.29	2716800
20170626	49.29	49.70	48.77	49.48	1891600
20170627	49.48	50.75	49.43	50.33	1840700
20170628	50.53	50.84	49.72	49.74	1385700
20170629	49.74	50.41	49.55	49.70	1351400
20170630	50.05	50.94	49.65	50.76	1541400
20170703	51.20	51.86	50.98	51.46	1098200
20170705	51.34	51.68	49.59	49.62	2824900
20170706	49.59	49.75	48.15	48.22	3083500
20170707	48.24	48.51	47.67	47.81	3382600
20170710	47.75	48.11	47.36	47.43	2536600
20170711	47.30	47.38	46.70	46.86	2386300
20170712	47.10	47.50	46.69	46.80	2487200
20170713	47.08	47.63	46.80	47.14	4136600
20170714	47.38	48.87	47.25	48.24	3076800
20170717	48.26	49.79	48.15	48.95	3041200
20170718	48.96	49.11	48.11	48.51	1586700
20170719	48.71	49.46	48.24	48.54	1771900
20170720	48.41	49.33	48.02	48.71	2204900
20170721	48.61	49.40	48.54	49.26	2414000
20170724	49.22	49.22	48.09	48.24	2049000
20170725	48.46	50.37	48.46	50.12	2687900
20170726	50.13	50.57	49.46	50.00	3385800
20170727	50.56	54.63	50.24	53.86	9372500
20170728	53.61	54.07	52.65	53.01	3377300
20170731	53.15	53.36	52.47	52.54	1802800
20170801	52.81	52.81	51.65	52.61	2422800
20170802	52.32	52.61	51.95	52.13	1421300
20170803	51.80	52.54	51.49	51.97	1911100
20170804	52.15	53.55	51.99	53.36	1752500
20170807	53.30	53.51	52.48	53.00	1979200
20170808	52.92	53.33	51.93	52.18	1594000
20170809	51.93	52.09	51.23	51.95	1749900
20170810	51.75	51.75	49.70	49.80	2415200
20170811	49.82	50.33	49.28	50.08	1613200
20170814	50.37	50.98	49.88	50.59	1690400
20170815	50.73	50.73	48.55	49.24	2551500
20170816	49.49	50.43	49.44	50.31	1703500
20170817	50.22	52.07	49.70	51.68	3157200
20170818	51.28	51.62	50.74	51.47	3048300
20170821	51.43	51.98	51.00	51.53	1713800
20170822	51.76	52.87	51.68	52.86	2515600
20170823	52.70	53.86	52.63	53.67	4374700
20170824	54.12	55.26	53.94	54.29	3334600
20170825	54.45	56.49	54.40	56.06	3487100
20170828	56.19	56.27	55.32	55.48	2057600
20170829	55.03	55.31	54.67	55.29	1391700
20170830	55.24	55.71	55.01	55.47	1339300
20170831	55.97	56.60	55.75	56.00	2288400
20170901	56.22	56.27	55.65	56.03	2176400
20170905	56.29	56.45	55.52	55.88	2070400
20170906	55.85	57.17	55.58	56.48	2438400
20170907	56.84	57.39	56.54	57.34	2090600
20170908	57.21	57.31	56.12	56.75	2880900
20170911	57.00	57.36	56.76	57.34	2332900
20170912	57.34	58.09	57.07	58.06	1417000
20170913	57.97	58.83	57.91	58.72	1983500
20170914	58.67	58.83	58.32	58.81	1697600
20170915	59.05	59.46	58.62	59.43	2119500
20170918	59.48	59.64	57.65	57.73	2368200
20170919	57.85	58.05	57.08	57.64	1612500
20170920	57.36	57.61	56.38	57.03	2033100
20170921	57.16	57.42	56.53	57.17	1479400
20170922	57.08	58.02	56.94	57.51	2068000
20170925	57.57	59.38	57.49	59.13	2123600
20170926	59.20	59.60	58.60	59.14	1124200
20170927	59.34	59.55	58.45	59.20	1327500
20170928	59.22	59.66	58.88	59.39	1192800
20170929	59.35	59.59	58.93	59.56	1023300
20171002	58.33	59.34	58.04	59.27	1733400
20171003	59.45	59.72	59.16	59.46	931000
20171004	59.41	59.73	58.43	58.52	1013600
20171005	58.44	58.78	57.79	58.77	1437400
20171006	58.62	58.74	57.29	57.45	1946300
20171009	57.50	57.66	56.39	56.67	1392100
20171010	56.76	57.38	56.60	56.74	1278200
20171011	56.65	57.16	55.85	55.92	2062400
20171012	56.84	56.84	54.19	54.77	3094400
20171013	55.01	55.86	54.20	55.35	2262800
20171016	55.32	55.53	54.81	55.18	1437900
20171017	55.11	55.99	55.10	55.61	2118300
20171018	55.61	56.48	54.94	55.22	1604100
20171019	55.10	55.41	54.63	54.98	1716800
20171020	55.11	55.62	54.88	55.42	1934000
20171023	55.27	55.98	54.93	54.98	2070800
20171024	54.94	55.01	53.87	54.86	3014500
20171025	55.02	55.30	54.06	54.50	4453600
20171026	51.66	54.15	51.53	53.97	7657300
20171027	53.73	55.04	52.95	54.82	3585300
20171030	54.83	57.10	54.47	56.92	3429400
20171031	57.15	57.40	55.76	56.70	2939500
20171101	56.84	57.03	55.69	55.78	1592800
20171102	55.84	56.38	55.05	56.14	1961600
20171103	54.48	56.65	54.48	55.49	1873400
20171106	55.62	56.27	55.53	56.10	1550700
20171107	55.99	56.14	55.23	55.65	949100
20171108	55.67	57.24	55.58	57.06	1933600
20171109	56.71	58.49	56.62	58.23	1589400
20171110	58.02	59.62	57.93	58.97	3016000
20171113	58.77	59.25	57.67	57.71	1439800
20171114	57.34	58.47	57.18	58.01	1381900
20171115	58.06	59.51	57.50	59.13	2062200
20171116	59.41	60.37	59.09	59.57	2190700
20171117	59.94	61.05	59.66	60.95	1958200
20171120	61.24	62.17	61.09	62.12	2231100
20171121	62.17	62.18	60.43	61.30	2113800
20171122	61.34	62.15	60.85	61.16	1484300
20171124	61.05	61.16	60.60	60.76	543500
20171127	61.02	61.47	60.48	61.16	1583300
20171128	61.17	64.08	60.91	64.03	2199300
20171129	64.00	66.11	63.79	65.55	3240800
20171130	65.76	66.73	64.47	64.49	2490100
20171201	64.76	65.38	63.53	64.41	2647300
20171204	64.85	65.60	64.35	64.52	4821900
20171205	64.99	65.61	64.35	64.97	3461000
20171206	65.10	65.45	63.27	63.33	1513900
20171207	63.29	63.68	62.53	62.83	1906900
20171208	63.18	64.10	62.63	63.94	1899200
20171211	64.55	64.60	62.97	63.46	1689300
20171212	63.32	64.26	62.95	64.11	1160200
20171213	64.05	64.79	63.82	64.19	1686900
20171214	64.34	64.65	63.07	63.11	1464000
20171215	63.59	64.96	63.21	64.66	6084600
20171218	64.82	65.68	64.69	65.40	1558500
20171219	65.35	66.72	64.68	66.62	2290400
20171220	67.18	69.20	67.02	68.96	3023300
20171221	68.98	70.43	68.66	70.30	2046000
20171222	70.38	70.52	69.46	70.39	1153500
20171226	70.49	71.48	70.36	71.16	1107300
20171227	71.34	71.35	70.71	70.76	864300
20171228	70.99	71.03	70.42	70.95	611600
20171229	70.88	71.09	70.48	70.64	731000
20180102	71.21	72.51	70.89	71.52	1590000
20180103	71.67	72.16	71.29	72.06	786100
20180104	72.30	73.45	71.91	73.35	1225700
20180105	73.61	75.16	73.42	75.07	2160100
20180108	74.82	75.34	74.38	74.89	1409700
20180109	75.08	75.22	74.44	75.12	1116600
20180110	74.76	74.95	73.86	74.21	1432400
20180111	73.68	74.22	71.72	74.18	2973600
20180112	74.22	75.46	74.14	75.23	2099400
20180116	75.57	76.48	74.11	74.83	1407900
20180117	75.39	76.65	75.11	76.15	1081900
20180118	76.14	76.73	75.85	76.45	987600
20180119	76.77	77.91	76.58	77.86	1122000
20180122	78.01	78.14	76.94	77.44	1348800
20180123	77.38	77.62	76.35	76.59	2535600
20180124	76.55	76.69	75.44	76.25	2589800
20180125	74.49	74.85	72.25	73.85	2461400
20180126	74.18	74.87	73.98	74.75	2113000
20180129	74.52	75.03	73.92	74.75	1803400
20180130	74.19	74.87	73.73	73.77	1408700
20180131	73.79	74.33	71.65	72.06	2873600
20180201	68.04	68.33	65.49	67.51	7952100
20180202	66.28	66.95	63.87	64.15	4546800
20180205	63.99	64.47	62.01	62.04	3284800
20180206	61.50	64.46	60.15	63.58	3808000
20180207	63.41	64.26	63.20	63.67	2375700
20180208	63.82	64.23	62.31	62.32	2161000
20180209	62.65	63.32	60.31	62.84	2560900
20180212	63.18	63.90	62.01	63.01	1768100
20180213	62.91	63.12	61.51	62.52	1471900
20180214	62.25	64.47	62.01	64.26	1445100
20180215	64.73	66.69	64.26	65.34	2093600
20180216	65.15	65.53	62.79	63.62	1911200
20180220	62.98	64.58	62.78	63.53	1507900
20180221	63.76	64.71	62.58	62.66	1611400
20180222	62.80	63.16	61.92	62.17	1492600
20180223	62.60	63.04	61.86	62.50	1352100
20180226	62.84	63.11	61.28	61.55	1694700
20180227	62.00	63.27	61.67	61.71	1766500
20180228	61.91	62.09	61.15	61.61	1709200
20180301	61.49	61.64	60.19	60.60	1594800
20180302	60.01	61.21	59.41	60.94	2097800
20180305	61.25	61.61	60.62	61.13	1888400
20180306	61.25	61.55	60.83	61.47	1355800
20180307	60.68	61.02	59.78	60.52	1496100
20180308	60.78	61.22	60.54	61.12	1197300
20180309	61.59	62.05	60.99	62.00	915800
20180312	61.97	62.37	60.36	60.41	1548800
20180313	61.97	62.37	59.30	59.72	2218500
20180314	60.04	60.20	59.33	59.42	2840200
20180315	59.51	60.46	59.51	59.76	1314900
20180316	60.01	61.68	59.99	61.09	2160000
20180319	60.91	61.25	59.69	59.97	1317600
20180320	60.01	60.22	59.12	59.61	990000
20180321	59.69	60.05	58.64	58.71	1312700
20180322	58.52	58.55	56.88	56.95	1961600
20180323	57.23	57.51	56.12	56.35	2213500
20180326	57.11	57.54	55.78	57.10	1280800
20180327	57.23	57.76	56.14	56.40	1435000
20180328	56.54	57.54	56.23	56.94	1709200
20180329	57.35	59.96	57.34	59.80	2834300
20180402	59.36	59.79	56.75	57.31	2703000
20180403	57.76	58.34	57.21	57.70	1545600
20180404	56.89	59.16	56.75	58.72	1640200
20180405	59.00	59.10	57.66	58.23	2158400
20180406	57.73	58.25	55.88	56.65	1665700
20180409	56.70	57.38	56.24	56.37	1818000
20180410	56.98	58.63	56.95	58.31	1947300
20180411	57.72	58.59	57.54	58.21	1750000
20180412	58.48	58.80	57.00	57.13	1543100
20180413	57.32	57.32	55.29	55.34	1971200
20180416	57.14	57.41	56.27	56.72	3377200
20180417	56.92	57.05	55.51	55.65	3146400
20180418	56.11	58.63	55.83	57.56	2476500
20180419	57.15	57.35	56.44	56.82	1508400
20180420	58.06	59.43	57.07	57.25	1962600
20180423	57.18	59.12	57.07	58.49	1802800
20180424	59.07	59.37	57.84	58.06	1639700
20180425	57.85	59.05	56.96	59.01	2600900
20180426	59.56	64.24	59.31	63.26	5087600
20180427	63.83	65.18	63.18	64.94	3454300
20180430	65.11	65.36	64.12	64.53	1779000
20180501	64.28	65.36	63.47	64.30	1745300
20180502	64.25	65.57	63.75	64.72	1939300
20180503	63.25	63.41	60.88	62.77	2278200
20180504	62.46	63.87	61.40	63.54	1117500
20180507	63.47	63.61	62.91	63.40	1607000
20180508	63.12	64.06	62.66	63.08	1526300
20180509	63.26	63.79	62.74	63.28	2110800
20180510	63.34	64.37	63.26	64.34	1563000
20180511	64.53	66.14	64.52	66.06	1749400
20180514	65.95	68.05	65.41	67.57	2828700
20180515	67.24	67.97	66.57	67.24	1577900
20180516	67.49	68.28	66.92	67.38	1055900
20180517	67.15	68.42	67.14	68.01	1065200
20180518	68.14	69.18	68.14	69.10	1339000
20180521	69.31	70.60	69.22	69.88	2136400
20180522	70.77	71.45	68.88	69.93	2449000
20180523	69.89	70.63	68.65	70.54	1468500
20180524	70.23	70.90	69.26	70.42	1084500
20180525	70.57	70.71	69.54	69.89	1391800
20180529	69.60	70.14	69.30	70.09	1586100
20180530	70.39	71.92	70.21	71.79	1723300
20180531	71.91	71.91	70.78	70.81	1679100
20180601	71.31	71.94	70.92	71.59	1607000
20180604	71.80	72.09	71.28	71.97	2328500
20180605	71.95	72.60	71.57	72.26	2035100
20180606	72.57	73.21	72.29	73.15	2110500
20180607	73.37	73.60	72.79	73.16	1529400
20180608	73.04	73.47	72.65	72.97	1880700
20180611	73.09	73.15	72.06	72.34	1926100
20180612	72.67	72.96	72.11	72.21	1670000
20180613	72.35	72.61	71.58	71.68	1789800
20180614	71.88	72.13	70.00	70.82	2108400
20180615	70.73	71.06	70.52	70.90	2377800
20180618	70.48	72.40	70.48	72.05	1528900
20180619	71.53	72.15	71.37	72.05	1010700
20180620	72.09	73.36	71.91	73.20	1157500
20180621	73.24	74.33	73.00	73.90	1556900
20180622	74.09	74.09	72.48	73.23	2201000
20180625	72.90	73.12	71.91	72.38	1370900
20180626	72.78	73.51	72.22	73.27	1064600
20180627	73.86	75.32	73.63	74.19	1597300
20180628	74.29	74.94	73.72	74.28	1152500
20180629	74.28	75.28	72.79	72.89	1258600
20180702	72.28	72.45	71.40	72.17	1233300
20180703	72.35	73.26	72.35	72.54	655600
20180705	73.05	73.56	72.83	73.45	1301900
20180706	73.40	73.88	73.00	73.11	1194800
20180709	74.75	74.91	73.60	73.92	1381100
20180710	73.85	74.14	73.49	74.06	826400
20180711	73.90	74.11	73.10	73.74	560000
20180712	73.99	74.21	73.47	73.64	833100
20180713	73.78	75.08	73.58	74.56	997100
20180716	74.74	75.20	74.41	74.73	1441400
20180717	74.34	75.40	73.57	75.20	1233000
20180718	75.73	76.02	74.59	75.06	1960300
20180719	74.97	75.99	74.81	75.68	1124000
20180720	75.70	76.23	75.04	76.11	1383300
20180723	76.13	77.34	75.82	76.50	1468700
20180724	76.57	76.80	74.16	74.65	2257900
20180725	74.56	75.13	72.75	74.48	3005100
20180726	76.23	78.46	75.07	76.58	3773600
20180727	76.28	76.30	72.27	72.66	2511800
20180730	72.81	74.01	72.73	73.76	1026000
20180731	73.87	74.83	73.43	74.36	933900
20180801	74.55	74.63	72.34	73.17	1277900
20180802	72.97	75.11	72.75	74.95	1177000
20180803	75.24	76.12	74.57	74.92	1770400
20180806	74.83	75.53	74.57	75.07	570300
20180807	74.97	76.60	74.88	76.21	1317900
20180808	75.95	77.56	75.77	77.44	1486000
20180809	77.17	78.00	76.76	77.24	1004600
20180810	76.72	77.06	76.33	76.62	731700
20180813	76.10	76.88	75.10	75.75	1006500
20180814	76.07	77.91	76.02	77.64	1467500
20180815	77.28	77.44	75.85	76.64	1345700
20180816	77.10	77.14	75.53	75.89	920000
20180817	76.22	76.89	75.81	76.72	1319000
20180820	77.00	78.13	76.78	77.54	1445600
20180821	77.82	79.71	77.36	79.44	1677700
20180822	79.56	83.08	79.44	82.24	2464400
20180823	81.92	85.00	81.85	84.68	2354800
20180824	85.17	85.70	84.23	84.70	1577900
20180827	85.10	85.10	82.37	82.75	1501200
20180828	82.98	82.98	81.45	82.22	1522600
20180829	82.41	82.85	81.86	82.71	1100900
20180830	82.80	83.11	82.42	82.71	839000
20180831	82.81	84.60	82.81	84.42	1203900
20180904	84.75	87.41	83.98	86.85	2053300
20180905	86.61	87.90	85.42	86.24	1548100
20180906	86.10	86.98	85.57	85.98	1489700
20180907	85.72	86.60	85.39	85.56	1887500
20180910	85.22	86.24	84.69	86.00	1362100
20180911	85.87	87.42	85.21	86.72	1818200
20180912	86.43	86.81	84.55	84.75	1841600
20180913	84.99	85.51	83.95	84.73	2732300
20180914	84.91	84.91	83.31	83.59	2049800
20180917	83.85	84.69	82.75	83.85	1915600
20180918	83.81	85.28	83.81	84.76	1420100
20180919	84.64	85.91	84.55	85.23	1451700
20180920	85.28	86.06	84.56	85.53	1044800
20180921	86.13	86.68	85.75	86.04	1926500
20180924	86.01	86.76	85.68	86.59	1156800
20180925	86.54	87.33	86.10	86.43	1163800
20180926	86.50	87.92	86.41	87.18	1175200
20180927	87.08	87.93	86.70	87.12	1229200
20180928	87.02	88.40	86.51	86.90	1251200
20181001	87.34	87.86	86.21	86.35	1066900
20181002	86.63	86.79	84.91	84.93	1053800
20181003	85.43	85.94	84.81	84.96	1056300
20181004	85.00	85.47	83.02	83.72	1683300
20181005	83.78	84.48	83.38	83.81	1077000
20181008	83.55	85.06	82.67	84.80	1183300
20181009	84.75	86.66	83.85	85.14	1551000
20181010	84.89	84.89	81.01	81.11	1406900
20181011	81.05	83.95	80.68	81.50	2234100
20181012	82.83	84.03	81.66	82.88	1715800
20181015	82.82	83.64	82.38	82.78	1207100
20181016	83.08	85.23	82.58	84.99	1052200
20181017	85.09	85.11	83.11	84.21	1118200
20181018	83.81	84.61	83.11	83.81	1473700
20181019	84.50	84.89	82.78	83.06	1947200
20181022	83.35	84.34	82.19	83.57	2082600
20181023	82.58	84.03	82.27	83.66	1359900
20181024	83.52	84.61	80.05	80.50	2063500
20181025	80.60	87.76	80.24	85.17	3502700
20181026	85.86	87.41	83.72	86.87	3068000
20181029	87.84	91.01	87.76	89.85	1931600
20181030	89.49	90.84	88.00	89.31	1452300
20181031	90.04	90.37	87.68	87.87	1500900
20181101	87.93	89.64	86.92	88.38	1440500
20181102	89.63	90.33	88.41	89.71	1742000
20181105	89.64	89.89	88.23	89.74	1032600
20181106	89.58	90.25	88.82	89.10	1764500
20181107	89.81	91.77	89.03	91.56	1488400
20181108	91.59	93.30	90.99	92.39	961100
20181109	92.13	93.38	92.06	92.88	1358500
20181112	92.79	93.38	91.48	91.98	2069300
20181113	91.99	92.36	90.42	91.58	1132500
20181114	92.17	92.45	89.62	90.07	1778500
20181115	89.92	90.94	87.69	89.22	1275500
20181116	88.76	89.42	87.97	88.61	1849800
20181119	88.43	90.06	88.09	88.22	858300
20181120	86.37	87.02	83.45	83.95	1703600
20181121	84.30	85.95	84.03	85.11	1185400
20181123	84.93	86.17	84.82	85.69	769400
20181126	86.10	86.61	84.90	85.26	1571800
20181127	85.26	87.66	85.26	87.08	1840500
20181128	87.53	91.45	87.09	91.21	1547300
20181129	90.82	91.77	90.39	90.84	1182100
20181130	91.07	91.72	90.15	91.29	1633800
20181203	91.96	92.76	89.93	91.87	1514400
20181204	92.07	92.83	88.61	89.23	1160900
20181206	87.97	88.66	85.27	88.64	1830700
20181207	88.43	88.64	84.96	85.20	1579400
20181210	86.08	86.96	84.16	86.48	1234500
20181211	87.40	89.10	86.17	86.68	1247500
20181212	87.63	88.74	86.84	88.04	977200
20181213	89.45	89.85	87.63	88.29	1371800
20181214	87.27	88.96	84.99	85.59	1491300
20181217	85.30	85.98	82.87	83.50	1438400
20181218	83.82	85.29	82.51	82.70	1461400
20181219	83.15	85.31	82.06	82.54	1024100
20181220	82.00	82.38	78.32	79.57	1690800
20181221	79.25	80.60	77.02	77.08	2869800
20181224	76.72	77.73	75.49	75.53	629500
20181226	76.00	79.58	76.00	79.53	1133200
20181227	78.47	80.31	77.52	80.30	1300400
20181228	80.56	81.45	79.39	79.85	904400
20181231	80.20	80.52	79.46	80.07	1044100
20190102	78.50	80.61	77.59	78.91	1517100
20190103	78.76	79.08	77.06	77.42	2161900
20190104	78.69	80.06	77.63	79.01	2043500
20190107	78.92	81.09	78.71	80.17	2540100
20190108	80.73	81.14	79.10	80.13	2002800
20190109	80.68	82.62	80.68	81.20	1308900
20190110	80.20	81.28	78.99	81.25	1266200
20190111	81.18	82.82	80.98	81.86	1204600
20190114	81.27	83.98	81.11	82.44	2405100
20190115	82.38	83.91	81.64	83.44	1663800
20190116	83.40	84.59	83.29	83.61	1292200
20190117	82.93	85.01	82.25	84.92	1215500
20190118	85.43	86.50	85.12	85.86	1255400
20190122	85.51	86.84	85.33	85.75	1169500
20190123	86.36	86.45	84.46	85.42	1025900
20190124	84.86	85.32	82.72	84.05	1323700
20190125	84.81	86.02	84.58	85.98	1490300
20190128	85.33	85.75	84.49	85.51	1192400
20190129	85.88	86.60	84.88	86.27	1059000
20190130	86.57	87.00	85.73	86.00	1774300
20190131	82.95	84.03	79.28	81.95	6677000
20190201	82.50	84.90	81.27	83.46	2541100
20190204	83.41	85.30	82.52	85.27	1441400
20190205	85.38	86.49	84.94	85.97	1542600
20190206	85.97	87.45	84.96	87.35	1233500
20190207	86.94	87.09	85.59	87.08	1573200
20190208	86.55	88.91	86.31	88.59	1880300
20190211	89.24	90.98	88.95	90.38	1835500
20190212	90.71	91.87	90.44	91.70	1639300
20190213	91.72	92.29	90.67	91.96	1643600
20190214	91.40	92.41	90.68	91.91	1470600
20190215	92.30	93.69	91.75	93.64	1457600
20190219	92.70	93.43	91.50	93.15	1246800
20190220	92.85	94.07	92.85	93.61	1204700
20190221	93.52	94.07	92.75	93.09	871800
20190222	93.43	93.67	91.97	92.45	1315000
20190225	92.93	93.11	91.03	91.26	948700
20190226	90.93	91.67	90.77	91.26	1045700
20190227	91.18	92.33	90.82	91.80	1165000
20190228	91.43	92.24	90.79	91.79	1357600
20190301	92.29	92.76	90.02	91.41	1289600
20190304	91.69	92.31	89.38	90.37	1581300
20190305	90.50	91.39	89.97	90.02	748300
20190306	90.31	91.26	88.54	88.75	922100
20190307	88.63	89.12	88.18	88.79	866300
20190308	88.31	88.90	86.50	87.02	1175300
20190311	87.50	87.52	85.39	86.18	1450300
20190312	86.03	88.05	86.03	87.19	1181500
20190313	87.49	88.46	87.27	88.10	1147500
20190314	88.01	88.01	86.89	87.02	950700
20190315	87.02	87.46	85.87	86.12	2004400
20190318	86.09	86.69	85.70	86.49	1620000
20190319	86.96	88.73	86.66	87.76	1049100
20190320	87.79	88.95	87.32	87.68	1408900
20190321	88.42	91.02	87.85	90.83	1204100
20190322	90.40	90.88	89.02	89.22	896000
20190325	88.96	91.45	88.96	90.54	977800
20190326	91.06	92.11	91.01	91.40	1042900
20190327	91.39	92.22	90.47	91.27	1234600
20190328	91.32	92.27	91.32	91.68	1111700
20190329	92.30	94.90	91.83	94.11	1958600
20190401	94.50	95.53	93.00	93.85	1979000
20190402	93.87	94.07	93.07	93.53	1084600
20190403	93.92	95.44	93.42	94.42	1362400
20190404	94.44	95.88	94.22	95.87	1123900
20190405	95.98	97.68	95.92	97.35	1756000
20190408	96.94	98.11	96.41	97.87	1244800
20190409	97.59	98.14	96.98	97.16	935200
20190410	97.42	97.57	96.30	97.39	975800
20190411	98.14	99.16	97.61	99.11	1158300
20190412	99.40	100.83	99.26	100.36	1286100
20190415	100.09	101.00	99.53	100.59	1542200
20190416	100.37	101.87	100.37	101.25	1623600
20190417	101.67	102.12	99.97	100.02	1247800
20190418	99.88	100.55	98.61	99.24	1407400
20190422	99.19	99.35	97.50	97.84	915800
20190423	98.40	99.69	97.99	99.32	1183600
20190424	99.53	101.17	99.40	100.17	1498500
20190425	100.89	103.95	100.05	101.14	3831400
20190426	101.18	101.72	98.69	101.20	1860100
20190429	101.33	101.90	100.05	100.78	1193000
20190430	100.31	100.70	98.73	99.64	1383900
20190501	99.73	99.92	96.85	97.20	910300
20190502	97.18	99.19	96.92	99.18	1469600
20190503	99.37	100.85	99.14	99.99	1573200
20190506	98.37	99.61	98.02	99.24	892700
20190507	98.15	98.46	96.21	96.89	1107000
20190508	96.62	98.52	95.80	97.70	1325700
20190509	97.11	99.05	96.28	98.65	1164900
20190510	98.29	99.21	97.27	98.88	1507700
20190513	97.19	97.82	94.93	95.57	1440000
20190514	95.90	97.18	94.99	96.90	1204100
20190515	96.07	96.27	94.44	95.55	1450000
20190516	96.29	97.91	95.73	97.27	1085200
20190517	96.79	98.00	96.51	96.92	1070100
20190520	96.22	97.62	95.84	97.49	1439000
20190521	97.84	100.25	97.75	99.66	1100100
20190522	99.00	99.75	98.52	99.06	1056000
20190523	98.12	99.24	97.29	98.22	1193600
20190524	98.56	99.04	97.06	97.70	1205500
20190528	97.89	99.35	96.74	96.79	1469300
20190529	96.21	96.73	94.87	95.89	1196500
20190530	96.23	97.46	96.23	97.34	607800
20190531	96.27	97.63	95.20	97.35	1228300
20190603	97.28	98.53	96.69	97.79	1036700
20190604	98.78	100.64	98.78	100.60	1118800
20190605	101.42	101.94	100.06	101.12	1008500
20190606	101.40	104.21	101.05	103.62	1419700
20190607	103.98	105.94	103.76	104.88	1091100
20190610	105.79	105.94	103.37	103.49	1061200
20190611	104.02	104.40	102.83	103.68	1052700
20190612	103.83	104.66	103.06	103.63	715800
20190613	104.34	105.24	103.85	104.48	745500
20190614	104.57	104.93	102.37	102.53	1686000
20190617	102.12	102.30	99.50	100.58	1321300
20190618	101.22	102.12	100.40	101.50	919000
20190619	100.55	103.16	100.55	102.63	1201600
20190620	102.92	103.64	101.66	103.14	1031500
20190621	103.31	103.51	102.17	103.13	1061100
20190624	104.02	104.30	102.97	103.22	839700
20190625	103.33	103.80	102.36	103.00	858000
20190626	103.21	104.22	102.82	103.07	815100
20190627	103.16	105.05	102.39	104.52	1172900
20190628	104.80	105.45	103.99	105.10	1132800
20190701	106.19	108.56	105.68	106.85	974700
20190702	106.98	107.60	106.22	106.76	1054800
20190703	105.69	106.29	104.72	106.26	970900
20190705	105.75	107.01	105.31	106.71	812600
20190708	106.29	107.08	106.27	106.61	666600
20190709	106.56	107.27	105.62	106.35	813500
20190710	106.54	106.55	104.60	105.60	761500
20190711	106.86	107.47	105.87	106.76	1167200
20190712	107.36	109.68	107.16	109.13	895500
20190715	109.08	109.29	106.95	107.67	833500
20190716	109.16	109.37	108.35	108.49	976200
20190717	108.34	108.36	107.18	107.33	868900
20190718	107.25	108.83	106.26	108.41	1386000
20190719	109.07	110.36	107.94	108.64	1273800
20190722	108.82	110.31	108.21	108.91	1150100
20190723	109.14	109.33	106.09	107.56	1454400
20190724	107.40	109.17	107.14	108.66	1401000
20190725	101.43	108.03	101.43	107.68	2819400
20190726	108.22	108.48	105.71	106.21	1455900
20190729	106.14	107.18	105.49	106.69	1097400
20190730	106.16	106.89	105.25	105.53	815500
20190731	105.37	106.66	104.28	105.11	1287200
20190801	105.33	106.14	102.95	104.29	1354200
20190802	104.03	104.42	102.94	103.42	1066900
20190805	102.00	102.13	98.48	99.25	1520500
20190806	99.66	102.33	99.20	102.11	1140300
20190807	100.96	102.44	100.18	102.08	926400
20190808	102.33	105.79	102.09	105.37	1092800
20190809	104.83	106.66	103.77	103.92	932300
20190812	103.22	103.22	98.64	99.03	1492200
20190813	99.34	102.44	97.86	100.69	1243200
20190814	98.73	99.39	96.37	96.44	1241500
20190815	96.59	97.35	95.25	95.98	1371500
20190816	96.72	97.81	96.31	97.13	1078600
20190819	98.29	98.65	96.28	97.77	1375100
20190820	97.49	98.89	97.11	97.44	865900
20190821	98.51	99.23	97.75	97.87	915000
20190822	97.98	98.85	97.19	98.00	842000
20190823	97.02	97.03	92.99	93.89	2027700
20190826	94.61	95.87	94.05	95.83	1123600
20190827	96.23	96.83	95.91	96.35	1270900
20190828	95.94	99.34	95.79	99.09	1397300
20190829	100.40	101.29	99.68	100.93	1000100
20190830	102.21	102.26	98.30	98.75	960400
20190903	97.61	98.87	96.20	97.12	1287900
20190904	97.51	97.91	96.13	97.22	1124500
20190905	98.34	100.24	97.56	99.82	1466100
20190906	100.54	101.77	100.16	100.36	2036300
20190909	100.63	101.15	98.76	99.43	1756000
20190910	99.30	103.15	98.64	103.13	1262700
20190911	102.84	102.85	100.40	100.66	982200
20190912	101.19	101.29	95.74	96.29	2116000
20190913	96.97	97.12	93.95	94.12	2245700
20190916	93.86	94.91	92.42	92.73	1609300
20190917	92.68	94.29	91.75	93.23	1253600
20190918	93.06	93.73	89.69	90.68	2234800
20190919	90.82	90.97	88.98	89.26	1744600
20190920	88.55	89.67	87.48	87.62	2174000
20190923	87.34	90.59	87.33	89.33	1473400
20190924	89.02	90.06	88.12	88.58	928100
20190925	88.57	88.89	87.08	87.83	1151200
20190926	87.09	87.69	85.70	86.23	1796700
20190927	86.88	87.24	85.96	86.28	1375700
20190930	86.59	88.21	86.59	87.67	1760300
20191001	88.99	89.20	86.42	87.05	1456200
20191002	87.38	88.27	86.34	87.79	2713400
20191003	87.93	90.45	87.51	90.30	2802500
20191004	90.16	91.45	89.66	90.25	1353400
20191007	90.21	91.09	89.05	89.23	1696600
20191008	89.44	90.68	87.87	89.25	2287900
20191009	89.55	91.07	89.55	90.14	1245000
20191010	89.71	90.64	89.62	90.26	1081700
20191011	91.38	92.40	90.63	91.42	1744300
20191014	91.17	91.64	90.00	90.87	718400
20191015	90.45	91.20	89.82	90.91	1101400
20191016	90.85	91.83	90.52	90.58	1245100
20191017	91.23	91.40	89.86	90.05	1492300
20191018	89.57	91.01	89.26	90.46	2214300
20191021	91.11	91.11	89.38	89.60	1478000
20191022	89.63	91.75	89.17	91.25	1183500
20191023	91.13	92.38	90.29	92.20	2775600
20191024	94.95	95.82	92.02	94.99	3820400
20191025	94.07	94.69	92.67	93.50	1910900
20191028	93.99	94.65	92.59	92.77	995500
20191029	92.31	92.59	91.05	92.53	1433300
20191030	92.37	94.15	92.34	94.03	1112900
20191031	93.71	93.80	91.56	92.10	1168000
20191101	92.77	92.95	92.21	92.84	825800
20191104	93.26	94.45	92.92	93.64	1152500
20191105	93.99	95.19	93.55	94.58	968000
20191106	94.36	94.57	92.17	92.99	994600
20191107	93.08	94.05	91.85	91.99	1082600
20191108	91.85	92.27	91.15	91.91	796600
20191111	91.81	93.56	91.41	93.49	857000
20191112	93.18	93.70	92.19	93.67	887400
20191113	93.23	95.08	92.24	93.96	1031900
20191114	94.04	95.26	92.28	94.57	856500
20191115	94.51	95.69	94.51	95.47	1342600
20191118	95.29	95.94	93.68	94.80	1055300
20191119	94.67	94.74	93.41	93.58	1275200
20191120	93.55	94.00	92.47	93.89	911300
20191121	93.80	94.99	93.65	93.83	1202600
20191122	94.03	94.71	93.55	94.57	910900
20191125	95.24	95.54	92.85	93.11	2001300
20191126	92.91	94.66	92.72	93.30	1700100
20191127	93.39	93.68	92.48	92.90	571100
20191129	92.72	92.85	91.65	91.87	779700
20191202	92.32	93.58	91.96	93.18	1241000
20191203	92.07	93.23	91.02	92.08	1141200
20191204	92.32	93.92	92.32	93.12	841300
20191205	93.91	95.88	93.66	93.82	1206000
20191206	94.90	95.64	93.58	94.85	943600
20191209	94.43	96.67	94.43	94.88	1298200
20191210	95.41	95.55	94.44	94.56	848600
20191211	94.51	95.32	94.00	94.39	660400
20191212	94.38	95.94	93.93	95.60	956100
20191213	95.55	95.81	92.34	92.35	1095000
20191216	92.66	93.01	91.09	91.17	1386000
20191217	90.90	91.87	90.53	90.91	2015900
20191218	91.38	91.53	89.51	90.58	1341800
20191219	90.01	90.44	89.16	89.32	1299800
20191220	90.01	90.80	89.15	89.67	2534900
20191223	89.85	90.54	89.36	89.64	854100
20191224	89.85	91.40	89.75	91.02	410800
20191226	91.11	91.51	89.67	89.97	1123100
20191227	90.56	91.08	89.67	89.79	1146200
20191230	89.81	90.92	89.37	90.38	1214500
20191231	90.19	91.21	90.01	90.90	894100
20200102	91.15	91.53	89.96	90.58	1068900
20200103	90.10	90.35	89.27	89.46	1527300
20200106	88.65	89.16	87.71	89.16	1393400
20200107	88.30	89.15	85.88	87.57	2721700
20200108	87.57	89.69	87.57	89.22	1449500
20200109	89.01	89.46	88.04	88.34	1116600
20200110	88.53	89.24	88.05	88.79	1345000
20200113	88.64	88.65	87.74	87.93	970000
20200114	87.88	88.91	87.43	87.73	1312500
20200115	87.48	88.57	87.41	87.93	1324900
20200116	88.47	89.56	88.08	88.62	1176800
20200117	88.66	90.39	88.14	90.27	1370700
20200121	91.02	92.41	90.85	91.10	2176400
20200122	91.27	91.43	90.22	90.35	997800
20200123	89.84	91.15	88.98	91.12	1082800
20200124	91.00	91.64	90.33	91.03	1935600
20200127	89.79	91.75	89.62	91.44	1462000
20200128	91.38	93.68	91.20	92.41	2644700
20200129	92.47	93.62	92.23	92.44	2129900
20200130	86.39	93.70	85.63	91.28	4613900
20200131	92.32	93.39	88.08	90.43	2800900
20200203	91.43	93.38	91.43	91.85	2263600
20200204	92.72	93.79	88.49	88.63	2623700
20200205	89.51	91.43	89.13	91.42	2094600
20200206	92.27	94.15	91.54	93.97	1665500
20200207	93.30	93.98	92.81	93.93	1010700
20200210	93.56	96.43	93.56	94.88	2112900
20200211	95.16	95.16	93.55	94.92	1224800
20200212	94.98	96.44	94.78	95.85	907800
20200213	95.68	95.99	94.69	95.59	950700
20200214	95.40	95.92	94.93	95.50	675700
20200218	95.87	96.31	94.39	95.17	768900
20200219	95.75	96.89	95.33	95.96	881700
20200220	95.65	96.51	94.25	96.31	979100
20200221	95.94	97.79	95.84	97.41	1349600
20200224	95.51	96.63	94.05	94.17	1563500
20200225	94.66	95.43	90.70	90.94	1335600
20200226	91.53	93.22	89.27	89.32	1384700
20200227	88.25	92.11	86.66	88.29	1941400
20200228	86.18	88.12	84.57	86.41	3316300
20200302	86.40	89.36	85.60	89.31	1659800
20200303	88.92	92.55	88.65	90.93	2324800
20200304	92.29	94.09	90.83	94.07	1611200
20200305	92.34	93.63	90.27	91.43	1179200
20200306	89.72	90.67	87.40	89.31	1761000
20200309	84.46	84.59	75.66	78.92	4000600
20200310	81.35	85.08	78.44	84.89	2606900
20200311	81.45	83.09	80.06	81.32	2439900
20200312	75.24	79.94	70.09	74.70	2929200
20200313	78.06	79.26	69.40	74.40	2399700
20200316	69.00	72.93	65.28	65.76	2245300
20200317	67.03	69.38	62.38	68.91	3537800
20200318	65.34	71.23	62.67	70.79	2190000
20200319	70.11	78.38	69.80	74.58	2291000
20200320	74.02	77.61	72.77	74.11	2447300
20200323	74.56	78.01	73.04	76.21	2057700
20200324	78.74	82.63	76.80	78.12	2012000
20200325	78.18	80.77	74.04	75.11	1648600
20200326	75.86	81.89	75.86	81.50	1529600
20200327	81.03	83.70	80.46	81.13	1578400
20200330	82.10	84.45	80.20	83.52	1234800
20200331	82.77	84.73	82.10	82.55	1663900
20200401	80.74	85.18	79.09	82.01	1752700
20200402	81.04	84.65	80.29	82.15	1537000
20200403	81.83	82.91	77.34	77.61	1471700
20200406	80.63	86.27	80.09	85.87	2515700
20200407	87.89	88.60	83.68	84.44	2934800
20200408	85.04	89.05	83.20	88.55	2432200
20200409	90.10	90.10	85.75	86.14	1986800
20200413	86.07	87.76	84.38	87.54	1417500
20200414	87.46	91.34	87.32	90.76	1361100
20200415	86.69	89.77	86.21	88.59	1341100
20200416	89.78	89.95	87.53	89.04	1355400
20200417	90.91	91.76	88.27	90.52	1311200
20200420	89.25	92.12	88.30	91.21	1581800
20200421	89.27	92.20	89.25	90.92	1511900
20200422	91.88	94.11	90.43	93.17	2054900
20200423	93.14	94.95	90.90	92.83	2374900
20200424	94.70	99.59	93.78	99.56	3173400
20200427	100.73	102.51	99.00	100.65	2162000
20200428	102.28	102.51	100.30	100.50	1775300
20200429	100.55	101.61	98.56	98.72	1766300
20200430	97.63	99.58	96.69	99.03	1393200
20200501	97.28	100.04	97.18	99.67	1055900
20200504	99.72	101.04	99.19	100.01	889500
20200505	101.24	102.94	100.91	102.61	1956200
20200506	103.59	103.71	102.33	102.56	996600
20200507	103.55	104.91	102.49	102.68	1145000
20200508	104.01	105.26	102.98	104.67	933100
20200511	104.65	107.19	103.79	106.49	1259600
20200512	107.22	107.49	105.14	105.18	992400
20200513	104.84	105.85	102.46	103.97	1563200
20200514	103.25	104.45	102.41	104.30	1156000
20200515	104.57	109.33	104.23	109.07	3365900
20200518	110.27	111.19	106.70	107.16	1746100
20200519	106.61	108.92	104.75	106.47	1559300
20200520	107.09	108.04	104.47	105.23	1556400
20200521	105.75	106.82	105.05	106.37	1120100
20200522	107.40	109.74	106.71	109.55	1383700
20200526	110.83	111.03	108.62	108.92	1477200
20200527	113.42	117.87	110.36	117.30	4116000
20200528	118.17	119.25	115.82	116.53	2258500
20200529	116.46	120.00	115.90	119.51	2553400
20200601	119.54	121.87	119.54	120.14	1563500
20200602	118.80	121.37	118.60	121.22	1291100
20200603	121.45	121.46	118.71	120.34	1426300
20200604	120.23	121.59	118.32	119.86	1601000
20200605	121.44	121.65	118.37	119.62	1556100
20200608	117.82	119.73	117.03	119.73	1417500
20200609	119.49	120.50	118.77	119.92	987500
20200610	120.85	121.56	118.12	118.80	792000
20200611	117.79	120.78	116.17	116.76	1482200
20200612	117.78	119.32	114.73	116.01	937000
20200615	114.27	119.53	113.74	118.97	1266400
20200616	120.37	121.43	118.47	121.29	1211700
20200617	122.10	123.36	121.45	122.23	1200900
20200618	122.43	123.50	121.68	123.06	1146100
20200619	124.95	125.74	121.29	125.04	2536000
20200622	124.13	128.10	123.63	127.42	1233700
20200623	127.53	129.18	126.37	126.60	1795100
20200624	124.09	128.99	124.09	128.64	1704700
20200625	128.74	128.74	125.97	128.13	831200
20200626	128.30	129.63	126.37	127.31	1646800
20200629	127.33	129.97	126.79	128.90	1071800
20200630	129.71	130.06	127.73	129.08	979000
20200701	129.44	130.72	128.00	129.95	905100
20200702	131.54	132.13	129.18	129.73	721000
20200706	131.50	131.73	130.19	131.01	588400
20200707	130.44	132.65	130.17	131.47	823400
20200708	131.39	132.91	130.23	132.82	734600
20200709	133.69	135.22	132.38	134.87	976500
20200710	134.87	135.80	133.20	135.57	651400
20200713	136.43	138.10	132.42	132.79	857800
20200714	132.79	136.87	131.80	136.79	921100
20200715	138.58	138.93	135.52	136.34	1411900
20200716	136.23	139.65	136.23	139.23	1538200
20200717	140.60	140.74	137.34	137.88	1325600
20200720	139.08	142.67	138.24	141.71	1374500
20200721	141.16	141.98	137.17	141.06	1768900
20200722	141.48	143.38	141.06	142.95	1683600
20200723	149.50	151.30	141.29	143.00	3307600
20200724	140.41	143.72	138.99	143.52	1662800
20200727	144.81	144.89	139.57	140.06	1618300
20200728	139.81	141.56	138.88	140.13	1320100
20200729	140.97	143.49	140.76	142.47	1496100
20200730	141.05	142.08	139.86	140.47	875700
20200731	141.72	141.72	137.92	139.81	1466000
20200803	140.79	145.16	140.46	144.39	1911300
20200804	143.76	145.62	143.00	145.18	1094300
20200805	145.37	145.76	142.52	144.20	1024100
20200806	144.69	145.70	143.19	145.09	1036300
20200807	144.80	146.80	144.60	145.05	992300
20200810	145.27	145.32	143.20	144.12	735300
20200811	144.97	145.25	140.84	142.13	1175700
20200812	143.00	146.12	141.80	146.01	1548000
20200813	145.53	146.99	144.71	145.65	980100
20200814	145.16	147.09	144.62	145.54	759800
20200817	145.88	150.51	145.71	150.42	1050200
20200818	151.20	152.06	148.09	149.87	891400
20200819	149.86	151.12	149.29	150.76	982700
20200820	149.74	151.30	148.77	149.20	1124100
20200821	149.90	152.39	149.27	150.52	1438500
20200824	151.90	151.92	149.17	150.76	970400
20200825	151.01	151.22	149.31	150.51	1579100
20200826	150.42	152.09	149.33	151.85	1111300
20200827	151.90	152.76	146.81	148.30	1355100
20200828	148.04	148.52	143.89	144.27	1441800
20200831	144.36	146.50	142.71	146.15	2248200
20200901	145.93	149.05	145.62	146.34	1408100
20200902	146.70	147.96	144.43	146.91	1175900
20200903	144.97	145.77	141.05	142.96	1537700
20200904	142.98	143.87	138.19	139.52	1365100
20200908	137.35	138.97	133.56	134.30	1594100
20200909	136.07	139.54	135.80	139.03	1077200
20200910	139.03	140.20	135.00	135.32	1129100
20200911	135.97	137.58	134.65	135.17	849900
20200914	136.41	137.71	135.65	135.66	950100
20200915	136.36	138.91	136.20	138.35	1050200
20200916	138.80	139.00	135.50	135.76	918400
20200917	134.07	136.70	133.56	135.67	840700
20200918	135.99	137.91	134.11	135.63	1535100
20200921	135.03	136.94	134.11	135.09	1079800
20200922	135.44	139.20	134.39	139.06	1063800
20200923	139.13	140.97	136.78	137.41	1105000
20200924	136.51	138.06	135.53	135.77	828200
20200925	135.88	137.06	134.26	136.71	1702800
20200928	138.07	139.48	136.92	139.47	964900
20200929	139.35	140.35	138.29	138.44	950600
20200930	139.08	142.23	138.54	140.76	1551600
20201001	141.13	142.21	138.98	139.50	1385900
20201002	138.10	139.78	137.60	138.09	925200
20201005	138.96	141.92	138.64	141.80	973500
20201006	141.71	142.36	138.57	139.22	991000
20201007	139.66	144.75	139.66	143.17	1294500
20201008	143.50	147.01	142.59	146.54	1024800
20201009	147.39	149.45	145.99	147.23	900500
20201012	148.78	150.15	147.52	148.23	1406500
20201013	147.70	150.62	147.70	150.17	1131300
20201014	150.37	154.25	148.08	149.16	1470900
20201015	148.19	151.06	147.74	149.36	1150300
20201016	149.67	151.45	148.85	150.34	2280500
20201019	151.48	152.21	147.92	148.26	1222500
20201020	148.90	149.75	146.13	147.01	1159500
20201021	147.48	148.51	145.86	146.44	1243000
20201022	139.53	139.76	133.65	134.56	4412400
20201023	135.20	137.76	133.82	137.31	1948400
20201026	136.41	137.24	131.73	133.41	1638300
20201027	134.15	135.16	131.70	131.75	1345600
20201028	130.02	133.44	128.87	130.18	1280700
20201029	130.18	131.73	128.58	130.63	1265600
20201030	130.26	131.21	128.64	130.81	1393700
20201102	132.18	133.38	129.17	131.00	1321100
20201103	132.57	134.89	132.12	133.54	1250500
20201104	135.08	135.96	132.93	133.39	1508500
20201105	134.46	137.77	133.86	136.48	1270000
20201106	136.40	138.33	134.70	137.92	848000
20201109	133.01	134.53	127.25	127.27	2226000
20201110	125.90	128.01	125.48	127.50	1971700
20201111	129.33	131.42	129.06	130.65	954200
20201112	130.52	131.19	126.70	128.46	1141400
20201113	129.14	130.68	127.85	129.61	1002600
20201116	129.60	130.75	128.62	130.43	1918100
20201117	129.70	131.80	128.76	129.31	1459400
20201118	129.63	130.18	125.80	126.11	1486100
20201119	126.15	129.42	125.70	128.89	1248100
20201120	128.10	129.43	126.50	127.76	1324500
20201123	128.30	132.90	128.28	131.87	1913300
20201124	133.11	133.72	131.11	132.01	1695400
20201125	131.88	132.56	130.18	131.89	1231000
20201127	132.97	137.48	132.33	137.28	1116600
20201130	136.77	139.25	135.47	138.70	2894600
20201201	138.74	141.48	136.59	137.58	1349300
20201202	137.58	137.85	134.61	134.72	1006000
20201203	134.21	135.13	131.61	132.78	1052600
20201204	133.60	134.05	131.68	132.37	1053300
20201207	132.64	135.70	132.12	135.16	1424000
20201208	134.94	135.55	133.03	134.51	983600
20201209	133.96	135.32	132.12	133.55	881000
20201210	133.35	134.67	131.60	133.91	750200
20201211	133.28	136.95	133.15	136.58	1158500
20201214	137.36	139.50	136.80	138.42	1332300
20201215	138.95	140.77	138.07	139.02	1035100
20201216	139.04	142.65	139.04	142.07	1111600
20201217	142.59	143.99	141.66	143.33	1861400
20201218	144.46	145.48	143.14	144.88	2318100
20201221	143.07	147.10	141.61	146.44	1166800
20201222	146.27	148.43	145.76	147.53	1299000
20201223	147.56	148.08	143.77	144.70	835900
20201224	144.82	145.78	144.02	144.68	369100
20201228	145.71	145.88	141.13	141.14	764000
20201229	141.82	142.55	139.02	140.86	828800
20201230	141.26	142.54	139.62	140.62	629400
20201231	141.07	141.07	138.35	138.47	713700
20210104	138.79	139.53	136.07	137.62	1398400
20210105	137.13	138.69	136.14	138.58	856800
20210106	137.26	143.76	136.66	143.68	1102900
20210107	143.50	145.33	142.91	144.92	919200
20210108	144.96	147.22	143.57	147.07	1069900
20210111	146.61	149.31	144.82	147.26	1307600
20210112	146.95	149.82	146.74	149.48	1127200
20210113	150.21	151.82	148.49	150.89	1630100
20210114	151.26	154.73	151.10	154.10	1534100
20210115	154.14	158.42	153.94	155.12	1850000
20210119	156.14	156.95	154.36	155.09	1207500
20210120	155.21	155.21	151.79	153.02	948500
20210121	153.07	155.62	152.59	152.86	750700
20210122	153.38	154.98	151.88	153.29	1239600
20210125	153.86	156.16	153.17	153.80	1154900
20210126	153.91	154.65	148.83	149.61	1058600
20210127	149.48	153.11	144.32	151.42	2174500
20210128	147.98	153.11	143.31	147.20	2115600
20210129	148.04	148.67	139.46	139.62	2122200
20210201	140.01	143.51	137.03	137.63	1430900
20210202	137.93	142.39	137.80	141.04	1570800
20210203	141.20	144.40	140.87	142.77	1052800
20210204	143.35	144.51	142.26	144.05	1107500
20210205	144.03	149.99	144.03	149.23	1471300
20210208	151.49	155.23	151.11	154.89	1600000
20210209	154.57	158.11	154.08	156.13	1646600
20210210	157.43	157.47	152.05	154.11	1242300
20210211	154.70	158.54	154.39	154.97	1535700
20210212	155.25	157.91	155.25	157.53	945300
20210216	157.95	160.95	157.22	159.51	1410900
20210217	160.45	169.56	160.45	167.70	2013900
20210218	166.47	170.77	165.28	169.32	1559600
20210219	170.31	171.68	167.65	169.29	1277600
20210222	166.93	167.96	162.67	162.96	1415800
20210223	161.46	164.10	156.26	163.22	1328100
20210224	163.79	164.93	158.82	159.15	1470800
20210225	160.21	162.37	158.34	159.25	1241700
20210226	159.90	160.42	156.23	157.05	1578300
20210301	158.39	161.90	158.02	160.59	1182300
20210302	161.20	161.70	156.39	157.00	980700
20210303	157.53	159.64	153.14	153.22	1405700
20210304	152.85	153.28	146.65	149.89	1423000
20210305	151.10	154.09	147.01	153.95	849900
20210308	155.04	160.78	154.17	159.07	1365500
20210309	162.47	163.00	158.54	158.67	1244700
20210310	160.69	166.79	160.10	165.48	1580600
20210311	166.61	171.57	166.29	168.19	1314200
20210312	169.73	172.09	167.22	168.95	1884900
20210315	169.09	169.71	167.72	168.95	848000
20210316	168.39	168.94	166.81	168.18	908000
20210317	167.71	167.71	163.12	166.37	1119700
20210318	164.60	169.15	164.60	167.26	835200
20210319	167.76	171.99	166.60	170.91	2068700
20210322	171.71	172.47	167.60	171.46	853800
20210323	171.48	174.70	169.52	170.57	1609900
20210324	172.44	172.44	167.03	167.03	1104400
20210325	167.42	171.28	165.64	170.37	900400
20210326	170.71	176.44	169.75	176.34	957800
20210329	175.78	176.42	172.92	173.58	757800
20210330	173.87	177.10	173.87	174.93	927500
20210331	176.00	176.82	173.28	174.96	1113800
20210401	175.32	175.91	172.95	174.38	1039300
20210405	175.78	178.68	174.61	178.19	903500
20210406	177.67	178.57	175.22	177.36	897800
20210407	177.58	178.06	173.84	174.94	871600
20210408	175.44	175.85	173.27	174.53	929800
20210409	174.63	175.77	173.36	175.56	819200
20210412	173.54	176.37	172.19	176.00	994100
20210413	176.59	177.48	174.86	176.79	989000
20210414	176.00	178.33	175.39	175.73	869500
20210415	176.07	176.72	174.49	174.82	905500
20210416	175.83	180.61	175.17	178.91	3197500
20210419	182.16	182.28	177.96	180.88	1311300
20210420	181.37	183.66	176.89	178.88	1188600
20210421	178.98	180.58	177.16	178.00	1440900
20210422	183.69	189.24	182.26	185.85	2499900
20210423	184.78	188.01	183.18	187.11	993800
20210426	187.08	189.22	184.78	188.66	944800
20210427	189.38	190.53	186.56	188.22	971600
20210428	188.34	189.93	185.86	186.34	695900
20210429	187.53	188.62	185.16	188.22	660700
20210430	186.62	188.71	184.26	186.34	883200
20210503	188.68	191.18	186.83	190.53	817100
20210504	188.28	192.27	186.67	192.05	1291900
20210505	191.90	193.22	189.72	192.28	918100
20210506	192.66	193.75	191.09	192.55	877600
20210507	193.25	193.77	191.53	193.12	638200
20210510	194.60	198.34	193.11	193.35	854700
20210511	192.30	192.74	186.25	188.97	1254100
20210512	186.89	188.20	179.55	180.22	1267000
20210513	180.51	184.71	180.51	184.30	1096000
20210514	184.32	186.10	182.73	185.63	728800
20210517	186.20	186.82	183.25	184.15	656600
20210518	185.36	185.36	181.06	182.74	779500
20210519	180.43	180.54	174.45	178.38	1452000
20210520	178.70	182.20	178.06	181.69	978100
20210521	181.32	183.51	181.17	181.66	1544800
20210524	183.05	183.09	179.95	180.11	791200
20210525	180.16	181.52	178.43	178.74	931900
20210526	178.67	181.67	177.99	181.34	916400
20210527	182.13	183.55	180.65	181.09	1106800
20210528	182.66	183.30	179.36	180.03	809200
20210601	180.88	181.20	177.90	180.19	894500
20210602	180.17	180.17	176.60	179.49	1273100
20210603	178.81	178.84	174.09	176.32	1384300
20210604	177.17	179.63	175.75	179.40	750400
20210607	179.47	180.80	177.90	179.53	713900
20210608	180.07	180.33	178.85	179.76	954400
20210609	180.62	181.30	178.72	179.38	698000
20210610	179.90	180.79	178.06	178.19	750100
20210611	178.73	182.63	178.22	182.50	650900
20210614	182.16	182.54	179.75	181.47	896700
20210615	181.07	181.19	175.11	178.03	740000
20210616	178.96	178.96	175.28	176.45	787200
20210617	176.55	176.99	170.89	173.20	1484200
20210618	172.68	172.98	169.25	169.71	2184400
20210621	171.14	175.03	170.17	173.76	1081100
20210622	174.63	179.19	174.21	178.77	922700
20210623	177.89	178.78	176.81	177.83	620000
20210624	179.64	179.90	178.30	179.30	621500
20210625	179.44	180.23	177.97	178.63	780100
20210628	179.15	182.00	177.93	181.76	771300
20210629	181.81	186.57	181.81	185.31	1049100
20210630	185.07	186.27	183.96	184.35	650400
20210701	187.36	187.57	185.77	186.12	644700
20210702	185.96	186.66	184.75	186.04	470700
20210706	186.15	186.71	182.31	184.69	827300
20210707	184.69	187.05	184.15	185.90	841000
20210708	184.15	185.24	181.58	184.46	915700
20210709	185.98	187.20	184.35	185.19	841200
20210712	184.85	185.69	182.76	185.06	939700
20210713	185.01	186.71	183.96	184.97	829400
20210714	185.88	186.53	184.35	185.50	1005600
20210715	185.28	190.98	184.79	187.23	1562200
20210716	187.44	189.93	186.88	187.26	1187000
20210719	177.95	180.93	169.44	179.28	3291800
20210720	180.29	182.75	176.36	181.95	1554100
20210721	180.84	181.96	178.14	179.49	1029200
20210722	179.61	182.00	179.54	180.74	727900
20210723	181.30	186.13	181.05	185.98	597800
20210726	185.86	187.18	184.43	186.34	775800
20210727	185.05	186.26	180.84	182.67	919700
20210728	183.01	183.63	181.19	181.80	588700
20210729	181.85	181.99	178.66	179.32	1230500
20210730	178.54	181.42	177.59	179.27	1278000
20210802	180.00	180.87	178.57	179.15	1058600
20210803	180.94	187.08	180.02	184.89	1079400
20210804	183.66	184.45	182.38	183.73	793300
20210805	184.34	186.67	183.97	186.34	775900
20210806	186.67	187.83	184.37	185.55	535200
20210809	185.20	186.60	184.51	185.86	569200
20210810	185.78	189.64	185.51	188.92	582200
20210811	188.88	193.26	188.79	192.44	784400
20210812	192.33	193.66	190.98	191.75	538000
20210813	192.69	193.10	191.24	192.14	404900
20210816	191.18	195.05	190.74	194.96	482200
20210817	192.63	192.71	188.10	189.19	489200
20210818	189.50	193.93	189.50	191.24	546500
20210819	189.50	194.23	189.29	193.15	558100
20210820	193.74	197.86	192.78	196.81	583100
20210823	197.30	197.70	193.52	193.73	942600
20210824	194.18	195.01	191.79	192.26	656600
20210825	192.39	193.47	191.24	192.92	684400
20210826	193.27	193.27	187.30	188.49	833700
20210827	188.41	191.24	186.90	191.14	590000
20210830	191.98	194.16	191.49	192.36	476000
20210831	192.88	194.90	190.77	192.98	876600
20210901	192.77	194.93	189.29	194.29	623100
20210902	195.43	195.86	193.91	194.32	577200
20210903	193.97	197.65	193.22	197.50	465100
20210907	197.40	198.63	195.77	196.72	797500
20210908	196.95	198.44	196.01	198.07	802400
20210909	198.69	201.04	197.22	200.36	816100
20210910	201.53	206.18	200.66	203.51	1049500
20210913	204.03	204.87	199.08	200.76	1495100
20210914	201.62	204.55	200.77	203.92	769800
20210915	203.76	204.38	201.85	203.73	904500
20210916	203.66	208.78	203.05	208.05	756100
20210917	206.92	207.89	204.65	205.81	1194700
20210920	203.36	204.87	201.88	204.25	948000
20210921	205.76	206.66	203.18	205.67	498500
20210922	207.03	210.77	205.31	210.48	678100
20210923	211.84	212.28	207.91	208.74	720900
20210924	208.79	209.60	206.75	209.34	411900
20210927	209.37	211.40	206.94	208.93	892300
20210928	208.47	208.47	204.90	205.68	793800
20210929	207.30	208.54	205.80	206.78	652700
20210930	205.60	206.23	200.51	201.29	859200
20211001	202.75	202.75	198.06	200.04	923100
20211004	195.78	198.11	191.64	194.72	1396300
20211005	194.76	197.28	194.61	196.26	740100
20211006	194.96	196.47	193.84	195.36	803900
20211007	195.12	198.86	195.01	196.71	970900
20211008	197.24	198.10	193.22	193.45	676100
20211011	193.99	195.54	192.18	192.26	782000
20211012	192.42	193.96	191.14	192.03	533400
20211013	193.05	194.58	191.86	193.67	592500
20211014	195.41	197.68	194.42	196.00	567100
20211015	198.10	199.06	195.78	195.98	679900
20211018	195.60	203.87	195.20	203.16	1198500
20211019	204.00	204.55	201.77	202.20	611300
20211020	202.20	204.02	200.69	200.98	797100
20211021	210.13	211.49	205.74	209.04	1499800
20211022	211.11	212.86	206.77	206.85	782000
20211025	207.94	212.27	207.34	209.65	763200
20211026	210.39	210.73	205.41	205.47	801500
20211027	206.14	207.31	204.56	205.56	614800
20211028	205.77	209.72	205.53	208.72	692400
20211029	208.28	216.30	208.28	215.75	1080500
20211101	216.94	217.30	211.89	212.43	644200
20211102	212.97	215.10	212.97	214.23	554100
20211103	214.42	215.71	211.92	214.36	590400
20211104	214.95	218.15	213.94	216.64	525600
20211105	217.79	219.02	215.56	218.61	787500
20211108	219.25	220.22	216.44	219.95	845000
20211109	220.04	223.36	218.14	219.42	595400
20211110	217.95	219.45	214.83	215.84	472600
20211111	216.62	217.98	215.37	217.20	463100
20211112	217.67	220.08	216.86	219.71	492000
20211115	220.98	222.14	219.72	221.43	511300
20211116	223.62	228.73	222.14	227.58	1047500
20211117	227.96	229.36	223.43	224.85	729600
20211118	227.69	227.97	224.48	227.73	638200
20211119	227.65	230.88	227.00	229.57	941300
20211122	231.02	231.46	227.52	228.01	578500
20211123	228.28	228.38	221.04	224.34	689800
20211124	222.36	225.14	221.08	224.85	427300
20211126	222.38	229.37	222.34	227.38	592600
20211129	227.86	229.53	225.25	225.73	591000
20211130	225.73	231.29	222.44	224.37	1554200
20211201	225.14	228.03	222.96	222.96	747100
20211202	223.36	228.70	222.67	226.68	746000
20211203	228.31	229.92	225.10	226.98	702900
20211206	228.12	229.39	224.83	226.49	560100
20211207	228.51	233.89	227.72	232.34	551500
20211208	232.58	234.38	230.76	234.17	575900
20211209	233.84	233.96	229.14	229.25	509200
20211210	230.22	233.46	229.31	233.31	435700
20211213	236.86	236.86	228.63	232.16	624200
20211214	231.90	233.97	229.90	233.19	884300
20211215	231.60	236.60	230.09	235.96	755000
20211216	235.94	237.26	230.79	232.06	602900
20211217	231.63	232.34	223.27	225.68	1225400
20211220	221.61	222.70	216.64	221.35	1111300
20211221	221.71	224.02	218.09	222.09	741300
20211222	222.65	226.41	222.00	226.36	459400
20211223	227.03	228.68	226.57	227.29	330700
20211227	228.74	230.70	227.80	230.48	381500
20211228	231.70	232.11	229.52	230.18	343400
20211229	230.83	237.45	230.55	235.75	525000
20211230	237.79	238.34	235.22	235.71	361800
20211231	235.59	238.51	234.21	237.58	307500
20220103	237.33	238.83	233.14	234.71	521400
20220104	234.82	238.56	233.73	235.29	618300
20220105	235.59	236.88	228.48	228.77	780200
20220106	228.20	231.84	227.02	230.32	773100
20220107	229.85	230.59	224.28	227.40	852000
20220110	224.42	226.45	219.69	226.42	980000
20220111	226.60	226.97	220.64	224.83	1010000
20220112	225.44	229.83	225.05	227.93	570500
20220113	230.61	233.30	228.98	229.80	545900
20220114	228.94	229.84	220.67	221.02	867800
20220118	218.29	221.12	214.56	220.48	952100
20220119	221.77	224.14	219.54	219.72	770700
20220120	221.95	223.77	208.61	208.99	1332900
20220121	209.37	212.11	206.40	208.21	1216900
20220124	204.91	216.51	203.89	216.24	1389500
20220125	213.10	214.73	207.12	211.45	990600
20220126	213.13	213.13	204.03	206.23	1097000
20220127	218.49	218.49	206.67	208.35	1764000
20220128	211.48	214.03	206.23	213.92	1186100
20220131	213.78	217.62	211.09	217.38	1087600
20220201	217.53	221.84	216.81	219.37	890400
20220202	219.94	223.41	218.80	219.94	1008000
20220203	218.48	222.53	216.95	218.52	669600
20220204	218.46	218.48	213.54	216.00	656100
20220207	216.71	218.77	214.84	216.68	1017700
20220208	217.01	221.92	217.01	221.00	1012400
20220209	223.04	225.34	221.88	223.50	726800
20220210	220.55	224.51	218.77	219.64	838900
20220211	219.15	220.80	217.24	218.50	728100
20220214	219.06	220.01	213.61	217.00	711400
20220215	218.56	221.12	217.45	218.57	737100
20220216	217.46	219.04	211.75	214.13	958100
20220217	213.18	214.76	211.24	213.48	904900
20220218	213.39	215.85	212.40	214.18	1057200
20220222	213.15	213.51	199.89	200.36	1774600
20220223	201.87	202.16	191.20	191.79	1497300
