20170103	0.75970	0.76245	0.75900	0.76075
20170104	0.76080	0.76905	0.75910	0.76715
20170105	0.76765	0.77420	0.76720	0.77135
20170106	0.77200	0.77490	0.76970	0.77135
20170109	0.77105	0.77375	0.76915	0.77195
20170110	0.77240	0.77400	0.77025	0.77185
20170111	0.77170	0.77820	0.76815	0.77525
20170112	0.77480	0.78350	0.77460	0.77770
20170113	0.77660	0.77900	0.77535	0.77810
20170117	0.77765	0.78405	0.77410	0.78210
20170118	0.78260	0.78285	0.76930	0.77145
20170119	0.76975	0.77045	0.76475	0.76670
20170120	0.76650	0.76865	0.76280	0.76720
20170123	0.76615	0.77230	0.76580	0.77070
20170124	0.77185	0.77885	0.76780	0.77625
20170125	0.77570	0.78150	0.77555	0.78040
20170126	0.78080	0.78195	0.77745	0.77975
20170127	0.77950	0.78000	0.77610	0.77735
20170130	0.77710	0.78060	0.77520	0.77850
20170131	0.77835	0.78695	0.77785	0.78375
20170201	0.78260	0.78315	0.77900	0.78235
20170202	0.78230	0.78620	0.78200	0.78325
20170203	0.78335	0.78545	0.78010	0.78365
20170206	0.78355	0.78450	0.77700	0.77965
20170207	0.78020	0.78065	0.77250	0.77550
20170208	0.77400	0.77705	0.77330	0.77585
20170209	0.77645	0.77940	0.77505	0.77690
20170210	0.77670	0.78125	0.77565	0.77965
20170213	0.77980	0.78165	0.77780	0.78090
20170214	0.78080	0.78345	0.77855	0.78050
20170215	0.78045	0.78105	0.77785	0.77985
20170216	0.78025	0.78430	0.78010	0.78080
20170217	0.78075	0.78125	0.77740	0.77875
20170221	0.77960	0.78040	0.77515	0.77665
20170222	0.77620	0.77835	0.77150	0.77545
20170223	0.77550	0.78000	0.77485	0.77820
20170224	0.77895	0.78230	0.77785	0.77905
20170227	0.77900	0.77985	0.77420	0.77595
20170228	0.77390	0.77520	0.76665	0.76800
20170301	0.76665	0.76835	0.76415	0.76440
20170302	0.76590	0.76590	0.76165	0.76230
20170303	0.76245	0.76335	0.75970	0.76170
20170306	0.76305	0.76330	0.76040	0.76105
20170307	0.76120	0.76270	0.75980	0.76065
20170308	0.76090	0.76190	0.75610	0.75660
20170309	0.75630	0.75715	0.75430	0.75540
20170310	0.75550	0.76065	0.75540	0.75805
20170313	0.75850	0.76000	0.75755	0.75940
20170314	0.75910	0.75950	0.75645	0.75690
20170315	0.75705	0.76755	0.75700	0.76560
20170316	0.76725	0.76865	0.76430	0.76535
20170317	0.76625	0.76705	0.76290	0.76505
20170320	0.76465	0.76710	0.76320	0.76380
20170321	0.76425	0.76930	0.76350	0.76475
20170322	0.76405	0.76610	0.76105	0.76485
20170323	0.76545	0.76640	0.76400	0.76495
20170324	0.76410	0.76460	0.76235	0.76275
20170327	0.76385	0.76600	0.76130	0.76305
20170328	0.76250	0.76420	0.76075	0.76275
20170329	0.76245	0.76595	0.76150	0.76550
20170330	0.76550	0.76850	0.76425	0.76635
20170331	0.76495	0.76800	0.76330	0.76775
20170403	0.76650	0.76660	0.76145	0.76225
20170404	0.76280	0.76290	0.75830	0.76080
20170405	0.76120	0.76270	0.75920	0.76090
20170406	0.75930	0.76150	0.75860	0.76085
20170407	0.76035	0.76465	0.75965	0.76060
20170410	0.76090	0.76595	0.75985	0.76530
20170411	0.76550	0.76645	0.76380	0.76525
20170412	0.76570	0.77070	0.76485	0.76580
20170413	0.76975	0.77130	0.76470	0.76765
20170417	0.76565	0.76905	0.76565	0.76655
20170418	0.76595	0.76610	0.76130	0.76245
20170419	0.76245	0.76270	0.75625	0.75640
20170420	0.75685	0.75815	0.75580	0.75725
20170421	0.75705	0.75805	0.75435	0.75515
20170424	0.75665	0.76080	0.75455	0.75505
20170425	0.75510	0.75550	0.74885	0.75150
20170426	0.75155	0.75340	0.74900	0.74940
20170427	0.74905	0.75405	0.74640	0.74925
20170428	0.74830	0.74885	0.74500	0.74645
20170501	0.74725	0.74820	0.74555	0.74665
20170502	0.74595	0.74745	0.74170	0.74375
20170503	0.74425	0.74645	0.74265	0.74435
20170504	0.74330	0.74475	0.74070	0.74140
20170505	0.74230	0.74785	0.73980	0.74560
20170508	0.74700	0.74780	0.74295	0.74515
20170509	0.74495	0.74630	0.74190	0.74375
20170510	0.74385	0.74755	0.74300	0.74615
20170511	0.74650	0.74650	0.74105	0.74500
20170512	0.74485	0.74660	0.74250	0.74400
20170515	0.74430	0.75000	0.74350	0.74765
20170516	0.74840	0.75150	0.74695	0.75115
20170517	0.74980	0.75165	0.74785	0.74870
20170518	0.75075	0.75105	0.74630	0.74900
20170519	0.74985	0.75505	0.74950	0.75475
20170522	0.75495	0.75630	0.75330	0.75505
20170523	0.75540	0.75790	0.75400	0.75435
20170524	0.75475	0.76080	0.75325	0.75915
20170525	0.76070	0.76165	0.75580	0.75605
20170526	0.75600	0.75910	0.75560	0.75735
20170530	0.75795	0.75940	0.75505	0.75730
20170531	0.75715	0.75925	0.75415	0.75510
20170601	0.75555	0.75710	0.75390	0.75460
20170602	0.75435	0.75685	0.75275	0.75570
20170605	0.75605	0.75765	0.75525	0.75680
20170606	0.75690	0.75880	0.75610	0.75770
20170607	0.75785	0.75940	0.75390	0.75420
20170608	0.75505	0.75620	0.75415	0.75520
20170609	0.75445	0.75965	0.75370	0.75690
20170612	0.75740	0.76535	0.75690	0.76500
20170613	0.76540	0.77150	0.76515	0.77035
20170614	0.76985	0.77415	0.76805	0.76930
20170615	0.76975	0.77075	0.76595	0.76785
20170616	0.76815	0.77150	0.76785	0.77090
20170619	0.77145	0.77255	0.76875	0.77020
20170620	0.77095	0.77185	0.76720	0.76885
20170621	0.76830	0.76830	0.76370	0.76590
20170622	0.76480	0.77160	0.76420	0.76955
20170623	0.77020	0.77145	0.76590	0.76870
20170626	0.76830	0.77140	0.76810	0.76935
20170627	0.76930	0.77510	0.76855	0.77470
20170628	0.77260	0.78285	0.77205	0.78195
20170629	0.78150	0.78450	0.78105	0.78315
20170630	0.78360	0.78670	0.78330	0.78570
20170703	0.78530	0.78560	0.78280	0.78350
20170705	0.78280	0.78870	0.78260	0.78505
20170706	0.78580	0.78800	0.78440	0.78575
20170707	0.78475	0.79180	0.78375	0.79055
20170710	0.79030	0.79110	0.78735	0.79055
20170711	0.78995	0.79025	0.78680	0.78860
20170712	0.78820	0.80270	0.78700	0.80020
20170713	0.79885	0.80015	0.79705	0.79990
20170714	0.79975	0.80495	0.79855	0.80445
20170717	0.80490	0.80600	0.80150	0.80210
20170718	0.80170	0.80885	0.80135	0.80645
20170719	0.80600	0.80905	0.80440	0.80820
20170720	0.80765	0.81145	0.80510	0.80860
20170721	0.80840	0.81255	0.80705	0.81185
20170724	0.81145	0.81500	0.81065	0.81400
20170725	0.81335	0.81510	0.81185	0.81330
20170726	0.81345	0.81950	0.81115	0.81515
20170727	0.81810	0.81945	0.80905	0.81030
20170728	0.81010	0.81910	0.80960	0.81825
20170731	0.81780	0.81825	0.81200	0.81690
20170801	0.81470	0.81710	0.81045	0.81235
20170802	0.81150	0.81180	0.80800	0.81015
20170803	0.80960	0.81050	0.80635	0.80840
20170804	0.80870	0.81120	0.80325	0.80425
20170807	0.80525	0.80565	0.80030	0.80245
20170808	0.80240	0.80430	0.80085	0.80330
20170809	0.80335	0.80340	0.79985	0.80095
20170810	0.80150	0.80285	0.79830	0.80005
20170811	0.79850	0.80400	0.79775	0.80215
20170814	0.80270	0.80275	0.79910	0.80005
20170815	0.79950	0.79990	0.79620	0.79740
20170816	0.79775	0.80645	0.79670	0.80315
20170817	0.80620	0.80800	0.80200	0.80390
20170818	0.80230	0.81000	0.80155	0.80870
20170821	0.80875	0.81015	0.80675	0.80930
20170822	0.80970	0.81200	0.80635	0.80955
20170823	0.80970	0.81095	0.80730	0.81060
20170824	0.81035	0.81265	0.80965	0.81190
20170825	0.81270	0.81575	0.81060	0.81455
20170828	0.81525	0.81715	0.81285	0.81395
20170829	0.81180	0.81750	0.81025	0.81165
20170830	0.81250	0.81345	0.80480	0.80605
20170831	0.80600	0.81500	0.80315	0.81365
20170901	0.81435	0.82380	0.81395	0.82055
20170905	0.81975	0.82410	0.81815	0.82140
20170906	0.82155	0.83785	0.81890	0.83100
20170907	0.83075	0.83910	0.83030	0.83660
20170908	0.83765	0.84240	0.83535	0.83680
20170911	0.83640	0.83995	0.83495	0.83900
20170912	0.83895	0.84100	0.83370	0.83450
20170913	0.83435	0.83770	0.83165	0.83315
20170914	0.83480	0.83590	0.83035	0.83370
20170915	0.83460	0.83875	0.83165	0.83435
20170918	0.83320	0.83485	0.82385	0.82585
20170919	0.82665	0.82930	0.82575	0.82825
20170920	0.82715	0.83315	0.82040	0.82280
20170921	0.82465	0.82500	0.82185	0.82345
20170922	0.82475	0.82940	0.82300	0.82400
20170925	0.82395	0.82545	0.82080	0.82275
20170926	0.82170	0.82445	0.81895	0.82325
20170927	0.82345	0.82400	0.81445	0.81570
20170928	0.81485	0.81875	0.81210	0.81820
20170929	0.81760	0.81865	0.81125	0.81550
20171002	0.81475	0.81535	0.81170	0.81315
20171003	0.81245	0.81455	0.81080	0.81390
20171004	0.81385	0.81655	0.81335	0.81485
20171005	0.81470	0.81575	0.80790	0.80870
20171006	0.80900	0.81165	0.80690	0.81135
20171009	0.81110	0.81165	0.80955	0.81025
20171010	0.81015	0.81435	0.80975	0.81265
20171011	0.81230	0.81635	0.81130	0.81480
20171012	0.81605	0.81760	0.81385	0.81585
20171013	0.81455	0.81640	0.81195	0.81460
20171016	0.81465	0.81520	0.80950	0.81185
20171017	0.81215	0.81240	0.80745	0.81060
20171018	0.81185	0.81595	0.81110	0.81560
20171019	0.81565	0.81645	0.81360	0.81405
20171020	0.81405	0.81475	0.80495	0.80520
20171023	0.80505	0.80600	0.80305	0.80425
20171024	0.80410	0.80550	0.80105	0.80225
20171025	0.80190	0.80475	0.79345	0.79380
20171026	0.79510	0.79570	0.79095	0.79140
20171027	0.79155	0.79405	0.78745	0.79150
20171030	0.79315	0.79375	0.79075	0.79235
20171031	0.79280	0.79310	0.78750	0.78870
20171101	0.78905	0.79115	0.78780	0.78960
20171102	0.79055	0.79450	0.78985	0.79385
20171103	0.79365	0.79965	0.79225	0.79680
20171106	0.79675	0.80045	0.79545	0.79940
20171107	0.80010	0.80010	0.79320	0.79540
20171108	0.79620	0.79965	0.79595	0.79900
20171109	0.79865	0.80260	0.79810	0.80230
20171110	0.80155	0.80270	0.80085	0.80185
20171113	0.80125	0.80200	0.79800	0.79890
20171114	0.79835	0.80060	0.79615	0.79875
20171115	0.79835	0.79980	0.79510	0.79640
20171116	0.79625	0.79885	0.79550	0.79740
20171117	0.79735	0.79975	0.79295	0.79670
20171120	0.79625	0.79720	0.79305	0.79385
20171121	0.79375	0.79750	0.79220	0.79590
20171122	0.79570	0.80090	0.79540	0.80030
20171124	0.80015	0.80225	0.79755	0.79975
20171127	0.79985	0.80175	0.79610	0.79675
20171128	0.79655	0.79715	0.79285	0.79330
20171129	0.79370	0.79405	0.78980	0.79135
20171130	0.79035	0.79130	0.78775	0.78815
20171201	0.78840	0.80165	0.78835	0.80075
20171204	0.80010	0.80320	0.79880	0.80060
20171205	0.80155	0.80520	0.80020	0.80055
20171206	0.80095	0.80335	0.79385	0.79430
20171207	0.79470	0.79515	0.79015	0.79050
20171208	0.79095	0.79395	0.78935	0.79025
20171211	0.79090	0.79235	0.79010	0.79115
20171212	0.79085	0.79345	0.78855	0.78990
20171213	0.78995	0.79475	0.78940	0.79420
20171214	0.79305	0.79955	0.79025	0.79745
20171215	0.79420	0.79785	0.78840	0.78930
20171218	0.79000	0.79150	0.78920	0.78990
20171219	0.79030	0.79105	0.78665	0.78930
20171220	0.78910	0.79275	0.78905	0.79215
20171221	0.79190	0.80030	0.79155	0.79825
20171222	0.79780	0.80025	0.79415	0.79800
20171226	0.79835	0.80120	0.79790	0.80080
20171227	0.80105	0.80465	0.80045	0.80365
20171228	0.80275	0.80840	0.80245	0.80810
20171229	0.80795	0.81125	0.80650	0.81040
20180102	0.80850	0.81220	0.80825	0.81170
20180103	0.81140	0.81235	0.80880	0.80975
20180104	0.80970	0.81325	0.80865	0.81245
20180105	0.81290	0.82145	0.81125	0.81805
20180108	0.81785	0.81985	0.81520	0.81705
20180109	0.81730	0.81855	0.81340	0.81460
20180110	0.81450	0.81665	0.80665	0.80715
20180111	0.80895	0.81100	0.80625	0.81045
20180112	0.81070	0.81470	0.80775	0.81285
20180116	0.81530	0.81855	0.81375	0.81660
20180117	0.81610	0.82095	0.80925	0.81800
20180118	0.81510	0.81745	0.81260	0.81645
20180119	0.81750	0.81840	0.81135	0.81315
20180122	0.81305	0.81610	0.81205	0.81490
20180123	0.81535	0.81710	0.81245	0.81610
20180124	0.81680	0.82375	0.81645	0.82335
20180125	0.82200	0.82600	0.81885	0.82060
20180126	0.81925	0.82530	0.81880	0.82355
20180129	0.82305	0.82405	0.82080	0.82335
20180130	0.82230	0.82420	0.81960	0.82330
20180131	0.82240	0.82820	0.82165	0.82465
20180201	0.82415	0.82765	0.82275	0.82670
20180202	0.82690	0.82770	0.81575	0.81905
20180205	0.81520	0.81840	0.80890	0.81125
20180206	0.80955	0.81215	0.80735	0.81040
20180207	0.81190	0.81200	0.80670	0.80715
20180208	0.80700	0.80875	0.80440	0.80605
20180209	0.80560	0.80785	0.79945	0.80450
20180212	0.80615	0.80815	0.80385	0.80445
20180213	0.80650	0.80740	0.80370	0.80585
20180214	0.80590	0.81230	0.80220	0.81035
20180215	0.81205	0.81390	0.80935	0.81230
20180216	0.81280	0.81485	0.80735	0.80840
20180220	0.80810	0.80985	0.80225	0.80270
20180221	0.80240	0.80375	0.79890	0.80005
20180222	0.79930	0.80085	0.79530	0.79805
20180223	0.79860	0.80425	0.79740	0.80135
20180226	0.80245	0.80430	0.79820	0.80025
20180227	0.80020	0.80095	0.79420	0.79565
20180228	0.79430	0.79510	0.79025	0.79100
20180301	0.79060	0.79225	0.78700	0.79110
20180302	0.79070	0.79155	0.78575	0.78690
20180305	0.78790	0.78815	0.78065	0.78095
20180306	0.78200	0.78900	0.78095	0.78665
20180307	0.78570	0.78730	0.78070	0.78515
20180308	0.78590	0.78860	0.78305	0.78595
20180309	0.78725	0.79215	0.78610	0.79070
20180312	0.79190	0.79250	0.78995	0.79080
20180313	0.79020	0.79085	0.78155	0.78420
20180314	0.78320	0.78540	0.78205	0.78405
20180315	0.78315	0.78385	0.77665	0.77725
20180316	0.77740	0.77785	0.77465	0.77500
20180319	0.77500	0.77785	0.77335	0.77730
20180320	0.77585	0.77740	0.77450	0.77580
20180321	0.77610	0.78710	0.77600	0.78520
20180322	0.78625	0.79065	0.78355	0.78540
20180323	0.78440	0.79100	0.78415	0.78865
20180326	0.78665	0.79005	0.78505	0.78835
20180327	0.78950	0.79150	0.78610	0.78775
20180328	0.78740	0.78855	0.78430	0.78555
20180329	0.78505	0.78860	0.78380	0.78625
20180402	0.78690	0.78850	0.78350	0.78405
20180403	0.78520	0.79355	0.78480	0.79180
20180404	0.79190	0.79495	0.78945	0.79290
20180405	0.79420	0.79570	0.79195	0.79500
20180406	0.79530	0.79670	0.79255	0.79355
20180409	0.79360	0.79925	0.79105	0.79835
20180410	0.79840	0.80540	0.79790	0.80510
20180411	0.80470	0.80830	0.80325	0.80595
20180412	0.80625	0.80715	0.80330	0.80575
20180413	0.80555	0.80765	0.80360	0.80390
20180416	0.80520	0.80695	0.80315	0.80675
20180417	0.80665	0.80920	0.80585	0.80740
20180418	0.80780	0.80780	0.80080	0.80245
20180419	0.80295	0.80545	0.79970	0.80010
20180420	0.80030	0.80240	0.79385	0.79515
20180423	0.79475	0.79510	0.78845	0.78905
20180424	0.78915	0.79130	0.78830	0.79005
20180425	0.79035	0.79075	0.78615	0.78920
20180426	0.78955	0.79075	0.78690	0.78770
20180427	0.78770	0.79050	0.78595	0.79000
20180430	0.78990	0.79165	0.78750	0.78940
20180501	0.78970	0.79070	0.78505	0.78900
20180502	0.78920	0.79180	0.78660	0.78870
20180503	0.78725	0.79085	0.78520	0.78885
20180504	0.78890	0.78965	0.78475	0.78845
20180507	0.78895	0.78950	0.78580	0.78740
20180508	0.78685	0.78720	0.77990	0.78240
20180509	0.78245	0.79025	0.78120	0.78925
20180510	0.78830	0.79535	0.78820	0.79435
20180511	0.79365	0.79615	0.79170	0.79245
20180514	0.79250	0.79480	0.79080	0.79175
20180515	0.79175	0.79215	0.78410	0.78765
20180516	0.78710	0.79315	0.78700	0.79250
20180517	0.79235	0.79490	0.79035	0.79170
20180518	0.79150	0.79220	0.78490	0.78690
20180521	0.78720	0.79275	0.78615	0.79120
20180522	0.79260	0.79525	0.79030	0.79095
20180523	0.79060	0.79090	0.78465	0.78915
20180524	0.78915	0.78985	0.78435	0.78635
20180525	0.78675	0.78695	0.78025	0.78090
20180529	0.78120	0.78145	0.77675	0.77820
20180530	0.77840	0.78935	0.77715	0.78675
20180531	0.78685	0.79035	0.78010	0.78215
20180601	0.78210	0.78355	0.77895	0.78120
20180604	0.78210	0.78540	0.78155	0.78365
20180605	0.78350	0.78450	0.77545	0.78105
20180606	0.78100	0.78795	0.78100	0.78255
20180607	0.78265	0.78320	0.77930	0.78065
20180608	0.78080	0.78395	0.77685	0.78320
20180611	0.78050	0.78195	0.77770	0.78010
20180612	0.78015	0.78055	0.77750	0.77825
20180613	0.77845	0.78200	0.77625	0.77930
20180614	0.78045	0.78230	0.77275	0.77335
20180615	0.77330	0.77330	0.76710	0.76870
20180618	0.76765	0.76985	0.76545	0.76660
20180619	0.76745	0.76765	0.76235	0.76290
20180620	0.76285	0.76350	0.76040	0.76100
20180621	0.76095	0.76260	0.75960	0.76160
20180622	0.76070	0.76400	0.75700	0.76290
20180625	0.76365	0.76365	0.76040	0.76130
20180626	0.76220	0.76280	0.76010	0.76190
20180627	0.76165	0.76300	0.75680	0.76105
20180628	0.75990	0.76500	0.75880	0.76330
20180629	0.76385	0.77130	0.76335	0.77035
20180702	0.77000	0.77080	0.76575	0.76710
20180703	0.76775	0.77115	0.76680	0.76925
20180705	0.77050	0.77235	0.76950	0.77040
20180706	0.77085	0.77435	0.77010	0.77285
20180709	0.77305	0.77500	0.77170	0.77245
20180710	0.77215	0.77300	0.77035	0.77185
20180711	0.77145	0.77565	0.76625	0.76730
20180712	0.76635	0.77000	0.76615	0.76880
20180713	0.76940	0.76990	0.76660	0.76935
20180716	0.76935	0.77225	0.76925	0.77030
20180717	0.77040	0.77220	0.76600	0.76760
20180718	0.76740	0.76925	0.76370	0.76845
20180719	0.76875	0.76935	0.76190	0.76405
20180720	0.76305	0.77195	0.76185	0.77095
20180723	0.77065	0.77200	0.76815	0.76845
20180724	0.76870	0.77070	0.76745	0.76940
20180725	0.76925	0.77720	0.76890	0.77540
20180726	0.77610	0.77720	0.77315	0.77455
20180727	0.77395	0.77620	0.77395	0.77465
20180730	0.77510	0.77895	0.77395	0.77730
20180731	0.77680	0.77975	0.77290	0.77870
20180801	0.77790	0.78005	0.77665	0.77900
20180802	0.77830	0.77890	0.77625	0.77715
20180803	0.77690	0.78065	0.77615	0.77975
20180806	0.77910	0.77925	0.77605	0.77825
20180807	0.77820	0.78070	0.77405	0.77460
20180808	0.77495	0.77810	0.77140	0.77770
20180809	0.77740	0.77845	0.77460	0.77620
20180810	0.77575	0.77635	0.76940	0.77035
20180813	0.76965	0.77230	0.76840	0.76995
20180814	0.77065	0.77505	0.77040	0.77345
20180815	0.77485	0.77540	0.76810	0.77025
20180816	0.76995	0.77170	0.76820	0.76910
20180817	0.76905	0.77530	0.76845	0.77520
20180820	0.77520	0.77615	0.77290	0.77525
20180821	0.77610	0.77755	0.77495	0.77560
20180822	0.77605	0.77905	0.77575	0.77790
20180823	0.77850	0.77870	0.77240	0.77290
20180824	0.77360	0.77765	0.77215	0.77660
20180827	0.77715	0.78110	0.77430	0.78035
20180828	0.78065	0.78505	0.77935	0.78235
20180829	0.78220	0.78405	0.78035	0.78325
20180830	0.78355	0.78400	0.77820	0.77885
20180831	0.77965	0.77965	0.77290	0.77520
20180904	0.77425	0.77550	0.76595	0.76775
20180905	0.76755	0.76890	0.76610	0.76710
20180906	0.76800	0.77065	0.76495	0.77025
20180907	0.76965	0.77165	0.76700	0.76810
20180910	0.76780	0.76925	0.76655	0.76885
20180911	0.76850	0.77555	0.76780	0.77040
20180912	0.77415	0.77920	0.77345	0.77885
20180913	0.77835	0.77945	0.77655	0.77865
20180914	0.77800	0.77900	0.77485	0.77615
20180917	0.77535	0.77775	0.77520	0.77640
20180918	0.77580	0.77970	0.77415	0.77905
20180919	0.77915	0.78405	0.77700	0.78295
20180920	0.78250	0.78495	0.78230	0.78330
20180921	0.78375	0.78480	0.78130	0.78255
20180924	0.78265	0.78330	0.78050	0.78145
20180925	0.78095	0.78175	0.77945	0.78080
20180926	0.78080	0.78115	0.77640	0.77775
20180927	0.77580	0.77690	0.77305	0.77550
20180928	0.77570	0.78365	0.77550	0.78250
20181001	0.78685	0.79100	0.78425	0.79070
20181002	0.78900	0.78990	0.78735	0.78890
20181003	0.78830	0.78945	0.78475	0.78730
20181004	0.78570	0.78635	0.78145	0.78220
20181005	0.78230	0.78440	0.78030	0.78130
20181008	0.78115	0.78115	0.77705	0.78000
20181009	0.78045	0.78150	0.77740	0.78100
20181010	0.78100	0.78200	0.77355	0.77570
20181011	0.77445	0.77680	0.77340	0.77485
20181012	0.77580	0.77745	0.77450	0.77475
20181015	0.77630	0.78020	0.77455	0.77840
20181016	0.77850	0.78250	0.77760	0.78115
20181017	0.78145	0.78155	0.77600	0.77680
20181018	0.77625	0.77640	0.77225	0.77290
20181019	0.77270	0.77580	0.76970	0.77060
20181022	0.77105	0.77275	0.77005	0.77140
20181023	0.77150	0.77295	0.77020	0.77235
20181024	0.77245	0.77925	0.77140	0.77645
20181025	0.77470	0.77645	0.77155	0.77285
20181026	0.77295	0.77330	0.76785	0.77200
20181029	0.77160	0.77245	0.76855	0.76990
20181030	0.76955	0.77135	0.76865	0.76960
20181031	0.77070	0.77100	0.76730	0.76740
20181101	0.76795	0.77325	0.76740	0.77215
20181102	0.77230	0.77435	0.77020	0.77055
20181105	0.77130	0.77305	0.77045	0.77090
20181106	0.77085	0.77095	0.76875	0.76900
20181107	0.76975	0.77390	0.76790	0.77135
20181108	0.77040	0.77200	0.76640	0.76660
20181109	0.76800	0.76885	0.76355	0.76490
20181112	0.76505	0.76645	0.76265	0.76380
20181113	0.76290	0.76460	0.76180	0.76240
20181114	0.76340	0.76500	0.76175	0.76395
20181115	0.76270	0.76795	0.76260	0.76725
20181116	0.76675	0.76965	0.76615	0.76745
20181119	0.76815	0.76875	0.76520	0.76655
20181120	0.76695	0.76795	0.75860	0.75880
20181121	0.75925	0.76370	0.75860	0.76235
20181123	0.76340	0.76635	0.76195	0.76520
20181126	0.76400	0.76605	0.76180	0.76300
20181127	0.76225	0.76325	0.75795	0.75965
20181128	0.75970	0.76290	0.75620	0.76115
20181129	0.76095	0.76220	0.75885	0.76100
20181130	0.76055	0.76105	0.75705	0.76010
20181203	0.76185	0.76755	0.76135	0.76455
20181204	0.76540	0.76730	0.76140	0.76250
20181205	0.76170	0.76215	0.75390	0.75470
20181206	0.75640	0.75640	0.75135	0.75420
20181207	0.75445	0.76210	0.75380	0.76040
20181210	0.75795	0.75985	0.75285	0.75315
20181211	0.75410	0.75500	0.75245	0.75410
20181212	0.75430	0.75815	0.75420	0.75655
20181213	0.75650	0.75725	0.75470	0.75625
20181214	0.75640	0.75665	0.75365	0.75520
20181217	0.75460	0.75525	0.75255	0.75325
20181218	0.75310	0.75420	0.74835	0.74855
20181219	0.75005	0.75300	0.74790	0.74865
20181220	0.74915	0.75130	0.74660	0.74855
20181221	0.74810	0.74855	0.74235	0.74320
20181224	0.74280	0.74445	0.74185	0.74250
20181226	0.74235	0.74435	0.74155	0.74360
20181227	0.74415	0.74440	0.73935	0.74035
20181228	0.74130	0.74275	0.73915	0.74025
20181231	0.74040	0.74185	0.73885	0.74095
20190102	0.74045	0.74405	0.73905	0.74310
20190103	0.74065	0.74960	0.73940	0.74905
20190104	0.74900	0.75485	0.74830	0.75370
20190107	0.75425	0.76020	0.75420	0.75915
20190108	0.75935	0.76080	0.75760	0.75990
20190109	0.76045	0.76580	0.76040	0.76345
20190110	0.76435	0.76435	0.76120	0.76300
20190111	0.76235	0.76550	0.76005	0.76055
20190114	0.76095	0.76150	0.75900	0.76070
20190115	0.75990	0.76305	0.75920	0.75990
20190116	0.76055	0.76250	0.75970	0.76170
20190117	0.76145	0.76175	0.75770	0.76055
20190118	0.76005	0.76285	0.75895	0.76040
20190122	0.76090	0.76145	0.75540	0.75590
20190123	0.75575	0.75845	0.75460	0.75595
20190124	0.75615	0.75700	0.75440	0.75570
20190125	0.75545	0.76350	0.75530	0.76270
20190128	0.76330	0.76415	0.75940	0.76110
20190129	0.76080	0.76195	0.75945	0.75950
20190130	0.76025	0.76905	0.75965	0.76840
20190131	0.76715	0.76885	0.76625	0.76830
20190201	0.76845	0.77180	0.76670	0.77065
20190204	0.77080	0.77080	0.76725	0.76865
20190205	0.76890	0.76985	0.76685	0.76740
20190206	0.76840	0.76845	0.76320	0.76395
20190207	0.76355	0.76355	0.75740	0.75830
20190208	0.75775	0.76220	0.75665	0.76010
20190211	0.75995	0.76050	0.75725	0.75845
20190212	0.75800	0.76215	0.75755	0.76165
20190213	0.76205	0.76425	0.76060	0.76120
20190214	0.76055	0.76235	0.75595	0.75925
20190215	0.75850	0.76150	0.75750	0.76100
20190219	0.76100	0.76360	0.75925	0.76320
20190220	0.76310	0.76685	0.76300	0.76655
20190221	0.76530	0.76605	0.76190	0.76250
20190222	0.76200	0.76770	0.76140	0.76740
20190225	0.76760	0.76885	0.76400	0.76415
20190226	0.76445	0.76635	0.76170	0.76565
20190227	0.76540	0.76855	0.76515	0.76665
20190228	0.76655	0.76725	0.76330	0.76715
20190301	0.76530	0.76780	0.75755	0.75800
20190304	0.75895	0.75935	0.75580	0.75715
20190305	0.75735	0.75735	0.75455	0.75540
20190306	0.75470	0.75490	0.74915	0.75115
20190307	0.75000	0.75155	0.74855	0.74910
20190308	0.74935	0.75275	0.74860	0.75155
20190311	0.75115	0.75265	0.74990	0.75170
20190312	0.75250	0.75490	0.75130	0.75420
20190313	0.75480	0.75835	0.75385	0.75760
20190314	0.75780	0.75860	0.75515	0.75650
20190315	0.75605	0.75835	0.75375	0.75515
20190318	0.75560	0.75765	0.75405	0.75495
20190319	0.75555	0.76065	0.75525	0.75735
20190320	0.75640	0.76025	0.75515	0.75940
20190321	0.75765	0.75915	0.75215	0.75340
20190322	0.75415	0.75485	0.75025	0.75130
20190325	0.75070	0.75220	0.74960	0.75145
20190326	0.75170	0.75370	0.75145	0.75315
20190327	0.75295	0.75335	0.74985	0.75190
20190328	0.75125	0.75225	0.74920	0.74980
20190329	0.75025	0.75525	0.74955	0.75455
20190401	0.75470	0.75770	0.75345	0.75710
20190402	0.75710	0.75715	0.75335	0.75490
20190403	0.75550	0.75775	0.75455	0.75535
20190404	0.75515	0.75530	0.75335	0.75430
20190405	0.75415	0.75465	0.75140	0.75235
20190408	0.75250	0.75710	0.75245	0.75675
20190409	0.75675	0.75825	0.75555	0.75610
20190410	0.75560	0.75700	0.75395	0.75600
20190411	0.75635	0.75640	0.75185	0.75280
20190412	0.75290	0.75660	0.75245	0.75535
20190415	0.75560	0.75740	0.75210	0.75285
20190416	0.75305	0.75460	0.75140	0.75420
20190417	0.75420	0.75870	0.75315	0.75480
20190418	0.75440	0.75480	0.75150	0.75225
20190422	0.75230	0.75515	0.75225	0.75470
20190423	0.75440	0.75470	0.74910	0.74925
20190424	0.74970	0.75005	0.74465	0.74635
20190425	0.74610	0.74690	0.74500	0.74665
20190426	0.74675	0.74855	0.74595	0.74800
20190429	0.74790	0.74920	0.74700	0.74875
20190430	0.74815	0.75250	0.74695	0.75180
20190501	0.75165	0.75265	0.74795	0.74855
20190502	0.74915	0.74960	0.74710	0.74745
20190503	0.74715	0.75100	0.74620	0.74975
20190506	0.74885	0.74950	0.74600	0.74920
20190507	0.74825	0.75075	0.74630	0.74685
20190508	0.74725	0.74875	0.74645	0.74700
20190509	0.74690	0.74790	0.74540	0.74770
20190510	0.74705	0.75225	0.74670	0.75000
20190513	0.75025	0.75025	0.74645	0.74730
20190514	0.74675	0.74800	0.74625	0.74740
20190515	0.74755	0.74960	0.74590	0.74900
20190516	0.74895	0.75105	0.74720	0.74765
20190517	0.74780	0.74910	0.74465	0.74860
20190520	0.74825	0.75015	0.74785	0.74920
20190521	0.74935	0.75130	0.74910	0.75085
20190522	0.75065	0.75350	0.74880	0.74940
20190523	0.74905	0.74920	0.74525	0.74620
20190524	0.74685	0.74925	0.74635	0.74860
20190528	0.74865	0.74925	0.74535	0.74600
20190529	0.74570	0.74640	0.74275	0.74415
20190530	0.74460	0.74615	0.74415	0.74480
20190531	0.74535	0.74565	0.74170	0.74410
20190603	0.74425	0.74890	0.74375	0.74875
20190604	0.74855	0.75180	0.74800	0.75100
20190605	0.75110	0.75280	0.74915	0.74940
20190606	0.74965	0.75300	0.74900	0.75240
20190607	0.75280	0.75925	0.75255	0.75790
20190610	0.75865	0.75905	0.75740	0.75800
20190611	0.75795	0.75905	0.75580	0.75700
20190612	0.75720	0.75775	0.75365	0.75445
20190613	0.75405	0.75620	0.75400	0.75475
20190614	0.75465	0.75485	0.74930	0.74955
20190617	0.74980	0.75085	0.74945	0.74975
20190618	0.74985	0.75195	0.74870	0.75160
20190619	0.75185	0.75735	0.75150	0.75670
20190620	0.75735	0.76465	0.75720	0.76220
20190621	0.76240	0.76390	0.76010	0.76125
20190624	0.76085	0.76300	0.76080	0.76245
20190625	0.76285	0.76455	0.76130	0.76280
20190626	0.76325	0.76720	0.76200	0.76680
20190627	0.76620	0.76810	0.76535	0.76795
20190628	0.76760	0.76980	0.76735	0.76850
20190701	0.76810	0.76870	0.76475	0.76500
20190702	0.76525	0.76760	0.76515	0.76680
20190703	0.76685	0.76985	0.76625	0.76910
20190705	0.76990	0.77105	0.76525	0.76825
20190708	0.76900	0.77030	0.76715	0.76760
20190709	0.76745	0.76755	0.76490	0.76585
20190710	0.76575	0.76950	0.76460	0.76905
20190711	0.76875	0.77065	0.76770	0.76895
20190712	0.76910	0.77210	0.76900	0.77120
20190715	0.77125	0.77190	0.76995	0.77045
20190716	0.77035	0.77170	0.76765	0.76900
20190717	0.76785	0.77105	0.76750	0.77060
20190718	0.77010	0.77150	0.76735	0.77040
20190719	0.77125	0.77200	0.76645	0.76935
20190722	0.76975	0.77060	0.76590	0.76640
20190723	0.76600	0.76605	0.76330	0.76505
20190724	0.76535	0.76600	0.76415	0.76450
20190725	0.76505	0.76615	0.76320	0.76340
20190726	0.76330	0.76370	0.76125	0.76285
20190729	0.76285	0.76420	0.76220	0.76340
20190730	0.76345	0.76450	0.76170	0.76400
20190731	0.76400	0.76665	0.76030	0.76150
20190801	0.76165	0.76215	0.75845	0.75925
20190802	0.76035	0.76140	0.75640	0.76050
20190805	0.76055	0.76250	0.75840	0.76005
20190806	0.76025	0.76185	0.75585	0.75650
20190807	0.75650	0.75710	0.75280	0.75450
20190808	0.75490	0.75980	0.75455	0.75890
20190809	0.75915	0.76120	0.75670	0.76055
20190812	0.76045	0.76085	0.75810	0.75855
20190813	0.75880	0.76190	0.75565	0.75975
20190814	0.75970	0.76030	0.75380	0.75400
20190815	0.75405	0.75605	0.75310	0.75390
20190816	0.75430	0.75735	0.75385	0.75695
20190819	0.75660	0.75795	0.75305	0.75350
20190820	0.75370	0.75465	0.75260	0.75420
20190821	0.75425	0.75780	0.75395	0.75535
20190822	0.75605	0.75655	0.75425	0.75515
20190823	0.75515	0.75645	0.75290	0.75545
20190826	0.75560	0.75815	0.75400	0.75720
20190827	0.75785	0.75940	0.75500	0.75575
20190828	0.75580	0.75610	0.75405	0.75460
20190829	0.75455	0.75660	0.75395	0.75495
20190830	0.75565	0.75805	0.75305	0.75380
20190903	0.75345	0.75430	0.75030	0.75350
20190904	0.75270	0.75960	0.75245	0.75950
20190905	0.75955	0.76115	0.75805	0.75865
20190906	0.75905	0.76305	0.75715	0.76210
20190909	0.76220	0.76415	0.76195	0.76275
20190910	0.76245	0.76450	0.76115	0.76345
20190911	0.76370	0.76410	0.75970	0.76095
20190912	0.76100	0.76195	0.75935	0.75995
20190913	0.76025	0.76025	0.75520	0.75585
20190916	0.75825	0.75990	0.75655	0.75825
20190917	0.75855	0.75860	0.75490	0.75760
20190918	0.75765	0.75905	0.75420	0.75510
20190919	0.75545	0.75820	0.75440	0.75745
20190920	0.75695	0.75740	0.75485	0.75595
20190923	0.75650	0.75730	0.75440	0.75700
20190924	0.75700	0.75865	0.75620	0.75840
20190925	0.75850	0.75850	0.75545	0.75720
20190926	0.75670	0.75875	0.75605	0.75695
20190927	0.75660	0.75965	0.75590	0.75780
20190930	0.75840	0.75900	0.75695	0.75830
20191001	0.75805	0.75980	0.75520	0.75955
20191002	0.75895	0.76000	0.75290	0.75360
20191003	0.75300	0.75390	0.75180	0.75285
20191004	0.75245	0.75450	0.75220	0.75300
20191007	0.75310	0.75485	0.75260	0.75375
20191008	0.75370	0.75500	0.75220	0.75325
20191009	0.75300	0.75455	0.75210	0.75255
20191010	0.75225	0.75605	0.75165	0.75445
20191011	0.75475	0.76160	0.75420	0.76085
20191014	0.76010	0.76035	0.75760	0.75815
20191015	0.75820	0.76010	0.75760	0.75965
20191016	0.75975	0.76080	0.75670	0.76030
20191017	0.75975	0.76395	0.75925	0.76355
20191018	0.76365	0.76455	0.76300	0.76440
20191021	0.76395	0.76675	0.76340	0.76650
20191022	0.76625	0.76740	0.76435	0.76580
20191023	0.76605	0.76750	0.76510	0.76700
20191024	0.76740	0.76835	0.76605	0.76730
20191025	0.76735	0.76820	0.76695	0.76790
20191028	0.76805	0.76855	0.76685	0.76820
20191029	0.76830	0.76895	0.76555	0.76620
20191030	0.76625	0.76705	0.75920	0.76085
20191031	0.76180	0.76335	0.76095	0.76175
20191101	0.76175	0.76310	0.75980	0.76270
20191104	0.76295	0.76360	0.76190	0.76255
20191105	0.76215	0.76445	0.76085	0.76205
20191106	0.76240	0.76260	0.76000	0.76055
20191107	0.76045	0.76195	0.75975	0.76065
20191108	0.76115	0.76120	0.75745	0.75800
20191111	0.75795	0.75890	0.75760	0.75830
20191112	0.75770	0.75870	0.75635	0.75810
20191113	0.75750	0.75780	0.75570	0.75655
20191114	0.75645	0.75705	0.75555	0.75635
20191115	0.75680	0.75865	0.75660	0.75795
20191118	0.75830	0.75955	0.75755	0.75905
20191119	0.75910	0.76015	0.75540	0.75565
20191120	0.75590	0.75600	0.75235	0.75325
20191121	0.75345	0.75565	0.75245	0.75515
20191122	0.75480	0.75650	0.75365	0.75425
20191125	0.75410	0.75475	0.75280	0.75340
20191126	0.75400	0.75565	0.75295	0.75525
20191127	0.75540	0.75615	0.75450	0.75490
20191129	0.75480	0.75510	0.75305	0.75490
20191202	0.75480	0.75530	0.75335	0.75405
20191203	0.75340	0.75490	0.75265	0.75380
20191204	0.75410	0.76005	0.75395	0.75995
20191205	0.75970	0.76200	0.75960	0.76110
20191206	0.76085	0.76125	0.75555	0.75595
20191209	0.75615	0.75830	0.75585	0.75790
20191210	0.75730	0.75815	0.75675	0.75780
20191211	0.75780	0.76175	0.75730	0.76150
20191212	0.76090	0.76170	0.75995	0.76060
20191213	0.76200	0.76305	0.75930	0.76040
20191216	0.76090	0.76445	0.76040	0.76215
20191217	0.76195	0.76275	0.76045	0.76160
20191218	0.76200	0.76520	0.76100	0.76455
20191219	0.76445	0.76490	0.76310	0.76420
20191220	0.76390	0.76400	0.76065	0.76205
20191223	0.76245	0.76310	0.76105	0.76250
20191224	0.76280	0.76285	0.76155	0.76220
20191226	0.76215	0.76545	0.76205	0.76525
20191227	0.76445	0.76755	0.76430	0.76730
20191230	0.76715	0.76825	0.76635	0.76795
20191231	0.76755	0.77390	0.76720	0.77245
20200102	0.77230	0.77295	0.77055	0.77155
20200103	0.77195	0.77325	0.77045	0.77140
20200106	0.77160	0.77335	0.77145	0.77305
20200107	0.77300	0.77345	0.76915	0.77060
20200108	0.77060	0.77230	0.76825	0.76925
20200109	0.76885	0.76935	0.76470	0.76625
20200110	0.76740	0.76915	0.76645	0.76735
20200113	0.76760	0.76895	0.76690	0.76810
20200114	0.76755	0.76810	0.76610	0.76750
20200115	0.76730	0.76870	0.76625	0.76840
20200116	0.76835	0.76885	0.76750	0.76800
20200117	0.76840	0.76890	0.76635	0.76705
20200121	0.76695	0.76820	0.76605	0.76665
20200122	0.76665	0.76870	0.76185	0.76245
20200123	0.76275	0.76350	0.76075	0.76330
20200124	0.76345	0.76405	0.76185	0.76255
20200127	0.76200	0.76215	0.75915	0.76015
20200128	0.75955	0.76170	0.75880	0.76080
20200129	0.76155	0.76155	0.75860	0.75955
20200130	0.75925	0.75965	0.75765	0.75810
20200131	0.75860	0.75940	0.75610	0.75735
20200203	0.75665	0.75730	0.75325	0.75370
20200204	0.75375	0.75550	0.75335	0.75425
20200205	0.75460	0.75555	0.75330	0.75380
20200206	0.75450	0.75505	0.75285	0.75390
20200207	0.75410	0.75465	0.75215	0.75340
20200210	0.75300	0.75405	0.75175	0.75250
20200211	0.75240	0.75480	0.75230	0.75390
20200212	0.75430	0.75705	0.75370	0.75560
20200213	0.75620	0.75680	0.75505	0.75575
20200214	0.75540	0.75710	0.75520	0.75615
20200218	0.75625	0.75770	0.75465	0.75615
20200219	0.75610	0.75870	0.75595	0.75760
20200220	0.75790	0.75850	0.75520	0.75555
20200221	0.75580	0.75910	0.75525	0.75865
20200224	0.75610	0.75660	0.75310	0.75400
20200225	0.75385	0.75530	0.75315	0.75500
20200226	0.75425	0.75510	0.75145	0.75245
20200227	0.75140	0.75250	0.74815	0.74975
20200228	0.74855	0.74905	0.74430	0.74775
20200302	0.74540	0.75265	0.74540	0.75040
20200303	0.75165	0.75250	0.74835	0.74925
20200304	0.74880	0.75190	0.74615	0.74780
20200305	0.74850	0.74885	0.74575	0.74650
20200306	0.74730	0.74905	0.74570	0.74640
20200309	0.73820	0.74135	0.72835	0.73535
20200310	0.73150	0.73635	0.72640	0.72935
20200311	0.73030	0.73245	0.72645	0.72775
20200312	0.72715	0.73100	0.71770	0.72375
20200313	0.71985	0.72715	0.71595	0.71935
20200316	0.72855	0.73030	0.71490	0.71645
20200317	0.71485	0.71770	0.70200	0.70475
20200318	0.70575	0.70740	0.68390	0.68785
20200319	0.69085	0.69505	0.68300	0.69070
20200320	0.69095	0.70810	0.68930	0.69425
20200323	0.69805	0.69880	0.68800	0.68985
20200324	0.69080	0.69720	0.68960	0.69130
20200325	0.69245	0.70670	0.69190	0.70575
20200326	0.70635	0.71515	0.70180	0.71430
20200327	0.71365	0.71985	0.70785	0.71865
20200330	0.71360	0.71520	0.70655	0.70785
20200331	0.70780	0.71525	0.69835	0.71145
20200401	0.71230	0.71250	0.70200	0.70470
20200402	0.70595	0.71170	0.70080	0.70635
20200403	0.70920	0.71110	0.70465	0.70805
20200406	0.70310	0.71195	0.70270	0.70985
20200407	0.71010	0.71865	0.70865	0.71635
20200408	0.71570	0.71645	0.71180	0.71395
20200409	0.71480	0.71960	0.71205	0.71755
20200413	0.71890	0.72345	0.71580	0.72250
20200414	0.72080	0.72305	0.71980	0.72060
20200415	0.72160	0.72225	0.70905	0.71150
20200416	0.71030	0.71250	0.70645	0.70980
20200417	0.71445	0.71560	0.70965	0.71440
20200420	0.71480	0.71480	0.70795	0.70880
20200421	0.70885	0.70980	0.70220	0.70540
20200422	0.70555	0.70970	0.70360	0.70615
20200423	0.70705	0.71560	0.70540	0.71315
20200424	0.71145	0.71420	0.70935	0.71020
20200427	0.71015	0.71395	0.70950	0.71340
20200428	0.71410	0.71870	0.71170	0.71610
20200429	0.71545	0.72175	0.71525	0.72060
20200430	0.72165	0.72305	0.71745	0.71925
20200501	0.71845	0.71845	0.70975	0.71145
20200504	0.71140	0.71270	0.70755	0.71135
20200505	0.71075	0.71485	0.71045	0.71405
20200506	0.71305	0.71410	0.70735	0.70915
20200507	0.70775	0.71775	0.70655	0.71570
20200508	0.71610	0.71995	0.71600	0.71875
20200511	0.71865	0.72040	0.71310	0.71415
20200512	0.71430	0.71670	0.71130	0.71330
20200513	0.71155	0.71495	0.70945	0.70990
20200514	0.71030	0.71370	0.70820	0.71155
20200515	0.71305	0.71435	0.70940	0.70985
20200518	0.70965	0.71845	0.70960	0.71715
20200519	0.71830	0.72220	0.71685	0.72105
20200520	0.71780	0.72210	0.71735	0.72090
20200521	0.72030	0.72085	0.71675	0.71800
20200522	0.71750	0.71830	0.71275	0.71455
20200526	0.71565	0.72795	0.71490	0.72785
20200527	0.72650	0.72940	0.72445	0.72675
20200528	0.72780	0.72910	0.72615	0.72765
20200529	0.72720	0.73015	0.72390	0.72660
20200601	0.72715	0.73855	0.72550	0.73750
20200602	0.73780	0.74265	0.73710	0.74085
20200603	0.74055	0.74295	0.73780	0.74255
20200604	0.74200	0.74355	0.73950	0.74145
20200605	0.74165	0.74775	0.74105	0.74535
20200608	0.74645	0.74970	0.74520	0.74930
20200609	0.74805	0.74950	0.74240	0.74765
20200610	0.74620	0.75205	0.74515	0.74840
20200611	0.74725	0.74725	0.73455	0.73600
20200612	0.73520	0.74020	0.73275	0.73540
20200615	0.73640	0.73925	0.73170	0.73845
20200616	0.73830	0.74150	0.73510	0.73815
20200617	0.73925	0.74115	0.73665	0.73830
20200618	0.73835	0.74060	0.73545	0.73620
20200619	0.73615	0.73925	0.73540	0.73610
20200622	0.73570	0.74075	0.73465	0.74040
20200623	0.74070	0.74255	0.73795	0.73955
20200624	0.73905	0.74025	0.73410	0.73565
20200625	0.73440	0.73585	0.73250	0.73365
20200626	0.73435	0.73480	0.73010	0.73325
20200629	0.73170	0.73385	0.73065	0.73160
20200630	0.73300	0.73795	0.73100	0.73710
20200701	0.73755	0.73925	0.73625	0.73705
20200702	0.73730	0.73845	0.73500	0.73670
20200706	0.73830	0.74070	0.73735	0.73950
20200707	0.73965	0.74045	0.73570	0.73665
20200708	0.73610	0.74220	0.73505	0.74180
20200709	0.74080	0.74220	0.73660	0.73740
20200710	0.73740	0.73770	0.73455	0.73690
20200713	0.73660	0.73985	0.73575	0.73700
20200714	0.73610	0.73650	0.73390	0.73515
20200715	0.73565	0.74155	0.73565	0.74135
20200716	0.74125	0.74170	0.73725	0.73770
20200717	0.73775	0.73825	0.73685	0.73760
20200720	0.73695	0.74040	0.73625	0.73990
20200721	0.73970	0.74590	0.73965	0.74520
20200722	0.74420	0.74730	0.74265	0.74635
20200723	0.74640	0.75000	0.74575	0.74785
20200724	0.74690	0.74850	0.74475	0.74595
20200727	0.74650	0.74985	0.74560	0.74945
20200728	0.74945	0.75110	0.74690	0.74940
20200729	0.74845	0.75100	0.74800	0.74925
20200730	0.75110	0.75110	0.74395	0.74495
20200731	0.74580	0.74880	0.74520	0.74810
20200803	0.74690	0.74830	0.74440	0.74790
20200804	0.74740	0.75180	0.74605	0.75030
20200805	0.75115	0.75665	0.75115	0.75385
20200806	0.75465	0.75595	0.75145	0.75350
20200807	0.75250	0.75260	0.74725	0.74805
20200810	0.74830	0.75090	0.74750	0.74995
20200811	0.74995	0.75445	0.74940	0.75370
20200812	0.75275	0.75685	0.75015	0.75545
20200813	0.75565	0.75895	0.75545	0.75715
20200814	0.75690	0.75815	0.75440	0.75530
20200817	0.75535	0.75900	0.75490	0.75870
20200818	0.75740	0.76130	0.75675	0.76110
20200819	0.76070	0.76235	0.75695	0.75900
20200820	0.75800	0.76035	0.75595	0.75965
20200821	0.75970	0.76085	0.75650	0.75910
20200824	0.75965	0.76230	0.75620	0.75660
20200825	0.75740	0.76040	0.75625	0.75940
20200826	0.76005	0.76245	0.75820	0.76100
20200827	0.76170	0.76420	0.76045	0.76275
20200828	0.76275	0.76735	0.76240	0.76465
20200831	0.76525	0.76895	0.76405	0.76860
20200901	0.76760	0.77050	0.76505	0.76575
20200902	0.76650	0.76795	0.76450	0.76600
20200903	0.76725	0.76775	0.76065	0.76230
20200904	0.76250	0.76755	0.76190	0.76750
20200908	0.76620	0.76640	0.75625	0.75720
20200909	0.75625	0.76160	0.75510	0.76055
20200910	0.76140	0.76320	0.75835	0.75950
20200911	0.75900	0.76130	0.75810	0.75895
20200914	0.75890	0.76120	0.75870	0.75975
20200915	0.75965	0.76220	0.75835	0.75955
20200916	0.75935	0.76260	0.75840	0.76010
20200917	0.75975	0.76130	0.75575	0.75975
20200918	0.76085	0.76205	0.75790	0.75870
20200921	0.75865	0.76010	0.75155	0.75170
20200922	0.75220	0.75370	0.75015	0.75225
20200923	0.75255	0.75310	0.74795	0.74830
20200924	0.74820	0.75130	0.74615	0.74980
20200925	0.74935	0.75055	0.74615	0.74735
20200928	0.74845	0.74975	0.74695	0.74875
20200929	0.74855	0.74985	0.74610	0.74795
20200930	0.74765	0.75265	0.74600	0.75200
20201001	0.75170	0.75460	0.75150	0.75425
20201002	0.75360	0.75375	0.75095	0.75245
20201005	0.75300	0.75520	0.75250	0.75420
20201006	0.75490	0.75595	0.75170	0.75270
20201007	0.75190	0.75520	0.75035	0.75450
20201008	0.75490	0.75870	0.75460	0.75820
20201009	0.75860	0.76355	0.75855	0.76225
20201012	0.76250	0.76410	0.76165	0.76325
20201013	0.76345	0.76415	0.76140	0.76180
20201014	0.76190	0.76315	0.76040	0.76155
20201015	0.76145	0.76155	0.75490	0.75695
20201016	0.75710	0.75970	0.75620	0.75935
20201019	0.75885	0.76120	0.75875	0.75940
20201020	0.75910	0.76390	0.75810	0.76295
20201021	0.76245	0.76525	0.76110	0.76235
20201022	0.76190	0.76275	0.75970	0.76170
20201023	0.76220	0.76365	0.76070	0.76160
20201026	0.76265	0.76270	0.75695	0.75850
20201027	0.75785	0.76175	0.75770	0.76040
20201028	0.75910	0.75955	0.75075	0.75285
20201029	0.75130	0.75390	0.74765	0.75125
20201030	0.75120	0.75380	0.74975	0.75165
20201102	0.75185	0.75750	0.74875	0.75655
20201103	0.75695	0.76390	0.75645	0.76000
20201104	0.76205	0.76440	0.75270	0.76270
20201105	0.76200	0.76830	0.75960	0.76775
20201106	0.76675	0.76885	0.76430	0.76845
20201109	0.76740	0.77430	0.76735	0.77100
20201110	0.76985	0.77090	0.76700	0.76885
20201111	0.76820	0.76950	0.76545	0.76595
20201112	0.76620	0.76675	0.76120	0.76190
20201113	0.76150	0.76320	0.75990	0.76200
20201116	0.76220	0.76615	0.76180	0.76440
20201117	0.76545	0.76625	0.76310	0.76505
20201118	0.76405	0.76795	0.76310	0.76710
20201119	0.76525	0.76690	0.76275	0.76620
20201120	0.76580	0.76770	0.76425	0.76435
20201123	0.76440	0.76735	0.76335	0.76530
20201124	0.76500	0.77030	0.76465	0.76960
20201125	0.77010	0.77080	0.76825	0.77025
20201127	0.76995	0.77165	0.76850	0.77070
20201130	0.77075	0.77455	0.76935	0.77225
20201201	0.77000	0.77425	0.76975	0.77370
20201202	0.77375	0.77530	0.77235	0.77455
20201203	0.77485	0.77880	0.77340	0.77860
20201204	0.77785	0.78365	0.77750	0.78325
20201207	0.78280	0.78335	0.77995	0.78215
20201208	0.78200	0.78390	0.78045	0.78085
20201209	0.78080	0.78380	0.77990	0.78080
20201210	0.78075	0.78765	0.78015	0.78530
20201211	0.78540	0.78685	0.78240	0.78365
20201214	0.78455	0.78685	0.78260	0.78440
20201215	0.78450	0.78875	0.78365	0.78830
20201216	0.78805	0.78825	0.78265	0.78485
20201217	0.78550	0.78890	0.78500	0.78645
20201218	0.78675	0.78680	0.78200	0.78260
20201221	0.78240	0.78275	0.77230	0.78040
20201222	0.77855	0.77945	0.77410	0.77605
20201223	0.77570	0.77990	0.77525	0.77860
20201224	0.77895	0.78110	0.77865	0.78100
20201228	0.77910	0.78105	0.77720	0.77920
20201229	0.77865	0.78305	0.77865	0.78105
20201230	0.78065	0.78485	0.78015	0.78385
20201231	0.78455	0.78690	0.78335	0.78365
20210104	0.78570	0.78995	0.78170	0.78325
20210105	0.78265	0.79055	0.78210	0.78990
20210106	0.78950	0.79215	0.78630	0.78815
20210107	0.78910	0.79005	0.78570	0.78875
20210108	0.78850	0.79040	0.78510	0.78705
20210111	0.78755	0.78825	0.77945	0.78310
20210112	0.78270	0.78730	0.78220	0.78645
20210113	0.78690	0.78905	0.78490	0.78795
20210114	0.78795	0.79255	0.78735	0.79180
20210115	0.79105	0.79185	0.78375	0.78610
20210119	0.78600	0.78685	0.78170	0.78585
20210120	0.78590	0.79375	0.78560	0.79135
20210121	0.79175	0.79465	0.79100	0.79220
20210122	0.79165	0.79185	0.78525	0.78615
20210125	0.78565	0.78850	0.78290	0.78460
20210126	0.78520	0.78840	0.78265	0.78800
20210127	0.78825	0.78870	0.78020	0.78195
20210128	0.78150	0.78235	0.77660	0.78190
20210129	0.78030	0.78545	0.77705	0.78145
20210201	0.78245	0.78390	0.77770	0.77900
20210202	0.77840	0.78275	0.77730	0.78125
20210203	0.78260	0.78375	0.78085	0.78270
20210204	0.78245	0.78295	0.77875	0.77965
20210205	0.78020	0.78415	0.77950	0.78350
20210208	0.78400	0.78560	0.78260	0.78515
20210209	0.78520	0.78830	0.78360	0.78800
20210210	0.78795	0.78970	0.78700	0.78835
20210211	0.78775	0.79015	0.78695	0.78770
20210212	0.78775	0.78915	0.78375	0.78740
20210216	0.78835	0.79335	0.78750	0.78905
20210217	0.78810	0.78845	0.78480	0.78775
20210218	0.78750	0.78980	0.78575	0.78890
20210219	0.78895	0.79430	0.78675	0.79260
20210222	0.79320	0.79515	0.79050	0.79395
20210223	0.79315	0.79535	0.79100	0.79435
20210224	0.79450	0.80000	0.79405	0.79840
20210225	0.79935	0.80235	0.79300	0.79540
20210226	0.79405	0.79470	0.78445	0.78720
20210301	0.78565	0.79135	0.78510	0.79070
20210302	0.79100	0.79390	0.78780	0.79285
20210303	0.79135	0.79435	0.79025	0.79165
20210304	0.79050	0.79545	0.78800	0.79010
20210305	0.78970	0.79100	0.78530	0.78980
20210308	0.79045	0.79245	0.78760	0.79040
20210309	0.78960	0.79445	0.78855	0.79180
20210310	0.79165	0.79330	0.78865	0.79235
20210311	0.79255	0.79895	0.79230	0.79775
20210312	0.79810	0.80265	0.79560	0.80240
20210315	0.80190	0.80400	0.79945	0.80190
20210316	0.80165	0.80435	0.80025	0.80400
20210317	0.80390	0.80670	0.80065	0.80560
20210318	0.80620	0.80895	0.79850	0.79970
20210319	0.80085	0.80265	0.79720	0.80055
20210322	0.79865	0.80200	0.79760	0.79970
20210323	0.79885	0.79915	0.79425	0.79580
20210324	0.79485	0.79750	0.79330	0.79615
20210325	0.79525	0.79725	0.79195	0.79295
20210326	0.79330	0.79635	0.79320	0.79430
20210329	0.79530	0.79550	0.79210	0.79410
20210330	0.79440	0.79510	0.79095	0.79185
20210331	0.79235	0.79765	0.79195	0.79585
20210401	0.79610	0.79745	0.79375	0.79715
20210402	0.79735	0.79845	0.79535	0.79605
20210405	0.79465	0.80010	0.79420	0.79865
20210406	0.79865	0.79915	0.79490	0.79525
20210407	0.79570	0.79600	0.79170	0.79230
20210408	0.79315	0.79655	0.79215	0.79600
20210409	0.79620	0.79860	0.79315	0.79850
20210412	0.79825	0.79845	0.79550	0.79625
20210413	0.79620	0.79855	0.79120	0.79805
20210414	0.79810	0.80030	0.79535	0.79865
20210415	0.79900	0.80175	0.79650	0.79780
20210416	0.79745	0.80065	0.79645	0.80015
20210419	0.79970	0.80210	0.79730	0.79830
20210420	0.79840	0.80165	0.79230	0.79270
20210421	0.79325	0.80285	0.79050	0.80040
20210422	0.80025	0.80190	0.79795	0.80050
20210423	0.79990	0.80270	0.79960	0.80185
20210426	0.80155	0.80775	0.80085	0.80670
20210427	0.80695	0.80740	0.80545	0.80625
20210428	0.80645	0.81255	0.80550	0.81215
20210429	0.81185	0.81485	0.81175	0.81450
20210430	0.81435	0.81545	0.81170	0.81455
20210503	0.81420	0.81545	0.81200	0.81490
20210504	0.81475	0.81480	0.80970	0.81275
20210505	0.81295	0.81645	0.81265	0.81450
20210506	0.81535	0.82380	0.81390	0.82100
20210507	0.82265	0.82495	0.82025	0.82385
20210510	0.82455	0.82810	0.82450	0.82675
20210511	0.82635	0.82815	0.82485	0.82730
20210512	0.82685	0.83030	0.82400	0.82620
20210513	0.82430	0.82640	0.81965	0.82200
20210514	0.82210	0.82795	0.82125	0.82570
20210517	0.82615	0.82930	0.82410	0.82925
20210518	0.82865	0.83260	0.82785	0.82945
20210519	0.82915	0.82975	0.82365	0.82425
20210520	0.82460	0.83005	0.82355	0.82935
20210521	0.82940	0.83155	0.82695	0.82910
20210524	0.82915	0.83065	0.82755	0.83020
20210525	0.83025	0.83145	0.82810	0.82935
20210526	0.82890	0.83045	0.82470	0.82560
20210527	0.82510	0.82955	0.82365	0.82890
20210528	0.82870	0.82910	0.82515	0.82755
20210601	0.82835	0.83295	0.82710	0.82945
20210602	0.82855	0.83145	0.82715	0.83095
20210603	0.83085	0.83140	0.82515	0.82615
20210604	0.82585	0.82860	0.82435	0.82830
20210607	0.82830	0.82950	0.82615	0.82855
20210608	0.82775	0.82855	0.82540	0.82620
20210609	0.82575	0.82945	0.82535	0.82620
20210610	0.82575	0.82865	0.82480	0.82740
20210611	0.82710	0.82790	0.82130	0.82200
20210614	0.82210	0.82470	0.82175	0.82350
20210615	0.82365	0.82460	0.81955	0.82050
20210616	0.82090	0.82270	0.81425	0.81540
20210617	0.81475	0.81560	0.80800	0.80970
20210618	0.80950	0.81060	0.80140	0.80495
20210621	0.80250	0.80970	0.80095	0.80930
20210622	0.80910	0.81300	0.80640	0.81180
20210623	0.81275	0.81635	0.81125	0.81280
20210624	0.81270	0.81425	0.81045	0.81170
20210625	0.81170	0.81500	0.81115	0.81265
20210628	0.81355	0.81400	0.81000	0.81035
20210629	0.81055	0.81110	0.80635	0.80710
20210630	0.80670	0.80945	0.80500	0.80635
20210701	0.80655	0.80885	0.80350	0.80370
20210702	0.80395	0.81250	0.80335	0.81025
20210706	0.81130	0.81295	0.80040	0.80255
20210707	0.80280	0.80510	0.79885	0.80165
20210708	0.80120	0.80150	0.79435	0.79805
20210709	0.79815	0.80375	0.79655	0.80305
20210712	0.80335	0.80360	0.79925	0.80230
20210713	0.80310	0.80385	0.79755	0.79900
20210714	0.79925	0.80490	0.79845	0.79950
20210715	0.79915	0.80000	0.79290	0.79325
20210716	0.79420	0.79620	0.79245	0.79335
20210719	0.79285	0.79320	0.78090	0.78385
20210720	0.78455	0.78905	0.78215	0.78785
20210721	0.78880	0.79845	0.78565	0.79625
20210722	0.79620	0.79825	0.79405	0.79650
20210723	0.79615	0.79660	0.79330	0.79530
20210726	0.79595	0.79835	0.79435	0.79710
20210727	0.79725	0.79770	0.79350	0.79430
20210728	0.79370	0.79915	0.79350	0.79820
20210729	0.79845	0.80450	0.79815	0.80410
20210730	0.80350	0.80510	0.80065	0.80145
20210802	0.80165	0.80315	0.79915	0.79955
20210803	0.79985	0.80075	0.79525	0.79775
20210804	0.79775	0.79915	0.79610	0.79690
20210805	0.79725	0.80175	0.79705	0.80045
20210806	0.80025	0.80045	0.79490	0.79635
20210809	0.79665	0.79805	0.79450	0.79545
20210810	0.79520	0.79890	0.79440	0.79840
20210811	0.79885	0.80080	0.79700	0.79955
20210812	0.79965	0.80000	0.79795	0.79815
20210813	0.79860	0.80005	0.79805	0.79900
20210816	0.79915	0.79940	0.79475	0.79560
20210817	0.79545	0.79570	0.79070	0.79220
20210818	0.79210	0.79385	0.78970	0.79175
20210819	0.79010	0.79070	0.77945	0.78010
20210820	0.77965	0.78050	0.77240	0.77855
20210823	0.77945	0.79110	0.77880	0.79090
20210824	0.79065	0.79510	0.79010	0.79410
20210825	0.79415	0.79465	0.79100	0.79380
20210826	0.79450	0.79465	0.78775	0.78840
20210827	0.78830	0.79340	0.78700	0.79255
20210830	0.79240	0.79545	0.79160	0.79335
20210831	0.79340	0.79570	0.79040	0.79335
20210901	0.79295	0.79500	0.79145	0.79280
20210902	0.79245	0.79710	0.79140	0.79660
20210903	0.79670	0.80050	0.79635	0.79925
20210907	0.79830	0.79885	0.79025	0.79110
20210908	0.79100	0.79210	0.78365	0.78915
20210909	0.78810	0.79235	0.78585	0.79070
20210910	0.78960	0.79490	0.78735	0.79010
20210913	0.78855	0.79135	0.78790	0.78960
20210914	0.79075	0.79370	0.78755	0.78840
20210915	0.78810	0.79220	0.78695	0.79120
20210916	0.79210	0.79270	0.78755	0.78880
20210917	0.78850	0.79145	0.78295	0.78465
20210920	0.78365	0.78385	0.77555	0.77965
20210921	0.78020	0.78485	0.77835	0.78065
20210922	0.78030	0.78760	0.77970	0.78270
20210923	0.78290	0.79165	0.78160	0.79065
20210924	0.79020	0.79120	0.78560	0.78990
20210927	0.79015	0.79315	0.78925	0.79245
20210928	0.79205	0.79415	0.78710	0.78885
20210929	0.78850	0.78950	0.78290	0.78460
20210930	0.78400	0.79185	0.78365	0.79010
20211001	0.78865	0.79205	0.78510	0.79150
20211004	0.79115	0.79650	0.79035	0.79500
20211005	0.79460	0.79725	0.79195	0.79520
20211006	0.79495	0.79515	0.79075	0.79435
20211007	0.79430	0.79760	0.79385	0.79670
20211008	0.79690	0.80325	0.79620	0.80270
20211011	0.80165	0.80360	0.80065	0.80150
20211012	0.80120	0.80440	0.80020	0.80260
20211013	0.80245	0.80460	0.80150	0.80435
20211014	0.80375	0.80960	0.80365	0.80870
20211015	0.80850	0.81075	0.80675	0.80765
20211018	0.80890	0.80995	0.80595	0.80815
20211019	0.80800	0.81245	0.80770	0.80925
20211020	0.80905	0.81265	0.80860	0.81215
20211021	0.81195	0.81390	0.80760	0.80790
20211022	0.80850	0.81180	0.80725	0.80880
20211025	0.80890	0.81060	0.80655	0.80760
20211026	0.80780	0.80985	0.80685	0.80750
20211027	0.80725	0.81320	0.80430	0.81025
20211028	0.80915	0.81125	0.80775	0.81005
20211029	0.81030	0.81135	0.80610	0.80825
20211101	0.80770	0.80980	0.80635	0.80860
20211102	0.80845	0.80865	0.80500	0.80620
20211103	0.80605	0.80790	0.80290	0.80715
20211104	0.80730	0.80805	0.80195	0.80270
20211105	0.80270	0.80430	0.80145	0.80285
20211108	0.80295	0.80430	0.80240	0.80370
20211109	0.80370	0.80480	0.80095	0.80425
20211110	0.80420	0.80750	0.79990	0.80035
20211111	0.80060	0.80130	0.79400	0.79505
20211112	0.79455	0.79750	0.79350	0.79680
20211115	0.79685	0.80010	0.79660	0.79945
20211116	0.79930	0.80065	0.79580	0.79640
20211117	0.79620	0.79755	0.79235	0.79290
20211118	0.79315	0.79430	0.79085	0.79375
20211119	0.79360	0.79485	0.78990	0.79005
20211122	0.79100	0.79205	0.78720	0.78760
20211123	0.78755	0.79005	0.78475	0.78865
20211124	0.78925	0.79065	0.78690	0.78935
20211126	0.78975	0.79125	0.78145	0.78290
20211129	0.78310	0.78630	0.78180	0.78320
20211130	0.78485	0.78570	0.77915	0.78235
20211201	0.78265	0.78680	0.77960	0.78075
20211202	0.78030	0.78270	0.77905	0.78065
20211203	0.78100	0.78485	0.77805	0.77915
20211206	0.77935	0.78425	0.77880	0.78330
20211207	0.78390	0.79160	0.78340	0.79080
20211208	0.79115	0.79360	0.78970	0.79015
20211209	0.79060	0.79070	0.78620	0.78640
20211210	0.78685	0.78880	0.78515	0.78575
20211213	0.78550	0.78725	0.78020	0.78170
20211214	0.78090	0.78155	0.77740	0.77800
20211215	0.77755	0.77945	0.77305	0.77705
20211216	0.77930	0.78360	0.77780	0.78155
20211217	0.78275	0.78285	0.77510	0.77655
20211220	0.77580	0.77600	0.77130	0.77225
20211221	0.77255	0.77445	0.77235	0.77365
20211222	0.77425	0.77925	0.77365	0.77860
20211223	0.77870	0.78130	0.77800	0.78090
20211227	0.78020	0.78250	0.77825	0.78135
20211228	0.78200	0.78230	0.77920	0.78020
20211229	0.78000	0.78185	0.77905	0.78150
20211230	0.78165	0.78520	0.78040	0.78465
20211231	0.78470	0.79225	0.78410	0.79050
20220103	0.79090	0.79155	0.78235	0.78435
20220104	0.78425	0.78930	0.78320	0.78690
20220105	0.78695	0.78780	0.78315	0.78395
20220106	0.78375	0.78685	0.78025	0.78540
20220107	0.78575	0.79155	0.78535	0.79140
20220110	0.79070	0.79290	0.78740	0.78855
20220111	0.78885	0.79565	0.78870	0.79465
20220112	0.79545	0.80015	0.79480	0.79985
20220113	0.79950	0.80285	0.79855	0.80060
20220114	0.79905	0.80170	0.79535	0.79590
20220118	0.79675	0.80070	0.79575	0.79945
20220119	0.79930	0.80320	0.79820	0.80055
20220120	0.79910	0.80275	0.79870	0.80160
20220121	0.79960	0.79985	0.79420	0.79515
20220124	0.79465	0.79630	0.78705	0.79050
20220125	0.79090	0.79360	0.78910	0.79350
20220126	0.79165	0.79655	0.78800	0.79000
20220127	0.78950	0.79040	0.78435	0.78455
20220128	0.78495	0.78650	0.78130	0.78200
20220131	0.78300	0.78845	0.78255	0.78745
20220201	0.78685	0.79010	0.78565	0.78730
20220202	0.78815	0.79045	0.78695	0.78940
20220203	0.78900	0.79000	0.78635	0.78870
20220204	0.78880	0.78965	0.78190	0.78400
20220207	0.78415	0.78995	0.78380	0.78965
20220208	0.78920	0.78955	0.78600	0.78645
20220209	0.78710	0.78955	0.78635	0.78915
20220210	0.78895	0.79130	0.78565	0.78635
20220211	0.78620	0.78925	0.78400	0.78480
20220214	0.78525	0.78610	0.78210	0.78520
20220215	0.78570	0.78730	0.78265	0.78530
20220216	0.78605	0.78960	0.78570	0.78875
20220217	0.78795	0.78885	0.78520	0.78745
20220218	0.78675	0.78900	0.78340	0.78465
20220222	0.78400	0.78615	0.78215	0.78400
20220223	0.78295	0.78850	0.78295	0.78510
