20170103	748.45	748.45	748.45	748.45
20170104	777.35	777.35	777.35	777.35
20170105	776.75	776.75	776.75	776.75
20170106	796.90	796.90	796.90	796.90
20170109	795.70	795.70	795.70	795.70
20170110	803.80	803.80	803.80	803.80
20170111	792.45	792.45	792.45	792.45
20170112	803.80	803.80	803.80	803.80
20170113	787.70	787.70	787.70	787.70
20170117	791.55	791.55	791.55	791.55
20170118	789.55	789.55	789.55	789.55
20170119	789.70	789.70	789.70	789.70
20170120	826.95	826.95	826.95	826.95
20170123	810.05	810.05	810.05	810.05
20170124	834.40	834.40	834.40	834.40
20170125	774.65	774.65	774.65	774.65
20170126	763.00	763.00	763.00	763.00
20170127	777.15	777.15	777.15	777.15
20170130	777.00	777.00	777.00	777.00
20170131	792.85	792.85	792.85	792.85
20170201	801.45	801.45	801.45	801.45
20170202	797.60	797.60	797.60	797.60
20170203	787.55	787.55	787.55	787.55
20170206	812.85	812.85	812.85	812.85
20170207	803.00	803.00	803.00	803.00
20170208	808.30	808.30	808.30	808.30
20170209	811.10	811.10	811.10	811.10
20170210	821.65	821.65	821.65	821.65
20170213	813.50	813.50	813.50	813.50
20170214	819.45	819.45	819.45	819.45
20170215	824.75	824.75	824.75	824.75
20170216	831.85	831.85	831.85	831.85
20170217	817.75	817.75	817.75	817.75
20170221	817.35	817.35	817.35	817.35
20170222	807.60	807.60	807.60	807.60
20170223	812.00	812.00	812.00	812.00
20170224	810.35	810.35	810.35	810.35
20170227	822.40	822.40	822.40	822.40
20170228	809.10	809.10	809.10	809.10
20170301	816.40	816.40	816.40	816.40
20170302	807.15	807.15	807.15	807.15
20170303	805.10	805.10	805.10	805.10
20170306	810.55	810.55	810.55	810.55
20170307	812.40	812.40	812.40	812.40
20170308	807.80	807.80	807.80	807.80
20170309	785.45	785.45	785.45	785.45
20170310	782.55	782.55	782.55	782.55
20170313	791.85	791.85	791.85	791.85
20170314	779.10	779.10	779.10	779.10
20170315	782.85	782.85	782.85	782.85
20170316	804.05	804.05	804.05	804.05
20170317	813.20	813.20	813.20	813.20
20170320	819.05	819.05	819.05	819.05
20170321	825.05	825.05	825.05	825.05
20170322	826.85	826.85	826.85	826.85
20170323	837.55	837.55	837.55	837.55
20170324	850.75	850.75	850.75	850.75
20170327	831.85	831.85	831.85	831.85
20170328	830.00	830.00	830.00	830.00
20170329	827.60	827.60	827.60	827.60
20170330	834.90	834.90	834.90	834.90
20170331	835.55	835.55	835.55	835.55
20170403	839.95	839.95	839.95	839.95
20170404	844.35	844.35	844.35	844.35
20170405	845.15	845.15	845.15	845.15
20170406	841.50	841.50	841.50	841.50
20170407	841.10	841.10	841.10	841.10
20170410	827.40	827.40	827.40	827.40
20170411	840.50	840.50	840.50	840.50
20170412	833.70	833.70	833.70	833.70
20170413	833.30	833.30	833.30	833.30
20170417	825.95	825.95	825.95	825.95
20170418	808.40	808.40	808.40	808.40
20170419	813.00	813.00	813.00	813.00
20170420	840.30	840.30	840.30	840.30
20170421	828.15	828.15	828.15	828.15
20170424	832.85	832.85	832.85	832.85
20170425	834.05	834.05	834.05	834.05
20170426	842.55	842.55	842.55	842.55
20170427	850.40	850.40	850.40	850.40
20170428	864.10	864.10	864.10	864.10
20170501	851.85	851.85	851.85	851.85
20170502	851.00	851.00	851.00	851.00
20170503	836.70	836.70	836.70	836.70
20170504	838.05	838.05	838.05	838.05
20170505	850.45	850.45	850.45	850.45
20170508	842.95	842.95	842.95	842.95
20170509	831.00	831.00	831.00	831.00
20170510	836.75	836.75	836.75	836.75
20170511	836.35	836.35	836.35	836.35
20170512	840.90	840.90	840.90	840.90
20170515	834.40	834.40	834.40	834.40
20170516	829.40	829.40	829.40	829.40
20170517	814.40	814.40	814.40	814.40
20170518	802.85	802.85	802.85	802.85
20170519	798.10	798.10	798.10	798.10
20170522	796.50	796.50	796.50	796.50
20170523	809.75	809.75	809.75	809.75
20170524	799.05	799.05	799.05	799.05
20170525	806.40	806.40	806.40	806.40
20170526	824.60	824.60	824.60	824.60
20170530	840.55	840.55	840.55	840.55
20170531	853.85	853.85	853.85	853.85
20170601	861.00	861.00	861.00	861.00
20170602	871.95	871.95	871.95	871.95
20170605	879.75	879.75	879.75	879.75
20170606	886.30	886.30	886.30	886.30
20170607	866.10	866.10	866.10	866.10
20170608	884.40	884.40	884.40	884.40
20170609	894.10	894.10	894.10	894.10
20170612	902.15	902.15	902.15	902.15
20170613	895.45	895.45	895.45	895.45
20170614	891.70	891.70	891.70	891.70
20170615	895.85	895.85	895.85	895.85
20170616	903.55	903.55	903.55	903.55
20170619	893.50	893.50	893.50	893.50
20170620	905.05	905.05	905.05	905.05
20170621	914.35	914.35	914.35	914.35
20170622	918.40	918.40	918.40	918.40
20170623	894.55	894.55	894.55	894.55
20170626	901.85	901.85	901.85	901.85
20170627	896.25	896.25	896.25	896.25
20170628	892.50	892.50	892.50	892.50
20170629	884.00	884.00	884.00	884.00
20170630	874.55	874.55	874.55	874.55
20170703	880.30	880.30	880.30	880.30
20170705	872.30	872.30	872.30	872.30
20170706	870.10	870.10	870.10	870.10
20170707	869.15	869.15	869.15	869.15
20170710	875.25	875.25	875.25	875.25
20170711	884.75	884.75	884.75	884.75
20170712	899.45	899.45	899.45	899.45
20170713	892.65	892.65	892.65	892.65
20170714	894.65	894.65	894.65	894.65
20170717	903.45	903.45	903.45	903.45
20170718	902.30	902.30	902.30	902.30
20170719	897.05	897.05	897.05	897.05
20170720	885.50	885.50	885.50	885.50
20170721	882.25	882.25	882.25	882.25
20170724	886.95	886.95	886.95	886.95
20170725	894.85	894.85	894.85	894.85
20170726	900.80	900.80	900.80	900.80
20170727	914.80	914.80	914.80	914.80
20170728	918.05	918.05	918.05	918.05
20170731	923.30	923.30	923.30	923.30
20170801	931.30	931.30	931.30	931.30
20170802	930.10	930.10	930.10	930.10
20170803	918.90	918.90	918.90	918.90
20170804	912.70	912.70	912.70	912.70
20170807	923.10	923.10	923.10	923.10
20170808	936.30	936.30	936.30	936.30
20170809	929.75	929.75	929.75	929.75
20170810	934.95	934.95	934.95	934.95
20170811	932.60	932.60	932.60	932.60
20170814	936.05	936.05	936.05	936.05
20170815	929.95	929.95	929.95	929.95
20170816	948.10	948.10	948.10	948.10
20170817	964.05	964.05	964.05	964.05
20170818	965.00	965.00	965.00	965.00
20170821	976.90	976.90	976.90	976.90
20170822	970.25	970.25	970.25	970.25
20170823	970.90	970.90	970.90	970.90
20170824	974.05	974.05	974.05	974.05
20170825	968.95	968.95	968.95	968.95
20170828	972.10	972.10	972.10	972.10
20170829	983.45	983.45	983.45	983.45
20170830	970.80	970.80	970.80	970.80
20170831	972.00	972.00	972.00	972.00
20170901	1016.85	1016.85	1016.85	1016.85
20170905	996.75	996.75	996.75	996.75
20170906	971.65	971.65	971.65	971.65
20170907	988.60	988.60	988.60	988.60
20170908	971.00	971.00	971.00	971.00
20170911	971.40	971.40	971.40	971.40
20170912	983.15	983.15	983.15	983.15
20170913	973.45	973.45	973.45	973.45
20170914	954.05	954.05	954.05	954.05
20170915	961.50	961.50	961.50	961.50
20170918	970.20	970.20	970.20	970.20
20170919	944.05	944.05	944.05	944.05
20170920	949.90	949.90	949.90	949.90
20170921	951.30	951.30	951.30	951.30
20170922	959.60	959.60	959.60	959.60
20170925	949.45	949.45	949.45	949.45
20170926	954.20	954.20	954.20	954.20
20170927	965.25	965.25	965.25	965.25
20170928	967.60	967.60	967.60	967.60
20170929	976.60	976.60	976.60	976.60
20171002	951.05	951.05	951.05	951.05
20171003	956.65	956.65	956.65	956.65
20171004	959.40	959.40	959.40	959.40
20171005	976.25	976.25	976.25	976.25
20171006	958.75	958.75	958.75	958.75
20171009	967.75	967.75	967.75	967.75
20171010	973.40	973.40	973.40	973.40
20171011	998.70	998.70	998.70	998.70
20171012	1013.45	1013.45	1013.45	1013.45
20171013	1025.25	1025.25	1025.25	1025.25
20171016	1016.05	1016.05	1016.05	1016.05
20171017	1015.70	1015.70	1015.70	1015.70
20171018	992.70	992.70	992.70	992.70
20171019	992.55	992.55	992.55	992.55
20171020	1009.60	1009.60	1009.60	1009.60
20171023	989.70	989.70	989.70	989.70
20171024	1000.95	1000.95	1000.95	1000.95
20171025	997.85	997.85	997.85	997.85
20171026	1007.85	1007.85	1007.85	1007.85
20171027	998.00	998.00	998.00	998.00
20171030	1002.40	1002.40	1002.40	1002.40
20171031	1018.90	1018.90	1018.90	1018.90
20171101	1037.90	1037.90	1037.90	1037.90
20171102	1033.75	1033.75	1033.75	1033.75
20171103	1031.25	1031.25	1031.25	1031.25
20171106	1034.85	1034.85	1034.85	1034.85
20171107	1033.85	1033.85	1033.85	1033.85
20171108	1055.55	1055.55	1055.55	1055.55
20171109	1044.15	1044.15	1044.15	1044.15
20171110	1032.85	1032.85	1032.85	1032.85
20171113	1029.45	1029.45	1029.45	1029.45
20171114	1025.30	1025.30	1025.30	1025.30
20171115	1024.85	1024.85	1024.85	1024.85
20171116	1024.60	1024.60	1024.60	1024.60
20171117	1032.65	1032.65	1032.65	1032.65
20171120	1025.85	1025.85	1025.85	1025.85
20171121	1036.25	1036.25	1036.25	1036.25
20171122	1041.70	1041.70	1041.70	1041.70
20171124	1034.40	1034.40	1034.40	1034.40
20171127	1042.15	1042.15	1042.15	1042.15
20171128	1062.30	1062.30	1062.30	1062.30
20171129	1050.15	1050.15	1050.15	1050.15
20171130	1045.20	1045.20	1045.20	1045.20
20171201	1057.90	1057.90	1057.90	1057.90
20171204	1033.40	1033.40	1033.40	1033.40
20171205	1018.80	1018.80	1018.80	1018.80
20171206	1028.60	1028.60	1028.60	1028.60
20171207	1044.60	1044.60	1044.60	1044.60
20171208	1038.05	1038.05	1038.05	1038.05
20171211	1040.40	1040.40	1040.40	1040.40
20171212	1044.00	1044.00	1044.00	1044.00
20171213	1045.70	1045.70	1045.70	1045.70
20171214	1070.35	1070.35	1070.35	1070.35
20171215	1057.05	1057.05	1057.05	1057.05
20171218	1053.70	1053.70	1053.70	1053.70
20171219	1060.25	1060.25	1060.25	1060.25
20171220	1066.25	1066.25	1066.25	1066.25
20171221	1071.30	1071.30	1071.30	1071.30
20171222	1071.20	1071.20	1071.20	1071.20
20171226	1084.10	1084.10	1084.10	1084.10
20171227	1098.00	1098.00	1098.00	1098.00
20171228	1105.10	1105.10	1105.10	1105.10
20171229	1102.65	1102.65	1102.65	1102.65
20180102	1129.00	1129.00	1129.00	1129.00
20180103	1125.00	1125.00	1125.00	1125.00
20180104	1136.40	1136.40	1136.40	1136.40
20180105	1123.85	1123.85	1123.85	1123.85
20180108	1137.55	1137.55	1137.55	1137.55
20180109	1139.80	1139.80	1139.80	1139.80
20180110	1119.05	1119.05	1119.05	1119.05
20180111	1117.90	1117.90	1117.90	1117.90
20180112	1147.00	1147.00	1147.00	1147.00
20180116	1129.80	1129.80	1129.80	1129.80
20180117	1151.35	1151.35	1151.35	1151.35
20180118	1134.95	1134.95	1134.95	1134.95
20180119	1140.05	1140.05	1140.05	1140.05
20180122	1133.95	1133.95	1133.95	1133.95
20180123	1125.90	1125.90	1125.90	1125.90
20180124	1148.00	1148.00	1148.00	1148.00
20180125	1139.05	1139.05	1139.05	1139.05
20180126	1126.70	1126.70	1126.70	1126.70
20180129	1125.05	1125.05	1125.05	1125.05
20180130	1094.10	1094.10	1094.10	1094.10
20180131	1065.20	1065.20	1065.20	1065.20
20180201	1066.35	1066.35	1066.35	1066.35
20180202	1086.60	1086.60	1086.60	1086.60
20180205	1074.60	1074.60	1074.60	1074.60
20180206	1044.15	1044.15	1044.15	1044.15
20180207	1026.20	1026.20	1026.20	1026.20
20180208	1003.85	1003.85	1003.85	1003.85
20180209	1005.00	1005.00	1005.00	1005.00
20180212	1017.80	1017.80	1017.80	1017.80
20180213	1022.35	1022.35	1022.35	1022.35
20180214	1038.95	1038.95	1038.95	1038.95
20180215	1048.30	1048.30	1048.30	1048.30
20180216	1077.40	1077.40	1077.40	1077.40
20180220	1068.80	1068.80	1068.80	1068.80
20180221	1064.15	1064.15	1064.15	1064.15
20180222	1075.15	1075.15	1075.15	1075.15
20180223	1082.80	1082.80	1082.80	1082.80
20180226	1096.85	1096.85	1096.85	1096.85
20180227	1071.65	1071.65	1071.65	1071.65
20180228	1080.00	1080.00	1080.00	1080.00
20180301	1015.60	1015.60	1015.60	1015.60
20180302	1029.05	1029.05	1029.05	1029.05
20180305	1019.90	1019.90	1019.90	1019.90
20180306	1020.70	1020.70	1020.70	1020.70
20180307	1001.45	1001.45	1001.45	1001.45
20180308	1008.00	1008.00	1008.00	1008.00
20180309	1029.25	1029.25	1029.25	1029.25
20180312	1010.05	1010.05	1010.05	1010.05
20180313	1034.00	1034.00	1034.00	1034.00
20180314	1027.15	1027.15	1027.15	1027.15
20180315	1023.40	1023.40	1023.40	1023.40
20180316	1030.95	1030.95	1030.95	1030.95
20180319	1029.80	1029.80	1029.80	1029.80
20180320	1018.30	1018.30	1018.30	1018.30
20180321	1028.85	1028.85	1028.85	1028.85
20180322	1024.20	1024.20	1024.20	1024.20
20180323	1013.95	1013.95	1013.95	1013.95
20180326	1009.25	1009.25	1009.25	1009.25
20180327	1014.20	1014.20	1014.20	1014.20
20180328	1005.60	1005.60	1005.60	1005.60
20180329	986.20	986.20	986.20	986.20
20180402	969.90	969.90	969.90	969.90
20180403	970.20	970.20	970.20	970.20
20180404	960.30	960.30	960.30	960.30
20180405	942.50	942.50	942.50	942.50
20180406	937.55	937.55	937.55	937.55
20180409	974.90	974.90	974.90	974.90
20180410	992.15	992.15	992.15	992.15
20180411	1003.35	1003.35	1003.35	1003.35
20180412	1001.55	1001.55	1001.55	1001.55
20180413	1023.35	1023.35	1023.35	1023.35
20180416	1046.15	1046.15	1046.15	1046.15
20180417	1047.40	1047.40	1047.40	1047.40
20180418	1077.35	1077.35	1077.35	1077.35
20180419	1068.85	1068.85	1068.85	1068.85
20180420	1072.60	1072.60	1072.60	1072.60
20180423	1021.95	1021.95	1021.95	1021.95
20180424	1014.05	1014.05	1014.05	1014.05
20180425	1009.90	1009.90	1009.90	1009.90
20180426	1021.45	1021.45	1021.45	1021.45
20180427	1005.40	1005.40	1005.40	1005.40
20180430	1002.95	1002.95	1002.95	1002.95
20180501	978.65	978.65	978.65	978.65
20180502	1002.55	1002.55	1002.55	1002.55
20180503	1001.10	1001.10	1001.10	1001.10
20180504	999.65	999.65	999.65	999.65
20180507	1004.50	1004.50	1004.50	1004.50
20180508	1005.80	1005.80	1005.80	1005.80
20180509	1013.00	1013.00	1013.00	1013.00
20180510	1036.30	1036.30	1036.30	1036.30
20180511	1027.60	1027.60	1027.60	1027.60
20180514	1038.10	1038.10	1038.10	1038.10
20180515	1025.60	1025.60	1025.60	1025.60
20180516	1024.90	1024.90	1024.90	1024.90
20180517	1019.90	1019.90	1019.90	1019.90
20180518	1002.60	1002.60	1002.60	1002.60
20180521	1032.80	1032.80	1032.80	1032.80
20180522	1029.20	1029.20	1029.20	1029.20
20180523	1013.50	1013.50	1013.50	1013.50
20180524	1009.90	1009.90	1009.90	1009.90
20180525	1019.50	1019.50	1019.50	1019.50
20180529	1014.80	1014.80	1014.80	1014.80
20180530	1018.80	1018.80	1018.80	1018.80
20180531	1025.50	1025.50	1025.50	1025.50
20180601	1040.40	1040.40	1040.40	1040.40
20180604	1038.10	1038.10	1038.10	1038.10
20180605	1029.50	1029.50	1029.50	1029.50
20180606	1059.00	1059.00	1059.00	1059.00
20180607	1053.40	1053.40	1053.40	1053.40
20180608	1049.50	1049.50	1049.50	1049.50
20180611	1060.30	1060.30	1060.30	1060.30
20180612	1059.10	1059.10	1059.10	1059.10
20180613	1051.00	1051.00	1051.00	1051.00
20180614	1050.40	1050.40	1050.40	1050.40
20180615	1025.60	1025.60	1025.60	1025.60
20180618	1026.70	1026.70	1026.70	1026.70
20180619	1004.10	1004.10	1004.10	1004.10
20180620	1001.00	1001.00	1001.00	1001.00
20180621	989.40	989.40	989.40	989.40
20180622	990.20	990.20	990.20	990.20
20180625	979.20	979.20	979.20	979.20
20180626	998.50	998.50	998.50	998.50
20180627	987.70	987.70	987.70	987.70
20180628	974.70	974.70	974.70	974.70
20180629	994.70	994.70	994.70	994.70
20180702	978.20	978.20	978.20	978.20
20180703	981.80	981.80	981.80	981.80
20180705	986.50	986.50	986.50	986.50
20180706	991.40	991.40	991.40	991.40
20180709	998.50	998.50	998.50	998.50
20180710	981.40	981.40	981.40	981.40
20180711	980.80	980.80	980.80	980.80
20180712	992.60	992.60	992.60	992.60
20180713	976.60	976.60	976.60	976.60
20180716	957.30	957.30	957.30	957.30
20180717	953.00	953.00	953.00	953.00
20180718	945.60	945.60	945.60	945.60
20180719	910.00	910.00	910.00	910.00
20180720	932.70	932.70	932.70	932.70
20180723	946.40	946.40	946.40	946.40
20180724	952.40	952.40	952.40	952.40
20180725	972.10	972.10	972.10	972.10
20180726	977.40	977.40	977.40	977.40
20180727	962.30	962.30	962.30	962.30
20180730	966.30	966.30	966.30	966.30
20180731	975.70	975.70	975.70	975.70
20180801	955.70	955.70	955.70	955.70
20180802	959.30	959.30	959.30	959.30
20180803	951.70	951.70	951.70	951.70
20180806	947.40	947.40	947.40	947.40
20180807	946.70	946.70	946.70	946.70
20180808	930.20	930.20	930.20	930.20
20180809	942.20	942.20	942.20	942.20
20180810	944.90	944.90	944.90	944.90
20180813	924.70	924.70	924.70	924.70
20180814	933.80	933.80	933.80	933.80
20180815	881.00	881.00	881.00	881.00
20180816	918.60	918.60	918.60	918.60
20180817	921.60	921.60	921.60	921.60
20180820	942.50	942.50	942.50	942.50
20180821	953.80	953.80	953.80	953.80
20180822	962.00	962.00	962.00	962.00
20180823	955.00	955.00	955.00	955.00
20180824	972.40	972.40	972.40	972.40
20180827	985.70	985.70	985.70	985.70
20180828	983.60	983.60	983.60	983.60
20180829	1002.50	1002.50	1002.50	1002.50
20180830	1008.90	1008.90	1008.90	1008.90
20180831	1018.10	1018.10	1018.10	1018.10
20180904	1015.70	1015.70	1015.70	1015.70
20180905	1009.40	1009.40	1009.40	1009.40
20180906	1010.30	1010.30	1010.30	1010.30
20180907	1017.00	1017.00	1017.00	1017.00
20180910	1012.80	1012.80	1012.80	1012.80
20180911	1010.00	1010.00	1010.00	1010.00
20180912	1013.20	1013.20	1013.20	1013.20
20180913	1016.90	1016.90	1016.90	1016.90
20180914	1018.70	1018.70	1018.70	1018.70
20180917	1025.20	1025.20	1025.20	1025.20
20180918	1053.00	1053.00	1053.00	1053.00
20180919	1079.00	1079.00	1079.00	1079.00
20180920	1092.40	1092.40	1092.40	1092.40
20180921	1093.10	1093.10	1093.10	1093.10
20180924	1099.80	1099.80	1099.80	1099.80
20180925	1102.00	1102.00	1102.00	1102.00
20180926	1111.30	1111.30	1111.30	1111.30
20180927	1119.40	1119.40	1119.40	1119.40
20180928	1121.00	1121.00	1121.00	1121.00
20181001	1104.60	1104.60	1104.60	1104.60
20181002	1098.90	1098.90	1098.90	1098.90
20181003	1101.20	1101.20	1101.20	1101.20
20181004	1093.70	1093.70	1093.70	1093.70
20181005	1105.30	1105.30	1105.30	1105.30
20181008	1117.10	1117.10	1117.10	1117.10
20181009	1110.30	1110.30	1110.30	1110.30
20181010	1115.40	1115.40	1115.40	1115.40
20181011	1123.40	1123.40	1123.40	1123.40
20181012	1109.00	1109.00	1109.00	1109.00
20181015	1126.40	1126.40	1126.40	1126.40
20181016	1122.10	1122.10	1122.10	1122.10
20181017	1115.80	1115.80	1115.80	1115.80
20181018	1112.90	1112.90	1112.90	1112.90
20181019	1118.10	1118.10	1118.10	1118.10
20181022	1155.90	1155.90	1155.90	1155.90
20181023	1171.00	1171.00	1171.00	1171.00
20181024	1160.50	1160.50	1160.50	1160.50
20181025	1135.80	1135.80	1135.80	1135.80
20181026	1134.10	1134.10	1134.10	1134.10
20181029	1127.50	1127.50	1127.50	1127.50
20181030	1103.20	1103.20	1103.20	1103.20
20181031	1116.70	1116.70	1116.70	1116.70
20181101	1129.60	1129.60	1129.60	1129.60
20181102	1152.70	1152.70	1152.70	1152.70
20181105	1169.80	1169.80	1169.80	1169.80
20181106	1143.50	1143.50	1143.50	1143.50
20181107	1168.90	1168.90	1168.90	1168.90
20181108	1164.30	1164.30	1164.30	1164.30
20181109	1145.70	1145.70	1145.70	1145.70
20181112	1133.80	1133.80	1133.80	1133.80
20181113	1140.30	1140.30	1140.30	1140.30
20181114	1158.40	1158.40	1158.40	1158.40
20181115	1185.60	1185.60	1185.60	1185.60
20181116	1202.80	1202.80	1202.80	1202.80
20181119	1189.50	1189.50	1189.50	1189.50
20181120	1174.30	1174.30	1174.30	1174.30
20181121	1181.40	1181.40	1181.40	1181.40
20181123	1162.70	1162.70	1162.70	1162.70
20181126	1175.10	1175.10	1175.10	1175.10
20181127	1173.30	1173.30	1173.30	1173.30
20181128	1203.10	1203.10	1203.10	1203.10
20181129	1202.60	1202.60	1202.60	1202.60
20181130	1195.80	1195.80	1195.80	1195.80
20181203	1216.80	1216.80	1216.80	1216.80
20181204	1231.40	1231.40	1231.40	1231.40
20181205	1235.60	1235.60	1235.60	1235.60
20181206	1193.10	1193.10	1193.10	1193.10
20181207	1222.00	1222.00	1222.00	1222.00
20181210	1209.90	1209.90	1209.90	1209.90
20181211	1228.50	1228.50	1228.50	1228.50
20181212	1245.70	1245.70	1245.70	1245.70
20181213	1241.90	1241.90	1241.90	1241.90
20181214	1222.80	1222.80	1222.80	1222.80
20181217	1233.20	1233.20	1233.20	1233.20
20181218	1230.40	1230.40	1230.40	1230.40
20181219	1252.50	1252.50	1252.50	1252.50
20181220	1243.10	1243.10	1243.10	1243.10
20181221	1209.90	1209.90	1209.90	1209.90
20181224	1227.30	1227.30	1227.30	1227.30
20181226	1237.10	1237.10	1237.10	1237.10
20181227	1245.70	1245.70	1245.70	1245.70
20181228	1234.60	1234.60	1234.60	1234.60
20181231	1248.40	1248.40	1248.40	1248.40
20190102	1250.00	1250.00	1250.00	1250.00
20190103	1251.50	1251.50	1251.50	1251.50
20190104	1285.60	1285.60	1285.60	1285.60
20190107	1291.40	1291.40	1291.40	1291.40
20190108	1312.60	1312.60	1312.60	1312.60
20190109	1320.60	1320.60	1320.60	1320.60
20190110	1324.40	1324.40	1324.40	1324.40
20190111	1329.90	1329.90	1329.90	1329.90
20190114	1333.20	1333.20	1333.20	1333.20
20190115	1328.30	1328.30	1328.30	1328.30
20190116	1369.70	1369.70	1369.70	1369.70
20190117	1399.40	1399.40	1399.40	1399.40
20190118	1386.30	1386.30	1386.30	1386.30
20190122	1357.70	1357.70	1357.70	1357.70
20190123	1359.40	1359.40	1359.40	1359.40
20190124	1331.90	1331.90	1331.90	1331.90
20190125	1371.00	1371.00	1371.00	1371.00
20190128	1340.50	1340.50	1340.50	1340.50
20190129	1354.80	1354.80	1354.80	1354.80
20190130	1367.60	1367.60	1367.60	1367.60
20190131	1351.10	1351.10	1351.10	1351.10
20190201	1364.80	1364.80	1364.80	1364.80
20190204	1381.60	1381.60	1381.60	1381.60
20190205	1392.40	1392.40	1392.40	1392.40
20190206	1402.80	1402.80	1402.80	1402.80
20190207	1409.30	1409.30	1409.30	1409.30
20190208	1422.40	1422.40	1422.40	1422.40
20190211	1408.00	1408.00	1408.00	1408.00
20190212	1426.60	1426.60	1426.60	1426.60
20190213	1423.80	1423.80	1423.80	1423.80
20190214	1437.10	1437.10	1437.10	1437.10
20190215	1458.40	1458.40	1458.40	1458.40
20190219	1505.10	1505.10	1505.10	1505.10
20190220	1513.30	1513.30	1513.30	1513.30
20190221	1496.30	1496.30	1496.30	1496.30
20190222	1513.40	1513.40	1513.40	1513.40
20190225	1547.70	1547.70	1547.70	1547.70
20190226	1572.90	1572.90	1572.90	1572.90
20190227	1530.40	1530.40	1530.40	1530.40
20190228	1554.70	1554.70	1554.70	1554.70
20190301	1559.30	1559.30	1559.30	1559.30
20190304	1538.30	1538.30	1538.30	1538.30
20190305	1519.10	1519.10	1519.10	1519.10
20190306	1539.60	1539.60	1539.60	1539.60
20190307	1535.60	1535.60	1535.60	1535.60
20190308	1512.20	1512.20	1512.20	1512.20
20190311	1535.20	1535.20	1535.20	1535.20
20190312	1543.20	1543.20	1543.20	1543.20
20190313	1559.90	1559.90	1559.90	1559.90
20190314	1567.80	1567.80	1567.80	1567.80
20190315	1571.70	1571.70	1571.70	1571.70
20190318	1592.90	1592.90	1592.90	1592.90
20190319	1605.10	1605.10	1605.10	1605.10
20190320	1613.60	1613.60	1613.60	1613.60
20190321	1611.10	1611.10	1611.10	1611.10
20190322	1568.70	1568.70	1568.70	1568.70
20190325	1596.60	1596.60	1596.60	1596.60
20190326	1569.10	1569.10	1569.10	1569.10
20190327	1474.70	1474.70	1474.70	1474.70
20190328	1362.90	1362.90	1362.90	1362.90
20190329	1395.00	1395.00	1395.00	1395.00
20190401	1445.00	1445.00	1445.00	1445.00
20190402	1453.50	1453.50	1453.50	1453.50
20190403	1431.30	1431.30	1431.30	1431.30
20190404	1385.50	1385.50	1385.50	1385.50
20190405	1399.10	1399.10	1399.10	1399.10
20190408	1406.30	1406.30	1406.30	1406.30
20190409	1415.80	1415.80	1415.80	1415.80
20190410	1416.40	1416.40	1416.40	1416.40
20190411	1385.80	1385.80	1385.80	1385.80
20190412	1403.40	1403.40	1403.40	1403.40
20190415	1387.90	1387.90	1387.90	1387.90
20190416	1381.60	1381.60	1381.60	1381.60
20190417	1431.80	1431.80	1431.80	1431.80
20190418	1451.70	1451.70	1451.70	1451.70
20190422	1423.00	1423.00	1423.00	1423.00
20190423	1428.80	1428.80	1428.80	1428.80
20190424	1458.30	1458.30	1458.30	1458.30
20190425	1460.10	1460.10	1460.10	1460.10
20190426	1500.40	1500.40	1500.40	1500.40
20190429	1415.20	1415.20	1415.20	1415.20
20190430	1435.90	1435.90	1435.90	1435.90
20190501	1397.60	1397.60	1397.60	1397.60
20190502	1396.40	1396.40	1396.40	1396.40
20190503	1411.20	1411.20	1411.20	1411.20
20190506	1381.30	1381.30	1381.30	1381.30
20190507	1376.60	1376.60	1376.60	1376.60
20190508	1359.60	1359.60	1359.60	1359.60
20190509	1336.20	1336.20	1336.20	1336.20
20190510	1403.90	1403.90	1403.90	1403.90
20190513	1370.00	1370.00	1370.00	1370.00
20190514	1386.20	1386.20	1386.20	1386.20
20190515	1386.10	1386.10	1386.10	1386.10
20190516	1377.90	1377.90	1377.90	1377.90
20190517	1359.00	1359.00	1359.00	1359.00
20190520	1384.20	1384.20	1384.20	1384.20
20190521	1365.70	1365.70	1365.70	1365.70
20190522	1366.70	1366.70	1366.70	1366.70
20190523	1361.00	1361.00	1361.00	1361.00
20190524	1378.90	1378.90	1378.90	1378.90
20190528	1391.60	1391.60	1391.60	1391.60
20190529	1398.80	1398.80	1398.80	1398.80
20190530	1420.60	1420.60	1420.60	1420.60
20190531	1386.40	1386.40	1386.40	1386.40
20190603	1369.90	1369.90	1369.90	1369.90
20190604	1395.70	1395.70	1395.70	1395.70
20190605	1382.20	1382.20	1382.20	1382.20
20190606	1404.00	1404.00	1404.00	1404.00
20190607	1410.90	1410.90	1410.90	1410.90
20190610	1441.70	1441.70	1441.70	1441.70
20190611	1444.10	1444.10	1444.10	1444.10
20190612	1460.50	1460.50	1460.50	1460.50
20190613	1493.10	1493.10	1493.10	1493.10
20190614	1516.40	1516.40	1516.40	1516.40
20190617	1510.40	1510.40	1510.40	1510.40
20190618	1528.20	1528.20	1528.20	1528.20
20190619	1547.50	1547.50	1547.50	1547.50
20190620	1535.50	1535.50	1535.50	1535.50
20190621	1554.50	1554.50	1554.50	1554.50
20190624	1583.50	1583.50	1583.50	1583.50
20190625	1587.40	1587.40	1587.40	1587.40
20190626	1580.60	1580.60	1580.60	1580.60
20190627	1593.80	1593.80	1593.80	1593.80
20190628	1592.50	1592.50	1592.50	1592.50
20190701	1599.60	1599.60	1599.60	1599.60
20190702	1607.70	1607.70	1607.70	1607.70
20190703	1620.70	1620.70	1620.70	1620.70
20190705	1619.10	1619.10	1619.10	1619.10
20190708	1613.10	1613.10	1613.10	1613.10
20190709	1594.80	1594.80	1594.80	1594.80
20190710	1643.00	1643.00	1643.00	1643.00
20190711	1614.00	1614.00	1614.00	1614.00
20190712	1597.30	1597.30	1597.30	1597.30
20190715	1617.80	1617.80	1617.80	1617.80
20190716	1571.20	1571.20	1571.20	1571.20
20190717	1598.10	1598.10	1598.10	1598.10
20190718	1566.80	1566.80	1566.80	1566.80
20190719	1563.20	1563.20	1563.20	1563.20
20190722	1584.10	1584.10	1584.10	1584.10
20190723	1573.50	1573.50	1573.50	1573.50
20190724	1593.40	1593.40	1593.40	1593.40
20190725	1588.80	1588.80	1588.80	1588.80
20190726	1585.90	1585.90	1585.90	1585.90
20190729	1608.70	1608.70	1608.70	1608.70
20190730	1564.00	1564.00	1564.00	1564.00
20190731	1579.30	1579.30	1579.30	1579.30
20190801	1469.20	1469.20	1469.20	1469.20
20190802	1459.10	1459.10	1459.10	1459.10
20190805	1471.20	1471.20	1471.20	1471.20
20190806	1491.90	1491.90	1491.90	1491.90
20190807	1465.20	1465.20	1465.20	1465.20
20190808	1468.40	1468.40	1468.40	1468.40
20190809	1474.20	1474.20	1474.20	1474.20
20190812	1485.70	1485.70	1485.70	1485.70
20190813	1506.40	1506.40	1506.40	1506.40
20190814	1471.30	1471.30	1471.30	1471.30
20190815	1493.50	1493.50	1493.50	1493.50
20190816	1496.20	1496.20	1496.20	1496.20
20190819	1529.20	1529.20	1529.20	1529.20
20190820	1544.60	1544.60	1544.60	1544.60
20190821	1520.40	1520.40	1520.40	1520.40
20190822	1540.10	1540.10	1540.10	1540.10
20190823	1509.20	1509.20	1509.20	1509.20
20190826	1527.20	1527.20	1527.20	1527.20
20190827	1533.30	1533.30	1533.30	1533.30
20190828	1514.80	1514.80	1514.80	1514.80
20190829	1523.80	1523.80	1523.80	1523.80
20190830	1591.50	1591.50	1591.50	1591.50
20190903	1587.50	1587.50	1587.50	1587.50
20190904	1604.40	1604.40	1604.40	1604.40
20190905	1613.40	1613.40	1613.40	1613.40
20190906	1597.00	1597.00	1597.00	1597.00
20190909	1589.10	1589.10	1589.10	1589.10
20190910	1606.40	1606.40	1606.40	1606.40
20190911	1609.10	1609.10	1609.10	1609.10
20190912	1657.10	1657.10	1657.10	1657.10
20190913	1653.20	1653.20	1653.20	1653.20
20190916	1644.50	1644.50	1644.50	1644.50
20190917	1650.00	1650.00	1650.00	1650.00
20190918	1634.50	1634.50	1634.50	1634.50
20190919	1664.90	1664.90	1664.90	1664.90
20190920	1677.30	1677.30	1677.30	1677.30
20190923	1677.90	1677.90	1677.90	1677.90
20190924	1698.70	1698.70	1698.70	1698.70
20190925	1664.10	1664.10	1664.10	1664.10
20190926	1695.20	1695.20	1695.20	1695.20
20190927	1705.20	1705.20	1705.20	1705.20
20190930	1699.80	1699.80	1699.80	1699.80
20191001	1683.00	1683.00	1683.00	1683.00
20191002	1717.80	1717.80	1717.80	1717.80
20191003	1682.50	1682.50	1682.50	1682.50
20191004	1694.70	1694.70	1694.70	1694.70
20191007	1698.60	1698.60	1698.60	1698.60
20191008	1703.00	1703.00	1703.00	1703.00
20191009	1707.00	1707.00	1707.00	1707.00
20191010	1728.20	1728.20	1728.20	1728.20
20191011	1722.40	1722.40	1722.40	1722.40
20191014	1739.30	1739.30	1739.30	1739.30
20191015	1748.90	1748.90	1748.90	1748.90
20191016	1787.30	1787.30	1787.30	1787.30
20191017	1783.00	1783.00	1783.00	1783.00
20191018	1769.90	1769.90	1769.90	1769.90
20191021	1777.60	1777.60	1777.60	1777.60
20191022	1780.80	1780.80	1780.80	1780.80
20191023	1766.90	1766.90	1766.90	1766.90
20191024	1800.20	1800.20	1800.20	1800.20
20191025	1796.50	1796.50	1796.50	1796.50
20191028	1831.60	1831.60	1831.60	1831.60
20191029	1807.40	1807.40	1807.40	1807.40
20191030	1844.40	1844.40	1844.40	1844.40
20191031	1807.90	1807.90	1807.90	1807.90
20191101	1836.60	1836.60	1836.60	1836.60
20191104	1805.10	1805.10	1805.10	1805.10
20191105	1799.00	1799.00	1799.00	1799.00
20191106	1813.40	1813.40	1813.40	1813.40
20191107	1830.10	1830.10	1830.10	1830.10
20191108	1760.90	1760.90	1760.90	1760.90
20191111	1708.30	1708.30	1708.30	1708.30
20191112	1722.40	1722.40	1722.40	1722.40
20191113	1727.40	1727.40	1727.40	1727.40
20191114	1754.40	1754.40	1754.40	1754.40
20191115	1734.80	1734.80	1734.80	1734.80
20191118	1756.70	1756.70	1756.70	1756.70
20191119	1789.70	1789.70	1789.70	1789.70
20191120	1794.10	1794.10	1794.10	1794.10
20191121	1784.20	1784.20	1784.20	1784.20
20191122	1795.70	1795.70	1795.70	1795.70
20191125	1823.70	1823.70	1823.70	1823.70
20191126	1833.70	1833.70	1833.70	1833.70
20191127	1857.60	1857.60	1857.60	1857.60
20191129	1861.80	1861.80	1861.80	1861.80
20191202	1876.40	1876.40	1876.40	1876.40
20191203	1876.10	1876.10	1876.10	1876.10
20191204	1897.10	1897.10	1897.10	1897.10
20191205	1897.40	1897.40	1897.40	1897.40
20191206	1897.80	1897.80	1897.80	1897.80
20191209	1908.30	1908.30	1908.30	1908.30
20191210	1920.80	1920.80	1920.80	1920.80
20191211	1936.80	1936.80	1936.80	1936.80
20191212	1965.90	1965.90	1965.90	1965.90
20191213	1943.30	1943.30	1943.30	1943.30
20191216	2015.30	2015.30	2015.30	2015.30
20191217	1970.30	1970.30	1970.30	1970.30
20191218	1947.90	1947.90	1947.90	1947.90
20191219	1952.70	1952.70	1952.70	1952.70
20191220	1860.60	1860.60	1860.60	1860.60
20191223	1900.70	1900.70	1900.70	1900.70
20191224	1903.50	1903.50	1903.50	1903.50
20191226	1920.30	1920.30	1920.30	1920.30
20191227	1932.90	1932.90	1932.90	1932.90
20191230	1932.20	1932.20	1932.20	1932.20
20191231	1961.00	1961.00	1961.00	1961.00
20200102	1979.70	1979.70	1979.70	1979.70
20200103	2007.40	2007.40	2007.40	2007.40
20200106	2041.30	2041.30	2041.30	2041.30
20200107	2066.00	2066.00	2066.00	2066.00
20200108	2113.10	2113.10	2113.10	2113.10
20200109	2112.10	2112.10	2112.10	2112.10
20200110	2124.60	2124.60	2124.60	2124.60
20200113	2130.80	2130.80	2130.80	2130.80
20200114	2175.00	2175.00	2175.00	2175.00
20200115	2216.80	2216.80	2216.80	2216.80
20200116	2229.50	2229.50	2229.50	2229.50
20200117	2276.60	2276.60	2276.60	2276.60
20200121	2284.40	2284.40	2284.40	2284.40
20200122	2387.30	2387.30	2387.30	2387.30
20200123	2380.70	2380.70	2380.70	2380.70
20200124	2368.00	2368.00	2368.00	2368.00
20200127	2225.30	2225.30	2225.30	2225.30
20200128	2236.80	2236.80	2236.80	2236.80
20200129	2253.90	2253.90	2253.90	2253.90
20200130	2267.40	2267.40	2267.40	2267.40
20200131	2276.40	2276.40	2276.40	2276.40
20200203	2285.20	2285.20	2285.20	2285.20
20200204	2387.30	2387.30	2387.30	2387.30
20200205	2378.40	2378.40	2378.40	2378.40
20200206	2288.90	2288.90	2288.90	2288.90
20200207	2261.90	2261.90	2261.90	2261.90
20200210	2301.50	2301.50	2301.50	2301.50
20200211	2317.40	2317.40	2317.40	2317.40
20200212	2374.20	2374.20	2374.20	2374.20
20200213	2402.70	2402.70	2402.70	2402.70
20200214	2368.40	2368.40	2368.40	2368.40
20200218	2549.30	2549.30	2549.30	2549.30
20200219	2622.90	2622.90	2622.90	2622.90
20200220	2625.60	2625.60	2625.60	2625.60
20200221	2657.10	2657.10	2657.10	2657.10
20200224	2573.00	2573.00	2573.00	2573.00
20200225	2672.50	2672.50	2672.50	2672.50
20200226	2725.00	2725.00	2725.00	2725.00
20200227	2769.90	2769.90	2769.90	2769.90
20200228	2549.30	2549.30	2549.30	2549.30
20200302	2485.90	2485.90	2485.90	2485.90
20200303	2445.70	2445.70	2445.70	2445.70
20200304	2443.20	2443.20	2443.20	2443.20
20200305	2527.60	2527.60	2527.60	2527.60
20200306	2497.40	2497.40	2497.40	2497.40
20200309	2463.90	2463.90	2463.90	2463.90
20200310	2375.60	2375.60	2375.60	2375.60
20200311	2287.50	2287.50	2287.50	2287.50
20200312	1973.10	1973.10	1973.10	1973.10
20200313	1567.30	1567.30	1567.30	1567.30
20200316	1572.30	1572.30	1572.30	1572.30
20200317	1567.80	1567.80	1567.80	1567.80
20200318	1478.00	1478.00	1478.00	1478.00
20200319	1587.60	1587.60	1587.60	1587.60
20200320	1598.40	1598.40	1598.40	1598.40
20200323	1615.10	1615.10	1615.10	1615.10
20200324	1845.10	1845.10	1845.10	1845.10
20200325	2305.80	2305.80	2305.80	2305.80
20200326	2284.30	2284.30	2284.30	2284.30
20200327	2255.00	2255.00	2255.00	2255.00
20200330	2255.80	2255.80	2255.80	2255.80
20200331	2363.00	2363.00	2363.00	2363.00
20200401	2199.00	2199.00	2199.00	2199.00
20200402	2179.90	2179.90	2179.90	2179.90
20200403	2164.20	2164.20	2164.20	2164.20
20200406	2135.00	2135.00	2135.00	2135.00
20200407	2152.50	2152.50	2152.50	2152.50
20200408	2153.40	2153.40	2153.40	2153.40
20200409	2168.20	2168.20	2168.20	2168.20
20200413	2228.90	2228.90	2228.90	2228.90
20200414	2243.60	2243.60	2243.60	2243.60
20200415	2211.80	2211.80	2211.80	2211.80
20200416	2178.90	2178.90	2178.90	2178.90
20200417	2189.10	2189.10	2189.10	2189.10
20200420	2185.70	2185.70	2185.70	2185.70
20200421	1965.80	1965.80	1965.80	1965.80
20200422	1950.40	1950.40	1950.40	1950.40
20200423	2059.20	2059.20	2059.20	2059.20
20200424	2043.50	2043.50	2043.50	2043.50
20200427	1953.00	1953.00	1953.00	1953.00
20200428	1936.90	1936.90	1936.90	1936.90
20200429	1975.60	1975.60	1975.60	1975.60
20200430	2014.20	2014.20	2014.20	2014.20
20200501	1946.00	1946.00	1946.00	1946.00
20200504	1893.50	1893.50	1893.50	1893.50
20200505	1814.70	1814.70	1814.70	1814.70
20200506	1817.10	1817.10	1817.10	1817.10
20200507	1893.90	1893.90	1893.90	1893.90
20200508	1879.30	1879.30	1879.30	1879.30
20200511	1886.30	1886.30	1886.30	1886.30
20200512	1893.60	1893.60	1893.60	1893.60
20200513	1848.90	1848.90	1848.90	1848.90
20200514	1856.40	1856.40	1856.40	1856.40
20200515	1916.10	1916.10	1916.10	1916.10
20200518	2085.30	2085.30	2085.30	2085.30
20200519	2132.90	2132.90	2132.90	2132.90
20200520	2217.60	2217.60	2217.60	2217.60
20200521	2127.30	2127.30	2127.30	2127.30
20200522	2045.00	2045.00	2045.00	2045.00
20200526	2056.00	2056.00	2056.00	2056.00
20200527	2047.60	2047.60	2047.60	2047.60
20200528	2015.70	2015.70	2015.70	2015.70
20200529	2042.10	2042.10	2042.10	2042.10
20200601	2057.60	2057.60	2057.60	2057.60
20200602	2051.80	2051.80	2051.80	2051.80
20200603	2027.40	2027.40	2027.40	2027.40
20200604	1992.00	1992.00	1992.00	1992.00
20200605	2021.80	2021.80	2021.80	2021.80
20200608	2106.10	2106.10	2106.10	2106.10
20200609	2036.30	2036.30	2036.30	2036.30
20200610	2000.00	2000.00	2000.00	2000.00
20200611	1979.30	1979.30	1979.30	1979.30
20200612	2007.70	2007.70	2007.70	2007.70
20200615	2002.30	2002.30	2002.30	2002.30
20200616	2011.90	2011.90	2011.90	2011.90
20200617	1994.70	1994.70	1994.70	1994.70
20200618	1977.80	1977.80	1977.80	1977.80
20200619	1977.60	1977.60	1977.60	1977.60
20200622	2011.30	2011.30	2011.30	2011.30
20200623	2020.30	2020.30	2020.30	2020.30
20200624	1957.70	1957.70	1957.70	1957.70
20200625	1914.30	1914.30	1914.30	1914.30
20200626	1963.60	1963.60	1963.60	1963.60
20200629	2002.30	2002.30	2002.30	2002.30
20200630	2036.10	2036.10	2036.10	2036.10
20200701	1999.90	1999.90	1999.90	1999.90
20200702	1996.80	1996.80	1996.80	1996.80
20200706	2021.50	2021.50	2021.50	2021.50
20200707	2020.80	2020.80	2020.80	2020.80
20200708	2007.50	2007.50	2007.50	2007.50
20200709	2032.40	2032.40	2032.40	2032.40
20200710	2063.60	2063.60	2063.60	2063.60
20200713	2110.10	2110.10	2110.10	2110.10
20200714	2054.80	2054.80	2054.80	2054.80
20200715	2079.20	2079.20	2079.20	2079.20
20200716	2094.30	2094.30	2094.30	2094.30
20200717	2140.90	2140.90	2140.90	2140.90
20200720	2178.60	2178.60	2178.60	2178.60
20200721	2257.40	2257.40	2257.40	2257.40
20200722	2298.20	2298.20	2298.20	2298.20
20200723	2309.00	2309.00	2309.00	2309.00
20200724	2363.30	2363.30	2363.30	2363.30
20200727	2438.90	2438.90	2438.90	2438.90
20200728	2434.70	2434.70	2434.70	2434.70
20200729	2330.40	2330.40	2330.40	2330.40
20200730	2204.10	2204.10	2204.10	2204.10
20200731	2214.50	2214.50	2214.50	2214.50
20200803	2208.70	2208.70	2208.70	2208.70
20200804	2239.80	2239.80	2239.80	2239.80
20200805	2284.70	2284.70	2284.70	2284.70
20200806	2328.60	2328.60	2328.60	2328.60
20200807	2245.80	2245.80	2245.80	2245.80
20200810	2339.60	2339.60	2339.60	2339.60
20200811	2244.20	2244.20	2244.20	2244.20
20200812	2237.40	2237.40	2237.40	2237.40
20200813	2286.00	2286.00	2286.00	2286.00
20200814	2213.00	2213.00	2213.00	2213.00
20200817	2303.00	2303.00	2303.00	2303.00
20200818	2297.50	2297.50	2297.50	2297.50
20200819	2248.30	2248.30	2248.30	2248.30
20200820	2256.10	2256.10	2256.10	2256.10
20200821	2249.50	2249.50	2249.50	2249.50
20200824	2235.50	2235.50	2235.50	2235.50
20200825	2241.90	2241.90	2241.90	2241.90
20200826	2261.00	2261.00	2261.00	2261.00
20200827	2238.60	2238.60	2238.60	2238.60
20200828	2279.60	2279.60	2279.60	2279.60
20200831	2327.40	2327.40	2327.40	2327.40
20200901	2359.20	2359.20	2359.20	2359.20
20200902	2315.60	2315.60	2315.60	2315.60
20200903	2369.70	2369.70	2369.70	2369.70
20200904	2391.30	2391.30	2391.30	2391.30
20200908	2353.90	2353.90	2353.90	2353.90
20200909	2366.30	2366.30	2366.30	2366.30
20200910	2379.00	2379.00	2379.00	2379.00
20200911	2378.90	2378.90	2378.90	2378.90
20200914	2372.50	2372.50	2372.50	2372.50
20200915	2462.60	2462.60	2462.60	2462.60
20200916	2465.70	2465.70	2465.70	2465.70
20200917	2383.40	2383.40	2383.40	2383.40
20200918	2428.90	2428.90	2428.90	2428.90
20200921	2329.80	2329.80	2329.80	2329.80
20200922	2277.70	2277.70	2277.70	2277.70
20200923	2306.40	2306.40	2306.40	2306.40
20200924	2275.00	2275.00	2275.00	2275.00
20200925	2270.30	2270.30	2270.30	2270.30
20200928	2319.60	2319.60	2319.60	2319.60
20200929	2377.40	2377.40	2377.40	2377.40
20200930	2378.60	2378.60	2378.60	2378.60
20201001	2376.30	2376.30	2376.30	2376.30
20201002	2373.10	2373.10	2373.10	2373.10
20201005	2426.50	2426.50	2426.50	2426.50
20201006	2439.30	2439.30	2439.30	2439.30
20201007	2430.20	2430.20	2430.20	2430.20
20201008	2451.10	2451.10	2451.10	2451.10
20201009	2511.30	2511.30	2511.30	2511.30
20201012	2473.70	2473.70	2473.70	2473.70
20201013	2392.40	2392.40	2392.40	2392.40
20201014	2414.40	2414.40	2414.40	2414.40
20201015	2415.20	2415.20	2415.20	2415.20
20201016	2390.40	2390.40	2390.40	2390.40
20201019	2405.60	2405.60	2405.60	2405.60
20201020	2465.80	2465.80	2465.80	2465.80
20201021	2475.60	2475.60	2475.60	2475.60
20201022	2444.00	2444.00	2444.00	2444.00
20201023	2446.70	2446.70	2446.70	2446.70
20201026	2416.80	2416.80	2416.80	2416.80
20201027	2402.00	2402.00	2402.00	2402.00
20201028	2298.70	2298.70	2298.70	2298.70
20201029	2246.60	2246.60	2246.60	2246.60
20201030	2265.30	2265.30	2265.30	2265.30
20201102	2268.50	2268.50	2268.50	2268.50
20201103	2345.90	2345.90	2345.90	2345.90
20201104	2355.70	2355.70	2355.70	2355.70
20201105	2431.70	2431.70	2431.70	2431.70
20201106	2548.10	2548.10	2548.10	2548.10
20201109	2547.30	2547.30	2547.30	2547.30
20201110	2519.50	2519.50	2519.50	2519.50
20201111	2364.90	2364.90	2364.90	2364.90
20201112	2390.00	2390.00	2390.00	2390.00
20201113	2377.80	2377.80	2377.80	2377.80
20201116	2393.20	2393.20	2393.20	2393.20
20201117	2374.60	2374.60	2374.60	2374.60
20201118	2402.10	2402.10	2402.10	2402.10
20201119	2367.90	2367.90	2367.90	2367.90
20201120	2371.40	2371.40	2371.40	2371.40
20201123	2402.70	2402.70	2402.70	2402.70
20201124	2402.30	2402.30	2402.30	2402.30
20201125	2395.20	2395.20	2395.20	2395.20
20201127	2470.20	2470.20	2470.20	2470.20
20201130	2436.40	2436.40	2436.40	2436.40
20201201	2460.20	2460.20	2460.20	2460.20
20201202	2438.70	2438.70	2438.70	2438.70
20201203	2348.40	2348.40	2348.40	2348.40
20201204	2388.30	2388.30	2388.30	2388.30
20201207	2381.80	2381.80	2381.80	2381.80
20201208	2358.40	2358.40	2358.40	2358.40
20201209	2321.10	2321.10	2321.10	2321.10
20201210	2366.00	2366.00	2366.00	2366.00
20201211	2363.60	2363.60	2363.60	2363.60
20201214	2349.40	2349.40	2349.40	2349.40
20201215	2354.50	2354.50	2354.50	2354.50
20201216	2378.70	2378.70	2378.70	2378.70
20201217	2378.00	2378.00	2378.00	2378.00
20201218	2402.50	2402.50	2402.50	2402.50
20201221	2346.90	2346.90	2346.90	2346.90
20201222	2353.60	2353.60	2353.60	2353.60
20201223	2369.60	2369.60	2369.60	2369.60
20201224	2376.40	2376.40	2376.40	2376.40
20201228	2382.30	2382.30	2382.30	2382.30
20201229	2374.80	2374.80	2374.80	2374.80
20201230	2408.90	2408.90	2408.90	2408.90
20201231	2484.30	2484.30	2484.30	2484.30
20210104	2421.70	2421.70	2421.70	2421.70
20210105	2523.90	2523.90	2523.90	2523.90
20210106	2478.60	2478.60	2478.60	2478.60
20210107	2462.10	2462.10	2462.10	2462.10
20210108	2395.50	2395.50	2395.50	2395.50
20210111	2409.30	2409.30	2409.30	2409.30
20210112	2406.70	2406.70	2406.70	2406.70
20210113	2427.60	2427.60	2427.60	2427.60
20210114	2453.80	2453.80	2453.80	2453.80
20210115	2425.60	2425.60	2425.60	2425.60
20210119	2395.50	2395.50	2395.50	2395.50
20210120	2433.70	2433.70	2433.70	2433.70
20210121	2405.60	2405.60	2405.60	2405.60
20210122	2395.70	2395.70	2395.70	2395.70
20210125	2377.40	2377.40	2377.40	2377.40
20210126	2355.50	2355.50	2355.50	2355.50
20210127	2341.00	2341.00	2341.00	2341.00
20210128	2352.80	2352.80	2352.80	2352.80
20210129	2238.90	2238.90	2238.90	2238.90
20210201	2272.20	2272.20	2272.20	2272.20
20210202	2258.20	2258.20	2258.20	2258.20
20210203	2307.10	2307.10	2307.10	2307.10
20210204	2311.20	2311.20	2311.20	2311.20
20210205	2356.80	2356.80	2356.80	2356.80
20210208	2367.20	2367.20	2367.20	2367.20
20210209	2351.10	2351.10	2351.10	2351.10
20210210	2383.00	2383.00	2383.00	2383.00
20210211	2377.50	2377.50	2377.50	2377.50
20210212	2413.10	2413.10	2413.10	2413.10
20210216	2418.70	2418.70	2418.70	2418.70
20210217	2400.20	2400.20	2400.20	2400.20
20210218	2379.30	2379.30	2379.30	2379.30
20210219	2399.70	2399.70	2399.70	2399.70
20210222	2422.80	2422.80	2422.80	2422.80
20210223	2364.60	2364.60	2364.60	2364.60
20210224	2451.40	2451.40	2451.40	2451.40
20210225	2434.70	2434.70	2434.70	2434.70
20210226	2333.40	2333.40	2333.40	2333.40
20210301	2368.90	2368.90	2368.90	2368.90
20210302	2388.50	2388.50	2388.50	2388.50
20210303	2374.30	2374.30	2374.30	2374.30
20210304	2362.70	2362.70	2362.70	2362.70
20210305	2349.00	2349.00	2349.00	2349.00
20210308	2334.10	2334.10	2334.10	2334.10
20210309	2312.10	2312.10	2312.10	2312.10
20210310	2313.10	2313.10	2313.10	2313.10
20210311	2361.50	2361.50	2361.50	2361.50
20210312	2380.60	2380.60	2380.60	2380.60
20210315	2393.60	2393.60	2393.60	2393.60
20210316	2511.80	2511.80	2511.80	2511.80
20210317	2558.20	2558.20	2558.20	2558.20
20210318	2682.70	2682.70	2682.70	2682.70
20210319	2650.80	2650.80	2650.80	2650.80
20210322	2620.10	2620.10	2620.10	2620.10
20210323	2637.20	2637.20	2637.20	2637.20
20210324	2660.00	2660.00	2660.00	2660.00
20210325	2635.30	2635.30	2635.30	2635.30
20210326	2696.00	2696.00	2696.00	2696.00
20210329	2550.60	2550.60	2550.60	2550.60
20210330	2588.90	2588.90	2588.90	2588.90
20210331	2639.80	2639.80	2639.80	2639.80
20210401	2675.70	2675.70	2675.70	2675.70
20210405	2674.60	2674.60	2674.60	2674.60
20210406	2710.10	2710.10	2710.10	2710.10
20210407	2641.00	2641.00	2641.00	2641.00
20210408	2648.20	2648.20	2648.20	2648.20
20210409	2655.90	2655.90	2655.90	2655.90
20210412	2691.80	2691.80	2691.80	2691.80
20210413	2716.80	2716.80	2716.80	2716.80
20210414	2699.30	2699.30	2699.30	2699.30
20210415	2759.30	2759.30	2759.30	2759.30
20210416	2794.60	2794.60	2794.60	2794.60
20210419	2833.50	2833.50	2833.50	2833.50
20210420	2777.30	2777.30	2777.30	2777.30
20210421	2895.50	2895.50	2895.50	2895.50
20210422	2862.80	2862.80	2862.80	2862.80
20210423	2876.90	2876.90	2876.90	2876.90
20210426	2929.20	2929.20	2929.20	2929.20
20210427	2972.50	2972.50	2972.50	2972.50
20210428	2950.10	2950.10	2950.10	2950.10
20210429	2968.50	2968.50	2968.50	2968.50
20210430	2973.60	2973.60	2973.60	2973.60
20210503	3001.30	3001.30	3001.30	3001.30
20210504	2997.50	2997.50	2997.50	2997.50
20210505	2992.70	2992.70	2992.70	2992.70
20210506	2967.30	2967.30	2967.30	2967.30
20210507	2945.00	2945.00	2945.00	2945.00
20210510	2988.10	2988.10	2988.10	2988.10
20210511	2946.10	2946.10	2946.10	2946.10
20210512	2868.90	2868.90	2868.90	2868.90
20210513	2884.50	2884.50	2884.50	2884.50
20210514	2914.50	2914.50	2914.50	2914.50
20210517	2915.80	2915.80	2915.80	2915.80
20210518	2923.00	2923.00	2923.00	2923.00
20210519	2904.70	2904.70	2904.70	2904.70
20210520	2890.10	2890.10	2890.10	2890.10
20210521	2794.90	2794.90	2794.90	2794.90
20210524	2749.40	2749.40	2749.40	2749.40
20210525	2796.10	2796.10	2796.10	2796.10
20210526	2762.90	2762.90	2762.90	2762.90
20210527	2820.70	2820.70	2820.70	2820.70
20210528	2840.30	2840.30	2840.30	2840.30
20210601	2873.40	2873.40	2873.40	2873.40
20210602	2878.80	2878.80	2878.80	2878.80
20210603	2836.80	2836.80	2836.80	2836.80
20210604	2852.40	2852.40	2852.40	2852.40
20210607	2847.90	2847.90	2847.90	2847.90
20210608	2817.20	2817.20	2817.20	2817.20
20210609	2783.00	2783.00	2783.00	2783.00
20210610	2787.90	2787.90	2787.90	2787.90
20210611	2791.00	2791.00	2791.00	2791.00
20210614	2766.80	2766.80	2766.80	2766.80
20210615	2775.00	2775.00	2775.00	2775.00
20210616	2847.00	2847.00	2847.00	2847.00
20210617	2522.40	2522.40	2522.40	2522.40
20210618	2480.10	2480.10	2480.10	2480.10
20210621	2568.50	2568.50	2568.50	2568.50
20210622	2569.10	2569.10	2569.10	2569.10
20210623	2640.70	2640.70	2640.70	2640.70
20210624	2654.10	2654.10	2654.10	2654.10
20210625	2647.40	2647.40	2647.40	2647.40
20210628	2709.60	2709.60	2709.60	2709.60
20210629	2691.40	2691.40	2691.40	2691.40
20210630	2789.40	2789.40	2789.40	2789.40
20210701	2779.10	2779.10	2779.10	2779.10
20210702	2802.70	2802.70	2802.70	2802.70
20210706	2806.30	2806.30	2806.30	2806.30
20210707	2858.50	2858.50	2858.50	2858.50
20210708	2820.40	2820.40	2820.40	2820.40
20210709	2822.20	2822.20	2822.20	2822.20
20210712	2869.50	2869.50	2869.50	2869.50
20210713	2842.70	2842.70	2842.70	2842.70
20210714	2836.50	2836.50	2836.50	2836.50
20210715	2739.50	2739.50	2739.50	2739.50
20210716	2647.50	2647.50	2647.50	2647.50
20210719	2602.90	2602.90	2602.90	2602.90
20210720	2650.60	2650.60	2650.60	2650.60
20210721	2665.10	2665.10	2665.10	2665.10
20210722	2714.80	2714.80	2714.80	2714.80
20210723	2672.60	2672.60	2672.60	2672.60
20210726	2688.30	2688.30	2688.30	2688.30
20210727	2616.90	2616.90	2616.90	2616.90
20210728	2632.80	2632.80	2632.80	2632.80
20210729	2653.30	2653.30	2653.30	2653.30
20210730	2666.40	2666.40	2666.40	2666.40
20210802	2694.30	2694.30	2694.30	2694.30
20210803	2655.50	2655.50	2655.50	2655.50
20210804	2661.90	2661.90	2661.90	2661.90
20210805	2665.30	2665.30	2665.30	2665.30
20210806	2640.30	2640.30	2640.30	2640.30
20210809	2612.30	2612.30	2612.30	2612.30
20210810	2660.20	2660.20	2660.20	2660.20
20210811	2643.00	2643.00	2643.00	2643.00
20210812	2634.10	2634.10	2634.10	2634.10
20210813	2666.70	2666.70	2666.70	2666.70
20210816	2608.20	2608.20	2608.20	2608.20
20210817	2505.80	2505.80	2505.80	2505.80
20210818	2433.50	2433.50	2433.50	2433.50
20210819	2308.10	2308.10	2308.10	2308.10
20210820	2286.70	2286.70	2286.70	2286.70
20210823	2395.30	2395.30	2395.30	2395.30
20210824	2450.60	2450.60	2450.60	2450.60
20210825	2440.90	2440.90	2440.90	2440.90
20210826	2396.60	2396.60	2396.60	2396.60
20210827	2412.30	2412.30	2412.30	2412.30
20210830	2483.30	2483.30	2483.30	2483.30
20210831	2475.20	2475.20	2475.20	2475.20
20210901	2445.70	2445.70	2445.70	2445.70
20210902	2404.60	2404.60	2404.60	2404.60
20210903	2420.50	2420.50	2420.50	2420.50
20210907	2357.70	2357.70	2357.70	2357.70
20210908	2241.50	2241.50	2241.50	2241.50
20210909	2147.00	2147.00	2147.00	2147.00
20210910	2130.50	2130.50	2130.50	2130.50
20210913	2084.00	2084.00	2084.00	2084.00
20210914	1979.80	1979.80	1979.80	1979.80
20210915	1995.80	1995.80	1995.80	1995.80
20210916	2025.70	2025.70	2025.70	2025.70
20210917	1988.00	1988.00	1988.00	1988.00
20210920	1869.40	1869.40	1869.40	1869.40
20210921	1898.70	1898.70	1898.70	1898.70
20210922	2040.40	2040.40	2040.40	2040.40
20210923	1976.00	1976.00	1976.00	1976.00
20210924	1955.30	1955.30	1955.30	1955.30
20210927	1951.90	1951.90	1951.90	1951.90
20210928	1858.40	1858.40	1858.40	1858.40
20210929	1834.50	1834.50	1834.50	1834.50
20210930	1904.00	1904.00	1904.00	1904.00
20211001	1907.90	1907.90	1907.90	1907.90
20211004	1879.20	1879.20	1879.20	1879.20
20211005	1903.60	1903.60	1903.60	1903.60
20211006	1872.00	1872.00	1872.00	1872.00
20211007	1959.20	1959.20	1959.20	1959.20
20211008	2077.20	2077.20	2077.20	2077.20
20211011	2123.70	2123.70	2123.70	2123.70
20211012	2052.00	2052.00	2052.00	2052.00
20211013	2110.30	2110.30	2110.30	2110.30
20211014	2155.10	2155.10	2155.10	2155.10
20211015	2080.80	2080.80	2080.80	2080.80
20211018	2017.30	2017.30	2017.30	2017.30
20211019	2105.10	2105.10	2105.10	2105.10
20211020	2086.60	2086.60	2086.60	2086.60
20211021	2022.30	2022.30	2022.30	2022.30
20211022	2039.80	2039.80	2039.80	2039.80
20211025	2052.40	2052.40	2052.40	2052.40
20211026	2009.00	2009.00	2009.00	2009.00
20211027	1978.50	1978.50	1978.50	1978.50
20211028	1993.60	1993.60	1993.60	1993.60
20211029	1984.50	1984.50	1984.50	1984.50
20211101	2056.50	2056.50	2056.50	2056.50
20211102	2011.60	2011.60	2011.60	2011.60
20211103	1991.40	1991.40	1991.40	1991.40
20211104	2000.60	2000.60	2000.60	2000.60
20211105	2031.80	2031.80	2031.80	2031.80
20211108	2081.90	2081.90	2081.90	2081.90
20211109	2026.30	2026.30	2026.30	2026.30
20211110	2043.10	2043.10	2043.10	2043.10
20211111	2066.80	2066.80	2066.80	2066.80
20211112	2121.90	2121.90	2121.90	2121.90
20211115	2160.30	2160.30	2160.30	2160.30
20211116	2171.80	2171.80	2171.80	2171.80
20211117	2188.70	2188.70	2188.70	2188.70
20211118	2141.60	2141.60	2141.60	2141.60
20211119	2077.40	2077.40	2077.40	2077.40
20211122	1954.80	1954.80	1954.80	1954.80
20211123	1854.50	1854.50	1854.50	1854.50
20211124	1850.30	1850.30	1850.30	1850.30
20211126	1783.60	1783.60	1783.60	1783.60
20211129	1791.60	1791.60	1791.60	1791.60
20211130	1707.90	1707.90	1707.90	1707.90
20211201	1755.90	1755.90	1755.90	1755.90
20211202	1773.80	1773.80	1773.80	1773.80
20211203	1815.00	1815.00	1815.00	1815.00
20211206	1848.00	1848.00	1848.00	1848.00
20211207	1849.40	1849.40	1849.40	1849.40
20211208	1854.80	1854.80	1854.80	1854.80
20211209	1815.60	1815.60	1815.60	1815.60
20211210	1752.20	1752.20	1752.20	1752.20
20211213	1677.10	1677.10	1677.10	1677.10
20211214	1625.10	1625.10	1625.10	1625.10
20211215	1554.00	1554.00	1554.00	1554.00
20211216	1725.20	1725.20	1725.20	1725.20
20211217	1787.20	1787.20	1787.20	1787.20
20211220	1748.30	1748.30	1748.30	1748.30
20211221	1795.50	1795.50	1795.50	1795.50
20211222	1891.70	1891.70	1891.70	1891.70
20211223	1959.30	1959.30	1959.30	1959.30
20211227	1948.90	1948.90	1948.90	1948.90
20211228	2003.00	2003.00	2003.00	2003.00
20211229	1989.40	1989.40	1989.40	1989.40
20211230	1985.60	1985.60	1985.60	1985.60
20211231	1914.50	1914.50	1914.50	1914.50
20220103	1828.40	1828.40	1828.40	1828.40
20220104	1862.10	1862.10	1862.10	1862.10
20220105	1905.00	1905.00	1905.00	1905.00
20220106	1876.30	1876.30	1876.30	1876.30
20220107	1924.00	1924.00	1924.00	1924.00
20220110	1911.60	1911.60	1911.60	1911.60
20220111	1924.50	1924.50	1924.50	1924.50
20220112	1918.20	1918.20	1918.20	1918.20
20220113	1892.40	1892.40	1892.40	1892.40
20220114	1880.60	1880.60	1880.60	1880.60
20220118	1907.00	1907.00	1907.00	1907.00
20220119	2010.80	2010.80	2010.80	2010.80
20220120	2076.10	2076.10	2076.10	2076.10
20220121	2106.70	2106.70	2106.70	2106.70
20220124	2143.40	2143.40	2143.40	2143.40
20220125	2191.30	2191.30	2191.30	2191.30
20220126	2353.00	2353.00	2353.00	2353.00
20220127	2368.90	2368.90	2368.90	2368.90
20220128	2377.70	2377.70	2377.70	2377.70
20220131	2358.20	2358.20	2358.20	2358.20
20220201	2348.90	2348.90	2348.90	2348.90
20220202	2371.90	2371.90	2371.90	2371.90
20220203	2320.10	2320.10	2320.10	2320.10
20220204	2293.10	2293.10	2293.10	2293.10
20220207	2262.50	2262.50	2262.50	2262.50
20220208	2266.60	2266.60	2266.60	2266.60
20220209	2287.50	2287.50	2287.50	2287.50
20220210	2267.70	2267.70	2267.70	2267.70
20220211	2196.00	2196.00	2196.00	2196.00
20220214	2348.40	2348.40	2348.40	2348.40
20220215	2254.70	2254.70	2254.70	2254.70
20220216	2274.00	2274.00	2274.00	2274.00
20220217	2360.00	2360.00	2360.00	2360.00
20220218	2338.60	2338.60	2338.60	2338.60
20220222	2373.70	2373.70	2373.70	2373.70
20220223	2442.40	2442.40	2442.40	2442.40
