20170103	407.9	410.0	403.3	403.6
20170104	403.5	410.6	403.1	410.1
20170105	410.0	410.0	407.2	409.7
20170106	409.3	410.2	402.0	402.8
20170109	402.5	405.9	402.1	405.2
20170110	405.2	409.3	402.8	408.7
20170111	408.5	409.5	403.5	405.6
20170112	405.3	419.9	404.9	419.0
20170113	418.0	428.1	416.3	424.7
20170117	429.6	443.7	426.7	440.2
20170118	440.2	445.0	435.6	441.8
20170119	441.6	442.5	436.5	439.3
20170120	439.7	442.3	435.9	440.3
20170123	440.2	440.8	432.8	435.4
20170124	435.3	437.3	430.5	434.2
20170125	433.7	435.7	431.4	435.1
20170126	434.6	435.6	431.9	433.4
20170127	432.9	435.1	431.5	434.1
20170130	432.5	432.6	423.8	425.5
20170131	426.0	427.0	423.9	425.9
20170201	425.6	427.5	422.3	427.2
20170202	427.4	429.0	423.8	424.8
20170203	425.2	427.3	422.5	422.8
20170206	422.5	428.1	422.3	424.8
20170207	424.6	427.7	421.8	426.5
20170208	427.1	432.8	426.2	432.6
20170209	432.0	432.9	427.2	429.7
20170210	429.7	435.2	428.5	433.3
20170213	433.8	436.8	431.8	434.8
20170214	434.8	435.0	429.8	430.6
20170215	430.6	437.9	427.7	437.2
20170216	437.0	441.1	432.0	432.6
20170217	432.0	433.4	429.2	431.5
20170221	431.0	434.1	427.9	428.4
20170222	428.8	429.0	425.6	425.6
20170223	425.9	427.9	421.2	422.6
20170224	422.2	423.2	419.4	422.6
20170227	422.9	425.0	421.0	423.2
20170228	423.9	430.0	421.7	422.5
20170301	422.6	426.1	422.6	426.1
20170302	425.9	426.4	418.1	421.1
20170303	421.4	421.7	417.1	419.2
20170306	420.6	425.8	419.1	420.7
20170307	420.6	422.6	415.9	418.4
20170308	418.1	419.0	415.3	417.7
20170309	417.3	418.0	412.5	414.8
20170310	414.2	415.7	412.3	415.7
20170313	415.3	418.0	414.5	417.8
20170314	417.9	418.3	412.7	413.7
20170315	413.6	415.8	413.1	413.8
20170316	414.6	417.9	413.7	416.0
20170317	416.2	416.5	413.1	415.0
20170320	415.6	417.4	413.0	413.1
20170321	413.2	414.9	410.2	412.4
20170322	412.1	412.3	409.7	409.7
20170323	410.0	411.0	407.1	407.1
20170324	407.4	407.5	403.2	405.0
20170327	404.9	405.8	401.8	402.0
20170328	402.2	404.0	401.4	401.5
20170329	401.7	404.0	401.3	402.7
20170330	402.5	403.2	400.9	401.3
20170331	401.4	402.9	393.8	394.7
20170403	394.8	396.2	393.6	394.7
20170404	394.1	397.1	393.8	395.0
20170405	394.7	397.9	394.6	396.4
20170406	396.1	397.7	394.8	394.9
20170407	394.7	396.5	393.3	394.0
20170410	394.5	398.1	394.5	395.4
20170411	395.7	397.3	392.1	396.9
20170412	396.6	400.4	396.2	399.7
20170413	399.5	405.0	399.0	404.7
20170417	405.0	406.1	399.1	399.8
20170418	400.0	400.8	396.8	398.7
20170419	398.7	401.5	397.1	398.0
20170420	397.4	399.7	394.0	394.4
20170421	394.2	397.4	393.9	396.4
20170424	395.7	403.5	395.7	402.5
20170425	402.0	404.0	399.7	400.7
20170426	400.2	401.7	395.5	395.9
20170427	395.9	398.7	395.3	397.0
20170428	396.5	399.2	396.0	397.7
20170501	398.3	403.8	398.1	400.9
20170502	401.1	403.8	395.5	397.6
20170503	397.4	402.2	396.5	400.7
20170504	401.0	401.7	398.2	401.2
20170505	400.9	403.0	398.8	399.6
20170508	398.5	398.9	395.2	395.8
20170509	396.4	401.7	395.6	400.8
20170510	401.0	408.2	398.3	400.1
20170511	400.4	401.4	396.4	396.8
20170512	397.3	397.5	395.7	396.0
20170515	396.0	399.3	394.8	394.9
20170516	395.0	400.0	394.1	399.4
20170517	399.5	400.4	396.9	397.8
20170518	397.8	397.8	389.6	389.8
20170519	389.8	393.3	389.4	389.8
20170522	389.5	391.7	389.5	390.4
20170523	390.0	391.4	388.5	389.1
20170524	388.9	390.3	387.9	388.7
20170525	388.8	390.0	387.0	387.0
20170526	387.0	387.6	383.8	383.8
20170530	384.5	385.3	379.8	380.0
20170531	380.9	382.3	379.1	380.8
20170601	380.6	382.1	379.6	380.5
20170602	379.9	385.8	379.2	385.0
20170605	385.1	386.9	382.7	382.7
20170606	382.9	387.9	382.8	384.1
20170607	383.9	389.3	383.9	387.2
20170608	387.4	392.3	387.4	388.9
20170609	388.4	391.7	386.0	388.3
20170612	388.0	388.4	383.6	384.5
20170613	385.4	388.9	383.8	384.0
20170614	383.7	386.7	383.7	384.6
20170615	384.1	385.1	381.1	383.6
20170616	383.8	385.6	381.8	384.1
20170619	382.6	387.0	381.7	384.1
20170620	383.0	385.0	381.9	383.5
20170621	383.2	384.4	378.8	379.5
20170622	380.2	380.2	373.6	374.9
20170623	375.5	375.8	372.2	374.0
20170626	373.3	376.4	373.2	374.4
20170627	374.8	377.5	374.1	374.7
20170628	374.9	377.0	374.6	376.4
20170629	376.7	380.8	376.2	376.4
20170630	376.6	390.5	375.8	387.1
20170703	391.8	400.6	390.9	397.9
20170705	399.8	404.6	399.3	403.1
20170706	404.3	406.8	400.1	406.2
20170707	406.7	415.2	406.2	413.4
20170710	416.6	425.0	416.6	422.3
20170711	423.3	425.5	417.1	422.5
20170712	422.5	424.4	415.7	420.4
20170713	418.5	418.5	401.2	401.9
20170714	403.1	409.1	401.3	407.6
20170717	408.1	409.1	403.9	406.2
20170718	410.7	412.6	406.1	408.0
20170719	408.3	412.1	406.1	410.5
20170720	410.9	416.9	409.0	415.2
20170721	414.9	415.6	411.0	413.1
20170724	410.2	410.2	405.5	409.1
20170725	413.9	417.8	401.4	401.5
20170726	401.2	404.7	397.3	403.5
20170727	404.0	407.7	402.2	405.3
20170728	405.4	408.7	404.6	405.1
20170731	400.8	403.3	398.7	402.1
20170801	398.7	399.4	390.6	390.8
20170802	391.6	394.2	390.4	391.6
20170803	391.6	392.0	386.9	389.6
20170804	389.3	390.1	386.0	386.4
20170807	388.4	392.6	387.7	390.4
20170808	391.8	394.5	390.5	390.5
20170809	390.5	391.8	388.5	389.5
20170810	389.7	393.7	376.7	378.5
20170811	378.0	381.6	376.8	381.5
20170814	378.8	380.0	376.8	379.4
20170815	379.8	380.1	375.6	376.1
20170816	375.9	376.5	374.2	375.3
20170817	375.7	379.0	375.1	377.6
20170818	377.0	378.4	375.2	377.1
20170821	376.1	377.0	374.4	375.9
20170822	375.4	378.1	374.5	375.4
20170823	374.6	376.3	371.9	373.7
20170824	372.9	378.7	372.4	377.4
20170825	377.1	379.3	376.3	377.3
20170828	376.5	378.9	375.3	376.2
20170829	375.6	377.6	375.2	375.7
20170830	375.9	376.8	373.7	373.8
20170831	374.2	377.6	373.5	376.8
20170901	376.2	379.0	374.9	375.4
20170905	376.8	385.1	376.4	384.9
20170906	384.7	387.3	382.8	385.6
20170907	385.5	386.5	383.7	384.2
20170908	383.8	385.8	381.7	381.9
20170911	382.6	383.6	379.6	380.9
20170912	380.7	381.2	373.2	376.7
20170913	376.6	382.8	375.5	382.7
20170914	382.2	390.7	381.9	390.0
20170915	389.9	390.5	386.9	388.5
20170918	387.6	393.0	387.3	389.6
20170919	389.6	390.5	384.2	385.9
20170920	385.5	389.0	385.1	386.9
20170921	386.4	389.9	385.9	389.8
20170922	389.4	397.7	389.2	396.0
20170925	395.9	396.1	390.7	391.1
20170926	391.3	392.1	387.0	390.1
20170927	389.8	390.7	387.6	390.0
20170928	389.8	391.2	387.5	388.8
20170929	388.2	394.1	386.5	392.3
20171002	391.6	393.5	389.0	390.0
20171003	389.9	391.9	388.2	388.9
20171004	388.8	389.9	386.6	388.0
20171005	387.8	395.3	387.7	394.4
20171006	393.8	396.6	392.2	396.3
20171009	396.8	397.4	392.1	392.5
20171010	392.3	396.3	392.1	393.2
20171011	392.7	393.2	391.4	392.1
20171012	391.9	405.6	390.9	403.7
20171013	403.3	406.6	401.9	405.0
20171016	404.5	404.9	400.9	401.5
20171017	400.8	400.8	398.0	398.6
20171018	398.4	399.7	397.1	398.5
20171019	398.4	400.3	397.8	398.4
20171020	398.2	399.1	393.6	393.6
20171023	393.3	394.7	391.8	392.7
20171024	392.5	393.8	389.5	391.9
20171025	391.6	394.6	391.1	392.2
20171026	392.2	392.8	388.6	388.8
20171027	388.9	390.3	388.3	389.2
20171030	388.9	391.2	388.8	389.0
20171031	389.3	391.0	388.0	388.9
20171101	388.8	391.6	387.6	390.4
20171102	390.3	394.6	390.1	394.0
20171103	393.9	394.2	389.5	390.8
20171106	391.1	393.6	390.5	393.4
20171107	393.5	394.2	391.8	392.7
20171108	392.5	393.3	391.0	391.9
20171109	392.0	398.7	388.2	389.2
20171110	389.1	392.1	388.4	391.5
20171113	391.3	393.3	387.9	388.3
20171114	388.4	389.2	386.2	387.2
20171115	387.4	389.9	386.8	388.5
20171116	388.4	389.5	386.6	387.2
20171117	387.2	395.3	386.8	395.2
20171120	394.9	396.8	392.1	396.6
20171121	396.4	396.7	393.8	395.2
20171122	394.9	402.0	394.5	401.6
20171124	400.5	403.9	399.9	400.0
20171127	400.5	406.5	399.4	404.1
20171128	404.1	404.3	399.2	401.5
20171129	401.0	404.0	399.7	402.2
20171130	402.0	404.9	397.2	401.2
20171201	400.9	405.1	399.9	404.8
20171204	405.4	415.6	405.3	411.5
20171205	412.1	420.0	410.7	417.7
20171206	418.3	422.8	410.4	417.3
20171207	417.1	417.3	409.2	410.1
20171208	410.2	412.5	404.9	407.2
20171211	406.4	406.4	401.6	402.2
20171212	402.5	403.2	398.9	399.2
20171213	399.6	401.9	399.4	401.6
20171214	401.6	401.6	395.8	395.9
20171215	395.9	397.7	394.8	395.1
20171218	395.6	397.0	391.2	393.2
20171219	393.2	393.9	389.7	389.8
20171220	389.7	392.0	389.3	390.2
20171221	390.6	391.6	388.4	388.5
20171222	388.7	390.2	387.3	387.6
20171226	388.3	392.0	388.3	389.8
20171227	390.1	392.9	386.4	388.6
20171228	388.8	389.4	386.5	386.6
20171229	386.8	389.3	386.4	387.9
20180102	389.0	390.2	386.9	388.9
20180103	389.1	389.8	387.7	389.7
20180104	389.5	391.2	386.2	390.5
20180105	390.5	394.0	390.3	391.9
20180108	392.1	393.2	389.6	392.4
20180109	392.2	392.6	387.9	388.7
20180110	388.9	389.1	386.2	386.9
20180111	386.7	389.0	383.2	383.4
20180112	383.3	388.4	381.0	388.4
20180116	388.7	393.7	388.5	393.0
20180117	392.2	395.3	391.0	395.3
20180118	395.2	399.6	394.3	398.7
20180119	399.0	405.1	398.7	401.5
20180122	404.0	409.6	403.9	408.9
20180123	408.4	410.7	405.0	410.1
20180124	410.1	414.1	406.6	411.7
20180125	412.7	419.2	407.5	410.4
20180126	411.1	412.5	404.7	406.3
20180129	407.7	412.3	406.8	407.7
20180130	408.9	413.5	405.5	411.1
20180131	411.5	412.7	405.7	408.4
20180201	408.5	408.6	401.4	404.5
20180202	404.7	405.0	401.4	402.0
20180205	400.9	401.2	396.9	397.8
20180206	397.5	404.5	397.2	403.6
20180207	404.1	407.0	402.3	406.4
20180208	405.4	416.7	405.0	412.5
20180209	412.5	415.5	408.8	414.9
20180212	418.6	428.5	418.6	428.5
20180213	430.6	440.7	427.2	433.2
20180214	434.2	441.6	429.9	439.5
20180215	438.8	443.9	438.2	443.4
20180216	443.6	449.1	438.8	444.8
20180220	451.2	455.8	445.7	445.9
20180221	447.4	453.3	439.0	449.4
20180222	449.4	449.4	445.9	447.2
20180223	446.9	450.3	445.5	446.2
20180226	448.2	453.6	447.7	448.8
20180227	448.8	459.3	447.2	457.9
20180228	459.1	467.1	457.8	460.2
20180301	460.1	465.9	452.0	465.1
20180302	464.4	471.9	458.5	459.0
20180305	463.2	464.0	453.7	461.2
20180306	462.0	462.3	454.9	455.8
20180307	455.7	458.7	450.4	450.5
20180308	450.8	454.1	448.1	450.9
20180309	452.9	452.9	440.1	440.2
20180312	440.0	443.5	438.1	438.2
20180313	438.5	445.4	438.5	443.9
20180314	443.6	448.2	438.5	438.5
20180315	438.6	442.7	437.7	439.1
20180316	440.1	442.8	439.0	440.4
20180319	440.4	440.4	426.1	426.7
20180320	425.9	430.9	425.9	428.8
20180321	430.4	436.7	429.1	432.8
20180322	433.9	436.8	432.9	436.4
20180323	435.8	446.9	428.4	446.0
20180326	445.8	453.7	442.1	442.4
20180327	444.6	446.4	439.4	439.4
20180328	440.0	444.0	437.4	438.1
20180329	439.7	454.1	435.7	451.9
20180402	451.9	457.6	444.9	445.1
20180403	445.9	451.9	445.2	447.1
20180404	448.4	451.7	431.6	449.9
20180405	449.9	452.8	446.9	451.4
20180406	446.9	455.2	443.4	454.4
20180409	454.7	461.2	452.9	457.4
20180410	458.0	458.9	451.6	451.7
20180411	452.7	455.4	447.7	447.7
20180412	448.0	452.2	445.8	451.3
20180413	450.9	455.0	447.8	449.8
20180416	450.7	452.0	445.3	445.6
20180417	445.9	449.6	445.2	449.0
20180418	449.4	451.3	444.0	444.4
20180419	444.8	446.1	441.1	441.2
20180420	441.5	444.7	438.7	442.9
20180423	442.8	445.0	439.0	439.9
20180424	440.0	441.4	437.5	439.7
20180425	440.0	447.8	439.4	444.4
20180426	444.2	448.0	442.8	447.1
20180427	448.0	462.1	445.7	457.8
20180430	459.0	467.3	456.5	456.7
20180501	457.6	469.8	455.2	467.8
20180502	467.4	470.2	462.8	463.3
20180503	462.8	465.1	459.2	463.0
20180504	462.3	462.7	455.3	456.8
20180507	456.3	456.3	446.0	446.1
20180508	446.1	451.5	444.5	449.5
20180509	449.6	450.4	446.8	449.2
20180510	450.6	455.6	447.6	449.8
20180511	449.6	450.7	441.7	442.8
20180514	441.9	453.3	441.8	451.0
20180515	450.4	454.6	442.3	445.2
20180516	446.7	446.8	440.1	440.6
20180517	440.7	444.1	438.0	438.2
20180518	438.8	444.4	438.7	438.9
20180521	443.8	447.0	439.3	442.2
20180522	441.5	445.3	439.9	441.7
20180523	441.5	446.8	440.0	443.7
20180524	444.3	449.9	440.9	441.4
20180525	441.6	445.3	440.7	444.4
20180529	445.3	451.3	441.3	443.9
20180530	443.8	443.9	436.7	439.6
20180531	440.5	443.3	437.9	438.7
20180601	439.0	441.1	435.8	438.5
20180604	435.7	438.2	432.3	432.5
20180605	433.3	435.0	430.7	431.3
20180606	431.5	432.3	428.5	428.7
20180607	428.7	429.5	421.7	422.9
20180608	422.2	424.9	419.5	421.9
20180611	421.5	423.1	414.7	415.3
20180612	415.3	420.3	415.2	417.1
20180613	417.1	418.1	410.2	411.9
20180614	410.9	412.4	408.0	408.4
20180615	408.4	411.5	401.1	404.1
20180618	403.2	406.8	400.5	401.3
20180619	401.7	402.1	386.0	400.7
20180620	399.4	402.3	391.9	397.5
20180621	397.5	399.3	392.6	393.2
20180622	394.2	401.2	393.2	401.0
20180625	400.5	400.9	391.6	393.2
20180626	392.7	395.9	389.9	391.8
20180627	391.7	396.1	389.8	390.8
20180628	390.6	393.5	389.7	391.1
20180629	391.2	394.5	388.2	388.7
20180702	389.1	392.2	385.0	387.0
20180703	387.6	388.3	384.6	385.1
20180705	385.5	387.5	382.8	383.0
20180706	383.4	398.4	382.7	395.8
20180709	395.1	396.9	384.9	387.0
20180710	387.1	393.4	383.2	390.3
20180711	388.5	390.5	386.1	387.3
20180712	388.0	389.9	381.9	387.2
20180713	387.2	388.1	381.5	382.4
20180716	382.7	390.7	381.0	387.0
20180717	387.8	391.2	385.5	386.6
20180718	386.8	389.3	384.1	384.9
20180719	385.2	387.1	382.9	385.7
20180720	385.5	388.4	383.1	383.9
20180723	385.3	387.7	383.6	385.3
20180724	384.1	387.4	382.8	386.3
20180725	386.4	388.9	384.7	388.8
20180726	391.0	396.1	389.6	390.4
20180727	390.5	394.3	389.5	391.2
20180730	393.4	394.9	391.0	393.8
20180731	393.2	402.7	392.3	400.8
20180801	399.6	400.5	393.9	394.5
20180802	394.0	395.2	390.5	392.1
20180803	392.1	393.7	388.5	391.9
20180806	391.3	391.8	385.9	389.2
20180807	390.2	394.0	389.7	391.9
20180808	391.5	397.2	390.0	396.7
20180809	396.9	398.0	393.9	394.3
20180810	394.3	394.4	382.3	382.4
20180813	382.2	389.1	380.6	389.0
20180814	387.5	398.4	387.0	397.5
20180815	397.3	398.9	390.7	390.9
20180816	391.0	397.6	390.8	396.3
20180817	396.6	397.9	390.9	393.4
20180820	394.4	394.9	389.1	390.2
20180821	389.5	390.3	386.4	386.6
20180822	386.7	387.0	382.3	382.8
20180823	382.7	384.0	375.7	376.5
20180824	376.7	378.3	375.4	375.6
20180827	375.0	375.5	367.6	370.3
20180828	370.1	370.7	364.0	364.4
20180829	364.2	367.5	363.4	364.6
20180830	365.6	366.0	362.1	363.5
20180831	362.7	368.0	362.4	367.6
20180904	367.2	373.3	365.8	370.6
20180905	370.7	372.0	367.7	369.5
20180906	369.2	374.8	368.8	373.2
20180907	373.6	378.5	372.3	376.5
20180910	375.0	379.2	374.0	378.4
20180911	378.1	380.0	374.4	375.5
20180912	375.4	379.5	370.6	377.6
20180913	376.7	378.4	373.9	375.0
20180914	373.8	374.9	367.7	368.1
20180917	367.6	368.0	364.5	365.3
20180918	364.7	365.2	361.1	363.5
20180919	363.3	369.5	363.3	369.5
20180920	369.3	375.3	366.2	373.5
20180921	373.5	374.3	367.8	369.9
20180924	368.9	369.0	365.7	367.0
20180925	367.2	375.8	365.9	369.4
20180926	369.5	371.9	369.0	370.2
20180927	369.7	373.4	369.1	371.1
20180928	371.5	374.1	367.1	368.3
20181001	368.3	376.2	368.1	373.0
20181002	373.8	375.1	370.4	374.6
20181003	374.4	375.9	370.5	371.2
20181004	370.5	374.7	370.1	372.1
20181005	372.0	379.4	369.7	379.2
20181008	379.8	381.9	377.4	378.1
20181009	378.0	379.4	375.6	377.0
20181010	377.6	378.5	373.5	375.7
20181011	374.9	379.3	373.1	376.5
20181012	376.0	378.5	374.3	375.9
20181015	376.4	386.8	374.1	386.2
20181016	386.5	386.5	380.1	381.5
20181017	381.4	385.6	380.7	382.8
20181018	382.6	382.9	375.5	375.7
20181019	376.1	377.2	372.5	372.6
20181022	372.7	375.0	371.3	371.9
20181023	371.9	371.9	369.5	370.2
20181024	370.0	370.4	364.8	366.2
20181025	365.7	366.1	363.0	364.7
20181026	364.1	368.4	364.1	366.9
20181029	366.9	370.3	365.8	368.2
20181030	368.3	370.5	364.5	364.7
20181031	364.6	367.2	361.5	365.7
20181101	365.9	375.3	363.0	372.0
20181102	372.9	375.8	369.0	370.4
20181105	370.3	373.4	367.2	370.4
20181106	370.1	371.9	367.8	371.5
20181107	371.0	373.2	366.9	367.6
20181108	367.5	370.2	363.8	365.5
20181109	365.8	367.0	364.6	365.4
20181112	365.1	366.2	363.9	364.5
20181113	365.1	367.7	363.2	363.3
20181114	363.4	365.8	363.3	365.3
20181115	365.3	368.8	363.6	366.1
20181116	366.7	372.5	365.7	369.9
20181119	370.7	371.1	363.7	364.8
20181120	365.2	369.6	364.5	367.3
20181121	367.7	368.4	365.2	367.3
20181123	366.7	368.5	365.4	366.1
20181126	365.8	366.5	360.7	362.9
20181127	363.1	365.5	361.2	365.4
20181128	365.6	369.8	364.3	367.8
20181129	367.5	369.3	364.8	367.7
20181130	367.3	369.8	366.0	368.4
20181203	375.6	376.8	371.8	372.0
20181204	371.8	374.0	370.2	371.9
20181205	372.2	373.4	370.8	371.6
20181206	371.4	372.4	366.9	370.3
20181207	370.3	371.8	368.0	369.5
20181210	368.5	370.0	367.3	367.3
20181211	367.4	370.6	366.7	368.8
20181212	369.1	373.3	368.7	370.2
20181213	370.4	371.6	365.4	366.5
20181214	366.6	368.2	365.1	365.2
20181217	365.4	367.5	365.4	367.3
20181218	367.1	370.6	366.8	368.4
20181219	368.3	368.6	365.4	365.9
20181220	365.7	367.4	364.8	366.0
20181221	365.6	366.7	363.7	363.8
20181224	363.9	366.3	363.1	365.5
20181226	365.7	367.9	360.8	361.7
20181227	361.6	363.8	361.1	362.4
20181228	362.0	368.9	362.0	366.0
20181231	367.3	368.6	363.2	363.7
20190102	364.0	369.8	363.3	368.4
20190103	368.6	371.6	367.1	370.0
20190104	369.4	374.0	369.3	373.4
20190107	373.1	377.0	372.9	375.5
20190108	375.8	377.1	374.0	375.1
20190109	375.3	378.3	374.6	377.4
20190110	377.2	377.5	370.2	370.3
20190111	369.9	371.7	367.9	368.0
20190114	368.3	368.5	364.3	365.8
20190115	365.8	366.7	362.9	363.4
20190116	363.4	365.2	362.8	363.9
20190117	364.2	369.1	363.5	366.0
20190118	365.9	370.2	365.7	368.4
20190122	368.0	369.4	363.8	367.0
20190123	366.5	368.6	365.8	367.1
20190124	366.6	368.2	365.5	365.8
20190125	365.9	367.8	364.5	367.3
20190128	366.9	368.0	364.3	366.1
20190129	365.2	366.2	364.8	365.5
20190130	365.5	366.7	364.6	364.9
20190131	364.7	367.6	363.0	363.9
20190201	363.7	371.1	363.7	365.7
20190204	365.7	366.7	364.2	364.3
20190205	364.3	364.3	362.2	363.0
20190206	363.0	363.8	362.3	362.6
20190207	362.4	362.7	358.8	359.2
20190208	359.4	361.9	358.9	360.3
20190211	359.8	361.8	358.0	358.8
20190212	358.6	363.7	358.6	363.1
20190213	362.9	364.2	361.9	364.2
20190214	363.7	364.4	359.1	359.8
20190215	359.8	361.3	359.2	360.0
20190219	359.9	360.7	356.3	359.5
20190220	359.2	360.0	356.4	359.3
20190221	358.7	362.3	358.3	359.6
20190222	359.5	360.9	358.4	358.8
20190225	360.6	362.0	358.7	358.9
20190226	358.5	359.2	355.8	357.0
20190227	357.0	360.7	356.5	359.0
20190228	358.0	359.1	355.4	355.8
20190301	355.8	357.6	352.5	356.8
20190304	357.9	362.7	357.2	359.9
20190305	359.9	360.7	358.3	359.6
20190306	359.6	361.3	355.4	355.6
20190307	355.8	358.0	355.2	355.8
20190308	355.7	356.9	353.0	353.0
20190311	353.7	354.4	350.7	350.9
20190312	350.9	354.2	350.0	352.4
20190313	352.2	355.4	351.1	354.9
20190314	354.7	357.0	353.6	356.1
20190315	355.5	360.7	355.5	360.5
20190318	360.7	361.6	358.4	359.4
20190319	359.1	362.0	358.4	360.0
20190320	359.8	361.6	358.3	360.9
20190321	361.0	365.5	360.1	365.2
20190322	364.8	366.1	363.9	365.2
20190325	364.6	366.2	363.8	364.8
20190326	364.3	365.4	360.2	360.4
20190327	360.5	360.5	353.3	353.9
20190328	354.5	356.7	353.8	356.2
20190329	355.9	357.8	354.8	355.3
20190401	355.8	360.1	355.4	359.5
20190402	359.5	360.8	358.0	360.2
20190403	360.3	361.6	359.1	360.7
20190404	360.4	362.0	360.1	361.3
20190405	361.0	361.3	356.8	357.6
20190408	357.7	360.7	357.6	358.8
20190409	358.3	360.0	358.0	359.0
20190410	358.8	360.7	358.2	359.9
20190411	359.5	360.6	356.6	356.8
20190412	356.7	358.1	356.4	357.6
20190415	357.3	361.4	357.2	360.6
20190416	360.4	360.9	355.5	355.8
20190417	356.1	356.8	353.1	353.1
20190418	353.3	354.4	352.4	352.6
20190422	352.7	353.8	351.6	352.1
20190423	351.8	352.6	349.5	350.6
20190424	349.9	351.6	349.4	349.5
20190425	349.4	355.7	349.3	355.2
20190426	355.5	355.8	348.9	349.6
20190429	351.0	352.3	346.7	347.4
20190430	347.3	347.8	345.2	346.0
20190501	345.8	346.8	343.4	346.1
20190502	345.9	346.4	342.5	342.7
20190503	343.3	345.3	342.8	343.5
20190506	341.5	343.7	339.0	342.9
20190507	341.9	343.0	339.0	339.7
20190508	339.6	341.1	338.2	338.2
20190509	338.8	338.8	333.9	334.9
20190510	335.0	336.6	332.4	332.6
20190513	332.9	333.8	329.0	333.5
20190514	333.6	346.8	333.6	342.7
20190515	344.2	350.8	343.3	345.4
20190516	345.7	349.7	345.4	348.2
20190517	347.8	348.6	339.6	339.8
20190520	341.9	344.9	341.0	342.9
20190521	344.6	348.1	339.0	340.5
20190522	340.3	346.7	339.9	344.2
20190523	344.5	345.9	341.4	342.9
20190524	343.1	347.3	342.7	346.4
20190528	349.5	359.9	348.6	358.4
20190529	362.5	372.2	361.7	364.0
20190530	366.9	374.0	362.0	372.6
20190531	373.7	373.7	366.4	367.1
20190603	367.2	371.7	365.5	365.8
20190604	370.4	373.0	365.9	366.0
20190605	366.9	367.9	362.9	363.7
20190606	363.7	364.7	359.4	361.8
20190607	361.8	362.7	357.0	358.3
20190610	357.4	362.3	354.7	359.4
20190611	358.2	361.2	357.4	358.9
20190612	359.1	369.1	357.9	365.5
20190613	365.8	370.4	365.6	367.2
20190614	367.5	371.5	367.4	369.0
20190617	370.2	373.3	368.7	370.0
20190618	372.7	373.7	367.2	367.6
20190619	368.5	368.5	362.0	362.5
20190620	361.6	369.5	360.1	368.2
20190621	368.7	369.1	361.3	362.1
20190624	362.1	365.3	361.8	363.8
20190625	366.1	367.4	360.3	360.9
20190626	361.3	361.6	358.3	359.2
20190627	358.3	360.0	356.4	357.2
20190628	357.5	362.2	355.5	359.9
20190701	363.5	363.7	351.3	351.3
20190702	352.2	354.1	349.3	350.6
20190703	350.6	353.9	349.9	352.9
20190705	352.7	352.9	348.8	350.0
20190708	351.7	353.1	348.8	349.6
20190709	350.1	353.8	348.2	353.4
20190710	353.5	355.6	351.5	354.7
20190711	354.7	357.1	352.8	356.3
20190712	356.6	359.4	355.2	359.0
20190715	360.2	361.5	354.9	356.0
20190716	355.6	355.7	350.8	352.7
20190717	352.4	354.5	350.9	350.9
20190718	350.8	352.1	349.3	350.7
20190719	351.2	357.6	350.0	355.3
20190722	354.7	356.7	351.6	351.8
20190723	351.8	353.6	349.8	350.1
20190724	350.1	352.5	349.5	349.8
20190725	350.1	351.0	346.6	346.9
20190726	347.0	349.6	346.6	346.8
20190729	347.1	350.5	346.7	348.6
20190730	348.6	349.3	344.6	345.0
20190731	345.0	346.4	342.0	342.6
20190801	342.7	343.1	335.5	337.9
20190802	338.3	340.2	336.5	337.6
20190805	337.6	340.1	333.4	339.4
20190806	338.7	341.4	337.1	340.2
20190807	340.0	340.9	337.2	338.1
20190808	338.0	341.3	337.3	340.2
20190809	340.2	342.7	338.7	342.1
20190812	341.4	341.6	335.9	336.2
20190813	336.3	343.1	335.4	342.5
20190814	342.4	344.0	336.9	337.9
20190815	338.6	339.5	334.3	334.5
20190816	335.1	338.7	334.7	337.8
20190819	336.6	338.2	334.3	335.1
20190820	335.6	337.9	335.6	337.1
20190821	337.1	339.2	336.3	337.8
20190822	338.0	341.1	336.5	336.9
20190823	336.8	338.5	332.7	332.7
20190826	332.7	337.2	332.7	335.3
20190827	334.8	335.7	332.3	334.4
20190828	334.8	338.1	332.1	337.0
20190829	336.9	339.3	335.3	335.5
20190830	335.4	336.7	332.7	332.7
20190903	333.2	334.6	331.4	331.9
20190904	332.0	337.8	332.0	335.4
20190905	335.9	337.9	331.5	332.0
20190906	332.6	334.4	330.4	330.5
20190909	330.4	332.7	329.7	331.7
20190910	332.1	336.5	331.9	335.5
20190911	336.0	336.5	331.5	332.5
20190912	332.9	339.2	332.6	338.3
20190913	339.0	342.4	338.3	339.3
20190916	339.8	341.0	335.2	336.5
20190917	336.2	336.8	332.6	335.6
20190918	336.0	336.9	332.8	333.4
20190919	333.3	335.2	332.8	333.9
20190920	333.5	335.1	332.1	332.4
20190923	332.1	337.3	332.0	336.2
20190924	335.7	339.8	335.7	336.8
20190925	337.3	338.5	334.7	334.9
20190926	334.8	337.7	333.0	333.1
20190927	333.2	333.8	332.0	332.8
20190930	332.7	340.2	332.7	338.3
20191001	338.7	346.9	338.0	346.4
20191002	346.4	346.6	342.5	343.0
20191003	343.4	344.8	339.5	340.9
20191004	340.9	342.7	339.7	340.9
20191007	341.6	342.2	338.8	340.1
20191008	339.5	345.7	339.5	344.1
20191009	344.0	349.4	344.0	346.8
20191010	346.3	349.2	345.2	345.3
20191011	345.7	350.6	345.7	347.8
20191014	350.0	351.6	346.7	348.2
20191015	348.0	349.6	345.3	345.4
20191016	345.4	346.8	342.0	342.4
20191017	342.5	346.4	341.2	344.6
20191018	344.3	347.5	343.8	346.4
20191021	345.7	349.0	344.3	345.4
20191022	345.6	349.5	344.0	344.8
20191023	344.8	347.1	343.6	346.6
20191024	346.2	347.2	343.1	343.5
20191025	343.5	345.0	340.7	341.9
20191028	341.0	342.9	340.8	341.7
20191029	341.8	343.5	339.9	340.6
20191030	340.7	341.8	339.7	340.2
20191031	340.2	342.9	339.2	342.4
20191101	342.1	344.3	341.4	341.6
20191104	341.6	342.0	339.7	339.9
20191105	340.1	341.1	339.3	340.3
20191106	340.3	340.7	336.2	336.6
20191107	337.1	343.9	336.9	343.3
20191108	343.3	344.1	339.5	342.8
20191111	341.4	341.8	338.0	338.1
20191112	338.3	340.9	338.2	339.7
20191113	339.8	344.1	339.4	341.8
20191114	341.6	342.7	339.3	340.8
20191115	341.3	345.0	340.9	344.5
20191118	344.7	345.5	338.6	339.5
20191119	339.5	341.2	339.2	339.5
20191120	339.3	340.6	337.0	337.1
20191121	337.5	340.4	337.4	338.6
20191122	338.6	339.1	336.0	336.2
20191125	336.5	338.2	335.8	336.1
20191126	336.1	336.7	332.2	332.6
20191127	332.8	334.5	331.5	331.6
20191129	331.7	332.0	328.3	328.6
20191202	328.6	331.1	328.1	329.7
20191203	329.9	330.9	328.9	330.5
20191204	330.5	333.5	330.4	332.3
20191205	332.2	338.8	331.1	337.1
20191206	337.1	339.4	334.0	334.5
20191209	335.0	337.1	333.6	333.8
20191210	334.0	335.7	332.8	333.9
20191211	333.1	333.8	329.8	330.1
20191212	330.8	333.1	328.7	330.0
20191213	332.1	334.7	330.4	332.3
20191216	333.8	337.2	333.1	336.7
20191217	336.4	338.8	334.3	337.3
20191218	337.7	339.2	335.3	338.1
20191219	338.1	338.7	333.3	334.3
20191220	334.6	335.3	333.3	333.5
20191223	333.5	337.7	333.4	336.5
20191224	337.1	338.9	335.3	337.5
20191226	337.2	337.6	334.1	335.1
20191227	335.2	336.1	331.4	331.9
20191230	332.0	334.6	331.5	333.5
20191231	334.1	338.4	333.0	336.3
20200102	335.6	338.8	334.3	336.8
20200103	336.6	337.6	331.6	332.7
20200106	332.8	335.8	331.9	333.8
20200107	334.1	335.3	331.7	332.9
20200108	332.6	334.5	331.7	332.9
20200109	333.1	334.3	330.5	331.8
20200110	331.6	335.1	331.6	334.9
20200113	335.3	335.5	332.5	335.0
20200114	334.3	338.1	332.1	333.3
20200115	333.8	335.2	331.3	331.5
20200116	331.5	332.4	330.3	331.9
20200117	331.4	333.3	330.9	331.9
20200121	332.3	332.6	330.1	330.2
20200122	330.4	331.1	328.7	329.3
20200123	329.2	330.4	327.3	329.9
20200124	329.8	331.8	328.9	329.5
20200127	328.6	330.4	326.5	329.1
20200128	329.1	330.7	327.7	328.8
20200129	329.1	330.2	326.4	327.2
20200130	327.3	327.6	322.3	322.9
20200131	324.1	324.8	321.7	322.3
20200203	322.2	322.7	318.4	320.9
20200204	321.1	323.7	318.8	319.6
20200205	319.6	320.7	318.5	318.6
20200206	318.7	321.1	317.7	320.2
20200207	319.3	322.8	319.3	320.8
20200210	321.3	325.8	320.5	323.2
20200211	322.8	324.4	320.5	322.2
20200212	322.1	323.8	321.1	322.6
20200213	323.0	325.3	322.1	322.9
20200214	322.9	323.0	320.2	322.5
20200218	322.1	324.1	321.1	323.2
20200219	323.2	324.5	322.2	324.0
20200220	323.8	324.8	321.9	324.0
20200221	324.0	326.9	320.3	320.3
20200224	320.4	320.5	316.4	317.9
20200225	318.3	319.5	317.1	318.7
20200226	319.8	326.1	318.2	323.6
20200227	324.2	330.0	319.7	329.9
20200228	330.4	333.1	326.5	330.5
20200302	330.8	335.7	330.5	334.6
20200303	334.7	336.3	332.7	336.0
20200304	335.9	336.6	333.9	334.1
20200305	333.5	335.2	329.1	329.6
20200306	330.8	331.6	329.4	330.6
20200309	328.7	329.0	321.9	326.1
20200310	326.5	332.3	326.5	328.3
20200311	327.6	331.1	326.6	327.4
20200312	327.1	329.5	323.4	328.4
20200313	328.0	332.8	324.7	324.7
20200316	324.3	326.3	321.7	322.1
20200317	322.2	325.2	321.3	324.7
20200318	324.0	330.7	324.0	329.8
20200319	330.7	346.2	329.7	339.2
20200320	341.4	352.3	339.3	348.5
20200323	350.2	360.9	349.7	358.6
20200324	361.6	362.0	352.3	356.6
20200325	357.8	359.1	345.8	346.4
20200326	347.1	353.4	342.9	348.7
20200327	349.8	353.8	346.4	349.1
20200330	348.9	354.6	347.9	351.8
20200331	351.7	352.6	346.0	347.0
20200401	347.6	348.3	340.1	340.4
20200402	341.2	342.8	334.2	334.7
20200403	334.7	336.2	324.9	329.3
20200406	328.4	329.2	322.5	322.7
20200407	323.1	323.2	319.4	320.0
20200408	319.5	323.0	317.9	318.6
20200409	319.1	320.7	316.7	318.7
20200413	318.4	319.8	314.3	314.5
20200414	315.1	315.2	311.9	314.2
20200415	313.8	319.2	313.7	316.5
20200416	316.7	319.2	315.7	316.5
20200417	317.6	318.7	312.8	312.9
20200420	313.5	314.6	310.7	311.1
20200421	311.5	315.5	306.9	314.5
20200422	314.4	316.8	311.7	313.6
20200423	313.4	315.8	310.7	313.7
20200424	314.1	315.1	311.2	312.1
20200427	313.0	314.8	311.4	311.7
20200428	311.8	313.0	307.9	308.1
20200429	308.5	310.6	306.0	308.4
20200430	309.2	316.1	308.1	315.8
20200501	315.5	316.2	312.6	312.6
20200504	313.8	313.8	308.3	308.6
20200505	308.1	310.1	306.9	309.5
20200506	309.7	312.9	308.2	308.4
20200507	308.2	310.8	308.2	308.5
20200508	308.4	312.2	308.4	311.3
20200511	311.8	314.7	310.4	310.5
20200512	310.5	314.1	310.4	312.9
20200513	312.5	313.2	310.0	311.0
20200514	310.5	311.3	308.4	308.7
20200515	308.7	310.0	307.5	307.8
20200518	308.2	308.4	304.9	305.2
20200519	305.4	306.4	303.9	304.8
20200520	305.3	307.9	304.9	305.9
20200521	305.9	306.3	302.4	303.0
20200522	302.9	307.3	302.4	304.5
20200526	303.7	306.7	303.6	304.4
20200527	304.6	305.4	302.2	302.8
20200528	302.6	305.4	301.9	304.7
20200529	304.2	304.9	302.2	303.6
20200601	303.6	306.9	302.7	303.8
20200602	303.5	305.6	303.3	304.3
20200603	304.4	307.2	304.2	306.0
20200604	306.3	312.8	306.1	310.7
20200605	310.2	311.9	307.7	309.7
20200608	309.5	311.3	308.3	309.1
20200609	308.0	309.9	306.5	307.5
20200610	307.2	310.7	307.1	309.2
20200611	308.7	311.7	307.7	310.1
20200612	310.0	313.2	308.9	309.5
20200615	309.4	310.4	307.4	308.8
20200616	308.3	309.6	307.0	307.1
20200617	307.1	308.2	305.8	306.3
20200618	306.8	308.5	306.0	306.4
20200619	307.6	308.2	305.2	305.5
20200622	306.1	306.1	304.4	304.9
20200623	305.6	305.9	303.4	303.9
20200624	304.1	305.9	303.8	304.5
20200625	304.8	305.1	302.0	304.4
20200626	305.0	305.3	301.9	302.0
20200629	302.3	302.8	299.0	300.2
20200630	300.4	308.2	299.7	307.7
20200701	308.4	317.9	307.9	316.4
20200702	315.9	317.4	314.6	315.6
20200706	317.7	320.4	316.0	317.3
20200707	318.5	319.2	314.1	314.5
20200708	314.6	316.1	312.1	313.2
20200709	313.5	318.6	313.1	316.9
20200710	317.5	318.2	311.0	311.5
20200713	310.5	310.5	302.6	303.0
20200714	303.2	306.1	302.9	304.1
20200715	304.5	305.9	302.2	304.8
20200716	304.7	307.6	304.5	306.3
20200717	306.3	307.0	304.6	305.8
20200720	305.6	308.7	303.7	308.7
20200721	308.1	308.1	303.8	305.1
20200722	304.8	306.8	304.5	305.9
20200723	306.0	310.1	305.8	309.8
20200724	309.8	311.9	308.3	310.2
20200727	310.1	315.0	308.5	312.9
20200728	312.7	312.8	307.9	309.0
20200729	309.0	309.7	306.5	307.3
20200730	307.0	310.6	305.4	309.6
20200731	309.5	312.1	308.4	308.5
20200803	309.3	309.5	305.9	306.9
20200804	306.2	306.6	300.9	302.5
20200805	302.7	304.5	301.3	301.6
20200806	301.6	302.3	299.2	299.9
20200807	299.7	300.5	298.1	298.5
20200810	298.3	302.4	297.7	301.4
20200811	301.4	303.7	300.1	301.2
20200812	301.0	302.6	298.5	301.5
20200813	301.6	311.9	301.5	310.4
20200814	310.1	311.4	308.3	309.4
20200817	310.3	317.3	310.2	317.0
20200818	316.6	316.9	313.0	314.1
20200819	314.1	316.2	312.4	313.9
20200820	314.0	314.9	311.7	312.1
20200821	312.8	314.0	308.5	308.6
20200824	309.0	311.7	307.5	309.0
20200825	311.5	313.5	309.8	311.3
20200826	311.8	312.6	309.6	311.1
20200827	310.9	316.2	310.0	314.4
20200828	314.5	322.2	313.5	321.5
20200831	322.1	326.4	322.1	324.4
20200901	323.2	325.2	320.3	322.3
20200902	321.9	323.1	319.1	322.3
20200903	322.1	324.9	320.5	324.1
20200904	324.1	329.7	323.8	329.1
20200908	328.9	329.8	324.9	326.0
20200909	325.6	331.4	325.0	329.9
20200910	330.5	330.9	328.3	329.0
20200911	328.9	336.6	328.7	336.3
20200914	337.1	339.5	332.8	332.9
20200915	334.8	335.4	330.2	330.7
20200916	330.7	338.0	329.4	337.6
20200917	337.7	347.4	334.9	346.7
20200918	347.0	355.2	346.8	353.6
20200921	353.6	354.4	348.5	349.3
20200922	349.1	356.2	346.7	352.4
20200923	353.2	360.1	350.9	355.2
20200924	355.2	356.6	346.9	347.5
20200925	347.5	351.7	344.9	350.3
20200928	350.8	352.2	342.6	345.2
20200929	345.3	346.1	341.2	343.3
20200930	343.4	361.1	341.8	354.1
20201001	354.3	360.9	353.4	359.7
20201002	359.4	365.6	354.4	363.1
20201005	363.4	364.6	355.5	357.2
20201006	357.7	371.2	357.4	366.9
20201007	366.5	375.3	366.1	373.2
20201008	374.0	383.6	367.2	371.5
20201009	372.6	381.0	370.9	375.5
20201012	375.4	378.0	363.8	366.3
20201013	365.0	369.2	363.8	367.0
20201014	366.3	376.1	366.0	375.9
20201015	375.9	384.0	372.6	383.1
20201016	383.7	386.4	377.7	379.7
20201019	382.0	387.0	380.2	385.1
20201020	386.7	389.5	380.0	384.2
20201021	385.1	391.3	383.8	390.6
20201022	391.5	402.3	388.3	393.0
20201023	394.6	398.9	390.2	398.3
20201026	397.2	401.4	392.9	400.7
20201027	400.9	404.2	395.0	395.0
20201028	394.8	395.1	382.8	389.0
20201029	388.7	390.5	384.3	388.6
20201030	388.7	392.0	386.1	390.5
20201102	390.1	395.6	385.3	386.7
20201103	387.7	391.3	386.0	388.4
20201104	389.0	398.1	387.0	397.6
20201105	397.4	404.9	395.8	398.9
20201106	398.8	401.5	393.3	395.1
20201109	395.6	401.1	394.6	395.9
20201110	396.2	412.6	395.5	406.7
20201111	407.1	412.1	402.5	404.6
20201112	405.0	405.6	396.8	400.0
20201113	399.6	402.7	397.8	400.0
20201116	400.2	402.1	397.5	400.7
20201117	402.0	409.5	402.0	406.0
20201118	405.9	409.5	404.3	404.6
20201119	405.0	405.2	400.6	403.7
20201120	403.7	408.8	401.6	403.9
20201123	409.1	410.3	403.4	404.7
20201124	404.2	409.1	402.0	408.9
20201125	409.2	412.5	405.0	408.0
20201127	408.3	408.6	404.3	407.9
20201130	409.2	411.1	401.0	401.7
20201201	402.2	405.5	400.4	401.7
20201202	402.2	402.4	392.1	396.8
20201203	396.8	402.2	395.9	400.3
20201204	400.4	401.5	395.9	396.1
20201207	395.4	398.2	391.2	393.5
20201208	393.5	394.3	387.2	388.6
20201209	388.5	393.5	387.9	390.7
20201210	391.1	396.2	387.9	388.7
20201211	388.7	391.2	387.0	390.6
20201214	391.2	393.0	387.6	391.0
20201215	391.4	398.4	388.8	398.2
20201216	398.5	404.8	397.8	401.9
20201217	402.8	407.6	400.6	406.9
20201218	406.4	417.0	406.4	412.8
20201221	414.8	421.7	413.0	421.3
20201222	421.7	425.3	417.4	423.4
20201223	423.0	430.4	421.1	428.1
20201224	428.5	431.8	422.4	422.9
20201228	428.8	430.6	418.6	420.8
20201229	421.3	435.4	417.0	435.1
20201230	433.0	438.4	426.2	435.5
20201231	436.8	441.5	434.7	438.1
20210104	440.9	449.8	429.7	432.6
20210105	434.0	445.9	432.6	442.1
20210106	443.6	453.1	443.3	448.9
20210107	449.1	450.5	439.5	442.5
20210108	441.9	451.8	439.0	448.6
20210111	450.7	456.4	446.3	455.0
20210112	455.1	477.7	452.9	475.5
20210113	475.5	480.4	465.2	466.3
20210114	466.5	475.2	466.1	474.0
20210115	474.1	476.3	469.0	471.4
20210119	472.3	473.0	459.2	459.4
20210120	459.5	459.8	447.6	451.4
20210121	451.4	456.0	446.2	446.4
20210122	446.5	446.6	429.0	430.0
20210125	430.6	443.5	426.6	439.0
20210126	439.2	448.7	434.6	445.7
20210127	447.0	452.2	443.1	445.5
20210128	444.7	449.7	433.5	435.9
20210129	436.1	441.8	429.7	439.7
20210201	441.4	444.5	434.3	439.8
20210202	438.0	440.5	431.9	436.6
20210203	437.0	445.5	434.8	443.9
20210204	446.4	446.4	440.3	441.9
20210205	442.0	445.3	439.2	439.7
20210208	439.5	447.8	437.5	445.3
20210209	446.7	452.7	441.3	448.1
20210210	449.0	449.0	430.4	431.4
20210211	431.3	440.0	427.7	436.9
20210212	438.0	439.3	433.0	435.2
20210216	438.2	440.8	433.7	438.7
20210217	438.7	441.2	435.8	440.4
20210218	440.5	442.1	433.8	434.6
20210219	435.6	438.9	432.4	432.9
20210222	434.9	436.3	429.4	431.8
20210223	432.1	442.4	431.3	435.7
20210224	436.5	443.4	434.1	437.0
20210225	436.6	440.9	428.1	431.6
20210226	431.2	434.5	424.7	431.8
20210301	434.4	436.6	427.2	427.6
20210302	427.7	432.5	423.5	431.5
20210303	431.4	433.2	425.1	427.5
20210304	428.0	432.2	424.8	425.7
20210305	425.4	429.2	423.9	428.8
20210308	430.4	433.8	425.3	426.0
20210309	425.9	427.5	421.6	426.1
20210310	426.4	427.6	415.4	415.8
20210311	416.2	418.2	410.9	413.7
20210312	414.2	415.6	405.2	410.0
20210315	408.1	417.5	406.4	416.9
20210316	417.0	420.0	413.9	415.1
20210317	415.5	416.0	408.9	413.9
20210318	413.9	415.0	407.4	407.9
20210319	407.9	417.8	407.6	417.3
20210322	418.2	418.2	404.8	406.3
20210323	406.0	412.1	405.4	407.4
20210324	408.0	412.3	407.0	410.5
20210325	410.4	414.7	408.4	413.8
20210326	414.2	416.5	409.6	413.4
20210329	414.2	414.2	406.4	407.1
20210330	407.5	410.1	406.6	407.8
20210331	407.6	432.6	407.1	432.6
20210401	437.2	442.6	416.6	418.6
20210405	420.9	427.3	415.1	415.3
20210406	415.3	421.2	414.7	415.5
20210407	415.4	419.4	415.3	418.5
20210408	418.5	419.7	415.5	416.2
20210409	416.9	419.2	409.8	410.3
20210412	411.8	412.8	407.6	411.4
20210413	411.4	412.6	404.8	405.1
20210414	405.5	411.9	404.7	407.7
20210415	408.3	414.6	407.0	411.3
20210416	409.9	417.9	409.1	411.1
20210419	413.4	417.9	410.9	416.5
20210420	416.5	424.9	416.1	420.0
20210421	420.0	422.6	416.4	421.8
20210422	422.8	433.2	421.5	429.5
20210423	429.6	433.9	425.0	430.8
20210426	432.1	444.4	429.6	437.9
20210427	438.0	441.2	429.4	431.6
20210428	431.0	435.0	426.1	426.4
20210429	427.0	431.0	422.4	427.6
20210430	428.0	432.4	422.5	432.2
20210503	433.3	436.1	419.7	420.0
20210504	420.9	428.9	419.8	427.1
20210505	427.5	432.6	426.2	429.4
20210506	430.6	435.4	429.6	434.2
20210507	432.6	448.7	430.8	447.3
20210510	443.2	450.1	441.3	447.9
20210511	447.6	457.5	443.5	452.4
20210512	452.8	462.5	450.7	455.5
20210513	454.2	455.6	425.5	425.8
20210514	426.7	436.7	422.0	425.2
20210517	423.8	431.5	419.6	420.4
20210518	421.2	422.8	415.6	416.7
20210519	416.4	417.3	407.8	408.7
20210520	409.7	415.8	405.3	406.7
20210521	407.3	409.4	403.0	403.4
20210524	403.4	407.4	401.3	405.2
20210525	406.3	408.5	390.6	392.1
20210526	392.1	394.6	383.6	389.4
20210527	390.0	397.0	386.0	395.2
20210528	395.6	402.2	391.1	400.6
20210601	401.3	412.2	401.3	403.6
20210602	402.3	407.2	396.9	398.5
20210603	399.2	402.5	393.9	396.0
20210604	396.4	401.9	396.0	400.5
20210607	405.2	408.7	391.2	392.6
20210608	394.7	400.8	392.2	396.0
20210609	395.8	396.6	389.2	393.4
20210610	391.7	394.2	386.2	387.1
20210611	387.2	389.4	382.8	388.7
20210614	388.2	388.9	376.6	377.1
20210615	379.6	380.4	371.3	371.5
20210616	372.6	381.1	369.8	375.8
20210617	374.7	376.5	358.3	361.1
20210618	362.5	373.1	359.8	372.2
20210621	366.5	372.9	364.4	367.8
20210622	369.2	370.2	357.7	359.9
20210623	359.7	360.4	351.9	352.1
20210624	352.4	353.7	339.7	344.5
20210625	344.6	353.0	339.7	349.3
20210628	349.4	353.6	343.2	352.6
20210629	354.6	354.6	344.3	345.9
20210630	346.5	376.5	342.4	372.7
20210701	374.7	384.8	370.5	380.5
20210702	380.3	385.4	376.2	380.0
20210706	373.5	373.5	353.6	355.2
20210707	359.5	364.3	354.5	358.4
20210708	359.7	360.9	353.3	355.7
20210709	355.7	355.8	348.2	351.0
20210712	351.6	356.7	348.7	355.1
20210713	356.0	357.7	347.9	353.3
20210714	352.4	366.0	350.0	364.3
20210715	363.5	365.2	355.2	356.7
20210716	358.1	364.6	357.3	358.4
20210719	367.2	367.7	356.1	358.9
20210720	360.1	364.6	355.8	363.1
20210721	363.2	368.4	361.6	366.6
20210722	367.3	367.3	355.7	359.0
20210723	360.1	360.7	348.4	348.5
20210726	348.7	349.8	341.4	347.8
20210727	349.7	356.3	348.6	353.4
20210728	354.9	355.3	347.8	350.5
20210729	350.8	354.0	350.1	352.1
20210730	352.4	354.2	345.8	345.9
20210802	346.9	353.9	344.3	352.1
20210803	350.7	351.4	341.6	342.9
20210804	343.8	348.7	341.3	347.1
20210805	346.7	351.9	344.5	349.2
20210806	350.2	352.5	348.4	350.2
20210809	350.3	355.7	348.6	352.9
20210810	352.7	357.4	350.2	352.3
20210811	352.3	353.7	348.7	349.3
20210812	349.2	359.3	346.6	350.4
20210813	350.7	355.3	347.2	353.1
20210816	352.9	356.5	350.6	355.5
20210817	355.7	359.9	354.3	355.6
20210818	355.0	356.8	351.6	352.7
20210819	352.7	352.7	344.5	346.3
20210820	346.3	348.1	342.9	347.7
20210823	346.9	349.1	340.3	340.9
20210824	342.0	350.4	340.6	347.6
20210825	348.4	348.7	345.1	345.4
20210826	345.3	349.7	343.9	348.4
20210827	348.1	348.6	343.8	344.4
20210830	344.9	348.4	339.1	340.6
20210831	340.9	342.6	337.8	338.6
20210901	338.8	339.2	333.8	336.5
20210902	336.8	337.5	332.1	332.6
20210903	332.8	335.1	331.1	332.7
20210907	334.0	336.1	328.9	331.1
20210908	331.1	332.4	328.3	331.0
20210909	331.0	331.5	328.1	330.8
20210910	330.8	338.0	329.9	335.2
20210913	335.0	338.3	331.8	337.6
20210914	337.9	340.0	334.2	334.2
20210915	334.2	336.3	331.9	332.1
20210916	332.3	337.6	332.1	336.5
20210917	336.6	337.4	333.9	334.9
20210920	334.9	335.3	331.3	332.7
20210921	332.5	336.2	331.7	334.6
20210922	334.6	336.7	332.8	334.5
20210923	334.5	335.4	331.4	333.0
20210924	332.8	333.8	330.5	331.6
20210927	331.2	336.6	330.7	332.7
20210928	332.4	333.5	330.5	332.0
20210929	332.4	335.0	331.7	333.8
20210930	333.7	334.0	321.0	321.5
20211001	321.4	324.5	319.2	319.4
20211004	319.0	319.9	316.1	316.3
20211005	316.3	316.9	312.9	314.2
20211006	314.1	317.3	312.8	315.2
20211007	315.5	317.6	311.7	311.9
20211008	311.8	315.5	310.7	311.6
20211011	311.5	312.9	308.8	309.6
20211012	309.2	311.0	304.4	306.2
20211013	306.2	307.3	302.0	304.6
20211014	304.4	308.1	303.6	307.2
20211015	306.8	312.6	306.3	309.3
20211018	309.8	312.1	306.6	310.7
20211019	310.6	319.2	309.7	315.4
20211020	315.4	322.1	314.4	321.3
20211021	320.4	321.9	314.4	316.4
20211022	316.4	320.5	315.7	319.6
20211025	318.6	324.4	317.8	319.9
20211026	319.7	322.1	315.7	319.4
20211027	319.6	327.3	317.2	323.3
20211028	323.7	327.1	321.2	324.0
20211029	323.6	326.9	321.8	325.6
20211101	325.3	326.7	321.3	321.6
20211102	321.8	330.2	321.5	329.4
20211103	329.7	334.0	328.6	333.3
20211104	333.6	333.7	326.0	328.4
20211105	328.4	331.0	324.2	325.2
20211108	324.9	326.9	322.7	324.2
20211109	324.7	339.3	324.0	334.7
20211110	335.3	336.7	333.1	335.4
20211111	335.1	338.5	334.4	337.0
20211112	337.2	358.7	337.1	354.0
20211115	353.7	369.2	351.6	364.6
20211116	364.5	367.8	359.7	360.8
20211117	360.7	373.9	360.4	366.6
20211118	366.5	370.8	361.3	362.2
20211119	361.8	365.2	359.5	363.5
20211122	363.3	368.6	361.3	361.3
20211123	361.6	362.6	353.6	354.2
20211124	354.3	355.7	347.5	349.5
20211126	346.5	348.0	343.5	346.6
20211129	348.9	353.3	340.2	340.3
20211130	340.7	341.7	336.1	340.6
20211201	340.6	351.0	338.7	347.7
20211202	347.8	351.5	346.1	346.5
20211203	346.8	358.5	346.4	357.0
20211206	357.0	357.3	349.8	351.4
20211207	351.4	352.7	347.4	350.1
20211208	349.6	358.5	347.6	357.5
20211209	356.9	361.1	353.6	359.8
20211210	359.0	369.8	358.8	366.3
20211213	366.6	367.1	360.0	361.3
20211214	361.2	378.4	360.2	375.2
20211215	374.6	380.9	369.1	369.2
20211216	369.8	372.9	367.8	370.2
20211217	369.8	378.0	369.1	376.6
20211220	376.9	384.8	376.7	383.8
20211221	383.9	393.1	381.5	390.6
20211222	390.3	400.5	389.4	399.0
20211223	398.0	402.9	396.8	402.6
20211227	401.9	409.9	400.7	409.4
20211228	409.2	415.8	407.0	409.9
20211229	409.8	413.2	402.8	408.3
20211230	408.6	410.0	402.9	404.5
20211231	404.4	408.4	398.9	400.6
20220103	401.9	415.7	401.9	412.6
20220104	412.7	416.6	408.0	415.6
20220105	415.5	417.2	411.2	414.3
20220106	413.7	414.2	406.1	412.0
20220107	412.4	432.5	407.4	424.4
20220110	421.9	429.2	415.8	416.3
20220111	417.0	421.1	411.9	413.4
20220112	413.8	419.1	409.2	416.5
20220113	416.3	416.6	404.5	409.0
20220114	409.3	413.2	404.5	406.9
20220118	404.2	404.3	390.1	391.4
20220119	392.6	400.8	391.8	399.0
20220120	399.1	406.0	394.5	401.5
20220121	401.3	401.4	392.0	394.8
20220124	396.1	397.1	388.1	395.0
20220125	394.4	396.4	389.6	392.5
20220126	392.6	403.7	390.2	400.6
20220127	400.6	410.4	397.0	405.4
20220128	404.4	414.2	403.5	412.5
20220131	413.7	421.0	412.9	419.3
20220201	419.4	437.8	417.8	436.6
20220202	436.8	448.3	431.7	435.4
20220203	436.3	444.7	432.3	437.1
20220204	438.2	445.8	435.0	444.7
20220207	446.7	455.2	446.6	453.9
20220208	455.5	456.4	451.0	454.9
20220209	455.4	464.8	454.7	461.1
20220210	461.1	474.9	450.6	451.3
20220211	451.0	459.9	448.2	453.5
20220214	453.5	457.4	443.5	447.5
20220215	446.9	448.8	436.2	436.8
20220216	437.0	450.7	435.8	446.9
20220217	446.9	453.3	444.2	447.4
20220218	445.4	452.3	444.7	445.0
20220222	446.0	452.3	443.0	452.1
20220223	451.6	469.4	450.5	465.6
20220224	465.5	487.0	453.4	455.5
