date,o,h,l,c,v,symbol,tRange,ema50,ema25,ema9,ema4,vol5ave,min6,max20,min20,e50streak_under,e50streak_over,decision_number,type2
2022-09-15,9.01,26.01,8.9,10.0,3661.0,AMPX,17.11,10.0,10.0,10.0,10.0,3661.0,10.0,10.0,10.0,0,0,14.02,
2022-09-16,15.73,16.8,7.9,8.3,61429.0,AMPX,8.9,9.133,9.116,9.0556,8.9375,32545.0,8.3,10.0,8.3,0,0,14.02,
2022-09-19,8.4,9.15,5.64,5.9,11397.0,AMPX,3.51,8.0119,7.9571,7.7623,7.3878,25495.6667,5.9,10.0,5.9,0,0,14.02,
2022-09-20,5.7,14.0,5.66,11.0,286439.0,AMPX,8.34,8.8044,8.8115,8.8591,9.0478,90731.5,5.9,11.0,5.9,1,0,14.02,
2022-09-21,9.6,10.399,7.5,9.45,35185.0,AMPX,2.899,8.944,8.9604,9.0349,9.2222,79622.2,5.9,11.0,5.9,0,1,14.02,
2022-09-22,9.78,12.5,9.014,11.54,90960.0,AMPX,3.486,9.4211,9.4807,9.7139,10.1947,97082.0,5.9,11.54,5.9,0,2,14.02,
2022-09-23,11.05,15.39,10.42,12.94,131471.0,AMPX,4.97,9.9861,10.101,10.5303,11.3245,111090.4,5.9,12.94,5.9,0,3,14.02,
2022-09-26,12.31,13.7,11.12,12.75,27241.0,AMPX,2.58,10.3818,10.5319,11.0638,11.9044,114259.2,5.9,12.94,5.9,0,4,14.02,
2022-09-27,12.87,13.55,11.69,11.91,11181.0,AMPX,1.86,10.58,10.7384,11.2592,11.9067,59207.6,9.45,12.94,5.9,0,5,14.02,
2022-09-28,11.2,11.75,9.912,10.84,7573.0,AMPX,1.838,10.611,10.7526,11.1653,11.4774,53685.2,9.45,12.94,5.9,0,6,14.02,
2022-09-29,10.61,10.84,9.43,9.62,2229.0,AMPX,1.41,10.5018,10.6038,10.8272,10.7317,35939.0,9.62,12.94,5.9,0,7,14.02,
2022-09-30,9.61,10.29,9.15,9.224,2507.0,AMPX,1.14,10.3704,10.4318,10.4829,10.1273,10146.2,9.224,12.94,5.9,1,0,14.02,
2022-10-03,9.0,9.51,8.65,8.83,1947.0,AMPX,0.86,10.2214,10.2413,10.1331,9.6077,5087.4,8.83,12.94,5.9,2,0,14.02,
2022-10-04,8.8,9.81,8.8,9.39,2482.0,AMPX,1.01,10.1454,10.1441,9.9776,9.5206,3347.6,8.83,12.94,5.9,3,0,14.02,
2022-10-05,9.1,9.6,8.75,8.91,2376.0,AMPX,0.85,10.038,10.0083,9.7563,9.2762,2308.2,8.83,12.94,5.9,4,0,14.02,
2022-10-06,9.06,9.25,8.009,8.06,4203.0,AMPX,1.241,9.8739,9.8008,9.4072,8.7896,2703.0,8.06,12.94,5.9,5,0,14.02,
2022-10-07,8.21,8.45,6.76,6.99,3523.0,AMPX,1.69,9.6447,9.51,8.9126,8.0696,2906.2,6.99,12.94,5.9,6,0,14.02,
2022-10-10,7.13,7.9,6.81,7.49,3189.0,AMPX,1.09,9.4801,9.3064,8.6229,7.8378,3154.6,6.99,12.94,5.9,7,0,14.02,
2022-10-11,7.69,9.1,7.2,7.2,6780.0,AMPX,1.9,9.3121,9.0991,8.3342,7.5826,4014.2,6.99,12.94,5.9,8,0,14.02,
2022-10-12,7.39,7.4,6.62,7.12,1340.0,AMPX,0.78,9.1561,8.9084,8.0885,7.3976,3807.0,6.99,12.94,5.9,9,0,14.02,
2022-10-13,7.15,7.37,6.7,6.95,1393.0,AMPX,0.67,9.0038,8.7232,7.8587,7.2185,3245.0,6.95,12.94,5.9,10,0,14.02,
2022-10-14,7.01,7.47,6.61,6.65,1618.0,AMPX,0.86,8.8461,8.5307,7.6151,6.9911,2864.0,6.65,12.94,5.9,11,0,14.02,
2022-10-17,6.59,6.689,6.0,6.08,2732.0,AMPX,0.689,8.6658,8.3066,7.3063,6.6267,2772.6,6.08,12.94,6.08,12,0,14.02,
2022-10-18,6.0,6.32,6.0,6.21,981.0,AMPX,0.32,8.5097,8.1177,7.086,6.46,1612.8,6.08,12.94,6.08,13,0,14.02,
2022-10-19,6.36,11.52,6.279,11.01,162825.0,AMPX,5.241,8.6648,8.3749,7.8738,8.28,33909.8,6.08,12.94,6.08,14,0,14.02,enterL3
2022-10-20,10.91,11.14,8.77,9.45,79157.0,AMPX,2.37,8.7125,8.4694,8.19,8.748,49462.6,6.08,12.94,6.08,0,1,14.02,
2022-10-21,9.5,12.49,8.7,11.11,94053.0,AMPX,3.79,8.8548,8.699,8.7754,9.6928,67949.6,6.08,12.75,6.08,0,2,14.02,
2022-10-24,10.89,12.55,10.67,11.65,50121.0,AMPX,1.88,9.0175,8.953,9.3514,10.4757,77427.4,6.08,11.91,6.08,0,3,14.02,
2022-10-25,11.38,12.24,10.56,11.2,18274.0,AMPX,1.68,9.1422,9.1446,9.7217,10.7654,80886.0,6.21,11.65,6.08,0,4,14.02,
2022-10-26,11.38,12.15,11.1,12.15,14569.0,AMPX,1.05,9.3109,9.3989,10.208,11.3192,51234.8,9.45,12.15,6.08,0,5,14.02,
2022-10-27,11.71,12.218,10.77,10.97,15759.0,AMPX,1.448,9.4025,9.5307,10.3605,11.1795,38555.2,9.45,12.15,6.08,0,6,14.02,
2022-10-28,11.24,11.84,10.95,11.39,4219.0,AMPX,0.89,9.5104,9.6857,10.5666,11.2637,20588.4,10.97,12.15,6.08,0,7,14.02,
2022-10-31,11.38,11.65,11.06,11.51,2723.0,AMPX,0.59,9.6174,9.8368,10.7554,11.3622,11108.8,10.97,12.15,6.08,0,8,14.02,
2022-11-01,11.78,12.25,10.99,11.74,9644.0,AMPX,1.26,9.7294,9.9935,10.9524,11.5133,9382.8,10.97,12.15,6.08,0,9,14.02,
2022-11-02,11.87,11.9,10.51,10.68,4895.0,AMPX,1.39,9.7789,10.0498,10.8979,11.18,7448.0,10.68,12.15,6.08,0,10,14.02,
2022-11-03,10.7,11.04,10.22,10.48,2239.0,AMPX,0.82,9.8149,10.0848,10.8143,10.9,4744.0,10.48,12.15,6.08,0,11,14.02,
2022-11-04,10.8,10.8,9.76,9.8,2250.0,AMPX,1.04,9.8142,10.0617,10.6114,10.46,4350.2,9.8,12.15,6.08,0,12,14.02,
2022-11-07,9.96,10.3,9.53,10.07,1270.0,AMPX,0.77,9.827,10.0624,10.5031,10.304,4059.6,9.8,12.15,6.08,1,0,14.02,
2022-11-08,9.77,10.94,9.77,10.86,2093.0,AMPX,1.17,9.8783,10.1266,10.5745,10.5264,2549.4,9.8,12.15,6.08,0,1,14.02,
2022-11-09,10.75,10.75,9.89,10.01,1287.0,AMPX,0.86,9.8848,10.1172,10.4616,10.3198,1827.8,9.8,12.15,6.08,0,2,14.02,
2022-11-10,10.18,10.6,10.06,10.5,1123.0,AMPX,0.54,9.9147,10.1478,10.4693,10.3919,1604.6,9.8,12.15,6.08,0,3,14.02,
2022-11-11,10.1,11.1,10.1,10.94,2331.0,AMPX,1.0,9.9641,10.2109,10.5634,10.6111,1620.8,9.8,12.15,6.08,0,4,14.02,enterL4
2022-11-14,10.72,11.11,10.6,10.88,1548.0,AMPX,0.51,10.0079,10.2641,10.6267,10.7187,1676.4,10.01,12.15,6.21,0,5,14.02,
2022-11-15,10.8,10.99,9.81,10.01,1999.0,AMPX,1.18,10.008,10.244,10.5034,10.4352,1657.6,10.01,12.15,9.45,0,6,14.02,
2022-11-16,9.95,10.65,9.75,10.54,1177.0,AMPX,0.9,10.0329,10.2674,10.5107,10.4771,1635.6,10.01,12.15,9.45,0,7,14.02,
2022-11-17,10.22,10.42,9.95,10.26,1031.0,AMPX,0.47,10.0435,10.2668,10.4606,10.3903,1617.2,10.01,12.15,9.8,0,8,14.02,
2022-11-18,10.56,10.77,10.03,10.26,1115.0,AMPX,0.74,10.0536,10.2663,10.4204,10.3382,1374.0,10.01,12.15,9.8,0,9,14.02,
2022-11-21,10.11,10.58,10.11,10.33,834.0,AMPX,0.47,10.0663,10.2713,10.4024,10.3349,1231.2,10.01,12.15,9.8,0,10,14.02,
2022-11-22,10.4,10.98,10.3,10.48,2588.0,AMPX,0.68,10.0851,10.2876,10.4179,10.3929,1349.0,10.01,12.15,9.8,0,11,14.02,enterL2
2022-11-23,10.48,10.96,10.48,10.7,610.0,AMPX,0.48,10.113,10.32,10.4743,10.5158,1235.6,10.26,11.74,9.8,0,12,14.02,
2022-11-25,10.59,10.86,10.59,10.8,246.0,AMPX,0.27,10.144,10.3575,10.5394,10.6295,1078.6,10.26,11.74,9.8,0,13,14.02,
2022-11-28,10.59,10.98,10.28,10.4,1096.0,AMPX,0.7,10.1555,10.3608,10.5116,10.5377,1074.8,10.26,11.74,9.8,0,14,14.02,
2022-11-29,10.25,10.84,9.96,10.2,1312.0,AMPX,0.88,10.1574,10.3483,10.4492,10.4026,1170.4,10.2,11.74,9.8,0,15,14.02,
2022-11-30,10.01,10.5,10.01,10.26,891.0,AMPX,0.49,10.162,10.3414,10.4114,10.3456,831.0,10.2,10.94,9.8,0,16,14.02,
2022-12-01,10.44,10.49,9.814,10.23,1449.0,AMPX,0.676,10.165,10.3327,10.3751,10.2993,998.8,10.2,10.94,9.8,0,17,14.02,
2022-12-02,10.54,10.54,9.97,10.31,460.0,AMPX,0.57,10.1714,10.331,10.3621,10.3036,1041.6,10.2,10.94,9.8,0,18,14.02,
2022-12-05,9.6,9.7,7.23,7.51,8904.0,AMPX,2.47,10.0551,10.1117,9.7917,9.1862,2603.2,7.51,10.94,7.51,0,19,14.02,
2022-12-06,7.5,7.79,6.8,7.2,3787.0,AMPX,0.99,9.9309,9.8855,9.2733,8.3917,3098.2,7.2,10.94,7.2,1,0,14.02,
2022-12-07,7.02,7.6,6.88,7.6,2264.0,AMPX,0.72,9.83,9.7081,8.9387,8.075,3372.8,7.2,10.94,7.2,2,0,14.02,
2022-12-08,7.67,7.69,6.915,7.01,1979.0,AMPX,0.775,9.7084,9.4989,8.5529,7.649,3478.8,7.01,10.94,7.01,3,0,14.02,
2022-12-09,7.2,7.5,6.91,7.39,885.0,AMPX,0.59,9.6088,9.3354,8.3203,7.5454,3563.8,7.01,10.94,7.01,4,0,14.02,
2022-12-12,7.42,7.42,6.95,7.07,765.0,AMPX,0.47,9.5001,9.1599,8.0703,7.3552,1936.0,7.01,10.88,7.01,5,0,14.02,
2022-12-13,7.49,7.49,6.74,6.93,1410.0,AMPX,0.75,9.3905,8.9873,7.8422,7.1851,1460.6,6.93,10.8,6.93,6,0,14.02,
2022-12-14,7.14,7.39,7.0,7.2,895.0,AMPX,0.39,9.2974,8.849,7.7138,7.1911,1186.8,6.93,10.8,6.93,7,0,14.02,
2022-12-15,7.11,7.44,7.07,7.22,822.0,AMPX,0.37,9.2094,8.723,7.615,7.2027,955.4,6.93,10.8,6.93,8,0,14.02,
2022-12-16,7.18,8.36,7.18,8.36,9890.0,AMPX,1.18,9.1736,8.6949,7.764,7.6656,2756.4,6.93,10.8,6.93,9,0,14.02,enterL3
2022-12-19,8.04,9.025,7.53,8.71,3151.0,AMPX,1.495,9.154,8.6961,7.9532,8.0834,3233.6,6.93,10.8,6.93,10,0,14.02,
2022-12-20,8.7,8.81,8.45,8.8,977.0,AMPX,0.36,9.1392,8.7041,8.1226,8.37,3147.0,6.93,10.8,6.93,11,0,14.02,
2022-12-21,8.84,9.55,8.72,8.95,2109.0,AMPX,0.83,9.1313,8.7231,8.2881,8.602,3389.8,7.2,10.8,6.93,12,0,14.02,
2022-12-22,8.55,8.55,7.0,7.1,3585.0,AMPX,1.55,9.0464,8.5978,8.0504,8.0012,3942.4,7.1,10.8,6.93,13,0,14.02,
2022-12-23,7.34,7.92,7.11,7.87,1689.0,AMPX,0.81,8.9974,8.5416,8.0144,7.9487,2302.2,7.1,10.4,6.93,14,0,14.02,
2022-12-27,8.01,8.03,7.35,7.42,670.0,AMPX,0.68,8.9319,8.4551,7.8955,7.7372,1806.0,7.1,10.31,6.93,15,0,14.02,
2022-12-28,7.35,8.25,7.35,7.98,1599.0,AMPX,0.9,8.8925,8.4184,7.9124,7.8343,1930.4,7.1,10.31,6.93,16,0,14.02,
2022-12-29,8.0,8.17,7.86,8.0,730.0,AMPX,0.31,8.8555,8.3861,7.9299,7.9006,1654.6,7.1,10.31,6.93,17,0,14.02,
2022-12-30,7.97,8.15,7.64,7.93,541.0,AMPX,0.51,8.8173,8.351,7.9299,7.9124,1045.8,7.1,10.31,6.93,18,0,14.02,
2023-01-03,7.76,8.04,7.133,7.27,2023.0,AMPX,0.907,8.7536,8.2676,7.7979,7.6554,1112.6,7.27,8.95,6.93,19,0,14.02,enterS4
2023-01-04,7.22,7.41,7.1,7.28,1223.0,AMPX,0.31,8.693,8.1915,7.6944,7.5053,1223.2,7.27,8.95,6.93,20,0,14.02,
2023-01-05,7.08,7.38,6.4,6.45,2101.0,AMPX,0.98,8.601,8.0573,7.4455,7.0832,1323.6,6.45,8.95,6.45,21,0,14.02,
2023-01-06,6.49,6.59,6.23,6.47,1302.0,AMPX,0.36,8.5138,7.9349,7.2504,6.8379,1438.0,6.45,8.95,6.45,22,0,14.02,
2023-01-09,6.5,6.597,6.01,6.15,1498.0,AMPX,0.587,8.4171,7.7974,7.0303,6.5627,1629.4,6.15,8.95,6.15,23,0,14.02,
2023-01-10,6.15,6.31,5.86,5.96,1424.0,AMPX,0.45,8.3168,7.6559,6.8162,6.3216,1509.6,5.96,8.95,5.96,24,0,14.02,
2023-01-11,6.0,6.09,5.7,5.86,1306.0,AMPX,0.39,8.2167,7.5175,6.625,6.137,1526.2,5.86,8.95,5.86,25,0,14.02,
2023-01-12,5.87,6.01,5.62,5.82,1178.0,AMPX,0.39,8.1192,7.3868,6.464,6.0102,1341.6,5.82,8.95,5.82,26,0,14.02,
2023-01-13,5.8,6.16,5.65,6.15,891.0,AMPX,0.51,8.0392,7.2915,6.4012,6.0661,1259.4,5.82,8.95,5.82,27,0,14.02,
2023-01-17,6.16,6.44,6.01,6.26,756.0,AMPX,0.43,7.967,7.2121,6.373,6.1437,1111.0,5.82,8.95,5.82,28,0,14.02,
2023-01-18,6.28,6.5,6.06,6.12,1023.0,AMPX,0.44,7.8922,7.128,6.3224,6.1342,1030.8,5.82,8.95,5.82,29,0,14.02,
2023-01-19,6.08,6.25,5.96,6.21,888.0,AMPX,0.29,7.8241,7.0573,6.2999,6.1645,947.2,5.82,8.95,5.82,30,0,14.02,
2023-01-20,6.2,6.43,6.13,6.33,663.0,AMPX,0.3,7.7638,7.0013,6.3059,6.2307,844.2,5.82,8.95,5.82,31,0,14.02,
2023-01-23,6.32,6.5,6.16,6.29,1119.0,AMPX,0.34,7.7043,6.9466,6.3027,6.2544,889.8,6.12,8.0,5.82,32,0,14.02,
2023-01-24,6.4,6.5,6.21,6.45,991.0,AMPX,0.29,7.6537,6.9083,6.3322,6.3327,936.8,6.12,8.0,5.82,33,0,14.02,
2023-01-25,6.4,6.54,6.26,6.5,1479.0,AMPX,0.28,7.6072,6.8769,6.3657,6.3996,1028.0,6.12,8.0,5.82,34,0,14.02,
2023-01-26,6.49,6.531,5.88,6.35,950.0,AMPX,0.651,7.5567,6.8363,6.3626,6.3798,1040.4,6.21,8.0,5.82,35,0,14.02,
2023-01-27,6.21,6.427,6.17,6.26,426.0,AMPX,0.257,7.5045,6.792,6.3421,6.3319,993.0,6.26,8.0,5.82,36,0,14.02,
2023-01-30,6.01,6.41,6.01,6.29,590.0,AMPX,0.4,7.4558,6.7533,6.3317,6.3151,887.2,6.26,7.93,5.82,37,0,14.02,
2023-01-31,6.24,6.53,6.23,6.5,860.0,AMPX,0.3,7.4174,6.7338,6.3653,6.3891,861.0,6.26,7.28,5.82,38,0,14.02,
2023-02-01,6.47,6.51,6.05,6.08,881.0,AMPX,0.46,7.3638,6.6835,6.3083,6.2654,741.4,6.08,7.28,5.82,39,0,14.02,
2023-02-02,6.09,6.5,6.09,6.48,966.0,AMPX,0.41,7.3285,6.6679,6.3426,6.3513,744.6,6.08,6.5,5.82,40,0,14.02,
2023-02-03,6.44,6.53,5.97,6.06,1039.0,AMPX,0.56,7.2777,6.6211,6.2861,6.2348,867.2,6.06,6.5,5.82,41,0,14.02,
2023-02-06,6.15,6.15,5.9,6.0,787.0,AMPX,0.25,7.2266,6.5733,6.2289,6.1409,906.6,6.0,6.5,5.82,42,0,14.02,
2023-02-07,6.0,6.53,6.0,6.25,1548.0,AMPX,0.53,7.1876,6.5484,6.2331,6.1845,1044.2,6.0,6.5,5.82,43,0,14.02,
2023-02-08,6.24,6.6,6.17,6.41,661.0,AMPX,0.43,7.1566,6.5378,6.2685,6.2747,1000.2,6.0,6.5,5.82,44,0,14.02,
2023-02-09,6.34,6.56,6.16,6.25,550.0,AMPX,0.4,7.1204,6.5156,6.2648,6.2648,917.0,6.0,6.5,5.82,45,0,14.02,
2023-02-10,6.15,6.4,6.049,6.12,933.0,AMPX,0.351,7.0805,6.4852,6.2358,6.2069,895.8,6.0,6.5,6.0,46,0,14.02,
2023-02-13,6.11,6.32,5.85,6.05,647.0,AMPX,0.47,7.0395,6.4517,6.1987,6.1441,867.8,6.0,6.5,6.0,47,0,14.02,
2023-02-14,6.05,6.13,5.8,6.11,409.0,AMPX,0.33,7.0025,6.4254,6.1809,6.1305,640.0,6.05,6.5,6.0,48,0,14.02,
2023-02-15,6.21,6.45,6.01,6.45,420.0,AMPX,0.44,6.9805,6.4273,6.2347,6.2583,591.8,6.05,6.5,6.0,49,0,14.02,
2023-02-16,6.42,6.42,6.24,6.3,238.0,AMPX,0.18,6.9534,6.4175,6.2478,6.275,529.4,6.05,6.5,6.0,50,0,14.02,
2023-02-17,6.28,6.31,6.06,6.21,170.0,AMPX,0.25,6.9239,6.4015,6.2402,6.249,376.8,6.05,6.5,6.0,51,0,14.02,
2023-02-21,6.33,6.44,6.21,6.39,655.0,AMPX,0.23,6.9027,6.4007,6.2702,6.3054,378.4,6.05,6.5,6.0,52,0,14.02,
2023-02-22,6.3,6.31,6.06,6.24,448.0,AMPX,0.25,6.8764,6.3883,6.2642,6.2792,386.2,6.11,6.5,6.0,53,0,14.02,
2023-02-23,6.26,6.26,6.08,6.24,778.0,AMPX,0.18,6.8511,6.3769,6.2593,6.2635,457.8,6.21,6.5,6.0,54,0,14.02,
2023-02-24,6.12,6.39,6.12,6.33,509.0,AMPX,0.27,6.8304,6.3733,6.2735,6.2901,512.0,6.21,6.5,6.0,55,0,14.02,
2023-02-27,6.34,6.417,6.223,6.28,175.0,AMPX,0.194,6.8086,6.3661,6.2748,6.2861,513.0,6.21,6.5,6.0,56,0,14.02,
2023-02-28,6.33,6.38,6.21,6.33,281.0,AMPX,0.17,6.7897,6.3633,6.2858,6.3036,438.2,6.24,6.5,6.0,57,0,14.02,
2023-03-01,6.34,6.38,6.18,6.2,740.0,AMPX,0.2,6.7663,6.3508,6.2686,6.2622,496.6,6.2,6.48,6.0,58,0,14.02,
2023-03-02,6.2,6.27,6.05,6.22,311.0,AMPX,0.22,6.7447,6.3407,6.2589,6.2453,403.2,6.2,6.48,6.0,59,0,14.02,
2023-03-03,6.24,6.34,6.15,6.3,411.0,AMPX,0.19,6.7271,6.3376,6.2671,6.2672,383.6,6.2,6.45,6.0,60,0,14.02,
2023-03-06,6.32,6.37,6.264,6.33,521.0,AMPX,0.106,6.7113,6.337,6.2797,6.2923,452.8,6.2,6.45,6.0,61,0,14.02,
2023-03-07,6.62,6.63,6.31,6.4,1226.0,AMPX,0.32,6.699,6.3418,6.3038,6.3354,641.8,6.2,6.45,6.05,62,0,14.02,
2023-03-08,6.49,6.49,6.2,6.39,538.0,AMPX,0.29,6.6868,6.3455,6.321,6.3572,601.4,6.2,6.45,6.05,63,0,14.02,
2023-03-09,6.41,6.465,6.2,6.2,303.0,AMPX,0.265,6.6676,6.3343,6.2968,6.2943,599.8,6.2,6.45,6.05,64,0,14.02,
2023-03-10,6.21,6.37,6.09,6.33,354.0,AMPX,0.28,6.6542,6.334,6.3034,6.3086,588.4,6.2,6.45,6.05,65,0,14.02,
2023-03-13,6.26,6.26,5.5,5.96,1169.0,AMPX,0.76,6.6268,6.3052,6.2348,6.1692,718.0,5.96,6.45,5.96,66,0,14.02,
2023-03-14,5.91,5.979,5.47,5.59,589.0,AMPX,0.509,6.5859,6.2502,6.1058,5.9375,590.6,5.59,6.45,5.59,67,0,14.02,
2023-03-15,5.6,5.6,5.0,5.18,733.0,AMPX,0.6,6.5304,6.1679,5.9206,5.6345,629.6,5.18,6.45,5.18,68,0,14.02,
2023-03-16,5.14,5.14,4.87,4.94,660.0,AMPX,0.27,6.4676,6.0734,5.7245,5.3567,701.0,4.94,6.4,4.94,69,0,14.02,
2023-03-17,4.83,4.895,4.4,4.55,938.0,AMPX,0.495,6.3919,5.9562,5.4896,5.034,817.8,4.55,6.4,4.55,70,0,14.02,
2023-03-20,4.64,4.66,4.15,4.47,1265.0,AMPX,0.51,6.3161,5.8419,5.2857,4.8084,837.0,4.47,6.4,4.47,71,0,14.02,
2023-03-21,4.52,5.14,4.48,5.09,612.0,AMPX,0.66,6.2677,5.7841,5.2466,4.921,841.6,4.47,6.4,4.47,72,0,14.02,
2023-03-22,5.11,5.5,5.05,5.5,376.0,AMPX,0.45,6.2375,5.7622,5.2972,5.1526,770.2,4.47,6.4,4.47,73,0,14.02,
2023-03-23,5.59,8.0,5.47,7.65,31449.0,AMPX,2.53,6.2931,5.9074,5.7678,6.1516,6928.0,4.47,7.65,4.47,74,0,14.02,enterL1
2023-03-24,7.95,8.42,6.85,7.5,15069.0,AMPX,1.57,6.3407,6.0299,6.1142,6.6909,9754.2,4.47,7.65,4.47,0,1,14.02,enterS4
2023-03-27,7.97,7.97,6.97,7.5,6227.0,AMPX,1.0,6.3864,6.143,6.3914,7.0146,10746.6,4.47,7.65,4.47,0,2,14.02,
2023-03-28,7.55,7.575,6.85,6.92,2742.0,AMPX,0.725,6.4074,6.2028,6.4971,6.9767,11172.6,5.09,7.65,4.47,0,3,14.02,
2023-03-29,7.02,7.49,6.86,7.42,2287.0,AMPX,0.63,6.4473,6.2964,6.6817,7.154,11554.8,5.5,7.65,4.47,0,4,14.02,
2023-03-30,7.69,8.88,7.532,8.6,8029.0,AMPX,1.348,6.5321,6.4736,7.0654,7.7324,6870.8,6.92,8.6,4.47,0,5,14.02,
2023-03-31,8.9,9.06,8.06,8.71,3966.0,AMPX,1.0,6.6179,6.6457,7.3943,8.1235,4650.2,6.92,8.71,4.47,0,6,14.02,
2023-04-03,8.8,8.858,7.61,8.51,3546.0,AMPX,1.248,6.6924,6.7891,7.6174,8.2781,4114.0,6.92,8.71,4.47,0,7,14.02,
2023-04-04,8.53,8.53,8.01,8.45,958.0,AMPX,0.52,6.7616,6.9168,7.7839,8.3468,3757.2,6.92,8.71,4.47,0,8,14.02,
2023-04-05,8.34,8.49,8.05,8.08,1103.0,AMPX,0.44,6.8135,7.0063,7.8432,8.2401,3520.4,7.42,8.71,4.47,0,9,14.02,
2023-04-06,8.05,8.25,7.58,8.12,1369.0,AMPX,0.67,6.8649,7.092,7.8985,8.1921,2188.4,8.08,8.71,4.47,0,10,14.02,
2023-04-10,7.98,8.5,7.836,8.42,1407.0,AMPX,0.664,6.9261,7.1941,8.0028,8.2832,1676.6,8.08,8.71,4.47,0,11,14.02,
2023-04-11,8.27,8.5,7.92,8.42,1219.0,AMPX,0.58,6.9848,7.2884,8.0863,8.3379,1211.2,8.08,8.71,4.47,0,12,14.02,
2023-04-12,8.5,8.97,8.308,8.75,2288.0,AMPX,0.662,7.0543,7.4009,8.219,8.5028,1477.2,8.08,8.75,4.47,0,13,14.02,
2023-04-13,8.94,8.94,8.53,8.59,1731.0,AMPX,0.41,7.1147,7.4923,8.2932,8.5377,1602.8,8.08,8.75,4.47,0,14,14.02,
2023-04-14,8.75,9.135,8.5,8.93,2705.0,AMPX,0.635,7.1861,7.6029,8.4206,8.6946,1870.0,8.12,8.93,4.47,0,15,14.02,
2023-04-17,9.35,9.47,9.11,9.38,4755.0,AMPX,0.36,7.2724,7.7396,8.6124,8.9688,2539.6,8.42,9.38,4.47,0,16,14.02,
2023-04-18,9.5,9.5,8.762,9.21,2085.0,AMPX,0.738,7.3486,7.8527,8.732,9.0653,2712.8,8.42,9.38,5.09,0,17,14.02,
2023-04-19,9.11,9.49,9.04,9.08,2301.0,AMPX,0.45,7.4166,7.9471,8.8016,9.0712,2715.4,8.59,9.38,5.5,0,18,14.02,
2023-04-20,9.25,9.48,9.09,9.3,2469.0,AMPX,0.39,7.4907,8.0512,8.9013,9.1627,2863.0,8.59,9.38,6.92,0,19,14.02,
2023-04-21,9.44,9.68,9.28,9.5,3180.0,AMPX,0.4,7.5697,8.1627,9.021,9.2976,2958.0,8.93,9.5,6.92,0,20,14.02,
2023-04-24,9.68,9.8,9.33,9.4,2796.0,AMPX,0.47,7.6416,8.2578,9.0968,9.3386,2566.2,9.08,9.5,6.92,0,21,14.02,
2023-04-25,9.4,9.4,8.34,8.63,2793.0,AMPX,1.06,7.6804,8.2865,9.0034,9.0551,2707.8,8.63,9.5,6.92,0,22,14.02,
2023-04-26,8.65,9.0,8.58,8.77,1468.0,AMPX,0.42,7.7233,8.3237,8.9568,8.9411,2541.2,8.63,9.5,7.42,0,23,14.02,
2023-04-27,8.76,9.24,8.76,9.2,1190.0,AMPX,0.48,7.7813,8.3911,9.0054,9.0447,2285.4,8.63,9.5,8.08,0,24,14.02,
2023-04-28,9.3,9.55,9.22,9.38,1707.0,AMPX,0.33,7.8441,8.4671,9.0803,9.1788,1990.8,8.63,9.5,8.08,0,25,14.02,
2023-05-01,9.32,9.49,9.15,9.22,927.0,AMPX,0.34,7.8982,8.5251,9.1083,9.1953,1617.0,8.63,9.5,8.08,0,26,14.02,
2023-05-02,9.3,9.38,8.951,9.17,1172.0,AMPX,0.429,7.9481,8.5747,9.1206,9.1852,1292.8,8.63,9.5,8.08,0,27,14.02,
2023-05-03,9.1,9.18,8.92,8.95,841.0,AMPX,0.26,7.9875,8.6035,9.0865,9.0911,1167.4,8.77,9.5,8.08,0,28,14.02,
2023-05-04,8.99,9.17,8.37,8.45,2277.0,AMPX,0.8,8.0057,8.5917,8.9592,8.8347,1384.8,8.45,9.5,8.12,0,29,14.02,
2023-05-05,8.57,9.11,8.57,8.76,1315.0,AMPX,0.54,8.0353,8.6047,8.9194,8.8048,1306.4,8.45,9.5,8.42,0,30,14.02,
2023-05-08,8.89,9.12,8.84,9.0,2365.0,AMPX,0.28,8.0732,8.6351,8.9355,8.8829,1594.0,8.45,9.5,8.42,0,31,14.02,enterL2
2023-05-09,9.1,9.125,8.87,8.9,1429.0,AMPX,0.255,8.1056,8.6555,8.9284,8.8897,1645.4,8.45,9.5,8.45,0,32,14.02,
2023-05-10,9.1,9.11,8.855,8.94,1759.0,AMPX,0.255,8.1384,8.6773,8.9307,8.9098,1829.0,8.45,9.5,8.45,0,33,14.02,
2023-05-11,8.88,9.076,8.42,8.75,1369.0,AMPX,0.656,8.1624,8.6829,8.8946,8.8459,1647.4,8.45,9.5,8.45,0,34,14.02,
2023-05-12,8.77,8.855,8.65,8.75,834.0,AMPX,0.205,8.1855,8.6881,8.8657,8.8075,1551.2,8.75,9.5,8.45,0,35,14.02,
2023-05-15,8.79,8.805,8.5,8.67,1368.0,AMPX,0.305,8.2045,8.6867,8.8265,8.7525,1351.8,8.67,9.5,8.45,0,36,14.02,
2023-05-16,8.6,8.68,8.25,8.59,887.0,AMPX,0.43,8.2197,8.6793,8.7792,8.6875,1243.4,8.59,9.5,8.45,0,37,14.02,
2023-05-17,8.5,8.73,8.45,8.52,1286.0,AMPX,0.28,8.2315,8.667,8.7274,8.6205,1148.8,8.52,9.5,8.45,0,38,14.02,
2023-05-18,8.45,8.58,8.35,8.52,722.0,AMPX,0.23,8.2428,8.6557,8.6859,8.5803,1019.4,8.52,9.5,8.45,0,39,14.02,
2023-05-19,8.6,8.6,7.92,8.06,1762.0,AMPX,0.68,8.2356,8.6099,8.5607,8.3722,1205.0,8.06,9.4,8.06,0,40,14.02,enterS1
2023-05-22,8.06,8.105,7.72,7.94,1921.0,AMPX,0.385,8.224,8.5584,8.4366,8.1993,1315.6,7.94,9.38,7.94,1,0,14.02,
2023-05-23,7.9,8.32,7.83,8.3,802.0,AMPX,0.49,8.227,8.5385,8.4093,8.2396,1298.6,7.94,9.38,7.94,2,0,14.02,
2023-05-24,8.3,8.39,8.19,8.3,1051.0,AMPX,0.2,8.2299,8.5201,8.3874,8.2638,1251.6,7.94,9.38,7.94,0,1,14.02,
2023-05-25,8.3,8.43,7.79,7.86,866.0,AMPX,0.64,8.2153,8.4694,8.2819,8.1023,1280.4,7.86,9.38,7.86,0,2,14.02,
2023-05-26,7.85,8.05,7.3,7.5,1705.0,AMPX,0.75,8.1873,8.3948,8.1255,7.8614,1269.0,7.5,9.22,7.5,1,0,14.02,
2023-05-30,7.5,7.58,7.19,7.46,1541.0,AMPX,0.39,8.1587,8.3229,7.9924,7.7008,1193.0,7.46,9.17,7.46,2,0,14.02,
2023-05-31,7.44,7.68,7.31,7.61,729.0,AMPX,0.37,8.1372,8.268,7.9159,7.6645,1178.4,7.46,9.0,7.46,3,0,14.02,
2023-06-01,7.8,7.85,7.45,7.65,970.0,AMPX,0.4,8.1181,8.2205,7.8628,7.6587,1162.2,7.46,9.0,7.46,4,0,14.02,
2023-06-02,7.75,7.85,7.42,7.65,1501.0,AMPX,0.43,8.0997,8.1766,7.8202,7.6552,1289.2,7.46,9.0,7.46,5,0,14.02,
2023-06-05,7.75,8.38,7.57,8.25,1673.0,AMPX,0.81,8.1056,8.1823,7.9062,7.8931,1282.8,7.46,9.0,7.46,6,0,14.02,
2023-06-06,8.34,8.48,7.99,8.46,975.0,AMPX,0.49,8.1195,8.2036,8.0169,8.1199,1169.6,7.46,8.94,7.46,0,1,14.02,
2023-06-07,8.66,8.66,8.201,8.35,902.0,AMPX,0.459,8.1285,8.2149,8.0835,8.2119,1204.2,7.61,8.94,7.46,0,2,14.02,
2023-06-08,8.48,9.39,8.3,9.18,6570.0,AMPX,1.09,8.1698,8.2891,8.3028,8.5992,2324.2,7.65,9.18,7.46,0,3,14.02,
2023-06-09,9.67,10.63,9.34,9.5,18981.0,AMPX,1.29,8.222,8.3823,8.5423,8.9595,5820.2,7.65,9.5,7.46,0,4,14.02,
2023-06-12,10.24,10.24,9.75,10.1,6497.0,AMPX,0.49,8.2957,8.5144,8.8538,9.4157,6785.0,8.25,10.1,7.46,0,5,14.02,
2023-06-13,10.4,10.45,10.12,10.35,4527.0,AMPX,0.33,8.3763,8.6556,9.1531,9.7894,7495.4,8.35,10.35,7.46,0,6,14.02,
2023-06-14,10.4,10.58,9.25,9.43,8433.0,AMPX,1.33,8.4176,8.7152,9.2084,9.6457,9001.6,8.35,10.35,7.46,0,7,14.02,
2023-06-15,9.44,9.47,8.58,8.79,8480.0,AMPX,0.89,8.4322,8.7209,9.1248,9.3034,9383.6,8.79,10.35,7.46,0,8,14.02,
2023-06-16,8.79,8.94,8.56,8.94,4165.0,AMPX,0.38,8.4522,8.7378,9.0878,9.158,6420.4,8.79,10.35,7.46,0,9,14.02,
2023-06-20,8.95,9.51,8.95,9.27,4829.0,AMPX,0.56,8.4843,8.7787,9.1242,9.2028,6086.8,8.79,10.35,7.46,0,10,14.02,
2023-06-21,9.28,9.32,8.88,9.03,3663.0,AMPX,0.44,8.5057,8.798,9.1054,9.1337,5914.0,8.79,10.35,7.46,0,11,14.02,
2023-06-22,8.88,8.91,8.35,8.4,3325.0,AMPX,0.56,8.5015,8.7674,8.9643,8.8402,4892.4,8.4,10.35,7.46,0,12,14.02,
2023-06-23,8.3,8.405,8.03,8.11,9540.0,AMPX,0.375,8.4862,8.7169,8.7935,8.5481,5104.4,8.11,10.35,7.46,1,0,14.02,enterS4
2023-06-26,8.12,8.12,7.54,7.58,3540.0,AMPX,0.58,8.4506,8.6294,8.5508,8.1609,4979.4,7.58,10.35,7.46,2,0,14.02,
2023-06-27,7.61,7.855,7.32,7.33,3302.0,AMPX,0.535,8.4066,8.5295,8.3066,7.8285,4674.0,7.33,10.35,7.33,3,0,14.02,
2023-06-28,7.4,7.41,7.15,7.17,2591.0,AMPX,0.26,8.3581,8.4249,8.0793,7.5651,4459.6,7.17,10.35,7.17,4,0,14.02,
2023-06-29,7.22,7.5,7.195,7.25,2217.0,AMPX,0.305,8.3147,8.3345,7.9134,7.4391,4238.0,7.17,10.35,7.17,5,0,14.02,
2023-06-30,7.32,7.398,7.18,7.18,1709.0,AMPX,0.218,8.2702,8.2457,7.7667,7.3354,2671.8,7.17,10.35,7.17,6,0,14.02,
2023-07-03,7.15,7.27,6.95,6.98,2756.0,AMPX,0.32,8.2195,8.1483,7.6094,7.1933,2515.0,6.98,10.35,6.98,7,0,14.02,
2023-07-05,7.0,7.1,6.6,7.09,3570.0,AMPX,0.5,8.1752,8.0669,7.5055,7.152,2568.6,6.98,10.35,6.98,8,0,14.02,
2023-07-06,7.02,7.12,6.67,6.89,3457.0,AMPX,0.45,8.1248,7.9764,7.3824,7.0472,2741.8,6.89,10.35,6.89,9,0,14.02,
2023-07-07,6.92,7.21,6.92,7.13,1202.0,AMPX,0.29,8.0858,7.9113,7.3319,7.0803,2538.8,6.89,10.35,6.89,10,0,14.02,
2023-07-10,7.13,7.56,7.081,7.54,2043.0,AMPX,0.479,8.0644,7.8827,7.3735,7.2642,2605.6,6.89,10.35,6.89,11,0,14.02,
2023-07-11,7.69,7.75,7.41,7.75,1935.0,AMPX,0.34,8.052,7.8725,7.4488,7.4585,2441.4,6.89,10.35,6.89,12,0,14.02,
2023-07-12,7.84,8.04,7.58,7.95,2018.0,AMPX,0.46,8.048,7.8785,7.5491,7.6551,2131.0,6.89,10.35,6.89,13,0,14.02,
2023-07-13,8.19,8.25,7.79,8.19,2002.0,AMPX,0.46,8.0536,7.9024,7.6773,7.8691,1840.0,6.89,9.43,6.89,14,0,14.02,
2023-07-14,8.2,8.37,7.73,7.84,2363.0,AMPX,0.64,8.0452,7.8976,7.7098,7.8574,2072.2,7.13,9.27,6.89,0,1,14.02,
2023-07-17,7.88,8.37,7.88,8.04,2078.0,AMPX,0.49,8.045,7.9086,7.7758,7.9305,2079.2,7.54,9.27,6.89,1,0,14.02,
2023-07-18,8.02,8.08,7.84,7.99,1099.0,AMPX,0.24,8.0429,7.9148,7.8187,7.9543,1912.0,7.75,9.27,6.89,2,0,14.02,
2023-07-19,7.96,8.09,7.8,7.98,1205.0,AMPX,0.29,8.0404,7.9199,7.8509,7.9646,1749.4,7.84,9.03,6.89,3,0,14.02,
2023-07-20,7.97,7.97,7.605,7.64,1352.0,AMPX,0.365,8.0247,7.8983,7.8088,7.8347,1619.4,7.64,8.4,6.89,4,0,14.02,
2023-07-21,7.61,7.74,7.54,7.63,1360.0,AMPX,0.2,8.0092,7.8777,7.773,7.7528,1418.8,7.63,8.19,6.89,5,0,14.02,
2023-07-24,7.63,8.36,7.63,7.88,2949.0,AMPX,0.73,8.0041,7.8779,7.7944,7.8037,1593.0,7.63,8.19,6.89,6,0,14.02,
2023-07-25,7.74,7.815,7.22,7.35,2553.0,AMPX,0.595,7.9785,7.8373,7.7055,7.6222,1883.8,7.35,8.19,6.89,7,0,14.02,enterS4
2023-07-26,7.35,7.48,7.256,7.41,1065.0,AMPX,0.224,7.9562,7.8044,7.6464,7.5373,1855.8,7.35,8.19,6.89,8,0,14.02,
2023-07-27,7.4,7.52,7.1,7.18,1704.0,AMPX,0.42,7.9257,7.7564,7.5531,7.3944,1926.2,7.18,8.19,6.89,9,0,14.02,
2023-07-28,7.25,7.5,7.15,7.39,995.0,AMPX,0.35,7.9047,7.7282,7.5205,7.3926,1853.2,7.18,8.19,6.89,10,0,14.02,
2023-07-31,7.39,7.54,7.21,7.51,1677.0,AMPX,0.33,7.8893,7.7114,7.5184,7.4396,1598.8,7.18,8.19,6.89,11,0,14.02,
2023-08-01,7.47,7.483,7.14,7.34,1581.0,AMPX,0.343,7.8677,7.6828,7.4827,7.3998,1404.4,7.18,8.19,6.89,12,0,14.02,
2023-08-02,7.37,7.37,7.13,7.28,1331.0,AMPX,0.24,7.8447,7.6518,7.4422,7.3519,1457.6,7.18,8.19,6.89,13,0,14.02,
2023-08-03,7.38,7.58,7.16,7.29,1522.0,AMPX,0.42,7.8229,7.624,7.4117,7.3271,1421.2,7.18,8.19,7.13,14,0,14.02,
2023-08-04,7.26,7.376,6.9,6.99,2170.0,AMPX,0.476,7.7902,7.5752,7.3274,7.1923,1656.2,6.99,8.19,6.99,15,0,14.02,
2023-08-07,7.02,7.089,6.801,6.99,839.0,AMPX,0.288,7.7589,7.5302,7.2599,7.1114,1488.6,6.99,8.19,6.99,16,0,14.02,
2023-08-08,6.93,7.043,6.76,7.02,823.0,AMPX,0.283,7.7299,7.491,7.2119,7.0748,1337.0,6.99,8.19,6.99,17,0,14.02,
2023-08-09,7.02,7.02,6.68,6.74,1836.0,AMPX,0.34,7.6911,7.4332,7.1175,6.9409,1438.0,6.74,8.19,6.74,18,0,14.02,
2023-08-10,6.88,6.88,6.55,6.63,1642.0,AMPX,0.33,7.6494,7.3714,7.02,6.8165,1462.0,6.63,8.04,6.63,19,0,14.02,
2023-08-11,6.5,6.63,5.53,6.04,5532.0,AMPX,1.1,7.5863,7.269,6.824,6.5059,2134.4,6.04,8.04,6.04,20,0,14.02,
2023-08-14,6.04,6.17,5.8,5.95,1437.0,AMPX,0.37,7.5221,7.1675,6.6492,6.2836,2254.0,5.95,7.99,5.95,21,0,14.02,
2023-08-15,5.9,6.1,5.715,5.95,3111.0,AMPX,0.385,7.4605,7.0739,6.5094,6.1501,2711.6,5.95,7.98,5.95,22,0,14.02,
2023-08-16,5.89,6.0,5.75,5.87,764.0,AMPX,0.25,7.3981,6.9813,6.3815,6.0381,2497.2,5.87,7.88,5.87,23,0,14.02,
2023-08-17,5.88,5.96,5.62,5.63,1096.0,AMPX,0.34,7.3288,6.8773,6.2312,5.8748,2388.0,5.63,7.88,5.63,24,0,14.02,
2023-08-18,5.55,5.645,5.42,5.54,1394.0,AMPX,0.225,7.2586,6.7745,6.093,5.7409,1560.4,5.54,7.88,5.54,25,0,14.02,
2023-08-21,5.56,5.64,4.98,4.99,3842.0,AMPX,0.66,7.1696,6.6372,5.8724,5.4405,2041.4,4.99,7.51,4.99,26,0,14.02,
2023-08-22,5.01,5.25,4.9,4.96,1666.0,AMPX,0.35,7.083,6.5082,5.6899,5.2483,1752.4,4.96,7.51,4.96,27,0,14.02,
2023-08-23,5.09,5.18,4.85,4.87,1950.0,AMPX,0.33,6.9962,6.3822,5.5259,5.097,1989.6,4.87,7.51,4.87,28,0,14.02,
2023-08-24,4.85,4.91,4.615,4.65,2328.0,AMPX,0.295,6.9042,6.2489,5.3507,4.9182,2236.0,4.65,7.51,4.65,29,0,14.02,
2023-08-25,4.65,4.86,4.561,4.59,3121.0,AMPX,0.299,6.8134,6.1213,5.1986,4.7869,2581.4,4.59,7.51,4.59,30,0,14.02,
2023-08-28,4.75,4.75,4.37,4.53,2138.0,AMPX,0.38,6.7239,5.9989,5.0649,4.6842,2240.6,4.53,7.34,4.53,31,0,14.02,
2023-08-29,4.53,4.782,4.476,4.64,1682.0,AMPX,0.306,6.6421,5.8944,4.9799,4.6665,2243.8,4.53,7.29,4.53,32,0,14.02,
2023-08-30,4.65,4.815,4.6,4.72,1007.0,AMPX,0.215,6.5668,5.804,4.9279,4.6879,2055.2,4.53,7.29,4.53,33,0,14.02,
2023-08-31,4.84,5.0,4.771,4.92,1870.0,AMPX,0.229,6.5022,5.736,4.9263,4.7807,1963.6,4.53,7.02,4.53,34,0,14.02,
2023-09-01,4.91,5.0,4.7,4.72,1210.0,AMPX,0.3,6.4323,5.6579,4.8851,4.7564,1581.4,4.53,7.02,4.53,35,0,14.02,
2023-09-05,4.7,4.87,4.66,4.82,1212.0,AMPX,0.21,6.369,5.5934,4.8721,4.7819,1396.2,4.53,7.02,4.53,36,0,14.02,
2023-09-06,4.85,4.9,4.38,4.41,2995.0,AMPX,0.52,6.2922,5.5024,4.7796,4.6331,1658.8,4.41,6.74,4.41,37,0,14.02,
2023-09-07,4.36,4.44,3.65,3.69,6851.0,AMPX,0.79,6.1902,5.363,4.5617,4.2559,2827.6,3.69,6.63,3.69,38,0,14.02,
2023-09-08,3.8,3.81,3.445,3.48,4878.0,AMPX,0.365,6.0839,5.2181,4.3454,3.9455,3429.2,3.48,6.04,3.48,39,0,14.02,
2023-09-11,3.5,3.72,3.47,3.52,4191.0,AMPX,0.25,5.9833,5.0875,4.1803,3.7753,4025.4,3.48,5.95,3.48,40,0,14.02,
2023-09-12,3.48,4.114,3.48,4.04,3933.0,AMPX,0.634,5.9071,5.0069,4.1522,3.8812,4569.6,3.48,5.95,3.48,41,0,14.02,
2023-09-13,4.43,4.66,3.87,3.98,5176.0,AMPX,0.79,5.8315,4.9279,4.1178,3.9207,5005.8,3.48,5.87,3.48,42,0,14.02,
2023-09-14,3.69,3.77,3.281,3.66,14750.0,AMPX,0.489,5.7464,4.8304,4.0262,3.8164,6585.6,3.48,5.63,3.48,43,0,14.02,enterS4
2023-09-15,3.69,4.07,3.69,3.95,5732.0,AMPX,0.38,5.6759,4.7627,4.011,3.8699,6756.4,3.48,5.54,3.48,44,0,14.02,
2023-09-18,4.1,5.34,4.011,5.03,34905.0,AMPX,1.329,5.6506,4.7832,4.2148,4.3339,12899.2,3.52,5.03,3.48,45,0,14.02,enterL3
2023-09-19,5.0,5.05,4.18,4.31,10046.0,AMPX,0.87,5.598,4.7468,4.2338,4.3243,14121.8,3.66,5.03,3.48,46,0,14.02,
2023-09-20,4.51,4.51,4.11,4.3,4749.0,AMPX,0.4,5.5471,4.7125,4.2471,4.3146,14036.4,3.66,5.03,3.48,47,0,14.02,
2023-09-21,4.2,4.39,3.87,3.96,5250.0,AMPX,0.52,5.4849,4.6546,4.1897,4.1728,12136.4,3.66,5.03,3.48,48,0,14.02,
2023-09-22,3.99,4.95,3.99,4.49,24670.0,AMPX,0.96,5.4459,4.6419,4.2497,4.2997,15924.0,3.95,5.03,3.48,49,0,14.02,enterL4
2023-09-25,4.45,4.61,4.14,4.48,6743.0,AMPX,0.47,5.408,4.6295,4.2958,4.3718,10291.6,3.96,5.03,3.48,50,0,14.02,
2023-09-26,4.36,4.79,4.35,4.48,6101.0,AMPX,0.44,5.3716,4.618,4.3326,4.4151,9502.6,3.96,5.03,3.48,51,0,14.02,
2023-09-27,4.51,4.94,4.48,4.76,6365.0,AMPX,0.46,5.3476,4.6289,4.4181,4.553,9825.8,3.96,5.03,3.48,52,0,14.02,
2023-09-28,4.7,5.05,4.5,4.6,23047.0,AMPX,0.55,5.3183,4.6267,4.4545,4.5718,13385.2,3.96,5.03,3.48,53,0,14.02,enterS4
